Epoch,beta_max/4,beta_max,4beta_max
1,-14.188807,-15.052146,-53.627459
2,-14.184272,-14.985735,-50.199238
3,-14.179545,-14.922594,-47.220598
4,-14.174654,-14.864644,-44.594930
5,-14.169427,-14.808574,-42.269815
6,-14.164086,-14.755507,-40.223669
7,-14.158474,-14.705703,-38.389703
8,-14.152668,-14.658262,-36.733245
9,-14.146484,-14.612503,-35.243884
10,-14.140039,-14.569078,-33.891492
11,-14.133224,-14.527514,-32.664094
12,-14.126087,-14.487188,-31.551917
13,-14.118664,-14.448025,-30.514943
14,-14.110964,-14.410293,-29.553823
15,-14.102949,-14.374206,-28.686397
16,-14.094577,-14.339671,-27.879494
17,-14.085796,-14.305566,-27.143832
18,-14.076682,-14.272949,-26.444512
19,-14.067259,-14.241149,-25.803892
20,-14.057321,-14.210730,-25.208604
21,-14.047279,-14.181279,-24.655746
22,-14.036737,-14.152573,-24.139386
23,-14.025872,-14.124624,-23.653705
24,-14.014670,-14.097527,-23.203316
25,-14.003139,-14.071108,-22.776657
26,-13.991304,-14.045551,-22.379599
27,-13.978946,-14.020778,-22.005851
28,-13.966422,-13.996095,-21.659658
29,-13.953652,-13.972465,-21.330227
30,-13.940508,-13.949432,-21.016972
31,-13.927066,-13.927007,-20.723911
32,-13.913439,-13.905430,-20.441840
33,-13.899514,-13.884718,-20.173435
34,-13.885117,-13.863889,-19.922591
35,-13.870775,-13.844229,-19.688808
36,-13.856423,-13.824372,-19.466897
37,-13.841685,-13.805139,-19.254053
38,-13.827170,-13.786746,-19.053206
39,-13.812509,-13.768926,-18.857869
40,-13.797855,-13.751784,-18.672154
41,-13.783129,-13.735055,-18.496647
42,-13.768275,-13.718371,-18.327886
43,-13.753520,-13.702646,-18.166597
44,-13.739001,-13.687051,-18.011616
45,-13.724515,-13.672098,-17.862531
46,-13.710402,-13.657350,-17.721757
47,-13.696359,-13.643116,-17.589701
48,-13.682493,-13.629260,-17.462785
49,-13.668661,-13.615913,-17.335902
50,-13.655347,-13.603293,-17.218992
51,-13.641614,-13.590633,-17.106010
52,-13.628710,-13.578326,-16.996190
53,-13.615812,-13.566245,-16.890342
54,-13.603374,-13.555035,-16.789194
55,-13.590827,-13.543820,-16.691304
56,-13.578853,-13.532677,-16.596985
57,-13.567262,-13.522360,-16.503972
58,-13.555814,-13.512321,-16.415867
59,-13.544351,-13.502369,-16.329970
60,-13.533653,-13.492625,-16.248259
61,-13.523331,-13.483359,-16.168635
62,-13.513231,-13.474245,-16.092190
63,-13.503554,-13.465490,-16.019037
64,-13.494458,-13.457133,-15.948015
65,-13.485273,-13.448889,-15.879123
66,-13.476938,-13.440782,-15.810537
67,-13.468514,-13.433099,-15.745233
68,-13.460717,-13.425659,-15.682039
69,-13.452990,-13.418333,-15.620756
70,-13.445771,-13.411599,-15.560708
71,-13.438578,-13.404752,-15.503150
72,-13.431862,-13.398092,-15.445701
73,-13.425096,-13.391766,-15.390191
74,-13.419023,-13.385708,-15.335854
75,-13.413197,-13.379555,-15.283834
76,-13.407664,-13.373639,-15.231996
77,-13.402432,-13.367671,-15.182402
78,-13.396979,-13.362210,-15.134585
79,-13.391700,-13.356490,-15.088236
80,-13.387171,-13.351180,-15.043474
81,-13.382893,-13.345913,-14.999180
82,-13.378731,-13.340799,-14.956290
83,-13.374533,-13.335925,-14.914417
84,-13.370610,-13.331245,-14.873471
85,-13.366699,-13.326656,-14.833873
86,-13.363212,-13.322136,-14.794615
87,-13.359778,-13.317762,-14.757105
88,-13.356316,-13.313373,-14.720807
89,-13.352752,-13.309197,-14.684788
90,-13.349586,-13.305186,-14.649561
91,-13.346553,-13.301137,-14.614532
92,-13.343604,-13.297170,-14.581489
93,-13.340752,-13.293422,-14.549024
94,-13.338117,-13.289671,-14.517352
95,-13.335587,-13.285937,-14.486286
96,-13.332953,-13.282384,-14.455391
97,-13.330424,-13.278741,-14.426154
98,-13.328064,-13.275337,-14.397593
99,-13.325715,-13.271927,-14.369085
100,-13.323479,-13.268585,-14.340962
101,-13.321263,-13.265240,-14.314019
102,-13.319247,-13.262085,-14.288035
103,-13.317157,-13.258917,-14.261931
104,-13.315163,-13.255741,-14.236828
105,-13.313245,-13.252713,-14.211987
106,-13.311283,-13.249747,-14.187575
107,-13.309356,-13.246731,-14.163760
108,-13.307523,-13.243779,-14.140535
109,-13.305706,-13.240902,-14.117747
110,-13.303894,-13.238121,-14.095982
111,-13.302090,-13.235312,-14.074102
112,-13.300356,-13.232596,-14.052968
113,-13.298592,-13.229866,-14.032677
114,-13.296986,-13.227204,-14.012260
115,-13.295396,-13.224477,-13.992289
116,-13.293787,-13.221928,-13.972454
117,-13.292158,-13.219356,-13.953370
118,-13.290650,-13.216816,-13.935332
119,-13.289090,-13.214312,-13.917640
120,-13.287546,-13.211902,-13.899798
121,-13.286009,-13.209409,-13.881618
122,-13.284556,-13.206984,-13.864878
123,-13.283008,-13.204562,-13.847858
124,-13.281502,-13.202232,-13.831238
125,-13.280048,-13.199979,-13.815129
126,-13.278591,-13.197689,-13.799966
127,-13.277177,-13.195440,-13.785136
128,-13.275780,-13.193189,-13.770651
129,-13.274382,-13.190936,-13.756281
130,-13.272989,-13.188669,-13.742193
131,-13.271628,-13.186515,-13.728156
132,-13.270225,-13.184352,-13.714138
133,-13.268859,-13.182200,-13.700546
134,-13.267502,-13.180079,-13.687467
135,-13.266143,-13.177916,-13.674423
136,-13.264777,-13.175875,-13.661898
137,-13.263436,-13.173809,-13.649243
138,-13.262057,-13.171765,-13.637385
139,-13.260734,-13.169797,-13.625659
140,-13.259416,-13.167746,-13.613715
141,-13.258086,-13.165782,-13.601728
142,-13.256820,-13.163795,-13.590537
143,-13.255485,-13.161866,-13.579693
144,-13.254162,-13.159892,-13.568715
145,-13.252813,-13.157965,-13.557673
146,-13.251511,-13.156018,-13.546942
147,-13.250251,-13.154142,-13.537016
148,-13.248944,-13.152303,-13.527111
149,-13.247632,-13.150440,-13.517243
150,-13.246367,-13.148607,-13.507453
151,-13.245058,-13.146795,-13.498144
152,-13.243807,-13.144980,-13.489023
153,-13.242510,-13.143173,-13.479631
154,-13.241274,-13.141355,-13.470963
155,-13.240020,-13.139513,-13.462431
156,-13.238789,-13.137696,-13.453752
157,-13.237507,-13.135925,-13.445160
158,-13.236228,-13.134202,-13.436630
159,-13.234973,-13.132442,-13.428468
160,-13.233696,-13.130700,-13.420453
161,-13.232434,-13.128969,-13.412683
162,-13.231202,-13.127195,-13.405072
163,-13.229977,-13.125445,-13.397478
164,-13.228717,-13.123813,-13.389616
165,-13.227444,-13.122102,-13.382637
166,-13.226198,-13.120412,-13.375127
167,-13.224968,-13.118710,-13.367863
168,-13.223732,-13.117043,-13.360682
169,-13.222531,-13.115337,-13.353716
170,-13.221304,-13.113666,-13.346858
171,-13.220070,-13.112023,-13.340533
172,-13.218829,-13.110393,-13.333820
173,-13.217602,-13.108760,-13.327264
174,-13.216375,-13.107096,-13.320707
175,-13.215177,-13.105475,-13.314579
176,-13.213961,-13.103848,-13.308046
177,-13.212771,-13.102248,-13.301890
178,-13.211552,-13.100631,-13.296010
179,-13.210350,-13.099083,-13.290196
180,-13.209117,-13.097511,-13.284459
181,-13.207910,-13.095968,-13.278951
182,-13.206673,-13.094386,-13.273422
183,-13.205430,-13.092880,-13.267805
184,-13.204221,-13.091309,-13.262556
185,-13.203021,-13.089759,-13.257192
186,-13.201794,-13.088182,-13.251654
187,-13.200561,-13.086685,-13.246688
188,-13.199392,-13.085091,-13.241292
189,-13.198195,-13.083578,-13.236276
190,-13.197012,-13.082052,-13.231275
191,-13.195787,-13.080559,-13.226634
192,-13.194573,-13.079085,-13.221785
193,-13.193370,-13.077591,-13.217038
194,-13.192189,-13.076093,-13.212552
195,-13.190989,-13.074610,-13.208024
196,-13.189810,-13.073137,-13.203298
197,-13.188638,-13.071666,-13.198681
198,-13.187518,-13.070193,-13.194422
199,-13.186330,-13.068722,-13.189893
200,-13.185159,-13.067271,-13.185524
201,-13.184010,-13.065784,-13.181309
202,-13.182832,-13.064376,-13.177112
203,-13.181715,-13.062945,-13.172840
204,-13.180544,-13.061546,-13.168646
205,-13.179393,-13.060152,-13.164619
206,-13.178240,-13.058764,-13.160450
207,-13.177067,-13.057348,-13.156682
208,-13.175924,-13.055961,-13.152779
209,-13.174725,-13.054575,-13.149027
210,-13.173572,-13.053154,-13.145079
211,-13.172379,-13.051732,-13.141201
212,-13.171216,-13.050358,-13.137378
213,-13.170099,-13.049009,-13.133664
214,-13.168940,-13.047707,-13.129822
215,-13.167785,-13.046341,-13.126257
216,-13.166613,-13.045002,-13.122678
217,-13.165488,-13.043679,-13.119079
218,-13.164374,-13.042326,-13.115665
219,-13.163234,-13.040958,-13.112387
220,-13.162088,-13.039623,-13.109089
221,-13.160917,-13.038278,-13.105493
222,-13.159757,-13.036944,-13.102129
223,-13.158628,-13.035593,-13.098844
224,-13.157518,-13.034290,-13.095682
225,-13.156405,-13.032974,-13.092479
226,-13.155244,-13.031665,-13.089149
227,-13.154078,-13.030380,-13.085982
228,-13.152931,-13.029095,-13.082924
229,-13.151770,-13.027756,-13.079961
230,-13.150603,-13.026489,-13.076877
231,-13.149487,-13.025219,-13.073763
232,-13.148412,-13.023929,-13.070825
233,-13.147299,-13.022624,-13.067934
234,-13.146165,-13.021328,-13.065099
235,-13.145057,-13.020054,-13.062253
236,-13.143954,-13.018793,-13.059337
237,-13.142865,-13.017511,-13.056539
238,-13.141732,-13.016252,-13.053598
239,-13.140653,-13.014981,-13.050617
240,-13.139536,-13.013681,-13.047950
241,-13.138436,-13.012483,-13.045090
242,-13.137342,-13.011240,-13.042426
243,-13.136242,-13.010021,-13.039745
244,-13.135190,-13.008801,-13.037033
245,-13.134078,-13.007563,-13.034269
246,-13.132961,-13.006292,-13.031790
247,-13.131860,-13.005083,-13.029188
248,-13.130732,-13.003861,-13.026694
249,-13.129643,-13.002640,-13.024195
250,-13.128523,-13.001379,-13.021725
251,-13.127452,-13.000121,-13.019018
252,-13.126361,-12.998930,-13.016477
253,-13.125274,-12.997756,-13.013848
254,-13.124137,-12.996529,-13.011312
255,-13.123090,-12.995303,-13.008870
256,-13.121987,-12.994114,-13.006427
257,-13.120908,-12.992908,-13.004119
258,-13.119811,-12.991738,-13.001924
259,-13.118725,-12.990585,-12.999657
260,-13.117672,-12.989380,-12.997316
261,-13.116596,-12.988257,-12.995157
262,-13.115525,-12.987099,-12.992820
263,-13.114419,-12.985900,-12.990579
264,-13.113339,-12.984729,-12.988308
265,-13.112265,-12.983577,-12.986068
266,-13.111172,-12.982410,-12.983917
267,-13.110066,-12.981246,-12.981681
268,-13.108967,-12.980099,-12.979312
269,-13.107868,-12.978910,-12.977044
270,-13.106803,-12.977788,-12.974866
271,-13.105713,-12.976606,-12.972829
272,-13.104630,-12.975457,-12.970738
273,-13.103587,-12.974262,-12.968657
274,-13.102513,-12.973110,-12.966529
275,-13.101378,-12.971979,-12.964312
276,-13.100320,-12.970839,-12.962256
277,-13.099260,-12.969758,-12.960105
278,-13.098208,-12.968619,-12.958150
279,-13.097116,-12.967492,-12.956066
280,-13.096035,-12.966372,-12.954221
281,-13.094973,-12.965272,-12.952206
282,-13.093931,-12.964104,-12.950228
283,-13.092888,-12.962993,-12.948316
284,-13.091833,-12.961892,-12.946248
285,-13.090790,-12.960749,-12.944478
286,-13.089726,-12.959673,-12.942666
287,-13.088678,-12.958542,-12.940574
288,-13.087634,-12.957451,-12.938650
289,-13.086576,-12.956346,-12.936785
290,-13.085515,-12.955196,-12.935016
291,-13.084489,-12.954143,-12.933061
292,-13.083462,-12.953099,-12.931242
293,-13.082408,-12.952025,-12.929443
294,-13.081391,-12.950930,-12.927621
295,-13.080326,-12.949839,-12.925860
296,-13.079335,-12.948718,-12.924030
297,-13.078298,-12.947623,-12.922277
298,-13.077233,-12.946581,-12.920494
299,-13.076236,-12.945510,-12.918783
300,-13.075249,-12.944455,-12.917171
301,-13.074239,-12.943372,-12.915489
302,-13.073180,-12.942282,-12.913856
303,-13.072130,-12.941202,-12.912212
304,-13.071071,-12.940193,-12.910511
305,-13.070068,-12.939126,-12.908888
306,-13.069022,-12.938117,-12.907213
307,-13.067938,-12.937122,-12.905455
308,-13.066940,-12.936032,-12.903791
309,-13.065944,-12.935004,-12.902111
310,-13.064882,-12.933957,-12.900471
311,-13.063829,-12.932875,-12.898896
312,-13.062796,-12.931815,-12.897364
313,-13.061779,-12.930790,-12.895668
314,-13.060781,-12.929771,-12.894099
315,-13.059798,-12.928748,-12.892377
316,-13.058769,-12.927735,-12.890875
317,-13.057765,-12.926678,-12.889242
318,-13.056755,-12.925689,-12.887588
319,-13.055746,-12.924654,-12.886052
320,-13.054726,-12.923605,-12.884630
321,-13.053716,-12.922602,-12.883190
322,-13.052678,-12.921592,-12.881676
323,-13.051723,-12.920618,-12.880189
324,-13.050689,-12.919598,-12.878692
325,-13.049704,-12.918637,-12.876956
326,-13.048718,-12.917656,-12.875668
327,-13.047681,-12.916663,-12.874314
328,-13.046649,-12.915679,-12.872866
329,-13.045683,-12.914663,-12.871423
330,-13.044705,-12.913701,-12.870001
331,-13.043716,-12.912728,-12.868443
332,-13.042722,-12.911834,-12.867061
333,-13.041717,-12.910824,-12.865783
334,-13.040761,-12.909838,-12.864313
335,-13.039802,-12.908893,-12.862831
336,-13.038790,-12.907916,-12.861548
337,-13.037797,-12.906953,-12.860215
338,-13.036777,-12.905930,-12.858848
339,-13.035797,-12.904983,-12.857322
340,-13.034821,-12.904024,-12.855940
341,-13.033830,-12.903038,-12.854600
342,-13.032908,-12.902085,-12.853328
343,-13.031924,-12.901202,-12.852006
344,-13.030957,-12.900221,-12.850581
345,-13.029997,-12.899352,-12.849188
346,-13.029080,-12.898391,-12.847971
347,-13.028133,-12.897476,-12.846696
348,-13.027181,-12.896535,-12.845208
349,-13.026176,-12.895547,-12.843883
350,-13.025241,-12.894575,-12.842650
351,-13.024194,-12.893646,-12.841165
352,-13.023160,-12.892794,-12.840110
353,-13.022206,-12.891910,-12.838972
354,-13.021218,-12.890872,-12.837755
355,-13.020264,-12.889935,-12.836340
356,-13.019291,-12.888949,-12.834981
357,-13.018340,-12.887985,-12.833639
358,-13.017385,-12.887032,-12.832384
359,-13.016370,-12.886172,-12.831009
360,-13.015414,-12.885255,-12.829589
361,-13.014420,-12.884342,-12.828460
362,-13.013456,-12.883429,-12.827292
363,-13.012478,-12.882492,-12.825995
364,-13.011500,-12.881599,-12.824556
365,-13.010519,-12.880722,-12.823264
366,-13.009580,-12.879858,-12.821969
367,-13.008645,-12.879006,-12.820738
368,-13.007674,-12.878056,-12.819285
369,-13.006683,-12.877192,-12.817995
370,-13.005747,-12.876298,-12.816799
371,-13.004814,-12.875463,-12.815704
372,-13.003896,-12.874538,-12.814521
373,-13.002951,-12.873614,-12.813135
374,-13.002022,-12.872724,-12.811981
375,-13.001107,-12.871790,-12.810825
376,-13.000189,-12.870883,-12.809608
377,-12.999256,-12.870024,-12.808403
378,-12.998310,-12.869114,-12.807167
379,-12.997382,-12.868257,-12.805998
380,-12.996431,-12.867366,-12.804764
381,-12.995471,-12.866523,-12.803920
382,-12.994618,-12.865633,-12.802848
383,-12.993701,-12.864779,-12.801823
384,-12.992777,-12.863949,-12.800867
385,-12.991853,-12.863061,-12.799768
386,-12.990927,-12.862184,-12.798547
387,-12.990024,-12.861257,-12.797358
388,-12.989164,-12.860435,-12.796301
389,-12.988237,-12.859601,-12.795042
390,-12.987280,-12.858710,-12.794058
391,-12.986374,-12.857907,-12.793087
392,-12.985433,-12.857029,-12.791885
393,-12.984499,-12.856204,-12.790881
394,-12.983535,-12.855401,-12.789836
395,-12.982667,-12.854544,-12.788720
396,-12.981746,-12.853712,-12.787691
397,-12.980798,-12.852788,-12.787032
398,-12.979921,-12.851975,-12.786024
399,-12.979011,-12.851156,-12.784923
400,-12.978061,-12.850324,-12.783790
401,-12.977182,-12.849476,-12.782755
402,-12.976272,-12.848622,-12.781714
403,-12.975404,-12.847763,-12.780811
404,-12.974532,-12.846905,-12.779917
405,-12.973618,-12.846106,-12.778693
406,-12.972677,-12.845301,-12.777940
407,-12.971802,-12.844450,-12.777091
408,-12.970937,-12.843620,-12.776038
409,-12.970048,-12.842856,-12.774972
410,-12.969133,-12.842025,-12.773990
411,-12.968203,-12.841139,-12.772928
412,-12.967248,-12.840244,-12.771969
413,-12.966330,-12.839467,-12.771094
414,-12.965491,-12.838650,-12.770109
415,-12.964607,-12.837741,-12.769080
416,-12.963669,-12.836994,-12.768334
417,-12.962774,-12.836195,-12.767323
418,-12.961873,-12.835363,-12.766450
419,-12.961013,-12.834500,-12.765675
420,-12.960109,-12.833727,-12.764602
421,-12.959256,-12.832877,-12.763363
422,-12.958413,-12.832121,-12.762401
423,-12.957526,-12.831312,-12.761481
424,-12.956675,-12.830479,-12.760352
425,-12.955825,-12.829793,-12.759278
426,-12.954976,-12.829086,-12.758554
427,-12.954095,-12.828324,-12.757894
428,-12.953208,-12.827610,-12.756993
429,-12.952324,-12.826807,-12.755991
430,-12.951491,-12.826107,-12.755129
431,-12.950671,-12.825302,-12.754077
432,-12.949850,-12.824427,-12.753138
433,-12.948992,-12.823539,-12.752242
434,-12.948132,-12.822806,-12.751254
435,-12.947182,-12.822023,-12.750523
436,-12.946317,-12.821237,-12.749517
437,-12.945458,-12.820495,-12.748627
438,-12.944588,-12.819746,-12.747632
439,-12.943742,-12.818911,-12.746682
440,-12.942927,-12.818162,-12.746040
441,-12.942120,-12.817399,-12.745099
442,-12.941236,-12.816702,-12.744322
443,-12.940375,-12.815891,-12.743321
444,-12.939535,-12.815130,-12.742641
445,-12.938646,-12.814412,-12.741894
446,-12.937788,-12.813623,-12.741135
447,-12.936976,-12.812843,-12.740148
448,-12.936178,-12.812031,-12.739233
449,-12.935388,-12.811256,-12.738344
450,-12.934584,-12.810499,-12.737410
451,-12.933744,-12.809863,-12.736768
452,-12.932866,-12.809145,-12.735867
453,-12.932025,-12.808417,-12.734906
454,-12.931231,-12.807721,-12.734127
455,-12.930369,-12.806922,-12.733324
456,-12.929520,-12.806105,-12.732283
457,-12.928641,-12.805364,-12.731288
458,-12.927815,-12.804646,-12.730626
459,-12.927032,-12.803909,-12.729738
460,-12.926230,-12.803203,-12.729094
461,-12.925394,-12.802523,-12.728227
462,-12.924545,-12.801790,-12.727356
463,-12.923711,-12.800962,-12.726390
464,-12.922888,-12.800171,-12.725558
465,-12.922097,-12.799426,-12.724780
466,-12.921225,-12.798737,-12.724151
467,-12.920486,-12.798047,-12.723225
468,-12.919683,-12.797324,-12.722553
469,-12.918984,-12.796580,-12.721786
470,-12.918137,-12.795791,-12.721040
471,-12.917339,-12.795006,-12.720174
472,-12.916541,-12.794307,-12.719251
473,-12.915715,-12.793602,-12.718575
474,-12.914925,-12.792892,-12.717861
475,-12.914154,-12.792227,-12.717225
476,-12.913321,-12.791505,-12.716437
477,-12.912599,-12.790868,-12.715869
478,-12.911842,-12.790210,-12.714711
479,-12.911078,-12.789503,-12.713754
480,-12.910248,-12.788797,-12.713078
481,-12.909457,-12.788153,-12.712337
482,-12.908685,-12.787454,-12.711584
483,-12.907886,-12.786794,-12.710831
484,-12.907146,-12.786071,-12.709972
485,-12.906367,-12.785374,-12.709336
486,-12.905574,-12.784654,-12.708759
487,-12.904762,-12.784025,-12.707755
488,-12.903985,-12.783343,-12.706832
489,-12.903233,-12.782672,-12.705989
490,-12.902494,-12.781969,-12.705182
491,-12.901671,-12.781338,-12.704624
492,-12.900882,-12.780732,-12.703967
493,-12.900182,-12.780057,-12.703421
494,-12.899373,-12.779357,-12.702733
495,-12.898655,-12.778649,-12.702181
496,-12.897920,-12.778013,-12.701590
497,-12.897159,-12.777302,-12.700780
498,-12.896391,-12.776684,-12.699907
499,-12.895616,-12.775953,-12.699072
500,-12.894902,-12.775203,-12.698261
501,-12.894126,-12.774427,-12.697609
502,-12.893388,-12.773893,-12.696730
503,-12.892650,-12.773196,-12.696105
504,-12.891907,-12.772511,-12.695409
505,-12.891179,-12.771801,-12.694762
506,-12.890471,-12.771191,-12.694085
507,-12.889758,-12.770496,-12.693484
508,-12.888994,-12.769786,-12.692770
509,-12.888252,-12.769174,-12.692397
510,-12.887496,-12.768503,-12.691732
511,-12.886772,-12.767781,-12.690970
512,-12.885968,-12.767077,-12.690378
513,-12.885249,-12.766389,-12.689864
514,-12.884572,-12.765677,-12.689430
515,-12.883794,-12.765027,-12.688560
516,-12.883022,-12.764367,-12.687792
517,-12.882239,-12.763691,-12.687141
518,-12.881598,-12.763010,-12.686381
519,-12.880863,-12.762382,-12.685707
520,-12.880119,-12.761682,-12.684982
521,-12.879395,-12.761075,-12.684185
522,-12.878670,-12.760380,-12.683572
523,-12.877936,-12.759802,-12.682687
524,-12.877114,-12.759201,-12.682094
525,-12.876410,-12.758615,-12.681400
526,-12.875715,-12.757975,-12.680795
527,-12.874964,-12.757392,-12.680104
528,-12.874221,-12.756784,-12.679549
529,-12.873545,-12.756169,-12.678664
530,-12.872889,-12.755512,-12.678215
531,-12.872249,-12.754874,-12.677723
532,-12.871521,-12.754203,-12.677045
533,-12.870764,-12.753520,-12.676677
534,-12.870005,-12.752930,-12.676168
535,-12.869295,-12.752283,-12.675619
536,-12.868548,-12.751615,-12.674962
537,-12.867818,-12.751042,-12.674124
538,-12.867143,-12.750506,-12.673680
539,-12.866429,-12.749859,-12.672904
540,-12.865701,-12.749189,-12.672242
541,-12.864932,-12.748546,-12.671768
542,-12.864268,-12.747938,-12.671044
543,-12.863561,-12.747327,-12.670371
544,-12.862897,-12.746655,-12.669746
545,-12.862240,-12.746048,-12.669144
546,-12.861547,-12.745499,-12.668266
547,-12.860865,-12.744847,-12.667725
548,-12.860168,-12.744300,-12.667037
549,-12.859457,-12.743700,-12.666377
550,-12.858827,-12.743039,-12.666174
551,-12.858196,-12.742369,-12.665621
552,-12.857570,-12.741781,-12.664980
553,-12.856855,-12.741176,-12.664455
554,-12.856126,-12.740492,-12.663790
555,-12.855405,-12.739908,-12.663215
556,-12.854721,-12.739295,-12.662408
557,-12.854065,-12.738724,-12.661807
558,-12.853371,-12.738205,-12.661263
559,-12.852710,-12.737628,-12.660624
560,-12.852048,-12.736973,-12.660088
561,-12.851328,-12.736411,-12.659496
562,-12.850691,-12.735880,-12.659026
563,-12.850064,-12.735298,-12.658360
564,-12.849402,-12.734606,-12.657522
565,-12.848764,-12.733935,-12.657244
566,-12.848076,-12.733469,-12.656642
567,-12.847425,-12.732875,-12.655971
568,-12.846711,-12.732278,-12.655416
569,-12.846137,-12.731765,-12.654822
570,-12.845463,-12.731233,-12.654184
571,-12.844691,-12.730606,-12.653447
572,-12.844068,-12.730042,-12.653021
573,-12.843295,-12.729454,-12.652460
574,-12.842527,-12.728877,-12.651869
575,-12.841815,-12.728443,-12.651059
576,-12.841133,-12.727886,-12.650400
577,-12.840493,-12.727253,-12.649938
578,-12.839785,-12.726625,-12.649581
579,-12.839095,-12.726090,-12.648883
580,-12.838440,-12.725598,-12.648075
581,-12.837774,-12.725038,-12.647426
582,-12.837098,-12.724597,-12.646743
583,-12.836369,-12.724060,-12.645961
584,-12.835702,-12.723563,-12.645408
585,-12.835080,-12.722856,-12.645073
586,-12.834479,-12.722291,-12.644368
587,-12.833873,-12.721731,-12.643803
588,-12.833277,-12.721163,-12.643031
589,-12.832748,-12.720572,-12.642324
590,-12.832146,-12.720020,-12.641904
591,-12.831554,-12.719498,-12.641317
592,-12.830873,-12.718940,-12.640822
593,-12.830273,-12.718414,-12.640447
594,-12.829629,-12.717698,-12.639773
595,-12.829006,-12.717167,-12.639278
596,-12.828323,-12.716541,-12.639077
597,-12.827573,-12.715900,-12.638938
598,-12.826950,-12.715303,-12.638234
599,-12.826366,-12.714696,-12.637745
600,-12.825768,-12.714155,-12.637075
601,-12.825145,-12.713601,-12.636336
602,-12.824544,-12.713105,-12.636040
603,-12.823972,-12.712558,-12.635557
604,-12.823353,-12.711924,-12.634988
605,-12.822695,-12.711378,-12.634407
606,-12.822028,-12.710813,-12.633792
607,-12.821433,-12.710284,-12.633265
608,-12.820779,-12.709732,-12.632589
609,-12.820167,-12.709194,-12.632110
610,-12.819610,-12.708677,-12.631757
611,-12.819081,-12.708156,-12.631028
612,-12.818498,-12.707713,-12.630267
613,-12.817948,-12.707179,-12.629855
614,-12.817372,-12.706573,-12.629394
615,-12.816769,-12.706042,-12.628685
616,-12.816230,-12.705554,-12.628062
617,-12.815603,-12.705083,-12.627589
618,-12.815001,-12.704523,-12.627096
619,-12.814342,-12.704019,-12.626489
620,-12.813693,-12.703500,-12.625842
621,-12.813135,-12.703015,-12.625566
622,-12.812510,-12.702526,-12.625258
623,-12.811869,-12.701965,-12.624585
624,-12.811286,-12.701420,-12.624045
625,-12.810679,-12.700858,-12.623479
626,-12.810057,-12.700271,-12.622883
627,-12.809389,-12.699741,-12.622429
628,-12.808741,-12.699254,-12.622091
629,-12.808026,-12.698718,-12.621632
630,-12.807534,-12.698272,-12.621254
631,-12.806933,-12.697795,-12.620799
632,-12.806350,-12.697300,-12.620399
633,-12.805761,-12.696706,-12.620130
634,-12.805164,-12.696225,-12.619558
635,-12.804599,-12.695692,-12.618962
636,-12.804003,-12.695247,-12.618421
637,-12.803448,-12.694707,-12.617750
638,-12.802912,-12.694185,-12.617226
639,-12.802288,-12.693661,-12.616749
640,-12.801603,-12.693185,-12.616483
641,-12.801058,-12.692650,-12.616061
642,-12.800501,-12.692144,-12.615355
643,-12.799956,-12.691647,-12.614931
644,-12.799367,-12.691144,-12.614373
645,-12.798799,-12.690777,-12.613692
646,-12.798187,-12.690239,-12.612933
647,-12.797593,-12.689716,-12.612374
648,-12.796962,-12.689255,-12.611850
649,-12.796400,-12.688743,-12.611312
650,-12.795734,-12.688238,-12.610992
651,-12.795057,-12.687700,-12.610389
652,-12.794458,-12.687244,-12.610047
653,-12.793923,-12.686795,-12.609692
654,-12.793330,-12.686263,-12.609259
655,-12.792761,-12.685804,-12.608876
656,-12.792167,-12.685345,-12.608341
657,-12.791636,-12.684836,-12.607785
658,-12.791110,-12.684346,-12.607241
659,-12.790565,-12.683839,-12.606915
660,-12.789997,-12.683330,-12.606293
661,-12.789351,-12.682852,-12.605686
662,-12.788792,-12.682338,-12.605258
663,-12.788314,-12.681933,-12.604623
664,-12.787867,-12.681444,-12.604445
665,-12.787313,-12.681023,-12.604092
666,-12.786681,-12.680474,-12.603685
667,-12.786102,-12.680011,-12.603131
668,-12.785497,-12.679559,-12.602727
669,-12.784966,-12.679066,-12.602127
670,-12.784407,-12.678556,-12.601864
671,-12.783916,-12.678168,-12.601492
672,-12.783330,-12.677664,-12.601147
673,-12.782818,-12.677321,-12.600637
674,-12.782279,-12.676901,-12.600110
675,-12.781698,-12.676353,-12.599626
676,-12.781182,-12.675972,-12.599271
677,-12.780677,-12.675659,-12.598836
678,-12.780282,-12.675131,-12.598370
679,-12.779663,-12.674594,-12.598083
680,-12.779142,-12.674087,-12.597655
681,-12.778591,-12.673565,-12.597313
682,-12.777987,-12.673178,-12.596965
683,-12.777485,-12.672847,-12.596526
684,-12.776882,-12.672309,-12.596062
685,-12.776425,-12.671779,-12.595674
686,-12.775842,-12.671277,-12.595263
687,-12.775336,-12.670757,-12.594909
688,-12.774779,-12.670274,-12.594535
689,-12.774157,-12.669857,-12.594124
690,-12.773652,-12.669327,-12.593670
691,-12.773063,-12.668785,-12.593168
692,-12.772556,-12.668199,-12.592514
693,-12.771964,-12.667753,-12.592056
694,-12.771391,-12.667304,-12.591559
695,-12.770797,-12.666836,-12.591059
696,-12.770224,-12.666343,-12.590450
697,-12.769679,-12.665936,-12.589976
698,-12.769116,-12.665541,-12.589653
699,-12.768559,-12.665058,-12.589213
700,-12.768057,-12.664577,-12.588772
701,-12.767535,-12.664044,-12.588508
702,-12.767096,-12.663540,-12.588161
703,-12.766542,-12.663019,-12.587726
704,-12.765977,-12.662496,-12.587413
705,-12.765511,-12.662106,-12.586838
706,-12.764936,-12.661718,-12.586476
707,-12.764463,-12.661269,-12.585971
708,-12.763917,-12.660815,-12.585703
709,-12.763356,-12.660403,-12.585267
710,-12.762794,-12.659989,-12.584817
711,-12.762256,-12.659576,-12.584446
712,-12.761710,-12.659114,-12.584127
713,-12.761207,-12.658633,-12.583626
714,-12.760830,-12.658115,-12.583385
715,-12.760337,-12.657772,-12.582988
716,-12.759675,-12.657320,-12.582531
717,-12.759175,-12.656829,-12.582020
718,-12.758662,-12.656351,-12.581419
719,-12.758169,-12.655970,-12.581209
720,-12.757723,-12.655519,-12.581161
721,-12.757202,-12.655162,-12.580814
722,-12.756705,-12.654694,-12.580289
723,-12.756203,-12.654196,-12.579816
724,-12.755699,-12.653729,-12.579425
725,-12.755269,-12.653233,-12.579112
726,-12.754738,-12.652888,-12.578746
727,-12.754168,-12.652463,-12.578324
728,-12.753695,-12.652159,-12.578004
729,-12.753172,-12.651735,-12.577635
730,-12.752660,-12.651284,-12.577241
731,-12.752090,-12.650839,-12.576949
732,-12.751592,-12.650249,-12.576332
733,-12.751080,-12.649817,-12.575979
734,-12.750514,-12.649388,-12.575508
735,-12.750093,-12.649036,-12.575004
736,-12.749543,-12.648508,-12.574462
737,-12.749127,-12.648155,-12.573970
738,-12.748540,-12.647812,-12.573325
739,-12.748035,-12.647294,-12.572870
740,-12.747547,-12.646905,-12.572601
741,-12.747038,-12.646500,-12.572158
742,-12.746589,-12.646202,-12.571542
743,-12.746094,-12.645751,-12.571066
744,-12.745627,-12.645361,-12.570535
745,-12.745133,-12.644959,-12.570181
746,-12.744713,-12.644446,-12.570109
747,-12.744221,-12.644085,-12.569660
748,-12.743819,-12.643624,-12.569332
749,-12.743353,-12.643190,-12.569029
750,-12.742814,-12.642820,-12.568509
751,-12.742361,-12.642397,-12.567971
752,-12.741915,-12.641916,-12.567713
753,-12.741349,-12.641515,-12.567426
754,-12.740784,-12.641128,-12.566961
755,-12.740274,-12.640776,-12.566571
756,-12.739758,-12.640362,-12.566234
757,-12.739333,-12.639996,-12.565617
758,-12.738833,-12.639625,-12.565435
759,-12.738379,-12.639279,-12.564976
760,-12.737934,-12.638973,-12.564422
761,-12.737398,-12.638405,-12.563981
762,-12.736878,-12.638006,-12.563490
763,-12.736363,-12.637668,-12.563067
764,-12.735868,-12.637355,-12.562509
765,-12.735454,-12.636898,-12.562149
766,-12.734917,-12.636533,-12.561763
767,-12.734459,-12.636076,-12.561217
768,-12.733942,-12.635734,-12.560870
769,-12.733357,-12.635234,-12.560510
770,-12.732758,-12.634818,-12.560199
771,-12.732305,-12.634425,-12.559765
772,-12.731882,-12.633986,-12.559465
773,-12.731430,-12.633647,-12.559007
774,-12.730993,-12.633349,-12.558820
775,-12.730551,-12.632896,-12.558559
776,-12.730013,-12.632560,-12.558417
777,-12.729608,-12.632309,-12.558233
778,-12.729199,-12.631821,-12.558004
779,-12.728656,-12.631442,-12.557456
780,-12.728172,-12.631026,-12.557003
781,-12.727741,-12.630617,-12.556417
782,-12.727291,-12.630137,-12.556036
783,-12.726814,-12.629784,-12.555485
784,-12.726338,-12.629393,-12.555153
785,-12.725838,-12.629033,-12.554766
786,-12.725418,-12.628789,-12.554301
787,-12.724875,-12.628278,-12.553886
788,-12.724426,-12.627914,-12.553594
789,-12.724068,-12.627556,-12.553168
790,-12.723632,-12.627336,-12.552751
791,-12.722983,-12.626929,-12.552428
792,-12.722526,-12.626459,-12.552027
793,-12.722093,-12.626061,-12.551858
794,-12.721569,-12.625607,-12.551462
795,-12.721076,-12.625186,-12.551169
796,-12.720620,-12.624656,-12.550793
797,-12.720116,-12.624319,-12.550401
798,-12.719587,-12.623977,-12.549929
799,-12.719210,-12.623566,-12.549490
800,-12.718682,-12.623139,-12.549088
801,-12.718306,-12.622711,-12.548707
802,-12.717999,-12.622504,-12.548118
803,-12.717504,-12.622171,-12.547593
804,-12.716985,-12.621857,-12.547330
805,-12.716596,-12.621570,-12.546944
806,-12.716117,-12.621245,-12.546697
807,-12.715642,-12.621034,-12.546359
808,-12.715290,-12.620690,-12.545893
809,-12.714881,-12.620367,-12.545611
810,-12.714416,-12.619945,-12.545397
811,-12.713891,-12.619499,-12.545074
812,-12.713398,-12.619055,-12.544748
813,-12.713053,-12.618752,-12.544576
814,-12.712622,-12.618260,-12.544430
815,-12.712266,-12.617950,-12.543945
816,-12.711723,-12.617537,-12.543269
817,-12.711261,-12.617144,-12.543047
818,-12.710738,-12.616801,-12.542618
819,-12.710274,-12.616471,-12.542300
820,-12.709809,-12.616089,-12.542102
821,-12.709264,-12.615659,-12.541507
822,-12.708744,-12.615330,-12.541332
823,-12.708208,-12.615100,-12.540961
824,-12.707785,-12.614707,-12.540564
825,-12.707421,-12.614431,-12.540356
826,-12.707012,-12.614121,-12.540161
827,-12.706552,-12.613838,-12.539898
828,-12.706212,-12.613458,-12.539479
829,-12.705729,-12.613090,-12.539033
830,-12.705391,-12.612719,-12.538608
831,-12.704807,-12.612256,-12.538273
832,-12.704453,-12.611841,-12.538019
833,-12.703972,-12.611438,-12.537833
834,-12.703581,-12.611172,-12.537511
835,-12.703101,-12.610856,-12.537161
836,-12.702648,-12.610572,-12.536767
837,-12.702316,-12.610250,-12.536317
838,-12.701961,-12.610032,-12.536077
839,-12.701641,-12.609717,-12.535749
840,-12.701121,-12.609319,-12.535446
841,-12.700699,-12.608919,-12.534997
842,-12.700299,-12.608693,-12.534678
843,-12.699929,-12.608229,-12.534230
844,-12.699444,-12.607970,-12.533967
845,-12.699068,-12.607556,-12.533488
846,-12.698547,-12.607273,-12.533001
847,-12.698064,-12.607042,-12.532824
848,-12.697649,-12.606565,-12.532431
849,-12.697284,-12.606015,-12.532146
850,-12.696814,-12.605549,-12.531836
851,-12.696374,-12.605162,-12.531395
852,-12.695964,-12.604793,-12.531023
853,-12.695511,-12.604432,-12.530731
854,-12.695081,-12.604163,-12.530193
855,-12.694617,-12.603753,-12.529690
856,-12.694155,-12.603434,-12.529410
857,-12.693776,-12.603164,-12.529042
858,-12.693376,-12.602642,-12.528693
859,-12.692935,-12.602253,-12.528512
860,-12.692545,-12.601880,-12.528091
861,-12.692018,-12.601503,-12.527608
862,-12.691611,-12.601220,-12.527300
863,-12.691149,-12.600943,-12.527076
864,-12.690682,-12.600697,-12.526850
865,-12.690182,-12.600369,-12.526661
866,-12.689826,-12.600074,-12.526460
867,-12.689388,-12.599654,-12.525973
868,-12.688993,-12.599337,-12.525538
869,-12.688517,-12.598946,-12.525328
870,-12.688182,-12.598729,-12.524865
871,-12.687816,-12.598387,-12.524663
872,-12.687465,-12.598119,-12.524510
873,-12.687065,-12.597841,-12.524403
874,-12.686747,-12.597433,-12.524001
875,-12.686336,-12.597126,-12.523616
876,-12.685797,-12.597004,-12.523295
877,-12.685423,-12.596620,-12.522877
878,-12.685074,-12.596281,-12.522775
879,-12.684754,-12.595904,-12.522225
880,-12.684399,-12.595551,-12.521869
881,-12.684045,-12.595167,-12.521550
882,-12.683644,-12.594729,-12.521037
883,-12.683238,-12.594451,-12.520797
884,-12.682762,-12.594165,-12.520435
885,-12.682420,-12.593881,-12.519954
886,-12.682051,-12.593512,-12.519397
887,-12.681724,-12.593311,-12.518921
888,-12.681264,-12.593116,-12.518758
889,-12.680699,-12.592651,-12.518490
890,-12.680309,-12.592273,-12.518165
891,-12.679883,-12.591859,-12.517783
892,-12.679613,-12.591671,-12.517590
893,-12.679304,-12.591419,-12.517262
894,-12.678931,-12.591201,-12.517098
895,-12.678548,-12.590961,-12.516764
896,-12.678253,-12.590545,-12.516807
897,-12.677815,-12.590094,-12.516296
898,-12.677442,-12.589591,-12.515956
899,-12.677133,-12.589270,-12.515562
900,-12.676643,-12.588981,-12.515315
901,-12.676260,-12.588560,-12.515070
902,-12.675843,-12.588264,-12.514775
903,-12.675507,-12.587944,-12.514465
904,-12.675113,-12.587647,-12.514216
905,-12.674700,-12.587298,-12.514031
906,-12.674295,-12.587010,-12.513819
907,-12.673682,-12.586658,-12.513540
908,-12.673254,-12.586289,-12.513047
909,-12.672784,-12.585919,-12.512523
910,-12.672557,-12.585677,-12.512253
911,-12.672193,-12.585465,-12.511811
912,-12.671796,-12.585387,-12.511432
913,-12.671500,-12.585058,-12.510912
914,-12.671080,-12.584793,-12.510615
915,-12.670735,-12.584347,-12.510326
916,-12.670343,-12.584150,-12.510184
917,-12.670019,-12.583857,-12.509912
918,-12.669712,-12.583725,-12.509598
919,-12.669293,-12.583461,-12.509183
920,-12.668875,-12.583101,-12.508596
921,-12.668446,-12.582831,-12.508167
922,-12.668008,-12.582529,-12.507737
923,-12.667531,-12.582223,-12.507612
924,-12.667134,-12.581769,-12.507230
925,-12.666623,-12.581394,-12.506894
926,-12.666276,-12.581070,-12.506442
927,-12.665990,-12.580905,-12.506229
928,-12.665620,-12.580758,-12.505674
929,-12.665201,-12.580472,-12.505338
930,-12.664828,-12.580183,-12.504927
931,-12.664497,-12.579892,-12.504613
932,-12.664007,-12.579623,-12.504196
933,-12.663817,-12.579377,-12.503814
934,-12.663321,-12.579181,-12.503436
935,-12.663010,-12.578891,-12.503323
936,-12.662571,-12.578545,-12.502905
937,-12.662175,-12.578259,-12.502511
938,-12.661767,-12.577766,-12.502288
939,-12.661191,-12.577369,-12.502051
940,-12.660830,-12.577219,-12.501688
941,-12.660458,-12.576985,-12.501241
942,-12.660065,-12.576524,-12.501045
943,-12.659755,-12.576333,-12.500668
944,-12.659393,-12.576211,-12.500670
945,-12.659077,-12.575935,-12.500422
946,-12.658672,-12.575687,-12.499910
947,-12.658358,-12.575268,-12.499865
948,-12.658024,-12.574930,-12.499456
949,-12.657641,-12.574791,-12.499354
950,-12.657318,-12.574661,-12.498977
951,-12.657122,-12.574426,-12.498631
952,-12.656773,-12.574200,-12.498367
953,-12.656517,-12.573946,-12.497911
954,-12.656086,-12.573688,-12.497758
955,-12.655688,-12.573241,-12.497531
956,-12.655366,-12.572854,-12.497353
957,-12.654996,-12.572471,-12.496904
958,-12.654612,-12.572141,-12.496722
959,-12.654273,-12.571638,-12.496179
960,-12.653979,-12.571477,-12.495988
961,-12.653474,-12.571066,-12.495850
962,-12.653064,-12.570843,-12.495394
963,-12.652627,-12.570510,-12.495081
964,-12.652185,-12.570181,-12.494738
965,-12.651725,-12.570002,-12.494338
966,-12.651376,-12.569825,-12.493939
967,-12.651126,-12.569372,-12.493652
968,-12.650764,-12.569201,-12.493378
969,-12.650411,-12.568892,-12.493430
970,-12.650012,-12.568586,-12.493306
971,-12.649691,-12.568335,-12.492986
972,-12.649210,-12.568275,-12.492735
973,-12.648974,-12.567986,-12.492528
974,-12.648590,-12.567737,-12.492254
975,-12.648229,-12.567442,-12.492069
976,-12.647832,-12.567262,-12.491829
977,-12.647623,-12.566902,-12.491637
978,-12.647345,-12.566527,-12.491414
979,-12.647010,-12.566163,-12.491119
980,-12.646660,-12.565946,-12.490907
981,-12.646316,-12.565629,-12.490641
982,-12.645966,-12.565493,-12.490284
983,-12.645642,-12.565402,-12.490278
984,-12.645341,-12.565066,-12.490004
985,-12.645071,-12.564595,-12.489536
986,-12.644797,-12.564334,-12.489231
987,-12.644492,-12.564137,-12.488869
988,-12.644185,-12.563989,-12.488524
989,-12.643811,-12.563728,-12.488043
990,-12.643571,-12.563460,-12.487830
991,-12.643028,-12.563164,-12.487527
992,-12.642755,-12.562813,-12.487186
993,-12.642350,-12.562422,-12.486918
994,-12.642009,-12.562198,-12.486618
995,-12.641542,-12.561974,-12.486446
996,-12.641146,-12.561759,-12.486198
997,-12.640795,-12.561451,-12.485932
998,-12.640418,-12.561275,-12.485775
999,-12.640005,-12.560987,-12.485720
1000,-12.639697,-12.560797,-12.485483
1001,-12.639343,-12.560627,-12.485123
1002,-12.638880,-12.560328,-12.484759
1003,-12.638465,-12.560000,-12.484090
1004,-12.638116,-12.559621,-12.483971
1005,-12.637762,-12.559349,-12.483661
1006,-12.637376,-12.559248,-12.483307
1007,-12.637001,-12.558959,-12.482993
1008,-12.636664,-12.558623,-12.482712
1009,-12.636346,-12.558474,-12.482577
1010,-12.635996,-12.558103,-12.482416
1011,-12.635660,-12.557727,-12.482256
1012,-12.635328,-12.557447,-12.481806
1013,-12.634864,-12.557347,-12.481420
1014,-12.634541,-12.557076,-12.481174
1015,-12.634211,-12.556850,-12.481112
1016,-12.633739,-12.556432,-12.480877
1017,-12.633400,-12.556211,-12.480521
1018,-12.633034,-12.556012,-12.480250
1019,-12.632699,-12.555671,-12.479899
1020,-12.632330,-12.555382,-12.479710
1021,-12.632028,-12.555164,-12.479405
1022,-12.631738,-12.554940,-12.478876
1023,-12.631370,-12.554502,-12.478599
1024,-12.631114,-12.554329,-12.478485
1025,-12.630736,-12.554104,-12.478195
1026,-12.630471,-12.553785,-12.477937
1027,-12.630254,-12.553563,-12.477646
1028,-12.629785,-12.553290,-12.477356
1029,-12.629506,-12.553009,-12.476896
1030,-12.629259,-12.552710,-12.476630
1031,-12.628838,-12.552295,-12.476324
1032,-12.628502,-12.551971,-12.475971
1033,-12.628173,-12.551999,-12.475909
1034,-12.627935,-12.551675,-12.475682
1035,-12.627641,-12.551322,-12.475366
1036,-12.627263,-12.551150,-12.475030
1037,-12.626769,-12.551134,-12.474863
1038,-12.626441,-12.550925,-12.474428
1039,-12.626068,-12.550523,-12.474195
1040,-12.625677,-12.550186,-12.474091
1041,-12.625406,-12.549978,-12.473781
1042,-12.624995,-12.549771,-12.473538
1043,-12.624787,-12.549476,-12.473103
1044,-12.624578,-12.549211,-12.472751
1045,-12.624274,-12.549008,-12.472426
1046,-12.623941,-12.548798,-12.472202
1047,-12.623788,-12.548591,-12.472007
1048,-12.623425,-12.548433,-12.471643
1049,-12.623119,-12.548149,-12.471465
1050,-12.622733,-12.547695,-12.471220
1051,-12.622476,-12.547322,-12.470924
1052,-12.622136,-12.547060,-12.470647
1053,-12.621699,-12.546860,-12.470418
1054,-12.621360,-12.546836,-12.470286
1055,-12.620933,-12.546569,-12.469827
1056,-12.620557,-12.546245,-12.469775
1057,-12.620286,-12.545945,-12.469750
1058,-12.620050,-12.545760,-12.469472
1059,-12.619678,-12.545440,-12.469026
1060,-12.619413,-12.545166,-12.468608
1061,-12.619138,-12.544891,-12.468143
1062,-12.618827,-12.544620,-12.468087
1063,-12.618509,-12.544349,-12.467854
1064,-12.618208,-12.543974,-12.467548
1065,-12.617812,-12.543775,-12.467292
1066,-12.617524,-12.543610,-12.466877
1067,-12.617118,-12.543396,-12.466777
1068,-12.616903,-12.543169,-12.466831
1069,-12.616561,-12.543187,-12.466686
1070,-12.616315,-12.542934,-12.466344
1071,-12.615952,-12.542726,-12.466207
1072,-12.615728,-12.542576,-12.466002
1073,-12.615457,-12.542398,-12.465923
1074,-12.615033,-12.542081,-12.465270
1075,-12.614832,-12.541863,-12.464973
1076,-12.614654,-12.541739,-12.464718
1077,-12.614361,-12.541560,-12.464304
1078,-12.614046,-12.541235,-12.463955
1079,-12.613588,-12.540909,-12.463822
1080,-12.613345,-12.540675,-12.463663
1081,-12.613026,-12.540474,-12.463134
1082,-12.612797,-12.540226,-12.462571
1083,-12.612424,-12.540016,-12.462463
1084,-12.612017,-12.539928,-12.461985
1085,-12.611707,-12.539570,-12.461586
1086,-12.611405,-12.539383,-12.461173
1087,-12.611103,-12.539067,-12.461033
1088,-12.610668,-12.538729,-12.460491
1089,-12.610340,-12.538613,-12.460173
1090,-12.610129,-12.538283,-12.460133
1091,-12.609686,-12.538236,-12.459895
1092,-12.609331,-12.537966,-12.459773
1093,-12.609091,-12.537598,-12.459464
1094,-12.608881,-12.537361,-12.459144
1095,-12.608499,-12.537117,-12.458993
1096,-12.608093,-12.536721,-12.458800
1097,-12.607737,-12.536499,-12.458677
1098,-12.607417,-12.536408,-12.458397
1099,-12.607143,-12.536218,-12.458250
1100,-12.606864,-12.535988,-12.458286
1101,-12.606456,-12.535835,-12.457897
1102,-12.606287,-12.535606,-12.457785
1103,-12.606042,-12.535376,-12.457612
1104,-12.605773,-12.535140,-12.457328
1105,-12.605521,-12.534880,-12.457241
1106,-12.605296,-12.534662,-12.456698
1107,-12.604989,-12.534312,-12.456213
1108,-12.604580,-12.534080,-12.455978
1109,-12.604310,-12.534033,-12.455941
1110,-12.604027,-12.533953,-12.455550
1111,-12.603677,-12.533724,-12.455465
1112,-12.603400,-12.533424,-12.455344
1113,-12.603039,-12.533301,-12.454812
1114,-12.602753,-12.533023,-12.454454
1115,-12.602446,-12.532927,-12.454361
1116,-12.602127,-12.532690,-12.454169
1117,-12.601906,-12.532381,-12.453760
1118,-12.601552,-12.532213,-12.453475
1119,-12.601181,-12.532036,-12.453235
1120,-12.600918,-12.531616,-12.452880
1121,-12.600514,-12.531540,-12.452759
1122,-12.600394,-12.531297,-12.452448
1123,-12.600228,-12.530989,-12.451989
1124,-12.600054,-12.530860,-12.452090
1125,-12.599839,-12.530586,-12.451786
1126,-12.599381,-12.530422,-12.451498
1127,-12.599081,-12.530203,-12.451277
1128,-12.598687,-12.529900,-12.451123
1129,-12.598544,-12.529701,-12.450827
1130,-12.598392,-12.529312,-12.450346
1131,-12.598054,-12.529063,-12.450164
1132,-12.597720,-12.528714,-12.449733
1133,-12.597379,-12.528511,-12.449596
1134,-12.596917,-12.528220,-12.449303
1135,-12.596652,-12.528030,-12.449086
1136,-12.596267,-12.528001,-12.448856
1137,-12.596013,-12.527656,-12.448460
1138,-12.595730,-12.527537,-12.447974
1139,-12.595558,-12.527367,-12.447672
1140,-12.595360,-12.527207,-12.447615
1141,-12.594963,-12.527286,-12.447558
1142,-12.594675,-12.527216,-12.447337
1143,-12.594278,-12.527141,-12.447191
1144,-12.594014,-12.526765,-12.446996
1145,-12.593881,-12.526507,-12.446693
1146,-12.593611,-12.526399,-12.446540
1147,-12.593330,-12.526137,-12.446237
1148,-12.593150,-12.525992,-12.446011
1149,-12.592978,-12.525726,-12.445958
1150,-12.592847,-12.525627,-12.445829
1151,-12.592608,-12.525604,-12.445525
1152,-12.592378,-12.525558,-12.445345
1153,-12.592162,-12.525255,-12.445192
1154,-12.591747,-12.525009,-12.444805
1155,-12.591505,-12.524802,-12.444353
1156,-12.591092,-12.524724,-12.444329
1157,-12.590839,-12.524612,-12.444115
1158,-12.590609,-12.524280,-12.443648
1159,-12.590278,-12.524030,-12.443368
1160,-12.589964,-12.523923,-12.443230
1161,-12.589749,-12.523662,-12.443026
1162,-12.589408,-12.523506,-12.442881
1163,-12.589231,-12.523370,-12.442767
1164,-12.588864,-12.523178,-12.442593
1165,-12.588673,-12.522993,-12.442262
1166,-12.588474,-12.522951,-12.441922
1167,-12.588203,-12.522588,-12.441612
1168,-12.587891,-12.522445,-12.441333
1169,-12.587683,-12.522297,-12.441129
1170,-12.587288,-12.522122,-12.441056
1171,-12.587117,-12.521882,-12.440816
1172,-12.586790,-12.521803,-12.440576
1173,-12.586347,-12.521403,-12.440409
1174,-12.586262,-12.521262,-12.440078
1175,-12.586072,-12.521156,-12.439586
1176,-12.585721,-12.521027,-12.439231
1177,-12.585465,-12.520629,-12.439191
1178,-12.585076,-12.520400,-12.438778
1179,-12.584624,-12.520124,-12.438591
1180,-12.584340,-12.519748,-12.438376
1181,-12.584056,-12.519440,-12.437955
1182,-12.583961,-12.519192,-12.437581
1183,-12.583628,-12.519028,-12.437210
1184,-12.583387,-12.518831,-12.436876
1185,-12.583122,-12.518681,-12.436541
1186,-12.582867,-12.518519,-12.436287
1187,-12.582842,-12.518333,-12.436059
1188,-12.582625,-12.518123,-12.435824
1189,-12.582389,-12.518005,-12.435627
1190,-12.582154,-12.517784,-12.435389
1191,-12.581753,-12.517584,-12.435152
1192,-12.581438,-12.517372,-12.434686
1193,-12.581173,-12.517001,-12.434376
1194,-12.580870,-12.516790,-12.434255
1195,-12.580566,-12.516641,-12.434034
1196,-12.580328,-12.516368,-12.434001
1197,-12.579890,-12.516055,-12.433875
1198,-12.579614,-12.515874,-12.433545
1199,-12.579370,-12.515612,-12.433146
1200,-12.579082,-12.515348,-12.432845
1201,-12.578812,-12.515075,-12.432367
1202,-12.578672,-12.515026,-12.432104
1203,-12.578442,-12.514732,-12.431752
1204,-12.578268,-12.514439,-12.431726
1205,-12.578158,-12.514141,-12.431635
1206,-12.577962,-12.513841,-12.431596
1207,-12.577598,-12.513785,-12.430964
1208,-12.577327,-12.513542,-12.430757
1209,-12.577031,-12.513394,-12.430449
1210,-12.576822,-12.513180,-12.430276
1211,-12.576604,-12.513055,-12.430037
1212,-12.576340,-12.512840,-12.429825
1213,-12.576023,-12.512718,-12.429552
1214,-12.575756,-12.512402,-12.429308
1215,-12.575384,-12.512387,-12.429041
1216,-12.574929,-12.512201,-12.428450
1217,-12.574886,-12.511966,-12.428532
1218,-12.574512,-12.511723,-12.428309
1219,-12.574407,-12.511531,-12.428141
1220,-12.574005,-12.511363,-12.427872
1221,-12.573905,-12.511146,-12.427517
1222,-12.573573,-12.511030,-12.427186
1223,-12.573242,-12.510798,-12.427055
1224,-12.573010,-12.510658,-12.426658
1225,-12.572714,-12.510349,-12.426849
1226,-12.572455,-12.510337,-12.426694
1227,-12.572175,-12.509980,-12.426722
1228,-12.571947,-12.509739,-12.426104
1229,-12.571789,-12.509729,-12.425665
1230,-12.571649,-12.509551,-12.425355
1231,-12.571496,-12.509410,-12.424785
1232,-12.571278,-12.509278,-12.424569
1233,-12.570857,-12.509038,-12.424196
1234,-12.570843,-12.508642,-12.423935
1235,-12.570494,-12.508604,-12.423711
1236,-12.570193,-12.508339,-12.423317
1237,-12.570018,-12.508100,-12.423011
1238,-12.569804,-12.508055,-12.422731
1239,-12.569593,-12.508120,-12.422417
1240,-12.569321,-12.507993,-12.422305
1241,-12.569061,-12.507839,-12.422141
1242,-12.568837,-12.507775,-12.422012
1243,-12.568511,-12.507713,-12.421852
1244,-12.568185,-12.507594,-12.421788
1245,-12.567941,-12.507520,-12.421651
1246,-12.567721,-12.507227,-12.421577
1247,-12.567458,-12.507032,-12.421312
1248,-12.567292,-12.506805,-12.420962
1249,-12.567019,-12.506461,-12.420704
1250,-12.566978,-12.506238,-12.420054
1251,-12.566631,-12.505955,-12.419869
1252,-12.566322,-12.505770,-12.419732
1253,-12.566096,-12.505490,-12.419640
1254,-12.565901,-12.505301,-12.419499
1255,-12.565778,-12.505028,-12.419391
1256,-12.565556,-12.504843,-12.419380
1257,-12.565546,-12.504707,-12.419123
1258,-12.565281,-12.504615,-12.418723
1259,-12.564866,-12.504450,-12.418415
1260,-12.564610,-12.504342,-12.418407
1261,-12.564440,-12.504254,-12.418092
1262,-12.564340,-12.504085,-12.417881
1263,-12.564123,-12.504036,-12.417770
1264,-12.563782,-12.503789,-12.417520
1265,-12.563639,-12.503599,-12.417377
1266,-12.563452,-12.503286,-12.417095
1267,-12.563182,-12.503154,-12.416775
1268,-12.562988,-12.503150,-12.416541
1269,-12.562808,-12.502949,-12.416270
1270,-12.562532,-12.502753,-12.415993
1271,-12.562338,-12.502453,-12.415773
1272,-12.562224,-12.502226,-12.415642
1273,-12.562009,-12.502079,-12.415484
1274,-12.561678,-12.501902,-12.415775
1275,-12.561539,-12.501606,-12.415419
1276,-12.561484,-12.501502,-12.414972
1277,-12.561232,-12.501358,-12.414837
1278,-12.561102,-12.501267,-12.414578
1279,-12.560905,-12.501137,-12.414344
1280,-12.560645,-12.500818,-12.413940
1281,-12.560197,-12.500649,-12.413851
1282,-12.560046,-12.500472,-12.413599
1283,-12.559993,-12.500180,-12.413193
1284,-12.559758,-12.500051,-12.412858
1285,-12.559657,-12.499971,-12.412724
1286,-12.559294,-12.499964,-12.412600
1287,-12.559040,-12.499688,-12.412194
1288,-12.558892,-12.499412,-12.411813
1289,-12.558636,-12.499292,-12.411545
1290,-12.558496,-12.499099,-12.410941
1291,-12.558238,-12.498864,-12.410639
1292,-12.557932,-12.498760,-12.410267
1293,-12.557565,-12.498541,-12.410135
1294,-12.557280,-12.498517,-12.410149
1295,-12.557023,-12.498357,-12.410001
1296,-12.556880,-12.498350,-12.409834
1297,-12.556733,-12.498094,-12.409671
1298,-12.556460,-12.497960,-12.409427
1299,-12.556286,-12.497875,-12.409383
1300,-12.556070,-12.497815,-12.409114
1301,-12.555875,-12.497718,-12.408833
1302,-12.555558,-12.497549,-12.408692
1303,-12.555300,-12.497299,-12.408618
1304,-12.555285,-12.496761,-12.408424
1305,-12.555002,-12.496613,-12.408115
1306,-12.554897,-12.496553,-12.407833
1307,-12.554762,-12.496507,-12.407710
1308,-12.554455,-12.496374,-12.407615
1309,-12.554314,-12.496035,-12.407467
1310,-12.554088,-12.495959,-12.407197
1311,-12.553716,-12.495836,-12.407038
1312,-12.553458,-12.495671,-12.406912
1313,-12.553122,-12.495337,-12.406617
1314,-12.553173,-12.495158,-12.406589
1315,-12.552923,-12.494986,-12.406266
1316,-12.552757,-12.494926,-12.406108
1317,-12.552388,-12.494748,-12.405886
1318,-12.552029,-12.494752,-12.405982
1319,-12.551850,-12.494571,-12.405729
1320,-12.551566,-12.494581,-12.405466
1321,-12.551304,-12.494501,-12.405153
1322,-12.551210,-12.494470,-12.404903
1323,-12.551001,-12.494249,-12.404594
1324,-12.550780,-12.494065,-12.404361
1325,-12.550597,-12.494009,-12.404030
1326,-12.550445,-12.493965,-12.403769
1327,-12.550237,-12.493903,-12.403474
1328,-12.549941,-12.493598,-12.403453
1329,-12.549731,-12.493204,-12.403266
1330,-12.549579,-12.493109,-12.402777
1331,-12.549300,-12.492998,-12.402488
1332,-12.549068,-12.492743,-12.402447
1333,-12.548821,-12.492575,-12.402377
1334,-12.548683,-12.492261,-12.402245
1335,-12.548585,-12.491954,-12.401982
1336,-12.548494,-12.491871,-12.401639
1337,-12.548396,-12.491733,-12.401495
1338,-12.548067,-12.491612,-12.401240
1339,-12.547957,-12.491522,-12.401040
1340,-12.547881,-12.491286,-12.400855
1341,-12.547663,-12.491180,-12.400631
1342,-12.547354,-12.490851,-12.400430
1343,-12.547083,-12.490553,-12.400043
1344,-12.546829,-12.490351,-12.399722
1345,-12.546741,-12.490173,-12.399505
1346,-12.546521,-12.490189,-12.399233
1347,-12.546462,-12.489944,-12.399196
1348,-12.546267,-12.489836,-12.398707
1349,-12.546071,-12.489680,-12.398384
1350,-12.545564,-12.489341,-12.398326
1351,-12.545406,-12.489244,-12.397963
1352,-12.545114,-12.489131,-12.397827
1353,-12.544878,-12.488863,-12.397501
1354,-12.544605,-12.488662,-12.397487
1355,-12.544530,-12.488489,-12.397140
1356,-12.544443,-12.488248,-12.396759
1357,-12.544218,-12.488022,-12.396465
1358,-12.544068,-12.487905,-12.395979
1359,-12.543952,-12.487855,-12.395613
1360,-12.543795,-12.487809,-12.395513
1361,-12.543471,-12.487701,-12.395197
1362,-12.543203,-12.487585,-12.395077
1363,-12.542928,-12.487615,-12.395131
1364,-12.542685,-12.487289,-12.394957
1365,-12.542363,-12.486882,-12.394754
1366,-12.542047,-12.486619,-12.394249
1367,-12.541938,-12.486448,-12.393961
1368,-12.541560,-12.486158,-12.393794
1369,-12.541380,-12.485985,-12.393769
1370,-12.541149,-12.485652,-12.393526
1371,-12.540868,-12.485410,-12.393428
1372,-12.540608,-12.485193,-12.393154
1373,-12.540361,-12.485047,-12.392916
1374,-12.540144,-12.485104,-12.392571
1375,-12.539936,-12.485035,-12.392410
1376,-12.539653,-12.484775,-12.391838
1377,-12.539536,-12.484719,-12.391410
1378,-12.539445,-12.484458,-12.391287
1379,-12.539249,-12.484211,-12.391127
1380,-12.539114,-12.483953,-12.390738
1381,-12.538836,-12.483797,-12.390669
1382,-12.538512,-12.483690,-12.390539
1383,-12.538480,-12.483513,-12.390468
1384,-12.538312,-12.483249,-12.389998
1385,-12.537933,-12.483104,-12.389886
1386,-12.537549,-12.483028,-12.389533
1387,-12.537356,-12.482922,-12.389324
1388,-12.537173,-12.482870,-12.388818
1389,-12.536860,-12.482606,-12.388546
1390,-12.536673,-12.482621,-12.388304
1391,-12.536553,-12.482162,-12.387837
1392,-12.536168,-12.482156,-12.387541
1393,-12.536058,-12.481894,-12.387361
1394,-12.535771,-12.481853,-12.387187
1395,-12.535733,-12.481830,-12.386901
1396,-12.535495,-12.481476,-12.386529
1397,-12.535240,-12.481348,-12.386204
1398,-12.535196,-12.480998,-12.385912
1399,-12.535057,-12.480749,-12.385670
1400,-12.534881,-12.480752,-12.385229
1401,-12.534605,-12.480578,-12.385049
1402,-12.534449,-12.480551,-12.385170
1403,-12.534227,-12.480280,-12.384874
1404,-12.534197,-12.480131,-12.384676
1405,-12.534027,-12.480176,-12.384283
1406,-12.533953,-12.480158,-12.384173
1407,-12.533882,-12.479955,-12.383830
1408,-12.533874,-12.479935,-12.383582
1409,-12.533732,-12.479782,-12.383507
1410,-12.533441,-12.479860,-12.383382
1411,-12.533312,-12.479750,-12.383349
1412,-12.532989,-12.479699,-12.383042
1413,-12.532740,-12.479413,-12.382713
1414,-12.532513,-12.479253,-12.382486
1415,-12.532289,-12.479042,-12.382177
1416,-12.532141,-12.478528,-12.382004
1417,-12.531962,-12.478311,-12.381918
1418,-12.531714,-12.478270,-12.381907
1419,-12.531543,-12.478232,-12.381521
1420,-12.531306,-12.478143,-12.381431
1421,-12.530957,-12.477943,-12.381259
1422,-12.530721,-12.477946,-12.381324
1423,-12.530473,-12.477713,-12.381084
1424,-12.530252,-12.477690,-12.380455
1425,-12.530017,-12.477438,-12.380318
1426,-12.529837,-12.477346,-12.380272
1427,-12.529831,-12.477081,-12.380060
1428,-12.529577,-12.476970,-12.379844
1429,-12.529510,-12.476728,-12.379704
1430,-12.529409,-12.476600,-12.379434
1431,-12.529155,-12.476524,-12.379007
1432,-12.528875,-12.476481,-12.378324
1433,-12.528825,-12.476490,-12.378098
1434,-12.528512,-12.476340,-12.377853
1435,-12.528299,-12.476280,-12.377706
1436,-12.527929,-12.476240,-12.377444
1437,-12.527863,-12.476178,-12.377257
1438,-12.527720,-12.476155,-12.377056
1439,-12.527485,-12.476081,-12.376758
1440,-12.527417,-12.475871,-12.376591
1441,-12.527274,-12.475715,-12.376274
1442,-12.527202,-12.475416,-12.376066
1443,-12.527008,-12.475271,-12.375821
1444,-12.526770,-12.475234,-12.375587
1445,-12.526419,-12.475261,-12.375196
1446,-12.526408,-12.474988,-12.375123
1447,-12.526198,-12.474971,-12.374918
1448,-12.526148,-12.474988,-12.374681
1449,-12.525997,-12.474665,-12.374472
1450,-12.525791,-12.474511,-12.374348
1451,-12.525691,-12.474365,-12.374102
1452,-12.525553,-12.474085,-12.373695
1453,-12.525217,-12.474081,-12.373529
1454,-12.524979,-12.473937,-12.373228
1455,-12.524911,-12.473778,-12.373053
1456,-12.524844,-12.473724,-12.373241
1457,-12.524765,-12.473891,-12.372683
1458,-12.524467,-12.473707,-12.372363
1459,-12.524357,-12.473489,-12.372176
1460,-12.524161,-12.473265,-12.371825
1461,-12.523948,-12.472863,-12.371620
1462,-12.523920,-12.472830,-12.371419
1463,-12.523855,-12.472547,-12.370938
1464,-12.523734,-12.472459,-12.370974
1465,-12.523382,-12.472347,-12.370936
1466,-12.523340,-12.472324,-12.370608
1467,-12.523314,-12.472117,-12.370533
1468,-12.522976,-12.471956,-12.370345
1469,-12.522991,-12.471669,-12.370164
1470,-12.522801,-12.471741,-12.369840
1471,-12.522410,-12.471599,-12.369634
1472,-12.522382,-12.471627,-12.369511
1473,-12.522292,-12.471453,-12.369083
1474,-12.522076,-12.471170,-12.368943
1475,-12.521923,-12.470992,-12.368726
1476,-12.521789,-12.470862,-12.368759
1477,-12.521515,-12.470811,-12.368548
1478,-12.521300,-12.470543,-12.368374
1479,-12.521058,-12.470567,-12.368101
1480,-12.520894,-12.470533,-12.367791
1481,-12.520827,-12.470468,-12.367637
1482,-12.520520,-12.470361,-12.367404
1483,-12.520450,-12.470330,-12.367095
1484,-12.520282,-12.470154,-12.366852
1485,-12.520261,-12.469959,-12.366380
1486,-12.520121,-12.469717,-12.366204
1487,-12.519733,-12.469629,-12.365860
1488,-12.519539,-12.469446,-12.365571
1489,-12.519297,-12.469214,-12.365405
1490,-12.519022,-12.468869,-12.365156
1491,-12.518674,-12.468711,-12.364950
1492,-12.518585,-12.468505,-12.364715
1493,-12.518532,-12.468398,-12.364819
1494,-12.518371,-12.468187,-12.364828
1495,-12.518302,-12.467965,-12.364737
1496,-12.517972,-12.467874,-12.364518
1497,-12.517816,-12.467594,-12.364292
1498,-12.517685,-12.467528,-12.364084
1499,-12.517467,-12.467474,-12.364136
1500,-12.517321,-12.467379,-12.363866
1501,-12.517108,-12.467187,-12.363551
1502,-12.516858,-12.467043,-12.363304
1503,-12.516725,-12.466969,-12.362978
1504,-12.516606,-12.466718,-12.362867
1505,-12.516256,-12.466497,-12.362605
1506,-12.515983,-12.466365,-12.362566
1507,-12.515855,-12.466314,-12.362331
1508,-12.515750,-12.466224,-12.362140
1509,-12.515650,-12.466342,-12.362066
1510,-12.515647,-12.466157,-12.362033
1511,-12.515323,-12.465953,-12.361929
1512,-12.515340,-12.465738,-12.361723
1513,-12.515241,-12.465863,-12.361375
1514,-12.515132,-12.465690,-12.361036
1515,-12.514943,-12.465340,-12.360774
1516,-12.515071,-12.465097,-12.360348
1517,-12.514917,-12.464891,-12.359911
1518,-12.514944,-12.464798,-12.359708
1519,-12.514836,-12.464715,-12.359585
1520,-12.514575,-12.464641,-12.359272
1521,-12.514299,-12.464619,-12.359235
1522,-12.514203,-12.464474,-12.359097
1523,-12.514310,-12.464229,-12.358772
1524,-12.514028,-12.463874,-12.358557
1525,-12.513938,-12.463787,-12.358408
1526,-12.513681,-12.463695,-12.358249
1527,-12.513521,-12.463553,-12.357989
1528,-12.513472,-12.463357,-12.357592
1529,-12.513361,-12.463300,-12.357539
1530,-12.512959,-12.463322,-12.357292
1531,-12.512756,-12.463232,-12.357119
1532,-12.512446,-12.463073,-12.356847
1533,-12.512531,-12.462915,-12.356634
1534,-12.512304,-12.462798,-12.356420
1535,-12.512139,-12.462765,-12.356127
1536,-12.511902,-12.462682,-12.356019
1537,-12.511770,-12.462483,-12.355644
1538,-12.511597,-12.462176,-12.355459
1539,-12.511268,-12.462104,-12.355375
1540,-12.510881,-12.461769,-12.355315
1541,-12.510764,-12.461626,-12.355226
1542,-12.510617,-12.461515,-12.355030
1543,-12.510792,-12.461280,-12.354760
1544,-12.510583,-12.461372,-12.354636
1545,-12.510621,-12.461261,-12.354336
1546,-12.510402,-12.461106,-12.354187
1547,-12.510193,-12.461048,-12.353828
1548,-12.510214,-12.461026,-12.353434
1549,-12.509973,-12.460983,-12.353401
1550,-12.509760,-12.460727,-12.353099
1551,-12.509747,-12.460611,-12.353210
1552,-12.509593,-12.460484,-12.352854
1553,-12.509388,-12.460446,-12.352653
1554,-12.509339,-12.460032,-12.352362
1555,-12.509239,-12.459791,-12.352454
1556,-12.508958,-12.459911,-12.352275
1557,-12.508765,-12.459736,-12.352347
1558,-12.508619,-12.459437,-12.352161
1559,-12.508405,-12.459401,-12.351939
1560,-12.508129,-12.458978,-12.351739
1561,-12.507859,-12.458843,-12.351385
1562,-12.507654,-12.458766,-12.351095
1563,-12.507527,-12.458615,-12.350904
1564,-12.507360,-12.458652,-12.350627
1565,-12.507183,-12.458381,-12.350506
1566,-12.507112,-12.458361,-12.350141
1567,-12.507054,-12.458318,-12.349938
1568,-12.506997,-12.458115,-12.349697
1569,-12.506743,-12.457986,-12.349437
1570,-12.506719,-12.457952,-12.349083
1571,-12.506608,-12.457787,-12.348735
1572,-12.506559,-12.457520,-12.348639
1573,-12.506496,-12.457213,-12.348200
1574,-12.506415,-12.457161,-12.348087
1575,-12.506374,-12.457122,-12.348030
1576,-12.506139,-12.457233,-12.347759
1577,-12.505946,-12.457371,-12.347338
1578,-12.505918,-12.457230,-12.347186
1579,-12.505812,-12.457410,-12.347199
1580,-12.505673,-12.457335,-12.347129
1581,-12.505566,-12.457092,-12.347169
1582,-12.505350,-12.456964,-12.346771
1583,-12.505436,-12.456896,-12.346542
1584,-12.505035,-12.456750,-12.346463
1585,-12.504976,-12.456744,-12.346458
1586,-12.505040,-12.456473,-12.346250
1587,-12.504836,-12.456170,-12.346064
1588,-12.504723,-12.456020,-12.346018
1589,-12.504464,-12.456089,-12.345691
1590,-12.504290,-12.455961,-12.345512
1591,-12.504140,-12.455795,-12.345175
1592,-12.504053,-12.455499,-12.344992
1593,-12.503778,-12.455426,-12.344898
1594,-12.503612,-12.455133,-12.344652
1595,-12.503147,-12.455118,-12.344432
1596,-12.503098,-12.455078,-12.344323
1597,-12.502912,-12.455151,-12.343917
1598,-12.502823,-12.454793,-12.343990
1599,-12.502756,-12.454776,-12.343948
1600,-12.502585,-12.454632,-12.343978
1601,-12.502352,-12.454508,-12.343881
1602,-12.502247,-12.454385,-12.343722
1603,-12.502184,-12.454339,-12.343419
1604,-12.502103,-12.454366,-12.343104
1605,-12.501886,-12.454368,-12.342869
1606,-12.501616,-12.454080,-12.342983
1607,-12.501473,-12.454125,-12.342632
1608,-12.501348,-12.454256,-12.342287
1609,-12.501065,-12.454384,-12.342268
1610,-12.501137,-12.454283,-12.342336
1611,-12.500955,-12.454115,-12.342028
1612,-12.500684,-12.453957,-12.341786
1613,-12.500952,-12.453605,-12.341785
1614,-12.500661,-12.453627,-12.341440
1615,-12.500377,-12.453424,-12.341166
1616,-12.500153,-12.453186,-12.340901
1617,-12.499933,-12.453000,-12.340559
1618,-12.499869,-12.453071,-12.340343
1619,-12.499680,-12.453239,-12.340106
1620,-12.499409,-12.452976,-12.340081
1621,-12.499103,-12.452844,-12.339921
1622,-12.498926,-12.452889,-12.339550
1623,-12.498955,-12.452868,-12.339322
1624,-12.498848,-12.452531,-12.339034
1625,-12.498553,-12.452370,-12.338712
1626,-12.498438,-12.452163,-12.338256
1627,-12.498102,-12.452025,-12.338060
1628,-12.497921,-12.451982,-12.337979
1629,-12.497815,-12.451640,-12.337821
1630,-12.497847,-12.451434,-12.337818
1631,-12.497609,-12.451305,-12.337650
1632,-12.497492,-12.451383,-12.337484
1633,-12.497255,-12.451279,-12.337169
1634,-12.497116,-12.451243,-12.337370
1635,-12.496870,-12.451211,-12.337069
1636,-12.496898,-12.451108,-12.336791
1637,-12.496699,-12.451013,-12.336645
1638,-12.496635,-12.450887,-12.336479
1639,-12.496667,-12.450564,-12.336339
1640,-12.496445,-12.450546,-12.336154
1641,-12.496316,-12.450418,-12.336048
1642,-12.496316,-12.450300,-12.335901
1643,-12.496156,-12.450081,-12.335817
1644,-12.496003,-12.449976,-12.335532
1645,-12.496027,-12.449992,-12.335339
1646,-12.495771,-12.449864,-12.335066
1647,-12.495567,-12.449671,-12.334897
1648,-12.495608,-12.449411,-12.334747
1649,-12.495686,-12.449389,-12.334256
1650,-12.495530,-12.449279,-12.334084
1651,-12.495368,-12.449173,-12.333745
1652,-12.495093,-12.449085,-12.333356
1653,-12.494706,-12.449093,-12.333295
1654,-12.494460,-12.449197,-12.333154
1655,-12.494190,-12.449201,-12.333174
1656,-12.493853,-12.449116,-12.333229
1657,-12.493724,-12.449128,-12.333340
1658,-12.493743,-12.449044,-12.333287
1659,-12.493611,-12.448782,-12.332858
1660,-12.493598,-12.448448,-12.332790
1661,-12.493403,-12.448576,-12.332608
1662,-12.493112,-12.448084,-12.332443
1663,-12.493130,-12.447846,-12.332158
1664,-12.493101,-12.447835,-12.331808
1665,-12.493157,-12.447789,-12.331500
1666,-12.493124,-12.447677,-12.331218
1667,-12.493008,-12.447506,-12.330831
1668,-12.492792,-12.447123,-12.330483
1669,-12.492690,-12.447064,-12.330395
1670,-12.492518,-12.446869,-12.330065
1671,-12.492369,-12.446783,-12.329815
1672,-12.492115,-12.446502,-12.329691
1673,-12.492091,-12.446427,-12.329280
1674,-12.491901,-12.446237,-12.329152
1675,-12.491858,-12.446374,-12.329074
1676,-12.491770,-12.446143,-12.329061
1677,-12.491779,-12.445896,-12.328808
1678,-12.491752,-12.445704,-12.328615
1679,-12.491705,-12.445492,-12.328658
1680,-12.491702,-12.445495,-12.328476
1681,-12.491322,-12.445167,-12.328287
1682,-12.491181,-12.445148,-12.328306
1683,-12.491080,-12.445051,-12.327953
1684,-12.490844,-12.445017,-12.327423
1685,-12.490703,-12.444676,-12.327119
1686,-12.490530,-12.444781,-12.326907
1687,-12.490455,-12.444715,-12.326654
1688,-12.490311,-12.444363,-12.326371
1689,-12.490160,-12.444239,-12.326124
1690,-12.490128,-12.444406,-12.326097
1691,-12.490191,-12.444026,-12.326049
1692,-12.490105,-12.444109,-12.325889
1693,-12.489900,-12.444177,-12.325704
1694,-12.489794,-12.443981,-12.325595
1695,-12.489719,-12.443773,-12.325629
1696,-12.489586,-12.443579,-12.325382
1697,-12.489439,-12.443491,-12.325137
1698,-12.489363,-12.443597,-12.324972
1699,-12.489168,-12.443578,-12.324783
1700,-12.488954,-12.443442,-12.324474
1701,-12.488744,-12.443379,-12.324282
1702,-12.488524,-12.443316,-12.324119
1703,-12.488287,-12.443130,-12.323779
1704,-12.488003,-12.443291,-12.323589
1705,-12.487708,-12.443164,-12.323320
1706,-12.487659,-12.442974,-12.323450
1707,-12.487486,-12.442928,-12.323287
1708,-12.487367,-12.442792,-12.323029
1709,-12.487329,-12.442633,-12.322779
1710,-12.487098,-12.442498,-12.322527
1711,-12.486826,-12.442380,-12.322619
1712,-12.486749,-12.442278,-12.322455
1713,-12.486508,-12.442125,-12.322225
1714,-12.486401,-12.441935,-12.322130
1715,-12.486283,-12.441802,-12.321976
1716,-12.486159,-12.441590,-12.321619
1717,-12.486170,-12.441551,-12.321333
1718,-12.486434,-12.441522,-12.320978
1719,-12.486173,-12.441461,-12.320881
1720,-12.486125,-12.441474,-12.320839
1721,-12.485971,-12.441358,-12.320446
1722,-12.485721,-12.441422,-12.320197
1723,-12.485533,-12.441289,-12.319939
1724,-12.485323,-12.441315,-12.319993
1725,-12.485204,-12.441377,-12.319568
1726,-12.485207,-12.441198,-12.319320
1727,-12.485019,-12.440991,-12.318995
1728,-12.484975,-12.440905,-12.318765
1729,-12.484743,-12.440722,-12.318703
1730,-12.484826,-12.440619,-12.318581
1731,-12.484715,-12.440372,-12.318285
1732,-12.484636,-12.440278,-12.318079
1733,-12.484433,-12.440186,-12.317877
1734,-12.484342,-12.439841,-12.317591
1735,-12.484275,-12.439743,-12.317507
1736,-12.484110,-12.439814,-12.317424
1737,-12.483786,-12.439949,-12.317270
1738,-12.483694,-12.439821,-12.316953
1739,-12.483770,-12.439734,-12.316601
1740,-12.483569,-12.439506,-12.316486
1741,-12.483511,-12.439413,-12.316216
1742,-12.483376,-12.439190,-12.315722
1743,-12.483476,-12.439298,-12.315315
1744,-12.483227,-12.439095,-12.315236
1745,-12.483120,-12.438967,-12.314796
1746,-12.483002,-12.438793,-12.314502
1747,-12.482793,-12.438572,-12.314504
1748,-12.482555,-12.438310,-12.314511
1749,-12.482444,-12.438209,-12.314147
1750,-12.482462,-12.438083,-12.313865
1751,-12.482319,-12.438026,-12.313815
1752,-12.482168,-12.437986,-12.313594
1753,-12.482049,-12.437934,-12.313288
1754,-12.481967,-12.437975,-12.313014
1755,-12.481860,-12.437842,-12.312971
1756,-12.481729,-12.438141,-12.312677
1757,-12.481688,-12.438109,-12.312548
1758,-12.481452,-12.437944,-12.312483
1759,-12.481360,-12.437946,-12.312064
1760,-12.481094,-12.437894,-12.311924
1761,-12.480928,-12.437797,-12.311643
1762,-12.480794,-12.437733,-12.311454
1763,-12.480439,-12.437544,-12.311126
1764,-12.480240,-12.437404,-12.311220
1765,-12.480256,-12.437474,-12.310880
1766,-12.480157,-12.437202,-12.310474
1767,-12.480079,-12.437204,-12.310351
1768,-12.479814,-12.437000,-12.310257
1769,-12.479718,-12.436886,-12.310054
1770,-12.479644,-12.436786,-12.309888
1771,-12.479370,-12.436462,-12.309516
1772,-12.479333,-12.436446,-12.309324
1773,-12.478835,-12.436298,-12.309184
1774,-12.478779,-12.436085,-12.309092
1775,-12.478661,-12.436027,-12.308942
1776,-12.478435,-12.436033,-12.308909
1777,-12.478235,-12.435936,-12.308672
1778,-12.478054,-12.435703,-12.308474
1779,-12.477829,-12.435408,-12.308517
1780,-12.477613,-12.435226,-12.308300
1781,-12.477546,-12.435172,-12.308247
1782,-12.477531,-12.434908,-12.307961
1783,-12.477229,-12.434569,-12.307669
1784,-12.477311,-12.434588,-12.307432
1785,-12.477282,-12.434704,-12.307386
1786,-12.477183,-12.434686,-12.307362
1787,-12.477089,-12.434335,-12.307269
1788,-12.477054,-12.434198,-12.306846
1789,-12.476838,-12.434156,-12.306862
1790,-12.476638,-12.433910,-12.306605
1791,-12.476660,-12.433780,-12.306359
1792,-12.476355,-12.433662,-12.306215
1793,-12.476344,-12.433496,-12.306122
1794,-12.475992,-12.433512,-12.305830
1795,-12.475878,-12.433422,-12.305888
1796,-12.475780,-12.433191,-12.305620
1797,-12.475702,-12.432869,-12.305447
1798,-12.475654,-12.432843,-12.305251
1799,-12.475629,-12.432755,-12.305220
1800,-12.475232,-12.432645,-12.305025
1801,-12.475053,-12.432510,-12.304526
1802,-12.474900,-12.432348,-12.304682
1803,-12.474784,-12.432324,-12.304509
1804,-12.474756,-12.432345,-12.304227
1805,-12.474573,-12.432328,-12.304096
1806,-12.474679,-12.432402,-12.303886
1807,-12.474561,-12.432278,-12.303631
1808,-12.474589,-12.432272,-12.303296
1809,-12.474467,-12.432261,-12.303148
1810,-12.474427,-12.432143,-12.302992
1811,-12.474355,-12.432132,-12.302843
1812,-12.474396,-12.431969,-12.302918
1813,-12.474175,-12.431699,-12.302591
1814,-12.474143,-12.431690,-12.302529
1815,-12.474213,-12.431697,-12.302457
1816,-12.473864,-12.431879,-12.302224
1817,-12.473747,-12.431479,-12.302423
1818,-12.473614,-12.431014,-12.302145
1819,-12.473408,-12.430871,-12.302146
1820,-12.473220,-12.430851,-12.302021
1821,-12.473154,-12.430723,-12.301777
1822,-12.473246,-12.430522,-12.301523
1823,-12.472921,-12.430131,-12.301188
1824,-12.472660,-12.429919,-12.300841
1825,-12.472397,-12.429861,-12.300672
1826,-12.472216,-12.429755,-12.300490
1827,-12.472176,-12.429580,-12.300321
1828,-12.472113,-12.429509,-12.300047
1829,-12.472153,-12.429500,-12.300252
1830,-12.472035,-12.429497,-12.299828
1831,-12.472042,-12.429165,-12.299542
1832,-12.471639,-12.428876,-12.299391
1833,-12.471580,-12.428858,-12.299029
1834,-12.471286,-12.428760,-12.298869
1835,-12.471158,-12.428583,-12.298825
1836,-12.471105,-12.428544,-12.298542
1837,-12.471063,-12.428382,-12.298365
1838,-12.470849,-12.428473,-12.298364
1839,-12.470859,-12.428400,-12.298044
1840,-12.470665,-12.428321,-12.298062
1841,-12.470618,-12.428317,-12.298018
1842,-12.470404,-12.428126,-12.297902
1843,-12.470094,-12.427982,-12.297608
1844,-12.470132,-12.428113,-12.297243
1845,-12.470032,-12.427931,-12.297068
1846,-12.469855,-12.427913,-12.297205
1847,-12.470067,-12.427900,-12.296870
1848,-12.469833,-12.428136,-12.296945
1849,-12.469778,-12.427989,-12.296650
1850,-12.469677,-12.427886,-12.296425
1851,-12.469731,-12.427631,-12.296174
1852,-12.469711,-12.427499,-12.295936
1853,-12.469727,-12.427478,-12.296097
1854,-12.469593,-12.427520,-12.296156
1855,-12.469288,-12.427377,-12.295999
1856,-12.469264,-12.427304,-12.296034
1857,-12.469032,-12.427209,-12.295961
1858,-12.468828,-12.427286,-12.295534
1859,-12.468596,-12.427153,-12.295369
1860,-12.468628,-12.427010,-12.295262
1861,-12.468634,-12.426712,-12.295219
1862,-12.468407,-12.426819,-12.295210
1863,-12.468101,-12.426540,-12.295025
1864,-12.468092,-12.426265,-12.294944
1865,-12.468089,-12.426199,-12.294693
1866,-12.468023,-12.426013,-12.294575
1867,-12.468096,-12.425819,-12.294458
1868,-12.467843,-12.425541,-12.294147
1869,-12.467731,-12.425372,-12.294262
1870,-12.467657,-12.425221,-12.294093
1871,-12.467483,-12.425197,-12.293631
1872,-12.467200,-12.425114,-12.293490
1873,-12.467076,-12.425319,-12.293356
1874,-12.467076,-12.425306,-12.293175
1875,-12.467185,-12.425493,-12.293127
1876,-12.467074,-12.425613,-12.292643
1877,-12.466886,-12.425593,-12.292302
1878,-12.466590,-12.425380,-12.292285
1879,-12.466335,-12.425268,-12.292140
1880,-12.466273,-12.424886,-12.292164
1881,-12.466212,-12.424632,-12.291994
1882,-12.465998,-12.424583,-12.291901
1883,-12.465819,-12.424537,-12.291563
1884,-12.465658,-12.424646,-12.291451
1885,-12.465397,-12.424563,-12.291285
1886,-12.465374,-12.424487,-12.291082
1887,-12.465238,-12.424274,-12.291083
1888,-12.465349,-12.423817,-12.290779
1889,-12.465277,-12.423719,-12.290611
1890,-12.465275,-12.423725,-12.290272
1891,-12.465149,-12.423713,-12.290025
1892,-12.464843,-12.423781,-12.289906
1893,-12.464695,-12.423753,-12.290048
1894,-12.464376,-12.423736,-12.289816
1895,-12.464277,-12.423592,-12.289920
1896,-12.464134,-12.423517,-12.289565
1897,-12.463970,-12.423434,-12.289224
1898,-12.464083,-12.423486,-12.288789
1899,-12.464022,-12.423466,-12.288732
1900,-12.464049,-12.423454,-12.288681
1901,-12.463929,-12.423322,-12.288527
1902,-12.463975,-12.423176,-12.288529
1903,-12.463762,-12.423332,-12.288274
1904,-12.463646,-12.423589,-12.287913
1905,-12.463357,-12.423565,-12.287856
1906,-12.463232,-12.423397,-12.287648
1907,-12.463211,-12.423490,-12.287408
1908,-12.463143,-12.423579,-12.287334
1909,-12.463188,-12.423606,-12.287172
1910,-12.463064,-12.423319,-12.287073
1911,-12.463133,-12.423182,-12.286828
1912,-12.463005,-12.423111,-12.286500
1913,-12.462866,-12.422985,-12.286608
1914,-12.462590,-12.422777,-12.286616
1915,-12.462382,-12.422532,-12.286482
1916,-12.462126,-12.422340,-12.286283
1917,-12.462161,-12.422412,-12.286143
1918,-12.462196,-12.422552,-12.286146
1919,-12.461913,-12.422508,-12.285850
1920,-12.461661,-12.422573,-12.285527
1921,-12.461616,-12.422751,-12.285319
1922,-12.461403,-12.422557,-12.285342
1923,-12.461295,-12.422501,-12.285145
1924,-12.461296,-12.422492,-12.284673
1925,-12.461085,-12.422460,-12.284443
1926,-12.460720,-12.422418,-12.284021
1927,-12.460762,-12.422625,-12.284255
1928,-12.460672,-12.422628,-12.284250
1929,-12.460580,-12.422479,-12.283966
1930,-12.460466,-12.422172,-12.283814
1931,-12.460335,-12.421923,-12.283402
1932,-12.460165,-12.421855,-12.283169
1933,-12.460042,-12.421847,-12.282961
1934,-12.459809,-12.421636,-12.282899
1935,-12.459615,-12.421443,-12.282770
1936,-12.459512,-12.421472,-12.282525
1937,-12.459347,-12.421554,-12.282301
1938,-12.459210,-12.421507,-12.282364
1939,-12.459066,-12.421564,-12.282002
1940,-12.458990,-12.421306,-12.281940
1941,-12.458952,-12.421107,-12.281776
1942,-12.458906,-12.420838,-12.281599
1943,-12.458898,-12.420551,-12.281532
1944,-12.458931,-12.420437,-12.281395
1945,-12.458822,-12.420202,-12.281277
1946,-12.458823,-12.420182,-12.281150
1947,-12.458707,-12.419835,-12.280651
1948,-12.458557,-12.419656,-12.280427
1949,-12.458651,-12.419737,-12.280511
1950,-12.458678,-12.419650,-12.280368
1951,-12.458535,-12.419501,-12.280185
1952,-12.458239,-12.419214,-12.280043
1953,-12.458076,-12.419087,-12.280133
1954,-12.457954,-12.418887,-12.279951
1955,-12.457962,-12.418920,-12.279834
1956,-12.457768,-12.418661,-12.279858
1957,-12.457844,-12.418705,-12.279719
1958,-12.457702,-12.418625,-12.279663
1959,-12.457393,-12.418494,-12.279489
1960,-12.457387,-12.418614,-12.279048
1961,-12.457436,-12.418656,-12.278651
1962,-12.457352,-12.418522,-12.278382
1963,-12.457340,-12.418336,-12.277968
1964,-12.457131,-12.418299,-12.277615
1965,-12.457065,-12.418485,-12.277434
1966,-12.456912,-12.418222,-12.277473
1967,-12.456707,-12.417994,-12.277387
1968,-12.456449,-12.417980,-12.277114
1969,-12.456427,-12.417918,-12.277227
1970,-12.456539,-12.418093,-12.276829
1971,-12.456663,-12.417878,-12.276639
1972,-12.456654,-12.417836,-12.276567
1973,-12.456501,-12.417769,-12.276541
1974,-12.456470,-12.417780,-12.276083
1975,-12.456494,-12.417674,-12.275968
1976,-12.456506,-12.417229,-12.275856
1977,-12.456379,-12.416859,-12.275488
1978,-12.456047,-12.416774,-12.275352
1979,-12.456089,-12.416603,-12.275013
1980,-12.455885,-12.416502,-12.274822
1981,-12.455873,-12.416546,-12.274496
1982,-12.455422,-12.416224,-12.274307
1983,-12.455472,-12.416167,-12.274260
1984,-12.455366,-12.415987,-12.273946
1985,-12.455392,-12.415849,-12.273768
1986,-12.455168,-12.415765,-12.273524
1987,-12.454931,-12.415493,-12.273626
1988,-12.454841,-12.415124,-12.273626
1989,-12.454609,-12.415298,-12.273281
1990,-12.454710,-12.415555,-12.272891
1991,-12.454658,-12.415407,-12.272737
1992,-12.454536,-12.415652,-12.272519
1993,-12.454576,-12.415676,-12.272715
1994,-12.454656,-12.415567,-12.272836
1995,-12.454480,-12.415515,-12.272872
1996,-12.454506,-12.415550,-12.272723
1997,-12.454247,-12.415369,-12.272536
1998,-12.454316,-12.415212,-12.272292
1999,-12.454328,-12.415364,-12.272150
2000,-12.454114,-12.415396,-12.271908
2001,-12.453994,-12.415339,-12.271966
2002,-12.453682,-12.415448,-12.271901
2003,-12.453479,-12.415199,-12.271846
2004,-12.453444,-12.415289,-12.271911
2005,-12.453324,-12.415212,-12.271812
2006,-12.453269,-12.414954,-12.271429
2007,-12.453050,-12.414737,-12.271134
2008,-12.452978,-12.414583,-12.270924
2009,-12.452823,-12.414230,-12.270527
2010,-12.452920,-12.413991,-12.270566
2011,-12.452811,-12.414065,-12.270428
2012,-12.452698,-12.413900,-12.270336
2013,-12.452643,-12.413651,-12.270179
2014,-12.452464,-12.413552,-12.269927
2015,-12.452245,-12.413395,-12.269776
2016,-12.452026,-12.413418,-12.269775
2017,-12.451970,-12.413378,-12.269489
2018,-12.451978,-12.413036,-12.269158
2019,-12.451664,-12.412998,-12.268967
2020,-12.451543,-12.412946,-12.268873
2021,-12.451531,-12.412908,-12.268544
2022,-12.451444,-12.412605,-12.268388
2023,-12.451346,-12.412420,-12.268342
2024,-12.451157,-12.412130,-12.268434
2025,-12.451052,-12.411727,-12.268318
2026,-12.451211,-12.411429,-12.268298
2027,-12.451142,-12.411381,-12.268326
2028,-12.451326,-12.411358,-12.267817
2029,-12.451259,-12.411283,-12.267953
2030,-12.451233,-12.411113,-12.267813
2031,-12.451216,-12.410934,-12.267627
2032,-12.450969,-12.410662,-12.267824
2033,-12.450857,-12.410668,-12.267853
2034,-12.450689,-12.410508,-12.267336
2035,-12.450675,-12.410604,-12.267247
2036,-12.450435,-12.410380,-12.267094
2037,-12.450194,-12.410400,-12.266945
2038,-12.450135,-12.410216,-12.266918
2039,-12.449861,-12.410163,-12.266468
2040,-12.449867,-12.410020,-12.266419
2041,-12.449697,-12.409813,-12.266179
2042,-12.449393,-12.409732,-12.265795
2043,-12.449412,-12.409801,-12.265827
2044,-12.449312,-12.409960,-12.265933
2045,-12.449066,-12.409829,-12.265715
2046,-12.449007,-12.409756,-12.265360
2047,-12.448995,-12.409618,-12.265494
2048,-12.448912,-12.409808,-12.265507
2049,-12.448664,-12.409500,-12.265266
2050,-12.448516,-12.409754,-12.265248
2051,-12.448488,-12.409900,-12.265165
2052,-12.448409,-12.409843,-12.265133
2053,-12.448378,-12.409877,-12.264831
2054,-12.448222,-12.409751,-12.264568
2055,-12.448275,-12.409514,-12.264298
2056,-12.448211,-12.409609,-12.263944
2057,-12.448028,-12.409468,-12.263693
2058,-12.448030,-12.409459,-12.263626
2059,-12.447879,-12.409085,-12.263627
2060,-12.447604,-12.408913,-12.263513
2061,-12.447550,-12.409199,-12.263437
2062,-12.447488,-12.408841,-12.263130
2063,-12.447548,-12.408879,-12.263124
2064,-12.447509,-12.408574,-12.263086
2065,-12.447179,-12.408972,-12.263187
2066,-12.447297,-12.408884,-12.263110
2067,-12.446980,-12.408714,-12.263182
2068,-12.446872,-12.408553,-12.262993
2069,-12.446833,-12.408558,-12.262785
2070,-12.446496,-12.408388,-12.262825
2071,-12.446547,-12.408209,-12.262846
2072,-12.446447,-12.408345,-12.262775
2073,-12.446360,-12.408171,-12.262651
2074,-12.446335,-12.408424,-12.262504
2075,-12.446144,-12.408263,-12.262160
2076,-12.445849,-12.408024,-12.261966
2077,-12.445999,-12.407955,-12.261646
2078,-12.445994,-12.407658,-12.261449
2079,-12.445709,-12.407304,-12.261604
2080,-12.445836,-12.407259,-12.261320
2081,-12.445545,-12.407121,-12.260940
2082,-12.445469,-12.407301,-12.260630
2083,-12.445337,-12.407037,-12.260519
2084,-12.445293,-12.406923,-12.260111
2085,-12.445207,-12.406820,-12.259932
2086,-12.445153,-12.406709,-12.259839
2087,-12.444977,-12.406547,-12.259855
2088,-12.445039,-12.406365,-12.259805
2089,-12.445303,-12.406397,-12.259688
2090,-12.445255,-12.406418,-12.259678
2091,-12.444803,-12.406441,-12.259504
2092,-12.444733,-12.406243,-12.259238
2093,-12.444721,-12.405887,-12.258910
2094,-12.444646,-12.406163,-12.258880
2095,-12.444643,-12.406081,-12.258850
2096,-12.444379,-12.405733,-12.258484
2097,-12.444218,-12.405268,-12.258319
2098,-12.444359,-12.405102,-12.258320
2099,-12.444045,-12.404871,-12.258135
2100,-12.444046,-12.404920,-12.257987
2101,-12.443751,-12.404904,-12.257872
2102,-12.443502,-12.404814,-12.257729
2103,-12.443376,-12.404790,-12.257645
2104,-12.443394,-12.404945,-12.257567
2105,-12.443427,-12.404850,-12.257265
2106,-12.443421,-12.404814,-12.257001
2107,-12.443200,-12.404785,-12.256602
2108,-12.443193,-12.404767,-12.256740
2109,-12.443051,-12.404900,-12.256617
2110,-12.442800,-12.404997,-12.256497
2111,-12.442619,-12.404977,-12.256434
2112,-12.442390,-12.404824,-12.256065
2113,-12.442362,-12.404730,-12.256119
2114,-12.442190,-12.404703,-12.255962
2115,-12.441990,-12.404646,-12.255863
2116,-12.441948,-12.404441,-12.255735
2117,-12.441851,-12.404223,-12.255537
2118,-12.441778,-12.404167,-12.255414
2119,-12.441549,-12.403991,-12.255305
2120,-12.441359,-12.403954,-12.254946
2121,-12.441153,-12.403645,-12.255249
2122,-12.441139,-12.403614,-12.255220
2123,-12.441304,-12.403294,-12.254843
2124,-12.441058,-12.403325,-12.254656
2125,-12.440880,-12.403117,-12.254428
2126,-12.440843,-12.403103,-12.254219
2127,-12.440747,-12.403098,-12.254157
2128,-12.440867,-12.402845,-12.253756
2129,-12.440846,-12.402484,-12.253611
2130,-12.440688,-12.402528,-12.253523
2131,-12.440716,-12.402464,-12.253356
2132,-12.440384,-12.402330,-12.253346
2133,-12.440484,-12.402463,-12.253210
2134,-12.440519,-12.402701,-12.252983
2135,-12.440298,-12.402491,-12.252974
2136,-12.440269,-12.402354,-12.252837
2137,-12.440130,-12.402305,-12.252612
2138,-12.440105,-12.402260,-12.252489
2139,-12.439960,-12.402040,-12.252320
2140,-12.440205,-12.401736,-12.252379
2141,-12.439874,-12.401505,-12.252014
2142,-12.439668,-12.401491,-12.251947
2143,-12.439468,-12.401216,-12.251798
2144,-12.439623,-12.401255,-12.251780
2145,-12.439761,-12.401313,-12.251761
2146,-12.439769,-12.401152,-12.251436
2147,-12.439781,-12.400751,-12.251383
2148,-12.439636,-12.400754,-12.251258
2149,-12.439816,-12.400736,-12.251070
2150,-12.439740,-12.400584,-12.251232
2151,-12.439599,-12.400414,-12.251009
2152,-12.439721,-12.400299,-12.251026
2153,-12.439768,-12.400391,-12.250862
2154,-12.439705,-12.400136,-12.250576
2155,-12.439582,-12.399828,-12.250625
2156,-12.439683,-12.399924,-12.250490
2157,-12.439961,-12.399826,-12.250481
2158,-12.440054,-12.399806,-12.250459
2159,-12.439698,-12.399588,-12.250274
2160,-12.439263,-12.399559,-12.250178
2161,-12.439155,-12.399682,-12.249854
2162,-12.439131,-12.399627,-12.249757
2163,-12.438981,-12.399715,-12.249950
2164,-12.439010,-12.399863,-12.249664
2165,-12.438907,-12.399990,-12.249731
2166,-12.438796,-12.400052,-12.249366
2167,-12.438608,-12.399639,-12.249256
2168,-12.438669,-12.399527,-12.249043
2169,-12.438703,-12.399222,-12.248992
2170,-12.438473,-12.399396,-12.248796
2171,-12.438291,-12.399322,-12.248631
2172,-12.438008,-12.399143,-12.248398
2173,-12.437959,-12.399397,-12.248314
2174,-12.437674,-12.399244,-12.247802
2175,-12.437697,-12.399085,-12.247722
2176,-12.437685,-12.398982,-12.247595
2177,-12.437676,-12.398941,-12.247585
2178,-12.437485,-12.398694,-12.247764
2179,-12.437290,-12.398396,-12.247792
2180,-12.437247,-12.398276,-12.247716
2181,-12.436920,-12.398217,-12.247421
2182,-12.436502,-12.397932,-12.247288
2183,-12.436376,-12.398002,-12.247377
2184,-12.436184,-12.398052,-12.247164
2185,-12.436250,-12.398230,-12.246852
2186,-12.435979,-12.398060,-12.246640
2187,-12.436003,-12.398118,-12.246213
2188,-12.435849,-12.398064,-12.246218
2189,-12.435548,-12.398037,-12.246516
2190,-12.435562,-12.398190,-12.246570
2191,-12.435659,-12.398044,-12.246201
2192,-12.435441,-12.397861,-12.246061
2193,-12.435403,-12.397841,-12.245643
2194,-12.435295,-12.397799,-12.245398
2195,-12.435284,-12.397804,-12.245313
2196,-12.435141,-12.397690,-12.245137
2197,-12.435254,-12.397461,-12.245029
2198,-12.435175,-12.397364,-12.244876
2199,-12.435063,-12.397436,-12.245048
2200,-12.435023,-12.397307,-12.244957
2201,-12.434821,-12.397309,-12.244854
2202,-12.434638,-12.397074,-12.244666
2203,-12.434439,-12.396923,-12.244681
2204,-12.434459,-12.396881,-12.244533
2205,-12.434188,-12.396636,-12.244281
2206,-12.433816,-12.396421,-12.244190
2207,-12.433639,-12.396566,-12.244382
2208,-12.433637,-12.396412,-12.244487
2209,-12.433694,-12.396374,-12.244628
2210,-12.433481,-12.396150,-12.244412
2211,-12.433264,-12.396067,-12.244259
2212,-12.433190,-12.395944,-12.244433
2213,-12.433136,-12.395849,-12.244315
2214,-12.433137,-12.395728,-12.244179
2215,-12.433208,-12.395949,-12.243886
2216,-12.433394,-12.395650,-12.243884
2217,-12.433358,-12.395738,-12.243635
2218,-12.433236,-12.395575,-12.243235
2219,-12.433443,-12.395508,-12.243096
2220,-12.433200,-12.395484,-12.242969
2221,-12.433199,-12.395242,-12.242901
2222,-12.433221,-12.395383,-12.242954
2223,-12.433218,-12.395260,-12.242786
2224,-12.433030,-12.395216,-12.242641
2225,-12.433201,-12.394977,-12.242498
2226,-12.433253,-12.394691,-12.242331
2227,-12.433256,-12.394781,-12.242201
2228,-12.433096,-12.394743,-12.241706
2229,-12.432961,-12.394367,-12.241508
2230,-12.432603,-12.394270,-12.241539
2231,-12.432624,-12.394274,-12.241237
2232,-12.432637,-12.394202,-12.241015
2233,-12.432243,-12.393991,-12.240972
2234,-12.432285,-12.393855,-12.240889
2235,-12.432012,-12.393758,-12.240818
2236,-12.431930,-12.393640,-12.240636
2237,-12.431892,-12.393669,-12.240322
2238,-12.431798,-12.393710,-12.240170
2239,-12.431642,-12.393500,-12.240173
2240,-12.431425,-12.393441,-12.240010
2241,-12.431416,-12.393305,-12.240058
2242,-12.431211,-12.393168,-12.240361
2243,-12.431277,-12.393039,-12.240134
2244,-12.431438,-12.392839,-12.239962
2245,-12.431324,-12.392672,-12.239828
2246,-12.431287,-12.392506,-12.239718
2247,-12.431278,-12.392447,-12.239679
2248,-12.431250,-12.392276,-12.239684
2249,-12.431274,-12.392431,-12.239450
2250,-12.431302,-12.392310,-12.239159
2251,-12.431092,-12.392097,-12.239146
2252,-12.431035,-12.392074,-12.238920
2253,-12.431085,-12.391978,-12.238659
2254,-12.430881,-12.391707,-12.238618
2255,-12.430689,-12.391525,-12.238601
2256,-12.430576,-12.391381,-12.238451
2257,-12.430500,-12.391472,-12.238104
2258,-12.430312,-12.391273,-12.238164
2259,-12.430130,-12.391028,-12.237929
2260,-12.429876,-12.390940,-12.237814
2261,-12.429700,-12.390923,-12.237617
2262,-12.429445,-12.390954,-12.237365
2263,-12.429444,-12.391005,-12.237370
2264,-12.429557,-12.390895,-12.237351
2265,-12.429415,-12.390744,-12.237263
2266,-12.429337,-12.390582,-12.237313
2267,-12.429290,-12.390462,-12.237187
2268,-12.429197,-12.390586,-12.237206
2269,-12.429121,-12.390486,-12.237113
2270,-12.429116,-12.390431,-12.236873
2271,-12.429158,-12.390392,-12.236896
2272,-12.429140,-12.390138,-12.236767
2273,-12.429048,-12.390134,-12.236604
2274,-12.428941,-12.390291,-12.236533
2275,-12.428829,-12.390195,-12.236195
2276,-12.428780,-12.389953,-12.235807
2277,-12.428396,-12.389990,-12.235554
2278,-12.428345,-12.390014,-12.235278
2279,-12.428292,-12.389853,-12.235146
2280,-12.428264,-12.389741,-12.234896
2281,-12.428282,-12.389813,-12.234735
2282,-12.427826,-12.389633,-12.234596
2283,-12.427777,-12.389827,-12.234567
2284,-12.427677,-12.389580,-12.234589
2285,-12.427509,-12.389499,-12.234434
2286,-12.427235,-12.389328,-12.234261
2287,-12.427186,-12.389253,-12.234032
2288,-12.427288,-12.389064,-12.233861
2289,-12.427133,-12.389013,-12.233751
2290,-12.426765,-12.389283,-12.233774
2291,-12.426634,-12.389127,-12.233718
2292,-12.426458,-12.389221,-12.233747
2293,-12.426426,-12.388986,-12.233843
2294,-12.426298,-12.388907,-12.233614
2295,-12.426221,-12.388707,-12.233314
2296,-12.425989,-12.388660,-12.233361
2297,-12.426002,-12.388695,-12.233175
2298,-12.425805,-12.388562,-12.232956
2299,-12.426171,-12.388147,-12.232768
2300,-12.425934,-12.387995,-12.232649
2301,-12.426047,-12.387540,-12.232535
2302,-12.425914,-12.387505,-12.232391
2303,-12.425833,-12.387566,-12.232705
2304,-12.425724,-12.387378,-12.232488
2305,-12.425597,-12.387265,-12.232454
2306,-12.425472,-12.387343,-12.232220
2307,-12.425278,-12.387217,-12.231841
2308,-12.425256,-12.387060,-12.231921
2309,-12.425112,-12.386945,-12.231764
2310,-12.425013,-12.387046,-12.231516
2311,-12.424902,-12.386827,-12.231445
2312,-12.424723,-12.386663,-12.231321
2313,-12.424722,-12.386499,-12.231492
2314,-12.424579,-12.386376,-12.231339
2315,-12.424486,-12.386317,-12.231477
2316,-12.424389,-12.386246,-12.231511
2317,-12.424421,-12.386127,-12.231634
2318,-12.424570,-12.385873,-12.231600
2319,-12.424557,-12.385609,-12.231402
2320,-12.424330,-12.385744,-12.231252
2321,-12.424410,-12.385855,-12.231226
2322,-12.424263,-12.385656,-12.231062
2323,-12.424108,-12.385834,-12.230758
2324,-12.424075,-12.385621,-12.230837
2325,-12.423893,-12.385490,-12.230808
2326,-12.423727,-12.385461,-12.230777
2327,-12.423696,-12.385219,-12.230674
2328,-12.423700,-12.384895,-12.230480
2329,-12.423699,-12.384964,-12.230443
2330,-12.423276,-12.384849,-12.230213
2331,-12.423098,-12.384649,-12.229838
2332,-12.422891,-12.384722,-12.230065
2333,-12.422825,-12.384784,-12.229889
2334,-12.422730,-12.384792,-12.229722
2335,-12.422617,-12.385026,-12.229323
2336,-12.422611,-12.385076,-12.229035
2337,-12.422468,-12.384882,-12.228763
2338,-12.422285,-12.384520,-12.228708
2339,-12.421989,-12.384422,-12.228556
2340,-12.422060,-12.384119,-12.228223
2341,-12.421845,-12.384144,-12.228187
2342,-12.422023,-12.384037,-12.228199
2343,-12.422215,-12.383933,-12.228057
2344,-12.421764,-12.383733,-12.227916
2345,-12.421546,-12.383736,-12.227868
2346,-12.421307,-12.383531,-12.227378
2347,-12.420965,-12.383654,-12.227408
2348,-12.420864,-12.383758,-12.227343
2349,-12.420743,-12.383626,-12.227159
2350,-12.420401,-12.383690,-12.227196
2351,-12.420493,-12.383668,-12.227252
2352,-12.420316,-12.383820,-12.227075
2353,-12.420303,-12.383436,-12.227059
2354,-12.420312,-12.383276,-12.226930
2355,-12.420176,-12.383093,-12.226718
2356,-12.420199,-12.383178,-12.226669
2357,-12.420314,-12.383203,-12.226426
2358,-12.420387,-12.382874,-12.226416
2359,-12.420248,-12.382767,-12.226152
2360,-12.420182,-12.382732,-12.226074
2361,-12.419938,-12.382528,-12.225988
2362,-12.419793,-12.382635,-12.225948
2363,-12.419870,-12.382396,-12.225794
2364,-12.419978,-12.382337,-12.225543
2365,-12.419908,-12.381819,-12.225041
2366,-12.420151,-12.381472,-12.224547
2367,-12.420081,-12.381260,-12.224312
2368,-12.419775,-12.381238,-12.224322
2369,-12.419763,-12.381346,-12.224026
2370,-12.419456,-12.381359,-12.223926
2371,-12.419350,-12.381181,-12.223715
2372,-12.419145,-12.381207,-12.223635
2373,-12.419300,-12.380989,-12.223804
2374,-12.419194,-12.381045,-12.223758
2375,-12.419141,-12.381017,-12.223994
2376,-12.419081,-12.381086,-12.223696
2377,-12.418800,-12.380953,-12.223685
2378,-12.418507,-12.381015,-12.223479
2379,-12.418460,-12.380891,-12.223697
2380,-12.418651,-12.380906,-12.223536
2381,-12.418552,-12.380971,-12.223137
2382,-12.418587,-12.380738,-12.223042
2383,-12.418211,-12.380772,-12.223102
2384,-12.418390,-12.380781,-12.223031
2385,-12.418411,-12.380565,-12.223092
2386,-12.418530,-12.380361,-12.223093
2387,-12.418368,-12.380080,-12.223006
2388,-12.418254,-12.379986,-12.222564
2389,-12.418284,-12.379684,-12.222209
2390,-12.418096,-12.379508,-12.222163
2391,-12.417976,-12.379491,-12.222397
2392,-12.417943,-12.379487,-12.221904
2393,-12.417764,-12.379258,-12.221690
2394,-12.417642,-12.379246,-12.221446
2395,-12.417529,-12.379237,-12.221139
2396,-12.417328,-12.379072,-12.220923
2397,-12.417299,-12.378651,-12.220821
2398,-12.417181,-12.378473,-12.220628
2399,-12.417136,-12.378281,-12.220430
2400,-12.416986,-12.378263,-12.219994
2401,-12.416745,-12.377976,-12.219912
2402,-12.416473,-12.377912,-12.219836
2403,-12.416254,-12.377997,-12.219845
2404,-12.416110,-12.377929,-12.219685
2405,-12.416010,-12.377664,-12.219588
2406,-12.415994,-12.377704,-12.219420
2407,-12.415857,-12.377729,-12.219309
2408,-12.415759,-12.377600,-12.219422
2409,-12.415816,-12.377776,-12.219567
2410,-12.415622,-12.377361,-12.219381
2411,-12.415371,-12.377210,-12.219204
2412,-12.415094,-12.377279,-12.219123
2413,-12.415184,-12.377153,-12.219153
2414,-12.415118,-12.376910,-12.218990
2415,-12.415025,-12.376944,-12.218687
2416,-12.414882,-12.376725,-12.218602
2417,-12.414807,-12.376675,-12.218480
2418,-12.414512,-12.376481,-12.218285
2419,-12.414148,-12.376039,-12.218226
2420,-12.413755,-12.375822,-12.218002
2421,-12.413763,-12.376013,-12.217805
2422,-12.413551,-12.375889,-12.217679
2423,-12.413596,-12.376019,-12.217577
2424,-12.413491,-12.375654,-12.217287
2425,-12.413583,-12.375672,-12.217215
2426,-12.413490,-12.375717,-12.217141
2427,-12.413348,-12.375850,-12.217198
2428,-12.413511,-12.375675,-12.216969
2429,-12.413333,-12.375582,-12.216952
2430,-12.413357,-12.375364,-12.216629
2431,-12.413164,-12.375201,-12.216419
2432,-12.412852,-12.375314,-12.216383
2433,-12.413021,-12.375366,-12.216163
2434,-12.412732,-12.375388,-12.215880
2435,-12.412839,-12.375430,-12.215830
2436,-12.412820,-12.375274,-12.215720
2437,-12.412924,-12.375306,-12.215629
2438,-12.413073,-12.374903,-12.215292
2439,-12.413059,-12.374970,-12.215374
2440,-12.413209,-12.374653,-12.215073
2441,-12.413440,-12.374372,-12.214690
2442,-12.413427,-12.374461,-12.214851
2443,-12.413076,-12.374435,-12.214991
2444,-12.413070,-12.374198,-12.214917
2445,-12.412870,-12.374147,-12.214690
2446,-12.412477,-12.374019,-12.214654
2447,-12.412598,-12.373868,-12.214525
2448,-12.412589,-12.373757,-12.214377
2449,-12.412639,-12.373573,-12.214511
2450,-12.412793,-12.373516,-12.214330
2451,-12.412610,-12.373382,-12.214287
2452,-12.412764,-12.373149,-12.214022
2453,-12.412601,-12.373367,-12.213923
2454,-12.412467,-12.373356,-12.214003
2455,-12.412512,-12.373161,-12.213571
2456,-12.412499,-12.372994,-12.213153
2457,-12.412390,-12.372876,-12.213175
2458,-12.412232,-12.372642,-12.213099
2459,-12.412018,-12.372536,-12.212941
2460,-12.411982,-12.372509,-12.213065
2461,-12.412057,-12.372230,-12.213324
2462,-12.411674,-12.371978,-12.213185
2463,-12.411826,-12.372167,-12.213058
2464,-12.411818,-12.372216,-12.212778
2465,-12.411818,-12.372073,-12.212881
2466,-12.411791,-12.371927,-12.212804
2467,-12.411619,-12.372024,-12.212402
2468,-12.411447,-12.371965,-12.212446
2469,-12.411309,-12.371908,-12.212382
2470,-12.411118,-12.371855,-12.212232
2471,-12.411038,-12.371707,-12.212132
2472,-12.410892,-12.371585,-12.212190
2473,-12.410698,-12.371625,-12.211970
2474,-12.410560,-12.371248,-12.211957
2475,-12.410325,-12.371084,-12.211749
2476,-12.410083,-12.371103,-12.211632
2477,-12.410079,-12.370925,-12.211398
2478,-12.409992,-12.370895,-12.211227
2479,-12.409647,-12.370598,-12.211227
2480,-12.409399,-12.370582,-12.211217
2481,-12.409592,-12.370286,-12.211244
2482,-12.409464,-12.370074,-12.211127
2483,-12.409242,-12.370125,-12.211044
2484,-12.408904,-12.370065,-12.210809
2485,-12.408558,-12.370004,-12.210968
2486,-12.408702,-12.369898,-12.210820
2487,-12.408505,-12.369697,-12.210569
2488,-12.408381,-12.369459,-12.210373
2489,-12.408287,-12.369162,-12.210269
2490,-12.408241,-12.368854,-12.210194
2491,-12.407939,-12.368904,-12.210161
2492,-12.407858,-12.368668,-12.209911
2493,-12.407707,-12.368845,-12.209805
2494,-12.407655,-12.368678,-12.209628
2495,-12.407675,-12.368698,-12.209527
2496,-12.407443,-12.368510,-12.209221
2497,-12.407289,-12.368650,-12.209126
2498,-12.407142,-12.368705,-12.208899
2499,-12.406917,-12.368617,-12.208962
2500,-12.406747,-12.368410,-12.208933
2501,-12.406710,-12.368447,-12.208733
2502,-12.406750,-12.368320,-12.208904
2503,-12.406714,-12.368224,-12.208916
2504,-12.406827,-12.368351,-12.208817
2505,-12.406854,-12.368114,-12.208888
2506,-12.406882,-12.368160,-12.208608
2507,-12.406943,-12.367948,-12.208592
2508,-12.406578,-12.367906,-12.208322
2509,-12.406457,-12.367780,-12.208199
2510,-12.406301,-12.367544,-12.208403
2511,-12.406411,-12.367094,-12.208287
2512,-12.406270,-12.366857,-12.208187
2513,-12.406186,-12.366864,-12.208425
2514,-12.406230,-12.366694,-12.208216
2515,-12.406128,-12.366493,-12.208243
2516,-12.405820,-12.366521,-12.208280
2517,-12.405938,-12.366408,-12.208156
2518,-12.405674,-12.366192,-12.208030
2519,-12.405463,-12.366215,-12.208100
2520,-12.405375,-12.366257,-12.208016
2521,-12.405293,-12.366239,-12.207768
2522,-12.404998,-12.366328,-12.207695
2523,-12.405160,-12.366170,-12.207493
2524,-12.405074,-12.366137,-12.207514
2525,-12.404972,-12.366067,-12.207499
2526,-12.404848,-12.366224,-12.207658
2527,-12.404713,-12.366155,-12.207648
2528,-12.404473,-12.365791,-12.207396
2529,-12.404558,-12.365564,-12.207091
2530,-12.404240,-12.365088,-12.207037
2531,-12.404209,-12.365073,-12.207059
2532,-12.404174,-12.365023,-12.207060
2533,-12.404284,-12.365120,-12.206450
2534,-12.404207,-12.364959,-12.206222
2535,-12.404232,-12.365128,-12.206313
2536,-12.404233,-12.365051,-12.206197
2537,-12.404268,-12.365067,-12.206193
2538,-12.404357,-12.364964,-12.206229
2539,-12.404185,-12.364859,-12.206243
2540,-12.403708,-12.364751,-12.205931
2541,-12.403725,-12.364649,-12.205597
2542,-12.403686,-12.364793,-12.205488
2543,-12.403655,-12.364716,-12.205462
2544,-12.403629,-12.364560,-12.205348
2545,-12.403632,-12.364915,-12.205246
2546,-12.403539,-12.364419,-12.205154
2547,-12.403573,-12.364332,-12.204819
2548,-12.403530,-12.364420,-12.204775
2549,-12.403571,-12.364066,-12.204642
2550,-12.403523,-12.363943,-12.204551
2551,-12.403603,-12.363840,-12.204460
2552,-12.403282,-12.363515,-12.204339
2553,-12.403108,-12.363103,-12.204129
2554,-12.402733,-12.363051,-12.203854
2555,-12.402165,-12.362893,-12.203890
2556,-12.402103,-12.362708,-12.203690
2557,-12.401786,-12.362676,-12.203437
2558,-12.401693,-12.362343,-12.203513
2559,-12.401609,-12.361982,-12.203363
2560,-12.401114,-12.361945,-12.203203
2561,-12.401074,-12.361991,-12.203174
2562,-12.401090,-12.361563,-12.203073
2563,-12.400986,-12.361396,-12.202866
2564,-12.400853,-12.361076,-12.202770
2565,-12.400909,-12.360931,-12.202890
2566,-12.401056,-12.361164,-12.202607
2567,-12.400911,-12.361262,-12.202320
2568,-12.400790,-12.361149,-12.202306
2569,-12.400737,-12.360993,-12.202037
2570,-12.400727,-12.360978,-12.201999
2571,-12.400720,-12.360852,-12.202142
2572,-12.400482,-12.360906,-12.202312
2573,-12.400428,-12.361008,-12.202173
2574,-12.400456,-12.361087,-12.202027
2575,-12.400385,-12.361104,-12.201912
2576,-12.400436,-12.360942,-12.201857
2577,-12.400277,-12.361131,-12.201947
2578,-12.400087,-12.360931,-12.201829
2579,-12.400247,-12.361189,-12.201901
2580,-12.400100,-12.360874,-12.201759
2581,-12.399941,-12.360884,-12.201970
2582,-12.399661,-12.360611,-12.201869
2583,-12.399642,-12.360373,-12.201762
2584,-12.399512,-12.360120,-12.201395
2585,-12.399409,-12.359983,-12.201477
2586,-12.399144,-12.359698,-12.201509
2587,-12.398990,-12.359834,-12.201509
2588,-12.398883,-12.359900,-12.201366
2589,-12.398495,-12.359463,-12.201176
2590,-12.398431,-12.359361,-12.201112
2591,-12.398324,-12.359249,-12.201215
2592,-12.397983,-12.359058,-12.201081
2593,-12.398052,-12.358728,-12.200912
2594,-12.397506,-12.358724,-12.200931
2595,-12.397467,-12.358653,-12.200857
2596,-12.397146,-12.358306,-12.200314
2597,-12.397157,-12.358214,-12.200172
2598,-12.396901,-12.358274,-12.200245
2599,-12.396968,-12.358127,-12.200343
2600,-12.397032,-12.357984,-12.200309
2601,-12.397073,-12.357924,-12.200067
2602,-12.396680,-12.357698,-12.200044
2603,-12.396511,-12.357540,-12.199829
2604,-12.396397,-12.357407,-12.199867
2605,-12.396473,-12.357519,-12.199753
2606,-12.396532,-12.357537,-12.199550
2607,-12.396404,-12.357218,-12.199518
2608,-12.396120,-12.357055,-12.199374
2609,-12.395919,-12.357054,-12.199284
2610,-12.395911,-12.356641,-12.199293
2611,-12.395991,-12.356812,-12.199180
2612,-12.395554,-12.356798,-12.198909
2613,-12.395760,-12.356456,-12.198897
2614,-12.395810,-12.356345,-12.198875
2615,-12.395964,-12.355996,-12.198795
2616,-12.395942,-12.356052,-12.198716
2617,-12.395866,-12.355618,-12.198490
2618,-12.395837,-12.355284,-12.198421
2619,-12.395655,-12.355189,-12.198531
2620,-12.395320,-12.355190,-12.197825
2621,-12.395315,-12.354971,-12.197852
2622,-12.395235,-12.354808,-12.197573
2623,-12.395112,-12.354704,-12.197306
2624,-12.395016,-12.354376,-12.197243
2625,-12.395006,-12.354214,-12.197344
2626,-12.394548,-12.354233,-12.197124
2627,-12.394377,-12.354299,-12.196900
2628,-12.394405,-12.354292,-12.196644
2629,-12.394146,-12.354117,-12.196661
2630,-12.394021,-12.354116,-12.196757
2631,-12.393969,-12.353931,-12.196695
2632,-12.393495,-12.353689,-12.196685
2633,-12.393530,-12.353573,-12.196480
2634,-12.393435,-12.353506,-12.196558
2635,-12.393547,-12.353278,-12.196365
2636,-12.393455,-12.353370,-12.196384
2637,-12.393400,-12.353286,-12.196121
2638,-12.393046,-12.352819,-12.196209
2639,-12.393044,-12.352591,-12.196200
2640,-12.392894,-12.352541,-12.196153
2641,-12.392826,-12.352429,-12.196201
2642,-12.392722,-12.352260,-12.196037
2643,-12.392556,-12.352148,-12.196125
2644,-12.392382,-12.351976,-12.195861
2645,-12.392244,-12.351838,-12.195508
2646,-12.392181,-12.351628,-12.195422
2647,-12.392337,-12.351682,-12.195286
2648,-12.392202,-12.351743,-12.195073
2649,-12.392229,-12.351354,-12.194752
2650,-12.392112,-12.351302,-12.194666
2651,-12.391800,-12.351126,-12.194408
2652,-12.391481,-12.351016,-12.194164
2653,-12.391559,-12.350853,-12.194412
2654,-12.391432,-12.350852,-12.194361
2655,-12.391065,-12.350727,-12.194474
2656,-12.391152,-12.350513,-12.194416
2657,-12.391040,-12.350366,-12.194437
2658,-12.391100,-12.350181,-12.194153
2659,-12.390926,-12.349921,-12.194039
2660,-12.390915,-12.349962,-12.193974
2661,-12.391118,-12.349752,-12.193741
2662,-12.390843,-12.349828,-12.193636
2663,-12.390999,-12.349697,-12.193433
2664,-12.390868,-12.349791,-12.193559
2665,-12.390681,-12.349514,-12.193484
2666,-12.390745,-12.349383,-12.193526
2667,-12.390804,-12.349100,-12.193110
2668,-12.390581,-12.348900,-12.193045
2669,-12.390597,-12.348842,-12.193063
2670,-12.390303,-12.348830,-12.192884
2671,-12.390083,-12.348957,-12.192736
2672,-12.390065,-12.348666,-12.192689
2673,-12.389860,-12.348789,-12.192626
2674,-12.389710,-12.348631,-12.192259
2675,-12.389778,-12.348621,-12.192244
2676,-12.389445,-12.348199,-12.192149
2677,-12.389469,-12.348126,-12.192087
2678,-12.389221,-12.347930,-12.192106
2679,-12.389175,-12.347750,-12.192064
2680,-12.389163,-12.347881,-12.191821
2681,-12.388975,-12.347988,-12.191695
2682,-12.389037,-12.347807,-12.191769
2683,-12.389079,-12.347667,-12.191870
2684,-12.389117,-12.347625,-12.191339
2685,-12.389055,-12.347386,-12.191499
2686,-12.388891,-12.347103,-12.191418
2687,-12.388610,-12.347140,-12.191329
2688,-12.388653,-12.347004,-12.191388
2689,-12.388547,-12.346711,-12.191593
2690,-12.388582,-12.346490,-12.191467
2691,-12.388365,-12.346497,-12.191379
2692,-12.388158,-12.346543,-12.191184
2693,-12.388037,-12.346296,-12.191028
2694,-12.388018,-12.346398,-12.191106
2695,-12.387962,-12.346292,-12.191144
2696,-12.387622,-12.345985,-12.190771
2697,-12.387517,-12.345939,-12.190549
2698,-12.387307,-12.345829,-12.190404
2699,-12.387487,-12.345819,-12.190423
2700,-12.387419,-12.345831,-12.190436
2701,-12.387126,-12.345816,-12.190338
2702,-12.386848,-12.345831,-12.190301
2703,-12.386929,-12.345819,-12.190120
2704,-12.386780,-12.346167,-12.190223
2705,-12.386578,-12.345945,-12.190194
2706,-12.386367,-12.345755,-12.189805
2707,-12.386454,-12.345661,-12.189621
2708,-12.386410,-12.345650,-12.189331
2709,-12.386284,-12.345345,-12.189383
2710,-12.386157,-12.345215,-12.189268
2711,-12.386127,-12.345020,-12.189079
2712,-12.386078,-12.345147,-12.188999
2713,-12.386216,-12.344911,-12.188935
2714,-12.386171,-12.344632,-12.188705
2715,-12.386190,-12.344448,-12.188595
2716,-12.386185,-12.344398,-12.188409
2717,-12.386228,-12.344225,-12.188384
2718,-12.385987,-12.344037,-12.188286
2719,-12.385793,-12.343907,-12.188374
2720,-12.385790,-12.343752,-12.188312
2721,-12.385715,-12.343592,-12.188357
2722,-12.385930,-12.343309,-12.188123
2723,-12.385639,-12.343146,-12.188134
2724,-12.385356,-12.342778,-12.187929
2725,-12.385276,-12.342870,-12.188030
2726,-12.385167,-12.342616,-12.187867
2727,-12.384974,-12.342695,-12.187674
2728,-12.384932,-12.342128,-12.187418
2729,-12.384775,-12.341753,-12.187465
2730,-12.384594,-12.341414,-12.187456
2731,-12.384005,-12.341223,-12.187473
2732,-12.383764,-12.340947,-12.187339
2733,-12.383514,-12.340670,-12.187367
2734,-12.383437,-12.340670,-12.187474
2735,-12.383191,-12.340431,-12.187197
2736,-12.382988,-12.340210,-12.187063
2737,-12.382933,-12.340456,-12.187229
2738,-12.382887,-12.340115,-12.187680
2739,-12.382720,-12.340155,-12.187778
2740,-12.382689,-12.339903,-12.187494
2741,-12.382671,-12.340065,-12.187105
2742,-12.382684,-12.339893,-12.187031
2743,-12.382619,-12.339958,-12.186899
2744,-12.382352,-12.339797,-12.186977
2745,-12.382553,-12.339812,-12.186740
2746,-12.382629,-12.339587,-12.186241
2747,-12.382522,-12.339339,-12.186170
2748,-12.382347,-12.339416,-12.186166
2749,-12.382232,-12.339445,-12.186137
2750,-12.381981,-12.339576,-12.186146
2751,-12.382096,-12.339659,-12.185893
2752,-12.381892,-12.339485,-12.185821
2753,-12.381911,-12.339221,-12.185481
2754,-12.381731,-12.338974,-12.185367
2755,-12.381432,-12.338923,-12.185296
2756,-12.381405,-12.338541,-12.185054
2757,-12.381526,-12.338484,-12.184742
2758,-12.381520,-12.338300,-12.184830
2759,-12.381315,-12.338196,-12.185112
2760,-12.381102,-12.337853,-12.185244
2761,-12.380835,-12.337611,-12.185098
2762,-12.380777,-12.337644,-12.184902
2763,-12.380620,-12.337349,-12.184936
2764,-12.380706,-12.337353,-12.184953
2765,-12.380523,-12.337210,-12.184964
2766,-12.380425,-12.337081,-12.184726
2767,-12.380348,-12.336862,-12.184674
2768,-12.380404,-12.336886,-12.184755
2769,-12.380549,-12.336539,-12.184413
2770,-12.380297,-12.336507,-12.184076
2771,-12.380176,-12.336170,-12.184068
2772,-12.379883,-12.335905,-12.183935
2773,-12.379556,-12.335823,-12.183941
2774,-12.379725,-12.335868,-12.183853
2775,-12.379611,-12.335828,-12.183832
2776,-12.379441,-12.335894,-12.184012
2777,-12.379290,-12.335770,-12.183788
2778,-12.379252,-12.335571,-12.183704
2779,-12.379170,-12.335671,-12.183366
2780,-12.379107,-12.335202,-12.183206
2781,-12.379087,-12.335017,-12.183168
2782,-12.378898,-12.334742,-12.183171
2783,-12.378849,-12.334537,-12.183123
2784,-12.378742,-12.334380,-12.183209
2785,-12.378563,-12.333956,-12.183288
2786,-12.378113,-12.333680,-12.183339
2787,-12.378035,-12.333498,-12.183143
2788,-12.377906,-12.333328,-12.183003
2789,-12.377637,-12.333243,-12.183251
2790,-12.377668,-12.333129,-12.183002
2791,-12.377676,-12.332867,-12.182759
2792,-12.377394,-12.332773,-12.182553
2793,-12.377059,-12.332853,-12.182559
2794,-12.376994,-12.332949,-12.182276
2795,-12.376838,-12.332893,-12.182179
2796,-12.376825,-12.332610,-12.181995
2797,-12.376667,-12.332300,-12.182038
2798,-12.376483,-12.332298,-12.181757
2799,-12.376429,-12.331999,-12.181778
2800,-12.376461,-12.332117,-12.182088
2801,-12.376414,-12.332054,-12.182289
2802,-12.376664,-12.332007,-12.182159
2803,-12.376520,-12.332244,-12.182044
2804,-12.376454,-12.332136,-12.181926
2805,-12.376496,-12.331877,-12.181813
2806,-12.376476,-12.331486,-12.181762
2807,-12.376288,-12.331475,-12.181618
2808,-12.375998,-12.331340,-12.181550
2809,-12.375943,-12.331216,-12.181380
2810,-12.375843,-12.331021,-12.181388
2811,-12.375779,-12.330816,-12.181214
2812,-12.375656,-12.330735,-12.181408
2813,-12.375873,-12.330696,-12.181245
2814,-12.375687,-12.330393,-12.180972
2815,-12.375511,-12.330003,-12.180928
2816,-12.375743,-12.329819,-12.180946
2817,-12.375448,-12.329675,-12.180801
2818,-12.375420,-12.329457,-12.181004
2819,-12.375386,-12.329358,-12.180811
2820,-12.375155,-12.328976,-12.180912
2821,-12.374839,-12.329001,-12.180948
2822,-12.374502,-12.328841,-12.181018
2823,-12.374203,-12.328620,-12.180741
2824,-12.373788,-12.328635,-12.180864
2825,-12.373655,-12.328463,-12.180782
2826,-12.373701,-12.328364,-12.180881
2827,-12.373875,-12.328087,-12.180721
2828,-12.373940,-12.327774,-12.180521
2829,-12.373762,-12.327972,-12.180644
2830,-12.373621,-12.327758,-12.180456
2831,-12.373657,-12.327476,-12.180079
2832,-12.373536,-12.327218,-12.180115
2833,-12.373623,-12.327233,-12.179735
2834,-12.373443,-12.327079,-12.179628
2835,-12.373535,-12.327067,-12.179920
2836,-12.373058,-12.326657,-12.179895
2837,-12.372873,-12.326658,-12.179932
2838,-12.372782,-12.326401,-12.179436
2839,-12.372722,-12.326225,-12.179091
2840,-12.372370,-12.326289,-12.179015
2841,-12.372081,-12.326200,-12.178969
2842,-12.371949,-12.326358,-12.179179
2843,-12.371840,-12.326326,-12.178765
2844,-12.371446,-12.326200,-12.178662
2845,-12.371340,-12.326066,-12.178586
2846,-12.371269,-12.326038,-12.178784
2847,-12.371192,-12.325985,-12.178940
2848,-12.370936,-12.325728,-12.178856
2849,-12.370660,-12.325285,-12.178799
2850,-12.370344,-12.325150,-12.178460
2851,-12.370344,-12.325032,-12.178280
2852,-12.370251,-12.324635,-12.178231
2853,-12.370145,-12.324852,-12.177903
2854,-12.370224,-12.324836,-12.177719
2855,-12.369952,-12.324843,-12.177619
2856,-12.370031,-12.324690,-12.177499
2857,-12.369653,-12.324186,-12.177184
2858,-12.369558,-12.324114,-12.177018
2859,-12.369436,-12.324219,-12.177001
2860,-12.369459,-12.323914,-12.176890
2861,-12.369345,-12.323501,-12.176861
2862,-12.369519,-12.323445,-12.176929
2863,-12.369460,-12.323131,-12.176706
2864,-12.369188,-12.322753,-12.176658
2865,-12.369024,-12.322431,-12.176282
2866,-12.368976,-12.322196,-12.175929
2867,-12.368817,-12.322244,-12.176007
2868,-12.368298,-12.321967,-12.176038
2869,-12.368182,-12.321982,-12.175695
2870,-12.367858,-12.321960,-12.175559
2871,-12.367865,-12.321912,-12.175283
2872,-12.367687,-12.321625,-12.175248
2873,-12.367466,-12.321433,-12.175228
2874,-12.367279,-12.321431,-12.175181
2875,-12.367337,-12.321050,-12.175134
2876,-12.367244,-12.320871,-12.175174
2877,-12.367202,-12.320803,-12.175083
2878,-12.367194,-12.320761,-12.174842
2879,-12.367117,-12.320873,-12.174351
2880,-12.367129,-12.320392,-12.174498
2881,-12.366968,-12.320420,-12.174421
2882,-12.366950,-12.320320,-12.174520
2883,-12.366569,-12.320200,-12.174570
2884,-12.366739,-12.320231,-12.174437
2885,-12.366761,-12.320144,-12.174673
2886,-12.366552,-12.320121,-12.174437
2887,-12.366232,-12.319617,-12.174504
2888,-12.366256,-12.319452,-12.174355
2889,-12.366299,-12.319301,-12.174416
2890,-12.366009,-12.319206,-12.174337
2891,-12.366208,-12.318998,-12.174131
2892,-12.365963,-12.318927,-12.174079
2893,-12.365878,-12.318560,-12.174151
2894,-12.365699,-12.318171,-12.174113
2895,-12.365621,-12.317962,-12.173832
2896,-12.365571,-12.317696,-12.174047
2897,-12.365494,-12.317644,-12.173702
2898,-12.365393,-12.317524,-12.173378
2899,-12.365210,-12.317289,-12.172807
2900,-12.365383,-12.317013,-12.172826
2901,-12.365230,-12.316994,-12.172498
2902,-12.364924,-12.316581,-12.172524
2903,-12.364808,-12.316465,-12.172599
2904,-12.364872,-12.316186,-12.172399
2905,-12.364862,-12.316153,-12.172201
2906,-12.364786,-12.316039,-12.172058
2907,-12.364729,-12.315582,-12.171781
2908,-12.364597,-12.315466,-12.171680
2909,-12.364576,-12.315255,-12.171659
2910,-12.364260,-12.315139,-12.171892
2911,-12.363916,-12.315027,-12.172038
2912,-12.363722,-12.314769,-12.171949
2913,-12.363534,-12.314535,-12.171763
2914,-12.363531,-12.314447,-12.171558
2915,-12.363564,-12.314508,-12.171754
2916,-12.363706,-12.314165,-12.171582
2917,-12.363867,-12.314178,-12.171715
2918,-12.363710,-12.314013,-12.171322
2919,-12.363552,-12.313709,-12.171394
2920,-12.363393,-12.313977,-12.171292
2921,-12.363186,-12.313930,-12.171018
2922,-12.363133,-12.314014,-12.170803
2923,-12.363114,-12.313744,-12.170516
2924,-12.363119,-12.313625,-12.170519
2925,-12.362637,-12.313517,-12.170548
2926,-12.362726,-12.313165,-12.170578
2927,-12.362626,-12.312970,-12.170539
2928,-12.362691,-12.313038,-12.170279
2929,-12.362530,-12.312783,-12.170085
2930,-12.362357,-12.312563,-12.170071
2931,-12.362365,-12.312715,-12.170034
2932,-12.362160,-12.312427,-12.170098
2933,-12.361833,-12.312292,-12.170052
2934,-12.361777,-12.312607,-12.170014
2935,-12.361732,-12.312439,-12.169980
2936,-12.361580,-12.312172,-12.169792
2937,-12.361428,-12.311884,-12.169878
2938,-12.361316,-12.311800,-12.169971
2939,-12.361055,-12.311456,-12.169994
2940,-12.360823,-12.311456,-12.169526
2941,-12.360720,-12.311185,-12.169604
2942,-12.360604,-12.310879,-12.169481
2943,-12.360678,-12.310718,-12.169400
2944,-12.360284,-12.310777,-12.169238
2945,-12.360363,-12.310468,-12.169061
2946,-12.359942,-12.310120,-12.168724
2947,-12.359845,-12.309849,-12.169025
2948,-12.359760,-12.309830,-12.168894
2949,-12.359619,-12.309793,-12.168690
2950,-12.359647,-12.309449,-12.168882
2951,-12.359569,-12.309308,-12.168820
2952,-12.359487,-12.309161,-12.168905
2953,-12.359090,-12.308913,-12.169036
2954,-12.359078,-12.308893,-12.168964
2955,-12.358863,-12.308709,-12.168816
2956,-12.358937,-12.308351,-12.168798
2957,-12.358605,-12.308214,-12.168525
2958,-12.358324,-12.308215,-12.168531
2959,-12.358482,-12.307874,-12.168578
2960,-12.358362,-12.307488,-12.168611
2961,-12.358034,-12.307207,-12.168604
2962,-12.357615,-12.307065,-12.168454
2963,-12.357568,-12.306914,-12.168617
2964,-12.357687,-12.307037,-12.168506
2965,-12.357651,-12.306843,-12.168251
2966,-12.357603,-12.306533,-12.168131
2967,-12.357489,-12.306441,-12.167919
2968,-12.357325,-12.306223,-12.167594
2969,-12.357249,-12.306207,-12.167558
2970,-12.356882,-12.306197,-12.167457
2971,-12.356661,-12.306102,-12.167185
2972,-12.356533,-12.305845,-12.166945
2973,-12.356458,-12.305565,-12.167144
2974,-12.356347,-12.305336,-12.167164
2975,-12.355966,-12.305405,-12.167095
2976,-12.356072,-12.305272,-12.167081
2977,-12.355994,-12.305148,-12.166996
2978,-12.356129,-12.305064,-12.166993
2979,-12.356157,-12.305129,-12.166864
2980,-12.356163,-12.305136,-12.166730
2981,-12.356077,-12.305030,-12.166639
2982,-12.356074,-12.304995,-12.166503
2983,-12.355938,-12.304695,-12.166178
2984,-12.355796,-12.304145,-12.166114
2985,-12.355851,-12.303773,-12.166120
2986,-12.355979,-12.303603,-12.165927
2987,-12.355801,-12.303418,-12.166062
2988,-12.355639,-12.303178,-12.165765
2989,-12.355656,-12.303066,-12.165688
2990,-12.355519,-12.302897,-12.165441
2991,-12.355532,-12.302790,-12.165532
2992,-12.355392,-12.302641,-12.165202
2993,-12.355417,-12.302528,-12.165010
2994,-12.355097,-12.302371,-12.165301
2995,-12.354960,-12.302054,-12.165358
2996,-12.354590,-12.301912,-12.165279
2997,-12.354421,-12.301726,-12.165067
2998,-12.354414,-12.301380,-12.165211
2999,-12.354391,-12.301302,-12.165309
3000,-12.354457,-12.301410,-12.165293
