alpha,beta,q[0],q[1],q_hat[0],q_hat[1],"abs(chi[0, 1])",iteration
0.5,1e-16,4.444442964191649e-07,9.999993336100649e-07,3.333331112033549e-39,2.9629619761277656e-39,1.9753046913626122e-39,2
0.5,0.0300000000000001,4.4462212266251983e-07,1.000266105794335e-06,3.0007983173830246e-10,2.667732735975137e-10,1.7779521386368843e-10,3
0.5,0.060000000000000095,4.4515618864592667e-07,1.0010677031587927e-06,1.201281243790555e-09,1.0683748527502273e-09,7.113950384744062e-10,3
0.5,0.0900000000000001,4.4604826109180656e-07,1.0024079758975756e-06,2.7065015349234593e-09,2.4086606098957602e-09,1.601447156973672e-09,3
0.5,0.12000000000000009,4.4730130285582404e-07,1.0042933704023819e-06,4.820608177931441e-09,4.294092507415917e-09,2.8490482120966802e-09,3
0.5,0.15000000000000008,4.489195026084833e-07,1.0067329777300614e-06,7.550497332975469e-09,6.733792539127256e-09,4.4557697650629595e-09,3
0.5,0.18000000000000008,4.509083180446799e-07,1.0097386047039832e-06,1.0905176930803026e-08,9.739619669765094e-09,6.423695051875191e-09,3
0.5,0.21000000000000008,4.5327453332555215e-07,1.0133248690117746e-06,1.4895875574473099e-08,1.3326271279771244e-08,8.755466971180681e-09,3
0.5,0.24000000000000007,4.5602633171431333e-07,1.017509320165383e-06,1.953617894717536e-08,1.751141113782964e-08,1.1454347891714863e-08,3
0.5,0.2700000000000001,4.591746149004367e-07,1.02231506978185e-06,2.4842256195698966e-08,2.2315886284161233e-08,1.4524292045048389e-08,4
0.5,0.30000000000000004,4.6272907240024047e-07,1.0277628384684103e-06,3.083288515405231e-08,2.7763744344014435e-08,1.7970031478124047e-08,4
0.5,0.33000000000000007,4.667034961120097e-07,1.0338816188427334e-06,3.7529902763991234e-08,3.388267381773192e-08,2.1797176787735744e-08,4
0.5,0.3600000000000001,4.711129112848611e-07,1.0407028552950401e-06,4.4958363348745756e-08,4.070415553501202e-08,2.601233415672171e-08,4
0.5,0.3900000000000001,4.75974429684882e-07,1.0482621118209635e-06,5.314688906932288e-08,4.826380717004706e-08,3.0623240570036146e-08,4
0.5,0.42000000000000015,4.813074597983942e-07,1.0565994400374165e-06,6.212804707420014e-08,5.6601757272291206e-08,3.5638919524443695e-08,4
0.5,0.4500000000000002,4.871339511270119e-07,1.0657598097381522e-06,7.193878715732532e-08,6.576308340214665e-08,4.10698600765332e-08,4
0.5,0.4800000000000002,4.934786779495329e-07,1.0757936122151572e-06,8.262094941812414e-08,7.579832493304831e-08,4.692822272439007e-08,4
0.5,0.5100000000000002,5.003695690667754e-07,1.0867572486922494e-06,9.42218534616181e-08,8.676408327617892e-08,5.3228076419204066e-08,4
0.5,0.5400000000000003,5.078380914464309e-07,1.0987138188171438e-06,1.0679498318902648e-07,9.872372497718625e-08,5.998567199383673e-08,4
0.5,0.5700000000000003,5.15925983258987e-07,1.1117470677861402e-06,1.2040220744123908e-07,1.1174956797389668e-07,6.721975852634703e-08,5
0.5,0.6000000000000003,5.246636057922049e-07,1.125915841442971e-06,1.3510990097315666e-07,1.259192653901293e-07,7.495195070189777e-08,5
0.5,0.6300000000000003,5.341005400661782e-07,1.1413181808575358e-06,1.5099639532745215e-07,1.413230029015109e-07,8.32071571582224e-08,5
0.5,0.6600000000000004,5.442881094508679e-07,1.1580543526138331e-06,1.6814949199952875e-07,1.5806126698453222e-07,9.201408227255082e-08,5
0.5,0.6900000000000004,5.552844451815894e-07,1.1762372727212161e-06,1.866688551808572e-07,1.7624728290063665e-07,1.0140581694788834e-07,5
0.5,0.7200000000000004,5.671555246092994e-07,1.1959944099034377e-06,2.066678340313143e-07,1.960089493049741e-07,1.1142053797070566e-07,5
0.5,0.7500000000000004,5.799855611959913e-07,1.21748952235925e-06,2.2827928544235965e-07,2.1749458544849702e-07,1.2210234067671567e-07,6
0.5,0.7800000000000005,5.938461904219825e-07,1.2408568091155478e-06,2.5164576088863336e-07,2.408640148351564e-07,1.3350223641847793e-07,6
0.5,0.8100000000000005,6.088420365094192e-07,1.2662970730936777e-06,2.7693916988558766e-07,2.663075067692203e-07,1.45679355111817e-07,6
0.5,0.8400000000000005,6.250862738638391e-07,1.2940253250272635e-06,3.0435475644641277e-07,2.9404058322555026e-07,1.5870240494296988e-07,6
0.5,0.8700000000000006,6.427094602008219e-07,1.3242887822031826e-06,3.3411805974986337e-07,3.243111936173351e-07,1.726514568943342e-07,6
0.5,0.9000000000000006,6.618789150917796e-07,1.3574035859207948e-06,3.6649896819861506e-07,3.574146141495615e-07,1.8762014292812796e-07,7
0.5,0.9300000000000006,6.827467336141366e-07,1.3936552304952425e-06,4.017908029517789e-07,3.936717666019116e-07,2.037183855898391e-07,7
0.5,0.9600000000000006,7.055305494584938e-07,1.4334529038735591e-06,4.403567320699579e-07,4.3347796958729906e-07,2.210758164079648e-07,7
0.5,0.9900000000000007,7.304742470956532e-07,1.4772536852536343e-06,4.82618778972363e-07,4.772918730523004e-07,2.3984609644107514e-07,7
0.5,1.0200000000000007,7.578917577051027e-07,1.5256530950832964e-06,5.290964933748879e-07,5.256737231442598e-07,2.6021243073910957e-07,8
0.5,1.0500000000000007,7.880914840285065e-07,1.5792152894471738e-06,5.803616188718371e-07,5.792472407609531e-07,2.8239468195868477e-07,8
0.5,1.0800000000000007,8.215315072193212e-07,1.6387990404379546e-06,6.371650669222776e-07,6.388229000137451e-07,3.0665865246942254e-07,9
0.5,1.1100000000000008,8.586819858989748e-07,1.7052829558039701e-06,7.003597099486915e-07,7.053213832174189e-07,3.3332834989696546e-07,9
0.5,1.1400000000000008,9.002061953929655e-07,1.7799112548681574e-06,7.710575556088868e-07,7.799386476884663e-07,3.628024181637108e-07,10
0.5,1.1700000000000008,9.468398410226875e-07,1.8640408478043087e-06,8.505618388531072e-07,8.640860389173058e-07,3.9557648642262244e-07,10
0.5,1.2000000000000008,9.996064914823358e-07,1.9595774378165254e-06,9.405971701519335e-07,9.596222318230437e-07,4.3227408048819286e-07,11
0.5,1.2300000000000009,1.0597169772903655e-06,2.0687914835785452e-06,1.0432915451686616e-06,1.068830543295064e-06,4.7369018870083934e-07,12
0.5,1.260000000000001,1.128784418061014e-06,2.194659166871663e-06,1.1614136311084857e-06,1.194705428075779e-06,5.208539667531802e-07,13
0.5,1.290000000000001,1.208916116205135e-06,2.3411243653554833e-06,1.2986216854626883e-06,1.3411715393179787e-06,5.751211685151969e-07,14
0.5,1.320000000000001,1.302957818125915e-06,2.51345001789808e-06,1.459811770395207e-06,1.513515801535065e-06,6.383141529486083e-07,15
0.5,1.350000000000001,1.4148408853096591e-06,2.718971303297701e-06,1.6517750667533555e-06,1.719031675651238e-06,7.129407175265665e-07,17
0.5,1.380000000000001,1.5500628528003732e-06,2.967894937804542e-06,1.8840197065183261e-06,1.9679597979153565e-06,8.025488974287003e-07,19
0.5,1.410000000000001,1.716702400242133e-06,3.2752369786850884e-06,2.1704995457746114e-06,2.2753173612809263e-06,9.123276653242689e-07,21
0.5,1.440000000000001,1.9270877491134614e-06,3.6639262206934168e-06,2.532505803743293e-06,2.6640061043744525e-06,1.0501783235396963e-06,24
0.5,1.470000000000001,2.2009186562080934e-06,4.170552851863111e-06,3.0040492191970032e-06,3.170643416133384e-06,1.2287514883277363e-06,28
0.5,1.500000000000001,2.571810879708785e-06,4.857589826021456e-06,3.6431923695160975e-06,3.857716319563184e-06,1.4696443127899075e-06,33
0.5,1.5300000000000011,3.102329449245938e-06,5.841345631052177e-06,4.55800199591002e-06,4.841495338493218e-06,1.8130042282098678e-06,41
0.5,1.5600000000000012,3.923362231421951e-06,7.3650627215404525e-06,5.974538879713625e-06,6.365262884258982e-06,2.3428836004265966e-06,53
0.5,1.5800000000000012,4.776145926644221e-06,8.948542312201251e-06,7.4463803427264125e-06,7.948780460849767e-06,2.8921396232939624e-06,65
0.5,1.6000000000000012,6.11840317201063e-06,1.1441726622233034e-05,9.76360671763887e-06,1.0442074746898157e-05,3.7555536107062118e-06,85
0.5,1.6200000000000012,8.54093551884374e-06,1.5942624145425766e-05,1.3946607602418482e-05,1.4943220783769031e-05,5.311768750843167e-06,123
0.5,1.6300000000000012,1.0666918499872076e-05,1.9893074715545353e-05,1.7617970070577507e-05,1.889395717487344e-05,6.675939587930939e-06,147
0.5,1.6400000000000012,1.4222185168834215e-05,2.6499825751551407e-05,2.3757977113790923e-05,2.5501326153397708e-05,8.954202485016482e-06,201
0.5,1.6500000000000012,2.137220203389364e-05,3.978728253233449e-05,3.61069588980936e-05,3.8790546691517014e-05,1.3522229066321687e-05,313
0.5,1.6550000000000011,2.8564728741530712e-05,5.315392369194587e-05,4.852997528011074e-05,5.215967076084751e-05,1.8092949950068673e-05,405
0.5,1.660000000000001,4.30272926641196e-05,8.003109642932894e-05,7.351122977355303e-05,7.904400511016541e-05,2.717892436332171e-05,629
0.5,1.661000000000001,4.7857453160943414e-05,8.900734471603135e-05,8.185474416376606e-05,8.802328835482887e-05,3.0173926055638427e-05,597
0.5,1.6620000000000008,5.389246814164802e-05,0.00010022257626418096,9.227973665009218e-05,9.924276451297235e-05,3.3882797238004486e-05,681
0.5,1.6630000000000007,6.163629941190468e-05,0.00011461325210618549,0.00010565695233801718,0.00011363962595218798,3.85816746948746e-05,787
0.5,1.6640000000000006,7.191028933313252e-05,0.0001337055506827767,0.00012340558815444598,0.0001327414083289023,4.469805359956966e-05,929
0.5,1.6650000000000005,8.613561034589064e-05,0.00016014013112725017,0.00014798149167141375,0.00015919152826075785,5.2914142192210265e-05,1123
0.5,1.6655000000000004,9.54784799412626e-05,0.00017750142474474704,0.00016412315715352092,0.00017656454972925936,5.813202161206137e-05,1149
0.5,1.6660000000000004,0.00010695878209750716,0.00019883420630846147,0.00018395849144156278,0.00019791339293561916,6.433152689046559e-05,1291
0.5,1.6665000000000003,0.00012133809367866489,0.00022555336184019772,0.0002088039383549661,0.00022465523569131508,7.174226093195542e-05,1463
0.5,1.6670000000000003,0.0001397415474481718,0.00025974908791844453,0.00024060462772553288,0.0002588841660311352,8.061222394564865e-05,1675
0.5,1.6675000000000002,0.00016385663633808066,0.00030455607448754535,0.0002822784321306033,0.0003037417295158849,9.113109812940027e-05,1932
0.5,1.6680000000000001,0.00019621967387224113,0.000364685188665799,0.00033821196145017137,0.0003639513906130149,0.00010321922639046127,2241
0.5,1.6681000000000001,0.00020398463498494973,0.0003791116554687552,0.00035163334065476103,0.0003783993322669628,0.00010577449251099625,1861
0.5,1.6686,0.00025124757146859436,0.0004669169995205158,0.00043333414374344256,0.00046635334057987715,0.00011857101900864575,2660
0.5,1.6687,0.00026267952332532116,0.0004881542485896993,0.00045309821437503864,0.000487631208026736,0.00012099426111607265,2215
0.5,1.6688,0.00027487421003914703,0.000510808014893468,0.0004741819632587472,0.0005103302562421352,0.0001233123252890236,2274
0.5,1.6689,0.00028787622876997747,0.0005349609810396759,0.0004966626268933332,0.000534533803654884,0.00012549477485119265,2331
0.5,1.669,0.00030172918513426316,0.0005606941192102721,0.0005206158904671616,0.0005603233671145221,0.00012750973033936187,2386
0.5,1.6691,0.0003164746992317698,0.0005880845723472422,0.0005461139193144172,0.0005877768147240657,0.00012932483135951844,2438
0.5,1.6692,0.00033215144905865185,0.0006172040575170984,0.0005732238739261156,0.0006169665867898111,0.00013090835529934973,2487
0.5,1.6693,0.0003487939854906807,0.0006481166464051599,0.0006020058453390706,0.0006479574911372901,0.00013223056764488785,2531
0.5,1.6694,0.0003664319192640981,0.0006808771827438322,0.0006325113807319469,0.0006808051879899526,0.00013326505010448898,2570
0.5,1.6695,0.0003850888749505507,0.0007155293401766646,0.00066478167390098,0.0007155542408004281,0.00013399008826503922,2604
0.5,1.6696,0.00040478156968525264,0.0007521039841449221,0.0006988460369318643,0.0007522363975221018,0.00013438990952372145,2631
0.5,1.6697,0.00042551945299082125,0.0007906185229669794,0.0007347212900327542,0.0007908699135006368,0.00013445553185898498,2652
0.5,1.6698,0.00044730421513467135,0.0008310758156218282,0.000772410738928638,0.0008314586295103623,0.0001341853660119743,2667
0.5,1.6699,0.0004701296553990891,0.0008734641830488899,0.0008119041772675174,0.0008739917182259419,0.00013358531985959495,2675
0.5,1.67,0.0004939820532347198,0.0009177579192870401,0.0008531783536998754,0.0009184443655108733,0.00013266840504290862,2676
0.5,1.6701,0.000518840661718146,0.0009639182111970651,0.0008961978191764055,0.0009647786796234385,0.00013145396452327073,2671
0.5,1.6702,0.000544678283105148,0.0010118943910900032,0.0009409160844133112,0.0010129447537547951,0.0001299666067329429,2660
0.5,1.6703,0.000571462230839472,0.0010616254733436816,0.0009872770422929254,0.0010628824481167367,0.0001282348893687643,2642
0.5,1.6703999999999999,0.0005991555214165691,0.0011130425692719922,0.0010352172081340056,0.00111452360088011,0.00012628986046654984,2620
0.5,1.6704999999999999,0.0006277175577304138,0.0011660700503204578,0.0010846667972800907,0.0011677932946701,0.00012416381701374268,2593
0.5,1.6705999999999999,0.0006571054208835839,0.0012206280574299452,0.0011355520558065213,0.0012226122560824192,0.00012188899837080116,2562
0.5,1.6706999999999999,0.0006872747862778272,0.0012766340230082275,0.0011877966742213698,0.0012788985577767966,0.00011949658679921173,2528
0.5,1.6707999999999998,0.000718180643906249,0.001334004190535676,0.0012413231999815798,0.0013365689574041779,0.00011701593815939361,2490
0.5,1.6708999999999998,0.0007497783673126776,0.001392655491718787,0.0012960547837711932,0.0013955408864606304,0.00011447394470624636,2451
0.5,1.6709999999999998,0.000782023912669267,0.001452506025155843,0.001351915625395725,0.001455732821290364,0.0001118947886779119,2410
0.5,1.6710999999999998,0.0008148746066903522,0.0015134763206512524,0.0014088321513242325,0.001517065750601318,0.00010929971987506162,2367
0.5,1.6711999999999998,0.0008482894926825872,0.0015754902524028687,0.0014667338661879844,0.0015794638213106722,0.00010670704503688899,2324
0.5,1.6712999999999998,0.0008822294225763083,0.0016384749388737671,0.0015255532614107615,0.0016428545118290774,0.00010413228135116795,2280
0.5,1.6713999999999998,0.0009166574167175313,0.0017023616086577465,0.001585226623298808,0.0017071693041417534,0.00010158829123385523,2236
0.5,1.6714999999999998,0.000951538537208184,0.001767085274681538,0.0016456937319091207,0.0017723434503020168,9.908556012895176e-05,2190
0.5,1.6715999999999998,0.0009868404491949346,0.001832585793030144,0.0017068988493597833,0.0018383170202878663,9.663235788362552e-05,2148
0.5,1.6716999999999997,0.0010225324281169,0.0018988060201281395,0.0017687890058890174,0.0019050330553471912,9.423517127217908e-05,2104
0.5,1.6717999999999997,0.0010585862791113265,0.0019656935178703106,0.0018313155900883137,0.001972439282895426,9.18987900324828e-05,2060
0.5,1.6718999999999997,0.0010949758671423067,0.002033199680886842,0.0018944335383503559,0.0020404872437259623,8.96266183973585e-05,2018
0.5,1.6719999999999997,0.0011316769201656371,0.002101279370533028,0.001958100995930734,0.002109131927456221,8.7420908309917e-05,1978
0.5,1.6724999999999997,0.0013191266655894378,0.0024489278840978766,0.0022834262765306862,0.0024599568732411423,7.740934812428651e-05,2158
0.5,1.6725999999999996,0.001357281923379141,0.002519677791120962,0.002349675768872403,0.0025314129117070074,7.560629566660228e-05,1750
0.5,1.6730999999999996,0.0015506237012054725,0.0028781132765402615,0.0026855325868256723,0.00289373633305866,6.750236928294803e-05,1912
0.5,1.6735999999999995,0.0017473223782627906,0.003242650245794278,0.0030274863072660904,0.0032627598868742317,6.073445145544836e-05,1742
0.5,1.6740999999999995,0.001946458371221226,0.00361157916056728,0.003373950265525526,0.003636776848266398,5.505807861663629e-05,1596
0.5,1.6745999999999994,0.0021474028083716423,0.003983731051940738,0.003723839290129531,0.004014619885372611,5.026200744828505e-05,1472
0.5,1.6750999999999994,0.002349715924797805,0.004358288567541352,0.004076394477520402,0.004395472613228535,4.617516080506859e-05,1366
0.5,1.6755999999999993,0.00255308330716874,0.004734667416776513,0.004431073219060528,0.0047787513134884595,4.2662384368588965e-05,1272
0.5,1.6760999999999993,0.002757275737707691,0.005112441700824078,0.004787479926865511,0.005164030426002152,3.961767467011373e-05,1190
0.5,1.6765999999999992,0.002962122683117516,0.005491294622140804,0.005145320290377562,0.0055509933422914345,3.695781472673883e-05,1120
0.5,1.6770999999999991,0.0031674947088431477,0.005870985791440787,0.005504370929067056,0.005939399757617617,3.461714108560655e-05,1056
0.5,1.677599999999999,0.0033732925210003674,0.00625133084792158,0.005864460486960631,0.006329065340364667,3.2543450902795885e-05,1000
0.5,1.678099999999999,0.0035794383052178656,0.006632185363855979,0.006225454680591133,0.0067198456401857745,3.0694916616290466e-05,948
0.5,1.679099999999999,0.003992540533272686,0.007394990050862387,0.006949754486527369,0.0075043174616626854,2.7544349658519646e-05,920
0.5,1.6800999999999988,0.004406439786262527,0.008158729425356566,0.00767664644826685,0.008292144173719946,2.4962377559933604e-05,842
0.5,1.6810999999999987,0.004820894940025993,0.008922957017607765,0.008405714644137061,0.00908287849314037,2.2810181885100934e-05,776
0.5,1.6820999999999986,0.005235739331968284,0.009687364762630107,0.009136671691030296,0.009876211437922722,2.0990083843223614e-05,722
0.5,1.6830999999999985,0.005650853767609605,0.010451732829002029,0.009869312142291548,0.010671922180832967,1.9431569646532646e-05,674
0.5,1.6840999999999984,0.006066151130949791,0.011215901002039367,0.01060348592655193,0.011469849481315422,1.808256512723136e-05,632
0.5,1.6850999999999983,0.006481566010463239,0.011979749406169785,0.011339080434359902,0.012269872405745758,1.6903838116733977e-05,594
0.5,1.6860999999999982,0.00689704853049126,0.012743187032906202,0.01207600987236344,0.013071898878876838,1.5865300969647314e-05,562
0.5,1.687099999999998,0.007312559668879541,0.013506143044946439,0.012814207174402625,0.013875856972692844,1.4943513659575829e-05,534
0.5,1.688099999999998,0.007728068519369153,0.014268561684065623,0.01355361927741078,0.014681689826977434,1.4119954831301233e-05,508
0.5,1.6890999999999978,0.008143550337399066,0.015030398636372134,0.014294203749104464,0.015489352023196547,1.3379802876320374e-05,484
0.5,1.6940999999999977,0.010219958477802011,0.018829809612866025,0.018013693088673732,0.01955401559369176,1.0577588973278547e-05,450
0.5,1.6990999999999976,0.012293737383332422,0.022611295736133935,0.021759157475874622,0.02366086143957659,8.720012018651283e-06,378
0.5,1.7040999999999975,0.014364136241871439,0.026373664190395132,0.025529327243450285,0.027808554172900166,7.399205610029163e-06,328
0.5,1.7090999999999974,0.016430736207175816,0.03011633539725135,0.02932350088299378,0.03199637016416887,6.412298036691488e-06,290
0.5,1.7140999999999973,0.018493267990236217,0.0338390040995258,0.03314123041218851,0.036223858937229035,5.647119779461733e-06,260
0.5,1.7190999999999972,0.020551539159294568,0.03754150436560539,0.036982196142103074,0.04049070835357759,5.036647653963747e-06,236
0.5,1.7290999999999972,0.024654732976857874,0.04488569633475482,0.04473288761977162,0.049141596972187646,4.124076373525676e-06,210
0.5,1.7390999999999972,0.028739408726642646,0.05214868951701366,0.05257402830886042,0.057947630207714804,3.4749338221008817e-06,184
0.5,1.7490999999999972,0.03280488620634033,0.059330637569772415,0.060504411368966365,0.0669077701248832,2.989884677193909e-06,162
0.5,1.7590999999999972,0.03685061873090885,0.0664318953329454,0.06852301218291715,0.07602117577981635,2.613947912534852e-06,146
0.5,1.7690999999999972,0.04087615067005484,0.07345294241284296,0.07662892056918368,0.08528712941857443,2.3142307338412352e-06,134
0.5,1.7790999999999972,0.044881095775334494,0.08039434510245254,0.08482130822010703,0.0947050007849285,2.0698499152249317e-06,122
0.5,1.7890999999999972,0.04886512450207609,0.08725673476557057,0.09309941111363475,0.10427422771113778,1.866909565276016e-06,114
0.5,1.7990999999999973,0.05282795458535108,0.09404079221982979,0.10146251693283234,0.1139943020495491,1.6958045035942112e-06,106
0.5,1.8090999999999973,0.056769345196499676,0.1007472384772498,0.1099099583592071,0.12386476216984761,1.549682856194606e-06,100
0.5,1.8190999999999973,0.060689091583174384,0.10737682637638252,0.11844110672704956,0.13388518576949593,1.423525510647492e-06,94
0.5,1.8390999999999973,0.06846299069543571,0.1204085643505574,0.13575217994368466,0.15437440488553708,1.2169480070988711e-06,88
0.5,1.8590999999999973,0.0761486013162424,0.13314246759096543,0.1533913425805356,0.1754592115178878,1.0552289085316041e-06,80
0.5,1.8790999999999973,0.08374525092867087,0.14558521858280424,0.1713546180344682,0.1971372591912027,9.254827747186384e-07,74
0.5,1.8990999999999973,0.09125257833310091,0.15774363104892217,0.18963838421358706,0.21940653191945503,8.193152645174474e-07,68
0.5,1.9190999999999974,0.09867048099142219,0.16962458270443417,0.20823932550656993,0.24226529057837395,7.310235952348147e-07,64
0.5,1.9390999999999974,0.10599907199496857,0.18123496298109332,0.22715439366174367,0.2657120296400697,6.565981444716783e-07,60
0.5,1.9590999999999974,0.11323864509868357,0.1925816331046167,0.24638077657474108,0.28974544319633067,5.931378000193555e-07,56
0.5,1.9790999999999974,0.12038964551269873,0.20367139473127727,0.2659158720091683,0.314364396724659,5.384919358384695e-07,54
0.5,1.9990999999999974,0.12745264524783323,0.21451096520343227,0.2857572650309587,0.33956790313672136,4.910327372040654e-07,51
1.0,1e-16,4.444442964191649e-07,9.999993336100649e-07,4.999996668050324e-39,2.2222214820958244e-39,2.222217777782939e-39,2
1.0,0.0300000000000001,4.447110324519907e-07,1.0001994527555372e-06,4.500897537399947e-10,2.0011996460339714e-10,2.0002961755533206e-10,3
1.0,0.060000000000000095,4.4551208153019064e-07,1.0008012512800314e-06,1.8014422523040622e-09,8.019217467543456e-10,8.004795461195452e-10,3
1.0,0.0900000000000001,4.468499749035668e-07,1.0018090614306125e-06,4.057326698793989e-09,1.8097423983594493e-09,1.8024395197269183e-09,3
1.0,0.12000000000000009,4.4872896204117243e-07,1.0032301365973586e-06,7.223256983500993e-09,3.2308485266964463e-09,3.207747556260137e-09,3
1.0,0.15000000000000008,4.5115506049367817e-07,1.0050747046805434e-06,1.1307090427656124e-08,5.075494430553885e-09,5.01902302636627e-09,3
1.0,0.18000000000000008,4.541361286205984e-07,1.007356046041211e-06,1.6319167945867632e-08,7.3570052836536994e-09,7.2397137179691625e-09,3
1.0,0.21000000000000008,4.5768196250074584e-07,1.010090597755713e-06,2.2272497680513488e-08,1.0091887273141455e-08,9.874157696962256e-09,3
1.0,0.24000000000000007,4.618044188251647e-07,1.0132980865381818e-06,2.9182984892299654e-08,1.329996726216475e-08,1.2927661041615703e-08,3
1.0,0.2700000000000001,4.665196502020348e-07,1.017003830250177e-06,3.706978961261897e-08,1.7004641249864175e-08,1.6406592844416725e-08,4
1.0,0.30000000000000004,4.718414504746293e-07,1.0212319517429578e-06,4.595543782843312e-08,2.1232865271358323e-08,2.031849924317618e-08,4
1.0,0.33000000000000007,4.777902555596968e-07,1.0260145885272623e-06,5.586649434530946e-08,2.6015679415225506e-08,2.4672238677447916e-08,4
1.0,0.3600000000000001,4.843882907633952e-07,1.0313869715650022e-06,6.683387575741217e-08,3.1388361241468025e-08,2.947814108703302e-08,4
1.0,0.3900000000000001,4.916610219449323e-07,1.0373889420161202e-06,7.889342904032599e-08,3.739082071891213e-08,3.4748194397270354e-08,4
1.0,0.42000000000000015,4.996375215671484e-07,1.0440653725634671e-06,9.208656586009787e-08,4.406802940222252e-08,4.049626240258457e-08,4
1.0,0.4500000000000002,5.083508968946924e-07,1.0514666653416259e-06,1.064609998658397e-07,5.147052831058764e-08,4.6738339101478687e-08,4
1.0,0.4800000000000002,5.178387909012632e-07,1.0596493402010569e-06,1.2207160399116185e-07,5.965502871182557e-08,5.349284570173661e-08,4
1.0,0.5100000000000002,5.281439688235644e-07,1.0686767300566192e-06,1.3898140874386345e-07,6.868512314550461e-08,6.078097796679617e-08,4
1.0,0.5400000000000003,5.393150062593336e-07,1.078619803820963e-06,1.572627673970966e-07,7.863212791261092e-08,6.862711339550244e-08,4
1.0,0.5700000000000003,5.514159840185987e-07,1.089575042142542e-06,1.7700146559605614e-07,8.957752660382145e-08,7.705929002527272e-08,5
1.0,0.6000000000000003,5.644962529447602e-07,1.1016058492474648e-06,1.9828905286454388e-07,1.0160932553005695e-07,8.610977157937134e-08,5
1.0,0.6300000000000003,5.78633644849791e-07,1.114824842298286e-06,2.212369899540951e-07,1.1482984682044114e-07,9.581571739563769e-08,5
1.0,0.6600000000000004,5.93910343299807e-07,1.1293463417558956e-06,2.4597163323443433e-07,1.293536727706981e-07,1.0621998043023424e-07,5
1.0,0.6900000000000004,6.104203961929876e-07,1.1452997442743711e-06,2.726386041245143e-07,1.4531057531374084e-07,1.1737206285979162e-07,5
1.0,0.7200000000000004,6.282717043754126e-07,1.1628319886427077e-06,3.014060514561902e-07,1.6284802577410713e-07,1.2932926702342358e-07,5
1.0,0.7500000000000004,6.476068454895652e-07,1.1821327824993151e-06,3.3247484507793276e-07,1.8213942529394044e-07,1.4215809026259973e-07,6
1.0,0.7800000000000005,6.685411320486271e-07,1.2033603656927225e-06,3.6606222324372664e-07,2.033702123691926e-07,1.559359266904311e-07,6
1.0,0.8100000000000005,6.912540291523887e-07,1.2267511493802445e-06,4.024357145541897e-07,2.267658842634414e-07,1.7075315822095475e-07,6
1.0,0.8400000000000005,7.159402548472205e-07,1.2525615998101548e-06,4.419037324130232e-07,2.525837219100997e-07,1.8671574375735176e-07,6
1.0,0.8700000000000006,7.428475352707874e-07,1.2811211886059842e-06,4.848403138279353e-07,2.811306497232298e-07,2.0394845152815743e-07,7
1.0,0.9000000000000006,7.722151968061524e-07,1.3127325652323875e-06,5.316566889191176e-07,3.127471547064921e-07,2.2259893018242237e-07,7
1.0,0.9300000000000006,8.043748329769222e-07,1.3478291187789616e-06,5.828687024159627e-07,3.4785189652087045e-07,2.4284288500812496e-07,7
1.0,0.9600000000000006,8.397318101153448e-07,1.3869342891617414e-06,6.390993204457312e-07,3.869484181011514e-07,2.6489072742378533e-07,8
1.0,0.9900000000000007,8.787068520472217e-07,1.4305879249195887e-06,7.010596126068454e-07,4.3061029284574156e-07,2.889962127010743e-07,8
1.0,1.0200000000000007,9.218704769822113e-07,1.4795212238293378e-06,7.696469406360225e-07,4.795570221261469e-07,3.1546779709087325e-07,8
1.0,1.0500000000000007,9.699392796628339e-07,1.5346541890301902e-06,8.459781217028935e-07,5.34679027914138e-07,3.4468377063719054e-07,9
1.0,1.0800000000000007,1.0236973312129428e-06,1.5969785257139658e-06,9.313578761963861e-07,5.970202835633891e-07,3.7711271776335263e-07,9
1.0,1.1100000000000008,1.0842633305151895e-06,1.6679268555087854e-06,1.0275263393361887e-06,6.679604247638834e-07,4.13341631217445e-07,10
1.0,1.1400000000000008,1.1529409045459917e-06,1.7491498158943026e-06,1.1365975503681195e-06,7.491809997739865e-07,4.541152453284421e-07,11
1.0,1.1700000000000008,1.2314148575448793e-06,1.842785426083756e-06,1.2612944848830287e-06,8.428418992465939e-07,5.003921838106563e-07,11
1.0,1.2000000000000008,1.3220061200852418e-06,1.951789405824155e-06,1.4052883721933936e-06,9.518444064613753e-07,5.534269544496397e-07,12
1.0,1.2300000000000009,1.427678269739916e-06,2.0799009145916046e-06,1.5733410468428216e-06,1.079967227144761e-06,6.148928292401161e-07,13
1.0,1.260000000000001,1.5525614198626665e-06,2.232370891851991e-06,1.772056013952113e-06,1.2324232550869865e-06,6.870715477715715e-07,15
1.0,1.290000000000001,1.7023246555026327e-06,2.4163692770953633e-06,2.0105400570071998e-06,1.4164192296109675e-06,7.731564720403913e-07,17
1.0,1.320000000000001,1.8852257386553504e-06,2.6423523768446794e-06,2.302017390707088e-06,1.6424086635165437e-06,8.777571066243719e-07,19
1.0,1.350000000000001,2.1136235351931175e-06,2.9259653170698157e-06,2.6662858951798733e-06,1.9260394464447313e-06,1.0077804589815703e-06,21
1.0,1.380000000000001,2.40694981451494e-06,3.29181838229605e-06,3.1344694636223033e-06,2.291897613381129e-06,1.174064297973578e-06,24
1.0,1.410000000000001,2.7975315506389383e-06,3.7807969138997646e-06,3.758301172262066e-06,2.7808862379126406e-06,1.3946346737023579e-06,29
1.0,1.440000000000001,3.3431990869414135e-06,4.4661183665508656e-06,4.6304715224399445e-06,3.4662288133408623e-06,1.701846475593872e-06,35
1.0,1.470000000000001,4.159442770215277e-06,5.493939617662897e-06,5.935927059903887e-06,4.4940699410791036e-06,2.1601451236583786e-06,45
1.0,1.500000000000001,5.513805290754797e-06,7.202848662084133e-06,8.103204744844663e-06,6.203030952099156e-06,2.918950937325458e-06,61
1.0,1.5200000000000011,7.052647083875056e-06,9.14696926979416e-06,1.056657890046623e-05,8.147217911292477e-06,3.779831484516294e-06,77
1.0,1.5400000000000011,9.798448693076942e-06,1.2618587815121499e-05,1.4963121431171095e-05,1.1619000460250656e-05,5.314213120208458e-06,109
1.0,1.5500000000000012,1.2176009173592065e-05,1.562585548931679e-05,1.877055890654182e-05,1.4626431019777488e-05,6.641437100674684e-06,131
1.0,1.5600000000000012,1.6086423630743198e-05,2.057302081569845e-05,2.5033251728541914e-05,1.9573960273888354e-05,8.822076321438476e-06,177
1.0,1.5700000000000012,2.3713934042049365e-05,3.0224318793238902e-05,3.724996169672734e-05,2.9226238010123784e-05,1.3065558935345745e-05,271
1.0,1.575000000000001,3.108646362594993e-05,3.955370580393484e-05,4.9058955729943e-05,3.8556929416061075e-05,1.7151237813564525e-05,341
1.0,1.580000000000001,4.5085448867355e-05,5.7269000281114735e-05,7.14831661508875e-05,5.627565727623258e-05,2.484968704446149e-05,509
1.0,1.5810000000000008,4.9536759477162036e-05,6.290206519628881e-05,7.861377449205052e-05,6.191007602774737e-05,2.7277270478948206e-05,473
1.0,1.5860000000000007,9.703640500080015e-05,0.00012301212712495242,0.00015471210626079855,0.00012204249249669645,5.228325857535825e-05,1135
1.0,1.5865000000000007,0.00010711542409917548,0.00013576684167150948,0.000170861365312875,0.00013480381057942356,5.7319746927661416e-05,1003
1.0,1.5870000000000006,0.00011941899138431828,0.00015133657404176978,0.0001905758019739032,0.00015038248485590568,6.331221832156357e-05,1125
1.0,1.5875000000000006,0.00013472235272272499,0.0001707023011890345,0.000215098235615464,0.00016976068961444004,7.050815864173019e-05,1271
1.0,1.5880000000000005,0.00015417348280220258,0.00019531661469327592,0.00024626925060154036,0.00019439302760777892,7.920939773696625e-05,1453
1.0,1.5885000000000005,0.00017951097728497573,0.0002273793905143246,0.00028687687453506983,0.00022648291910609848,8.974191875751997e-05,1679
1.0,1.5890000000000004,0.00021341364226274616,0.0002702800467662289,0.0003412178829805169,0.0002694262935178478,0.00010233297224661389,1959
1.0,1.5895000000000004,0.000260003262682614,0.0003292334829093686,0.00041590588460686,0.0003284504541005336,0.00011676065778197814,2293
1.0,1.5896000000000003,0.00027134111202800393,0.0003435798943667145,0.0004340836761478199,0.00034281618141903764,0.00011977421473386086,1909
1.0,1.5901000000000003,0.00034135293233614444,0.0004321676261925707,0.0005463502047021219,0.0004315414509425097,0.00013435319415015015,2739
1.0,1.5902000000000003,0.0003584829674044509,0.00045384213761835696,0.0005738234849330898,0.00045325439970089027,0.00013694657831416886,2281
1.0,1.5903000000000003,0.0003768125242103863,0.00047703415258352165,0.0006032225873305199,0.0004764896277587508,0.00013934175009534027,2339
1.0,1.5904000000000003,0.00039640568320131286,0.0005018247000942203,0.0006346507128093354,0.0005013287495775903,0.00014149593571264455,2395
1.0,1.5905000000000002,0.00041732179668924486,0.0005282888194816177,0.0006682035379133294,0.0005278474400986327,0.0001433670246932756,2447
1.0,1.5906000000000002,0.00043961390523085853,0.000556493556736365,0.0007039666754145692,0.0005561134277031601,0.00014491544651938455,2493
1.0,1.5907000000000002,0.00046332724563115374,0.0005864960770033626,0.0007420132799613443,0.0005861846015796227,0.0001461061636094552,2535
1.0,1.5908000000000002,0.000488496913514927,0.0006183407069023663,0.0007824002978081423,0.000618106047921547,0.00014691089473228724,2569
1.0,1.5909000000000002,0.000515147338539947,0.0006520582717855843,0.0008251676179210933,0.000651909377757543,0.00014730967090123703,2597
1.0,1.5910000000000002,0.0005432907381094257,0.0006876641397413715,0.0008703355856543396,0.0006876107614261828,0.00014729231510205947,2619
1.0,1.5911000000000002,0.0005729264650864797,0.000725157397346146,0.0009179039471235798,0.0007252100932005124,0.00014685918405425344,2631
1.0,1.5912000000000002,0.0006040418633118667,0.0007645219340175466,0.0009678532090007779,0.0007646920641047059,0.0001460209155398818,2637
1.0,1.5913000000000002,0.0006366119566820107,0.0008057260494820789,0.0010201441294306133,0.0008060257586954609,0.00014479793097266702,2637
1.0,1.5914000000000001,0.0006706004520109771,0.0008487237241553699,0.001074719314277815,0.0008491659151590951,0.0001432190779593379,2627
1.0,1.5915000000000001,0.00070596210641407,0.0008934576165169689,0.0011315070017134863,0.0008940559144438727,0.00014131956495549408,2613
1.0,1.5916000000000001,0.0007426429651100943,0.0009398593644032622,0.001190421434816972,0.0009406280743336503,0.00013913929383264914,2591
1.0,1.5917000000000001,0.000780583404017577,0.0009878534365392376,0.0012513677317446048,0.0009888074967324967,0.000136720459476883,2565
1.0,1.5918,0.0008197189366280747,0.0010373581537261396,0.0013142431737737002,0.0010385130853860249,0.000134105884301859,2533
1.0,1.5919,0.0008599826181952749,0.0010882887318030689,0.0013789410560556073,0.0010896605882879313,0.00013133721019396069,2497
1.0,1.592,0.0009013063026780814,0.0011405588722432978,0.001445352700790619,0.0011421641885553506,0.00012845369237364485,2459
1.0,1.5921,0.0009436218261266793,0.0011940822595689323,0.0015133693538241918,0.0011959380032789927,0.00012549132341946824,2419
1.0,1.5922,0.00098686209899311,0.0012487739434369185,0.0015828839364885224,0.0012508974680607982,0.00012248227277574916,2375
1.0,1.5923,0.0010309625229411284,0.0013045521314381996,0.0016537933194295134,0.0013069611339660023,0.00011945452648925791,2331
1.0,1.5924,0.0010758607848136582,0.001361337927754258,0.001725997993763312,0.0013640504082776139,0.00011643204410248132,2285
1.0,1.5925,0.0011214979969517568,0.0014190567760139175,0.0017994039029574729,0.001422091002265992,0.00011343479117559827,2239
1.0,1.5926,0.0011678184087207657,0.001477638093673183,0.0018739219826035887,0.0014810125680713572,0.00011047912684305548,2191
1.0,1.5927,0.0012147702434229205,0.0015370163308953348,0.001949469506601308,0.0015407497626912946,0.00010757804443388126,2145
1.0,1.5928,0.0012623048833596876,0.001597129938659901,0.0020259687821993213,0.001601241217386673,0.00010474169571427717,2099
1.0,1.5929,0.0013103775174857293,0.0016579221881759085,0.0021033481927362377,0.001662430361848424,0.00010197767172899094,2055
1.0,1.593,0.0013589464654485757,0.0017193403149966169,0.002181541115505425,0.0017242645695495565,9.929145963798651e-05,2011
1.0,1.5931,0.0014079734442715792,0.0017813358563028082,0.0022604863529140707,0.001786695498650704,9.668672899885683e-05,1967
1.0,1.5936,0.001658844377720096,0.002098538741098012,0.002664683529970029,0.0021063682101867243,8.492406665860792e-05,2137
1.0,1.5937,0.001709974321871257,0.002163182007549048,0.0027471110233736264,0.002171564525271164,8.281935680417345e-05,1727
1.0,1.5941999999999998,0.001969242900151736,0.002490943546036055,0.00316533368048938,0.002502389460746394,7.342383601708693e-05,1881
1.0,1.5946999999999998,0.002233169867522818,0.0028245425012337197,0.003591501951868128,0.0028395515148234023,6.566641676242067e-05,1703
1.0,1.5951999999999997,0.0025004073405931436,0.0031622728495029886,0.0040234594212628675,0.0031813470722760312,5.9227632795598684e-05,1555
1.0,1.5956999999999997,0.0027700525851154004,0.003502992050434101,0.004459761624410167,0.003526634956298267,5.383700680629714e-05,1427
1.0,1.5961999999999996,0.0030414867503908982,0.003845916901165566,0.004899418226252862,0.003874632760592309,4.927981080407725e-05,1319
1.0,1.5966999999999996,0.0033142743799396105,0.004190496332688356,0.00534173230245703,0.004224789883820617,4.5389460283188085e-05,1227
1.0,1.5971999999999995,0.003588101850065481,0.004536333484856226,0.005786201869031071,0.004576709737154772,4.2037373666752784e-05,1145
1.0,1.5976999999999995,0.003862739020220204,0.004883137164056027,0.006232458541125783,0.004930101283232156,3.912397886996182e-05,1075
1.0,1.5981999999999994,0.004138012866505358,0.0052306884697342826,0.006680225332182363,0.005284745695652162,3.657164711321331e-05,1011
1.0,1.5986999999999993,0.004413791864794396,0.005578821027349634,0.007129291681374407,0.005640476629512176,3.4319304738280266e-05,955
1.0,1.5996999999999992,0.00496647869490732,0.006276340929975553,0.008030704029157655,0.0063547090431993495,3.053023750995683e-05,921
1.0,1.6006999999999991,0.005520213232705724,0.0069749555732932875,0.008935756792921601,0.007072056929136191,2.7471629811562046e-05,837
1.0,1.601699999999999,0.006074617285511308,0.007674187022695126,0.009843844266951727,0.007792041862293033,2.495405261886266e-05,769
1.0,1.602699999999999,0.006629435821249682,0.008373713219953735,0.010754557884835652,0.008514341178240948,2.2847441598620328e-05,711
1.0,1.6036999999999988,0.007184491126440719,0.009073309962301095,0.011667612853528898,0.009238730007154397,2.105984304093503e-05,661
1.0,1.6046999999999987,0.007739655485784418,0.00977281632410246,0.01258280441436468,0.009965046715551979,1.9524563589438388e-05,617
1.0,1.6056999999999986,0.008294835009378013,0.010472114187770457,0.013499981961233608,0.010693172456884092,1.8192132607272715e-05,581
1.0,1.6066999999999985,0.0088499584488424,0.011171114088997208,0.014419031112606177,0.011423017006407226,1.7025126824823444e-05,547
1.0,1.6076999999999984,0.00940497151044241,0.011869748019238055,0.015339864638901723,0.012154511592755338,1.5994734789281757e-05,517
1.0,1.6086999999999982,0.009959831657287694,0.012567962847232371,0.01626241412184483,0.012887602307826734,1.50784313038584e-05,491
1.0,1.6136999999999981,0.012730856047895816,0.016051531308177745,0.020899315996698337,0.016575750833062296,1.1690797970877269e-05,451
1.0,1.618699999999998,0.015494921679994042,0.01952075763788006,0.02557404395188098,0.020299817016638882,9.514058865643458e-06,375
1.0,1.623699999999998,0.018250935784533916,0.022974344205259636,0.03028479994469403,0.024058398973213286,7.998602413153202e-06,323
1.0,1.6286999999999978,0.020998339987123436,0.026411668330767697,0.0350306367866751,0.027850767017058627,6.883356752723589e-06,283
1.0,1.6336999999999977,0.02373680384648778,0.029832394468511988,0.03981096780547437,0.0316764762122871,6.028575627059814e-06,253
1.0,1.6386999999999976,0.026466108861195756,0.03323632744206174,0.04462538137867471,0.03553521981630587,5.352746315699676e-06,229
1.0,1.6486999999999976,0.03189665413625488,0.0399933885755089,0.05435524817433021,0.04335092907252731,4.352523296557541e-06,203
1.0,1.6586999999999976,0.03728910318183314,0.046682373409845844,0.0642182729688725,0.05129648798855535,3.648317591930565e-06,177
1.0,1.6686999999999976,0.04264288445309137,0.053303165811124084,0.07421292343352093,0.05937082855670279,3.1260777227241216e-06,155
1.0,1.6786999999999976,0.04795759522080125,0.059855845252326394,0.08433789423224093,0.06757305951180026,2.7236576546984123e-06,141
1.0,1.6886999999999976,0.053232944028085635,0.06634061472441778,0.09459202058447444,0.07590239792311548,2.404309522146356e-06,127
1.0,1.6986999999999977,0.05846872344046892,0.07275776692568081,0.10497424002301578,0.08435813889874523,2.144912860232875e-06,117
1.0,1.7086999999999977,0.06366479225379046,0.0791076623643796,0.11548356827237956,0.09293963647822336,1.9301942026566747e-06,109
1.0,1.7186999999999977,0.06882106467161386,0.08539071623948655,0.1261190859750919,0.10164629311544486,1.7496585684245575e-06,101
1.0,1.7286999999999977,0.07393750240203606,0.09160738897864446,0.13687992962752285,0.11047755250381393,1.5958563339678695e-06,95
1.0,1.7486999999999977,0.08405092047388188,0.10384361422125515,0.1587743778017972,0.128511827154581,1.3480927354935276e-06,89
1.0,1.7686999999999977,0.09400547599745691,0.11582067352307862,0.18116088853891857,0.14703865071057307,1.1576327782976896e-06,79
1.0,1.7886999999999977,0.10380205533472796,0.12754327193947934,0.204034013390904,0.16605462307897334,1.0070422194413366e-06,73
1.0,1.8086999999999978,0.11344190685331101,0.13901637701027042,0.2273887882954063,0.1855566825726511,8.852901098783752e-07,67
1.0,1.8286999999999978,0.12292656844987246,0.15024513883328122,0.2512206664912451,0.2055420541074965,7.850567980277741e-07,63
1.0,1.8486999999999978,0.1322578089215703,0.16123482673560058,0.2755254637364253,0.2260082072444288,7.01294756126582e-07,59
1.0,1.8686999999999978,0.1414375810487096,0.1719907799717648,0.30029931498772916,0.2469528233398423,6.304109309822613e-07,55
1.0,1.8886999999999978,0.15046798295850577,0.18251836819294567,0.32553863810838096,0.26837376827435516,5.697784904337651e-07,53
1.0,1.9086999999999978,0.15935122601842278,0.19282295954114287,0.351240102877881,0.29026906937648567,5.174328802066563e-07,49
1.0,1.9386999999999979,0.17240521409823586,0.20787340028168336,0.39065208358758374,0.32399747162250975,4.512692783577161e-07,47
1.0,1.968699999999998,0.1851412932460746,0.2224519193866979,0.43108731558023955,0.3587834320717343,3.967251159123812e-07,44
1.0,1.998699999999998,0.19756767245183776,0.2365759797626593,0.47253706188463757,0.3946218358999831,3.511702196444574e-07,41
1.5,1e-16,4.444442964191649e-07,9.999993336100649e-07,5.99999600166039e-39,1.7777771856766598e-39,2.1333290666716215e-39,2
1.5,0.0300000000000001,4.447643772577829e-07,1.0001594481310843e-06,5.400861019907893e-10,1.6011517581280292e-10,1.9203419213761716e-10,3
1.5,0.060000000000000095,4.45725600089105e-07,1.0006411752391953e-06,2.1613849385166686e-09,6.418448641283132e-10,7.68552479809406e-10,3
1.5,0.0900000000000001,4.473309153580737e-07,1.0014486743371153e-06,4.8670405572783915e-09,1.4493521657601618e-09,1.7308079974204893e-09,3
1.5,0.12000000000000009,4.4958527562192225e-07,1.002588909341524e-06,8.662368176710781e-09,2.5896111875822762e-09,3.0809094203592497e-09,3
1.5,0.15000000000000008,4.5249569267032234e-07,1.004071699142433e-06,1.3554967938422861e-08,4.072461234032905e-09,4.8218515515602445e-09,3
1.5,0.18000000000000008,4.5607132093172984e-07,1.0059097909540694e-06,1.955488633614713e-08,5.910684319275224e-09,6.957558975036513e-09,3
1.5,0.21000000000000008,4.6032356875727044e-07,1.0081189581354277e-06,2.6674827632263442e-08,8.120107752878257e-09,9.492943640565886e-09,3
1.5,0.24000000000000007,4.6526623974817907e-07,1.010718124652653e-06,3.493041838799572e-08,1.0719734163798052e-08,1.2433977537884035e-08,3
1.5,0.2700000000000001,4.709181132037348e-07,1.01373118028076e-06,4.4340601825480473e-08,1.3731972181020914e-08,1.5787781951541833e-08,4
1.5,0.30000000000000004,4.772952623598835e-07,1.0171817446832359e-06,5.492781421289476e-08,1.718262944495581e-08,1.9562735171738517e-08,4
1.5,0.33000000000000007,4.844214440835789e-07,1.0211003514355303e-06,6.671869696279759e-08,2.1101398104280707e-08,2.3768600986154854e-08,4
1.5,0.3600000000000001,4.92322499267797e-07,1.0255206775372128e-06,7.974448788529371e-08,2.5521998362042612e-08,2.841668081381651e-08,4
1.5,0.3900000000000001,5.010280298084624e-07,1.0304807742464312e-06,9.404167545772939e-08,3.048254533354688e-08,3.351999298520508e-08,4
1.5,0.42000000000000015,5.105718243686467e-07,1.0360234586246068e-06,1.0965272286082849e-07,3.602594792745174e-08,3.9093483455522616e-08,4
1.5,0.4500000000000002,5.209923573086947e-07,1.042196776322411e-06,1.2662690832317303e-07,4.220038094200431e-08,4.5154273196999276e-08,4
1.5,0.4800000000000002,5.323333733161229e-07,1.0490545484675746e-06,1.4502130078015765e-07,4.9059843684813926e-08,5.172194870145519e-08,4
1.5,0.5100000000000002,5.446445730757763e-07,1.0566570183670259e-06,1.6490189428635822e-07,5.666482138280381e-08,5.881890350023588e-08,4
1.5,0.5400000000000003,5.579824188183436e-07,1.0650716172827924e-06,1.8634493015979756e-07,6.508306933097167e-08,6.647074045963267e-08,4
1.5,0.5700000000000003,5.724198095251357e-07,1.0743895691127727e-06,2.0944150260284412e-07,7.439167844588671e-08,7.470674694640845e-08,5
1.5,0.6000000000000003,5.880166508783426e-07,1.0846714944812605e-06,2.3428904280795255e-07,8.467439772648144e-08,8.356045793939972e-08,5
1.5,0.6300000000000003,6.048623472124255e-07,1.0960238121307196e-06,2.610071106208099e-07,9.602794624344478e-08,9.307032595087319e-08,5
1.5,0.6600000000000004,6.230524995766446e-07,1.1085546471549013e-06,2.8973184258040534e-07,1.0856066752623469e-07,1.0328052156980758e-07,5
1.5,0.6900000000000004,6.426965702440908e-07,1.1223862569691784e-06,3.206208581658159e-07,1.223951348372848e-07,1.142418948023674e-07,5
1.5,0.7200000000000004,6.63920221776627e-07,1.1376573384171019e-06,3.5385693854125583e-07,1.3767049718760156e-07,1.260131357833777e-07,5
1.5,0.7500000000000004,6.868891178463493e-07,1.1545440014937452e-06,3.8965860050413957e-07,1.545500515154288e-07,1.3866218450405677e-07,6
1.5,0.7800000000000005,7.117386027697587e-07,1.1731997294430148e-06,4.2826482923587866e-07,1.732087063700487e-07,1.5226795403097342e-07,6
1.5,0.8100000000000005,7.386777783762471e-07,1.1938451431740795e-06,4.6996907906190875e-07,1.9385859615706255e-07,1.6692245150332242e-07,6
1.5,0.8400000000000005,7.679341433821943e-07,1.2167214976074618e-06,5.151112132270959e-07,2.167417326281908e-07,1.8273340848400108e-07,6
1.5,0.8700000000000006,7.997741982663445e-07,1.2421092177004929e-06,5.640914801265026e-07,2.4213963626711875e-07,1.9982756940487524e-07,6
1.5,0.9000000000000006,8.345437835186756e-07,1.2703799170471904e-06,6.174046396849354e-07,2.703921858600513e-07,2.1835483888607047e-07,7
1.5,0.9300000000000006,8.725681440023194e-07,1.3018544524038794e-06,6.755843495304702e-07,3.0187367509904285e-07,2.3849356215997934e-07,7
1.5,0.9600000000000006,9.143136305066757e-07,1.337022233622936e-06,7.393198143041397e-07,3.370525767499814e-07,2.6045731726001953e-07,7
1.5,0.9900000000000007,9.603617762108578e-07,1.3764798791210597e-06,8.094527577159316e-07,3.7650023074570526e-07,2.845037504797222e-07,8
1.5,1.0200000000000007,1.0112968011166897e-06,1.4208285848524715e-06,8.869380358083081e-07,4.208612767527221e-07,3.109462109633102e-07,8
1.5,1.0500000000000007,1.0679869643603032e-06,1.4709608693009042e-06,9.730406150425497e-07,4.709822512828944e-07,3.401692771782987e-07,9
1.5,1.0800000000000007,1.1313631239442783e-06,1.5278125864599013e-06,1.069224360508099e-06,5.278487791074432e-07,3.7264978660880573e-07,9
1.5,1.1100000000000008,1.2027419259720587e-06,1.5927286853919344e-06,1.1774406079628433e-06,5.927593307960703e-07,4.089857868003831e-07,10
1.5,1.1400000000000008,1.2836645505714296e-06,1.667272860422055e-06,1.3000726856427038e-06,6.67300179969053e-07,4.499371262127298e-07,11
1.5,1.1700000000000008,1.376131867290722e-06,1.7534648524285673e-06,1.4401908218936819e-06,7.535147652537089e-07,4.964835364676588e-07,11
1.5,1.2000000000000008,1.4828959656406905e-06,1.8540974339099684e-06,1.6019401828982153e-06,8.54148076209039e-07,5.499096832593086e-07,12
1.5,1.2300000000000009,1.6074833698670778e-06,1.972725131054056e-06,1.7907215104630115e-06,9.727846361087622e-07,6.119330246482233e-07,13
1.5,1.260000000000001,1.754825436118645e-06,2.114337042699074e-06,2.014032893393433e-06,1.114384344952786e-06,6.84901913006611e-07,15
1.5,1.290000000000001,1.93165826203891e-06,2.2857266100114186e-06,2.2822065910320045e-06,1.2857890055435818e-06,7.72113510184426e-07,16
1.5,1.320000000000001,2.148014703598839e-06,2.4970136352302418e-06,2.6104779348151083e-06,1.497080327820249e-06,8.783455256462651e-07,18
1.5,1.350000000000001,2.418834003599923e-06,2.7632608357348945e-06,3.021625723876112e-06,1.7633299886243466e-06,1.010790754987964e-06,21
1.5,1.380000000000001,2.767668252373294e-06,3.1082328935930416e-06,3.5515912335351587e-06,2.1082989679278835e-06,1.180801810976553e-06,25
1.5,1.410000000000001,3.2339618387014527e-06,3.571690115814651e-06,4.260526271550672e-06,2.571775812608947e-06,1.4074038680408277e-06,29
1.5,1.440000000000001,3.889419273710675e-06,4.225931761306902e-06,5.257735260147603e-06,3.2260399223865874e-06,1.7250901708656077e-06,35
1.5,1.470000000000001,4.87882892590263e-06,5.216934304653352e-06,6.763964003355268e-06,4.2170645703932035e-06,2.2035447550729376e-06,45
1.5,1.500000000000001,6.545229928798203e-06,6.890540657277938e-06,9.302229887325232e-06,5.8907069359183926e-06,3.0078632531035113e-06,63
1.5,1.5200000000000011,8.477187416667526e-06,8.834051065280011e-06,1.2246114948733784e-05,7.834277522987474e-06,3.939181397304108e-06,81
1.5,1.5400000000000011,1.2031268498046327e-05,1.241296304326086e-05,1.76631498920385e-05,1.1413342547986686e-05,5.650639277582609e-06,119
1.5,1.5500000000000012,1.5224442189426096e-05,1.5630121974529768e-05,2.2530820826284695e-05,1.4630688944038499e-05,7.186799002875162e-06,143
1.5,1.5600000000000012,2.072687483475969e-05,2.1175394183373354e-05,3.091946357079449e-05,2.0176369039148505e-05,9.830295836616078e-06,201
1.5,1.5700000000000012,3.245109769578859e-05,3.299322486609374e-05,4.8794999983460756e-05,3.199548428413977e-05,1.5444069214355147e-05,325
1.5,1.575000000000001,4.5219031748811996e-05,4.586429473012508e-05,6.826326966895002e-05,4.486858425275877e-05,2.1517043021819364e-05,439
1.5,1.580000000000001,7.432117700996702e-05,7.520275958693682e-05,0.0001126417014196976,7.421415451507277e-05,3.5121407822908024e-05,745
1.5,1.5810000000000008,8.520325145105229e-05,8.617335340327335e-05,0.00012923733204362375,8.518828976009757e-05,4.009634185941947e-05,737
1.5,1.5820000000000007,9.972132568435914e-05,0.00010080957130716655,0.00015137912012409442,9.98299820408249e-05,4.661617810415097e-05,873
1.5,1.5830000000000006,0.00011997949399391854,0.00012123263556630024,0.0001822773167439605,0.00012026211768997072,5.5456960608718064e-05,1061
1.5,1.5835000000000006,0.000133385981568964,0.0001347482560784808,0.00020272650771161087,0.00013378465892927556,6.112291945237784e-05,1091
1.5,1.5840000000000005,0.00014997114982257721,0.00015146842899049727,0.00022802566234150881,0.0001505144053156946,6.790818080501883e-05,1231
1.5,1.5845000000000005,0.00017091941729449516,0.00017258719995074474,0.0002599826224986829,0.0001716468674264424,7.609610272825286e-05,1403
1.5,1.5850000000000004,0.00019801280187344445,0.00019990106182789341,0.0003013178670303479,0.00019898108447460568,8.60054021229665e-05,1615
1.5,1.5855000000000004,0.00023398407601954446,0.00023616496539746748,0.00035620434642422963,0.0002352766274538841,9.790101316054363e-05,1877
1.5,1.5860000000000003,0.00028304344891049387,0.00028562324487961044,0.00043107334060631575,0.00028478654368626434,0.00011172412059820422,2197
1.5,1.5861000000000003,0.0002949379061721692,0.0002976143808801414,0.00044922745767968616,0.0002967916746748267,0.00011465862434574882,1829
1.5,1.5866000000000002,0.0003682241202280911,0.00037149594463558314,0.000561099946783763,0.00037077216633262444,0.00012931428623292606,2633
1.5,1.5867000000000002,0.0003861488777985496,0.0003895662294934075,0.0005884671114877316,0.0003888699747200699,0.00013205643849538572,2199
1.5,1.5868000000000002,0.0004053403284335343,0.00040891345305402426,0.0006177703107848164,0.0004082481167262568,0.00013465607845238343,2259
1.5,1.5869000000000002,0.0004258748235831715,0.0004296145783298234,0.0006491265621351295,0.0004289839840587152,0.00013707296790458975,2319
1.5,1.5870000000000002,0.00044782546744871646,0.0004517432930204138,0.0006826479922554787,0.00045115173589073876,0.00013926559529628816,2373
1.5,1.5871000000000002,0.00047126156895821924,0.0004753694579559232,0.0007184410004245451,0.00047482174464165454,0.0001411923995968938,2425
1.5,1.5872000000000002,0.0004962454544779591,0.0005005558930282342,0.0007566013967108146,0.0005000573818013681,0.00014281382119750644,2473
1.5,1.5873000000000002,0.0005228309035909621,0.0005273568006090712,0.0007972120119365041,0.0005269134370669467,0.00014409419049117177,2515
1.5,1.5874000000000001,0.0005510614032062869,0.0005558160056410005,0.0008403400286655431,0.000555434353175676,0.0001450036919774515,2551
1.5,1.5875000000000001,0.0005809683583131354,0.0005859651518693506,0.000886034243859446,0.0005856524157020352,0.00014552022000654524,2581
1.5,1.5876000000000001,0.0006125698435625571,0.00061782244345074,0.0009343231542340045,0.0006175864867466922,0.00014563081807544026,2605
1.5,1.5877000000000001,0.0006458695606691307,0.0006513915939026098,0.0009852133537733498,0.0006512409452043487,0.00014533262866678513,2619
1.5,1.5878,0.000680857562124893,0.0006866625565302088,0.0010386906248191856,0.0006866064074615669,0.00014463288133577528,2627
1.5,1.5879,0.0007175097746442061,0.0007236110436771537,0.0010947191976571435,0.0007236592380884198,0.00014354861055474136,2629
1.5,1.588,0.0007557889666240732,0.0007621995023164172,0.001153243213061647,0.0007623625167401829,0.0001421055183243258,2621
1.5,1.5881,0.0007956472224715304,0.0008023796094237897,0.0012141904857447207,0.0008026685259594305,0.0001403361058787043,2609
1.5,1.5882,0.0008370262167725325,0.0008440925476262274,0.0012774729112626647,0.0008445190210091105,0.00013827809400855567,2589
1.5,1.5883,0.0008798605195992636,0.000887272338447156,0.0013429915012702009,0.0008878485585707386,0.00013597210136990785,2565
1.5,1.5884,0.0009240785729527973,0.0009318468261441886,0.0014106378660309461,0.0009325854776575721,0.0001334599541616312,2535
1.5,1.5885,0.0009696053922913676,0.0009777404017969815,0.001480298332789369,0.000978654622457084,0.00013078283945543306,2501
1.5,1.5886,0.0010163639172078096,0.001024875364726692,0.0015518560039185013,0.001025978703602773,0.00012798003947806804,2463
1.5,1.5887,0.001064276884562223,0.001073173811084723,0.0016251936149592032,0.0010744801879395644,0.00012508787154569173,2423
1.5,1.5888,0.0011132678491294285,0.0011225586625829003,0.001700195092502333,0.0011240823289510131,0.00012213909365535293,2381
1.5,1.5889,0.0011632623867255962,0.0011729548794698157,0.0017767473923367963,0.0011747103822398806,0.00011916253380307109,2337
1.5,1.589,0.0012141888941925416,0.0012242902669679656,0.0018547417230978139,0.0012262924147654105,0.00011618300397118079,2291
1.5,1.5891,0.0012659793082718607,0.001276496200044647,0.00193407464710216,0.0012787600327620228,0.00011322138549615055,2245
1.5,1.5892,0.0013185691783940583,0.0013295076964996988,0.0020146481944955516,0.0013320484575169835,0.00011029491741761427,2199
1.5,1.5893,0.0013718980205700154,0.0013832637737689918,0.0020963704074625365,0.0013860968852157187,0.00010741749669276957,2153
1.5,1.5894,0.0014259095389746468,0.0014377076723594573,0.0021791556826967064,0.0014408487133635499,0.00010460002804472172,2109
1.5,1.5895,0.0014805510017156245,0.0014927862259814142,0.002262923820600516,0.001496250912592917,0.00010185087943423311,2063
1.5,1.5896,0.001535774175740386,0.0015484508048484997,0.002347601458839512,0.0015522549738646383,9.917612266461679e-05,2019
1.5,1.5897,0.0015915341287025915,0.0016046561068750994,0.0024331202437704175,0.0016088157001809243,9.658000926855851e-05,1975
1.5,1.5901999999999998,0.001877055759531367,0.001892452715465016,0.0028713080313553505,0.0018986314192866163,8.483274498732545e-05,2141
1.5,1.5902999999999998,0.0019352800010707237,0.0019511397550866323,0.002960722786658067,0.001957771120801247,8.272772124054886e-05,1735
1.5,1.5907999999999998,0.002230635835111487,0.0022488373865931707,0.003414604967168169,0.0022579786479667227,7.332398798277522e-05,1885
1.5,1.5912999999999997,0.002531436764334984,0.00255201323139117,0.003877379391528568,0.0025640778086508656,6.555501880111062e-05,1707
1.5,1.5917999999999997,0.0028360976332412187,0.0028590691405896342,0.004346632361681642,0.0028744725753624507,5.9106088619380375e-05,1557
1.5,1.5922999999999996,0.0031435579652990316,0.0031689359514217017,0.00482074880400545,0.003188095001780925,5.370790190461284e-05,1429
1.5,1.5927999999999995,0.0034530909989851483,0.0034808809539511624,0.005298621716282754,0.003504213099609098,4.914568153256094e-05,1321
1.5,1.5932999999999995,0.0037641858368821246,0.003794389071544944,0.00577947279095193,0.0038223122289510795,4.52524208906921e-05,1227
1.5,1.5937999999999994,0.004076475311383944,0.004109090135557245,0.006262742611297139,0.0041420224906704006,4.1899060303347487e-05,1145
1.5,1.5942999999999994,0.004389689842032956,0.004424712364158373,0.006748020394576734,0.004463072269563459,3.898562105361331e-05,1075
1.5,1.5947999999999993,0.004703627107772166,0.004741051784829196,0.007234997799302063,0.004785257690760161,3.6434144150688426e-05,1011
1.5,1.5952999999999993,0.005018133398685956,0.005057953435341216,0.007723440542998415,0.005108423849954631,3.418330208363056e-05,955
1.5,1.5962999999999992,0.005648401634337669,0.005692988330456845,0.008704033848688286,0.0057572433740688935,3.039845323935199e-05,919
1.5,1.597299999999999,0.006279811137796818,0.006329128088160161,0.009688758227011233,0.006408841889740985,2.7344901894462522e-05,837
1.5,1.598299999999999,0.006911920862412774,0.006965928094715612,0.010676940843101331,0.007062774613494578,2.4832664713218552e-05,767
1.5,1.5992999999999988,0.0075444346174891146,0.007603089779845414,0.011668129584486823,0.007718742713600756,2.273137239485214e-05,709
1.5,1.6002999999999987,0.008177145805042394,0.00824040489876269,0.012662008842703026,0.008376537622729784,2.0948915565128557e-05,659
1.5,1.6012999999999986,0.008809906243668663,0.008877724102317871,0.013658352022531853,0.009036009633002781,1.9418524422701156e-05,615
1.5,1.6022999999999985,0.009442607114421856,0.009514937727848833,0.01465699251539431,0.009697048701069475,1.8090696947887648e-05,579
1.5,1.6032999999999984,0.010075165995652006,0.010151962724418635,0.015657803913453353,0.010359571368136346,1.6928003276161885e-05,545
1.5,1.6042999999999983,0.010707520271638848,0.01078873601301257,0.016660690010748037,0.011023514142553188,1.5901638653671345e-05,517
1.5,1.6052999999999982,0.011339620575081331,0.011425207869778934,0.017665574763716715,0.01168882686684139,1.4989092848950557e-05,491
1.5,1.610299999999998,0.014495184585452042,0.014601910297715962,0.022718231065337387,0.015034788646730522,1.1616816141115214e-05,449
1.5,1.615299999999998,0.017640807391530414,0.017767463475365567,0.027815256416528752,0.01841131615552374,9.451187542195854e-06,373
1.5,1.6202999999999979,0.02077525485827045,0.02092063026638314,0.03295466328394285,0.021817109707016,7.944054343161597e-06,321
1.5,1.6252999999999977,0.023897911244007933,0.024060797498757367,0.038135402902913444,0.025251489797193282,6.8352476941515094e-06,281
1.5,1.6302999999999976,0.02700842392066979,0.027187617735069426,0.04335682409840175,0.028714039273671967,5.985584723985893e-06,251
1.5,1.6352999999999975,0.030106569287804776,0.030300874037639938,0.04861846913026762,0.032204468375381705,5.313916205202459e-06,229
1.5,1.6452999999999975,0.036265190177459175,0.036486158066584916,0.059261082602337666,0.03926812330261238,4.320040472194147e-06,203
1.5,1.6552999999999976,0.042372985325654026,0.042615929272160485,0.07006105027672796,0.046441098527838495,3.620443752322192e-06,175
1.5,1.6652999999999976,0.048429506664822396,0.04868981492938466,0.08101666061988648,0.05372234981988026,3.1017007300249555e-06,155
1.5,1.6752999999999976,0.05443449299443807,0.05470763407438816,0.09212645516753201,0.06111099438883345,2.7020241638329025e-06,139
1.5,1.6852999999999976,0.06038780580751604,0.06066933205481446,0.10338913587496645,0.06860625018016726,2.384885937316831e-06,127
1.5,1.6952999999999976,0.06628939632315514,0.06657494664989876,0.11480351928678781,0.07620740606137544,2.1273076612043286e-06,117
1.5,1.7052999999999976,0.07213928649355365,0.07242458839036231,0.12636851156257725,0.08391380572061638,1.9141116622959467e-06,107
1.5,1.7152999999999976,0.07793755671426486,0.0782184277281386,0.13808309333789073,0.09172483800286084,1.734869870615768e-06,101
1.5,1.7252999999999976,0.0836843360259906,0.0839566847511386,0.14994630767245512,0.09963992928268589,1.5821808359940773e-06,95
1.5,1.7452999999999976,0.09502414397856214,0.09526754094651625,0.17411507853606875,0.11578015713969556,1.3362350460904518e-06,87
1.5,1.7652999999999976,0.10616049280452047,0.1063596749640043,0.19886817774473825,0.1323305018853143,1.147197243197541e-06,79
1.5,1.7852999999999977,0.1170956165770033,0.11723605345416595,0.22419960886889592,0.14928736034880835,9.97750240926733e-07,73
1.5,1.8052999999999977,0.1278320983029093,0.1278999830901579,0.2501039217599975,0.1666474502962744,8.769380049582705e-07,67
1.5,1.8252999999999977,0.13837279071795686,0.13835502702432662,0.2765761338536645,0.18440776269775253,7.774910620751277e-07,63
1.5,1.8452999999999977,0.14872075326942794,0.1486049387020997,0.3036116673042009,0.20256552376268008,6.943967597956408e-07,59
1.5,1.8652999999999977,0.1588792019454333,0.15865360946095297,0.3312062990610802,0.22111816492510344,6.240870430648078e-07,55
1.5,1.8852999999999978,0.16885146830766282,0.16850502601153466,0.35935611923982325,0.24006329787391278,5.639534712879923e-07,52
1.5,1.9052999999999978,0.17864096596747744,0.17816323582801702,0.38805749610840645,0.25939869368876445,5.120453257099218e-07,49
1.5,1.9352999999999978,0.19299011719916978,0.1922972167783196,0.4321363925203388,0.28912900018609544,4.464453493662584e-07,47
1.5,1.9652999999999978,0.20694767015182997,0.20601945771240834,0.4774382376527918,0.3197262110441589,3.92376609572421e-07,44
1.5,1.9952999999999979,0.22052547438693487,0.219343667834751,0.5239535134111988,0.351184356014797,3.4722785076930407e-07,41
2.0,1e-16,4.444442964191649e-07,9.999993336100649e-07,6.666662224067097e-39,1.4814809880638828e-39,1.9753046913626122e-39,2
2.0,0.0300000000000001,4.4479994001632344e-07,1.0001327730472263e-06,6.000796638283397e-10,1.334399820048979e-10,1.7781299156689635e-10,3
2.0,0.060000000000000095,4.458679386081542e-07,1.0005343724809186e-06,2.401282493954212e-09,5.350415263297866e-10,7.116794823309582e-10,3
2.0,0.0900000000000001,4.476515052892356e-07,1.0012079834839687e-06,5.406523110813441e-09,1.2086590642809386e-09,1.6028871673317267e-09,3
2.0,0.12000000000000009,4.50156031123007e-07,1.002160054525313e-06,9.620736523443019e-09,2.1607489493904366e-09,2.853599469694892e-09,3
2.0,0.15000000000000008,4.5338914354532884e-07,1.0033996771735486e-06,1.5050995157603244e-08,3.40041857658997e-09,4.46688182086419e-09,3
2.0,0.18000000000000008,4.5736079170758086e-07,1.004938652980696e-06,2.170667490438305e-08,4.9394965504418765e-09,6.4467392308001935e-09,3
2.0,0.21000000000000008,4.6208336043442867e-07,1.0067915823911357e-06,2.9599672522299413e-08,6.792625398386107e-09,8.798165953643207e-09,3
2.0,0.24000000000000007,4.6757181507053923e-07,1.0089759775289191e-06,3.8744677537110514e-08,8.977378849354356e-09,1.1527208325471584e-08,3
2.0,0.2700000000000001,4.738463593696608e-07,1.011513693542568e-06,4.9159565506168825e-08,1.1514466532682761e-08,1.4641042155418714e-08,4
2.0,0.30000000000000004,4.809245212628015e-07,1.0144268831127636e-06,6.086561298676582e-08,1.4427735637884048e-08,1.814806640055952e-08,4
2.0,0.33000000000000007,4.888318549433147e-07,1.017743604926681e-06,7.388818571767707e-08,1.7744596334442328e-08,2.205801526086761e-08,4
2.0,0.3600000000000001,4.975961724447349e-07,1.0214949278277898e-06,8.825716176432109e-08,2.149615464961256e-08,2.63820913111967e-08,4
2.0,0.3900000000000001,5.072492708168464e-07,1.0257159242793129e-06,1.0400759472192238e-07,2.5717538030414125e-08,3.11331228604802e-08,4
2.0,0.42000000000000015,5.178273706551617e-07,1.0304460180805877e-06,1.211804517262772e-07,3.0448249394523534e-08,3.632574942212416e-08,4
2.0,0.4500000000000002,5.293716301248059e-07,1.03572939422943e-06,1.3982346822097316e-07,3.5732585033424426e-08,4.197664002534828e-08,4
2.0,0.4800000000000002,5.41928747293578e-07,1.0416154819692867e-06,1.5999213803048256e-07,4.162012779214682e-08,4.8104750137861785e-08,4
2.0,0.5100000000000002,5.555516664008383e-07,1.0481595244970098e-06,1.8175086154778166e-07,4.816632947695272e-08,5.473162426053328e-08,4
2.0,0.5400000000000003,5.703004071810422e-07,1.0554232518289416e-06,2.0517428015554645e-07,5.543319957799736e-08,6.18817528664605e-08,4
2.0,0.5700000000000003,5.862508374252195e-07,1.0634891927187623e-06,2.303517591428841e-07,6.349096569315132e-08,6.958299438365096e-08,5
2.0,0.6000000000000003,6.034685745010013e-07,1.0724138543235723e-06,2.573793250376576e-07,7.241622894012023e-08,7.7867075496522e-08,5
2.0,0.6300000000000003,6.220470341638277e-07,1.0822935133563343e-06,2.863748636340864e-07,8.229682261987449e-08,8.677018630332323e-08,5
2.0,0.6600000000000004,6.420868939922115e-07,1.0932262714442617e-06,3.1747290922741396e-07,9.323101700766921e-08,9.633369110903397e-08,5
2.0,0.6900000000000004,6.637031672441572e-07,1.1053227640785962e-06,3.5082944531854683e-07,1.0532969264164786e-07,1.0660498106975263e-07,5
2.0,0.7200000000000004,6.870275886133541e-07,1.1187081565532912e-06,3.866255389048179e-07,1.1871836731238772e-07,1.1763850204783684e-07,5
2.0,0.7500000000000004,7.12231791126358e-07,1.1335384177787013e-06,4.250769066670135e-07,1.3354346083619227e-07,1.2949700041316055e-07,6
2.0,0.7800000000000005,7.394593916282033e-07,1.1499549500109497e-06,4.664217277244417e-07,1.499623646221998e-07,1.4225304202297219e-07,6
2.0,0.8100000000000005,7.689268933627015e-07,1.1681532694246467e-06,5.10950240046341e-07,1.68164311578423e-07,1.5599087623037248e-07,6
2.0,0.8400000000000005,8.008703152590923e-07,1.1883481591395934e-06,5.589989740592655e-07,1.8836469814893875e-07,1.7080873952409323e-07,6
2.0,0.8700000000000006,8.355653510849082e-07,1.2107883442757865e-06,6.109637985215626e-07,2.1081313807872257e-07,1.8682172421955812e-07,6
2.0,0.9000000000000006,8.733637508888264e-07,1.2357989078326536e-06,6.673314102296338e-07,2.3580821273998343e-07,2.0416538049280758e-07,7
2.0,0.9300000000000006,9.146070612740049e-07,1.2636667496089234e-06,7.28630247824506e-07,2.636812157652959e-07,2.2300028013932433e-07,7
2.0,0.9600000000000006,9.59769573623477e-07,1.2948184677629023e-06,7.955364665935281e-07,2.948412130171325e-07,2.435178552651647e-07,7
2.0,0.9900000000000007,1.0094394972467253e-06,1.3297680179959785e-06,8.688704229585735e-07,3.297838837505056e-07,2.6594794822485664e-07,8
2.0,1.0200000000000007,1.0642164289341287e-06,1.3690449280790759e-06,9.495695621156483e-07,3.690702575543563e-07,2.9056868825877073e-07,8
2.0,1.0500000000000007,1.1249676604700404e-06,1.4134099985303696e-06,1.0388563489198231e-06,4.1342561522274043e-07,3.177195767130009e-07,9
2.0,1.0800000000000007,1.1926372665630922e-06,1.4636711669313177e-06,1.1381506994057942e-06,4.6369736923973085e-07,3.4781906839466654e-07,9
2.0,1.1100000000000008,1.2685282730849822e-06,1.520961808150814e-06,1.2493180292150804e-06,5.209845617560029e-07,3.8138856053435637e-07,10
2.0,1.1400000000000008,1.354133051669508e-06,1.5865712439650464e-06,1.374605325771318e-06,5.866104379832317e-07,4.190856932191803e-07,10
2.0,1.1700000000000008,1.4515324431715719e-06,1.662299498448237e-06,1.5170145222838632e-06,6.623342538191892e-07,4.617514689882759e-07,11
2.0,1.2000000000000008,1.5632837848040894e-06,1.7503404780684916e-06,1.6803268589457543e-06,7.503762167059639e-07,5.104783843270306e-07,12
2.0,1.2300000000000009,1.6928204161938992e-06,1.8536494765716804e-06,1.869590862070199e-06,8.536893358865844e-07,5.667113812138227e-07,13
2.0,1.260000000000001,1.8447757859200555e-06,1.9762082231651796e-06,2.0916187833980293e-06,9.762553459088947e-07,6.324016791920894e-07,14
2.0,1.290000000000001,2.0256182671413897e-06,2.1235698286144154e-06,2.3558883678648355e-06,1.1236104527833305e-06,7.102488972091361e-07,16
2.0,1.320000000000001,2.2443664377319993e-06,2.3034635724428848e-06,2.675703285749659e-06,1.3035280270347472e-06,8.040968421846979e-07,17
2.0,1.350000000000001,2.5146413906655236e-06,2.5275938867317003e-06,3.07102657237902e-06,1.5276446448293077e-06,9.196101981133398e-07,20
2.0,1.380000000000001,2.857003355971922e-06,2.813565119098078e-06,3.5721022752069254e-06,1.8136257303709787e-06,1.065495925074416e-06,23
2.0,1.410000000000001,3.3049954144782223e-06,3.190152936394909e-06,4.228228701897819e-06,2.190220461174721e-06,1.255860126455896e-06,27
2.0,1.440000000000001,3.916738667172599e-06,3.7071780149172223e-06,5.124802887821575e-06,2.707249766749704e-06,1.5151576440834895e-06,33
2.0,1.470000000000001,4.802452716711894e-06,4.459117657245316e-06,6.423804897027612e-06,3.4592066918475823e-06,1.88980856449013e-06,41
2.0,1.500000000000001,6.2001270098113315e-06,5.649968691684827e-06,8.474953037527253e-06,4.650095257358506e-06,2.4799888620911137e-06,53
2.0,1.5200000000000011,7.688628754879763e-06,6.921112722096395e-06,1.0660359222087688e-05,5.921269291758077e-06,3.1077084857403323e-06,65
2.0,1.5400000000000011,1.011239012735264e-05,8.993952250561456e-06,1.4220038104954385e-05,7.994181475343184e-06,4.128934193591464e-06,87
2.0,1.5600000000000012,1.4757893233659006e-05,1.2971195849456105e-05,2.104446814615762e-05,1.1971602991144205e-05,6.084155754147422e-06,131
2.0,1.5700000000000012,1.9152044975774768e-05,1.6735331762316605e-05,2.750061284062284e-05,1.5735958553595765e-05,7.931352139320859e-06,165
2.0,1.5800000000000012,2.726007760047328e-05,2.3682826686198403e-05,3.941453902628386e-05,2.26840192406072e-05,1.1333511894460152e-05,241
2.0,1.5900000000000012,4.719916637962292e-05,4.077133948799648e-05,6.871601557306936e-05,3.97747375081083e-05,1.964986297372693e-05,433
2.0,1.595000000000001,7.419064730043024e-05,6.3906044988498e-05,0.00010838571740124256,6.29142871661591e-05,3.073242001063902e-05,665
2.0,1.596000000000001,8.370601847574988e-05,7.206197659557975e-05,0.00012237161318392434,7.107243651924199e-05,3.4574295979673135e-05,645
2.0,1.5970000000000009,9.596412935920193e-05,8.256888372047818e-05,0.0001403896161071075,8.15825930649577e-05,3.946281936453519e-05,749
2.0,1.5980000000000008,0.00011231180152409409,9.658122335210451e-05,0.0001644201321845518,9.559995520637766e-05,4.586205362726379e-05,885
2.0,1.5990000000000006,0.00013510778341743857,0.00011612085973759042,0.0001979319535319541,0.00011514790524983019,5.4522775888636215e-05,1075
2.0,1.5995000000000006,0.0001501814183494542,0.00012904134399015617,0.00022009293781650118,0.0001280747260835328,6.006130531385317e-05,1105
2.0,1.6000000000000005,0.00016881292172568185,0.00014501155544864236,0.0002474863879656831,0.00014405369320591528,6.667943293000434e-05,1245
2.0,1.6005000000000005,0.0001923168147915083,0.00016515829459103686,0.0002820463524759826,0.0001642129336163772,7.464145314872508e-05,1417
2.0,1.6010000000000004,0.00022266089723116356,0.0001911683637447261,0.0003266686274125639,0.0001902415448146053,8.423621450808081e-05,1629
2.0,1.6015000000000004,0.0002628414299787582,0.00022561019651358845,0.00038576369309399605,0.00022471209700091228,9.56841650674834e-05,1891
2.0,1.6020000000000003,0.00031742750044218455,0.00027240054341694855,0.0004660598961516204,0.0002715490689482748,0.00010887196011141235,2203
2.0,1.6021000000000003,0.0003306237203588444,0.000283712211700327,0.00048547403945754477,0.0002828733245233534,0.000111653175780413,1837
2.0,1.6026000000000002,0.0004116032196836444,0.00035312761287086843,0.0006046313985541146,0.0003523771878718876,0.00012542732241231126,2629
2.0,1.6027000000000002,0.00043132732586844113,0.0003700352112312967,0.0006336599616892321,0.00036930925556497284,0.00012797939327377877,2197
2.0,1.6028000000000002,0.0004524116267018065,0.00038810883911016294,0.000664692750729162,0.0003874103064796755,0.00013038976800317978,2255
2.0,1.6029000000000002,0.0004749341662615651,0.0004074154094049522,0.0006978451262930327,0.0004067476162962842,0.0001326216773713433,2309
2.0,1.6030000000000002,0.0004989703154329395,0.0004280195457117181,0.0007332285845578283,0.00042738620442310684,0.00013463733507326184,2363
2.0,1.6031000000000002,0.0005245897593840681,0.0004499809993214727,0.0007709463293957618,0.0004493862519146307,0.00013639951822783564,2413
2.0,1.6032000000000002,0.0005518552856441107,0.0004733536109021418,0.0008110914880173978,0.0004728020601240147,0.00013787302945385448,2457
2.0,1.6033000000000002,0.0005808209597762652,0.0004981837467371701,0.0008537444248224679,0.0004976804838342428,0.00013902639306254038,2497
2.0,1.6034000000000002,0.0006115296596470499,0.0005245081845810089,0.0008989691099268255,0.0005240588135587578,0.00013983369964318197,2531
2.0,1.6035000000000001,0.0006440119706151849,0.0005523531667364771,0.000946811485759415,0.0005519638226641346,0.00014027605038074948,2559
2.0,1.6036000000000001,0.0006782848573741164,0.0005817332612033845,0.0009972975034085285,0.0005814106223354798,0.00014034277590104877,2581
2.0,1.6037000000000001,0.0007143508353538472,0.0006126506509882186,0.0010504318916166348,0.0006124019439531248,0.00014003216489224485,2595
2.0,1.6038000000000001,0.0007521983253871483,0.00064509543807648,0.0011061986647872832,0.0006449284354572087,0.00013935148279480182,2603
2.0,1.6039,0.0007918014902367316,0.0006790455025081511,0.0011645608683828414,0.0006789685136349514,0.00013831662505965202,2603
2.0,1.604,0.000833121688608281,0.0007144677486822932,0.0012254627035291888,0.0007144896034661345,0.00013695100842802765,2595
2.0,1.6041,0.0008761090625052399,0.0007513194657896948,0.0012888318489953329,0.0007514494927689413,0.0001352841209967473,2583
2.0,1.6042,0.0009207035124049589,0.0007895491628596996,0.001354580883544599,0.0007897971627244589,0.0001333500081673225,2565
2.0,1.6043,0.0009668372647307976,0.0008290987697455203,0.0014226110531043218,0.0008294749850981875,0.00013118539771403342,2541
2.0,1.6044,0.0010144367182099644,0.0008699052194918139,0.0014928149791696916,0.0008704203023682566,0.00012882806135027801,2511
2.0,1.6045,0.0010634246994281507,0.0009119023818788579,0.0015650799719547765,0.0009125673601859982,0.00012631528877466575,2479
2.0,1.6046,0.0011137214795158476,0.0009550219342297607,0.0016392895218427853,0.0009558481780285167,0.00012368282558681605,2443
2.0,1.6047,0.0011652471346303352,0.00099919538536321,0.0017153267715678282,0.0010001945739559006,0.00012096383937096919,2405
2.0,1.6048,0.0012179222603507399,0.0010443546874750451,0.0017930755665784878,0.00104553877778192,0.0001181884266124701,2363
2.0,1.6049,0.0012716698272600153,0.0010904338274239148,0.0018724231879569501,0.0010918150244898762,0.00011538316306523683,2321
2.0,1.605,0.0013264150790661745,0.001137368738679215,0.0019532602033707496,0.0011389594680171473,0.0001125711412155581,2277
2.0,1.6051,0.0013820869117650147,0.001185098484287498,0.002035482500967429,0.001186911366866339,0.00010977192150878726,2233
2.0,1.6052,0.0014386178108524883,0.0012335652027407513,0.0021189911997286743,0.0012356130321268535,0.00010700178995650823,2189
2.0,1.6053,0.0014959440877437271,0.0012827143107166804,0.0022036930010596294,0.0012850100324738331,0.00010427402249050872,2143
2.0,1.6054,0.0015540066006436428,0.001332495121724618,0.0022895012552507817,0.0013350518155131074,0.00010159912492687795,2099
2.0,1.6055,0.0016127498176651913,0.0013828600422037401,0.0023763345842004245,0.0013856909052319271,9.89852731756691e-05,2055
2.0,1.6056,0.0016721223519521457,0.0014337650309318474,0.0024641176742741314,0.001436883363767144,9.643856346277442e-05,2011
2.0,1.6057,0.0017320768186446886,0.0014851694765338002,0.0025527810695565316,0.0014885886706927731,9.396332480440997e-05,1969
2.0,1.6061999999999999,0.0020391573149648934,0.0017484658146818346,0.003007219505583133,0.0017535926642154055,8.27218976364944e-05,2137
2.0,1.6062999999999998,0.002101794824579095,0.0018021740159155956,0.0030999792247943156,0.0018076834516075277,8.07005442998353e-05,1735
2.0,1.6067999999999998,0.002419618555049425,0.0020746990239323944,0.0035709805907403755,0.002082328761282129,7.16458616536491e-05,1885
2.0,1.6072999999999997,0.002743422201804562,0.002352366631599771,0.004051423479351587,0.0023624644587409882,6.413612496157159e-05,1709
2.0,1.6077999999999997,0.0030714786981088592,0.0026336965403645014,0.004538773628718756,0.002646612148075822,5.788368187575671e-05,1559
2.0,1.6082999999999996,0.0034026268043464876,0.0029176934086948716,0.005031326708728486,0.002933777598003666,5.2637764392731245e-05,1433
2.0,1.6087999999999996,0.0037360668473086014,0.00320367178753221,0.005527908843975057,0.00322327603084896,4.8196108675236295e-05,1325
2.0,1.6092999999999995,0.004071235222560511,0.0034911485607445414,0.0060276925640751974,0.0035146247503709004,4.4400191198188306e-05,1231
2.0,1.6097999999999995,0.004407725861495427,0.003779775636608935,0.0065300816022233745,0.0038074759354788396,4.112680553335996e-05,1151
2.0,1.6102999999999994,0.004745239419299654,0.0040692963954457005,0.0070346363287929784,0.0041015731423724045,3.828009958123347e-05,1079
2.0,1.6107999999999993,0.005083551836432136,0.004359518746798049,0.007541027635972643,0.004396724399406518,3.57850577997e-05,1017
2.0,1.6112999999999993,0.0054224916961109655,0.004650295719585223,0.008049003687745863,0.004692782813246703,3.358252088678866e-05,961
2.0,1.6122999999999992,0.006101751480136832,0.005233082847119698,0.009068971961728657,0.005287190620463297,2.987593285195117e-05,925
2.0,1.613299999999999,0.0067822569504321275,0.0058170044402019744,0.01009342136387164,0.005884143454116193,2.688297577609357e-05,841
2.0,1.614299999999999,0.007463516041533126,0.0064016383760090445,0.011121628190467211,0.006483219258260222,2.4418999668299646e-05,771
2.0,1.6152999999999988,0.008145197580307083,0.006986700439510001,0.012153104996913248,0.0070841337961398375,2.2357037561342603e-05,713
2.0,1.6162999999999987,0.008827070527840968,0.007571992245125897,0.013187511377098424,0.007686688604791189,2.0607242728763973e-05,663
2.0,1.6172999999999986,0.009508969090740133,0.008157371334368774,0.014224602741814227,0.008290741113505746,1.9104406275983384e-05,619
2.0,1.6182999999999985,0.010190771463020819,0.008742732956251553,0.015264199109174495,0.008896186436554331,1.78001365493752e-05,583
2.0,1.6192999999999984,0.010872385424491654,0.009327997717975106,0.016306163921965555,0.009502945021787317,1.6657814373303463e-05,549
2.0,1.6202999999999983,0.011553740723266861,0.009913105062884887,0.017350392904890415,0.01011095614332039,1.5649241054540002e-05,519
2.0,1.6212999999999982,0.012234782438230146,0.010498007576931943,0.018396804289631315,0.010720172203767756,1.4752366803059557e-05,493
2.0,1.626299999999998,0.01563402412582986,0.013418353319672754,0.023659702969702337,0.013783225043567259,1.1436873948151891e-05,451
2.0,1.631299999999998,0.01902141202054176,0.016330088263999887,0.028971097347022128,0.016872878162568883,9.306835114415673e-06,375
2.0,1.6362999999999979,0.022395577825503186,0.019232000254369084,0.03432883441009827,0.019987886660814445,7.8240919151083e-06,323
2.0,1.6412999999999978,0.025755847534682894,0.022123473810776853,0.0397317780283101,0.023127597996851046,6.733036462834383e-06,283
2.0,1.6462999999999977,0.029101842482129443,0.025004148081255187,0.04517922320662144,0.02629161035503799,5.896865241776342e-06,253
2.0,1.6512999999999975,0.03243332861204688,0.027873787542785966,0.05067067482699604,0.0294796436461228,5.235792385289219e-06,229
2.0,1.6612999999999976,0.039052204948765594,0.03357934071885617,0.06178414431233879,0.035926957090534464,4.257475013785745e-06,203
2.0,1.6712999999999976,0.045611723394115414,0.03923923315826679,0.07306982694651143,0.042468219520212624,3.568734339717876e-06,177
2.0,1.6812999999999976,0.05211150826893084,0.04485290561893668,0.08452588940802702,0.049102410691599215,3.0579810672048492e-06,157
2.0,1.6912999999999976,0.0585513892811413,0.050419990474820695,0.0961507769620435,0.0558286655607388,2.66441884230761e-06,141
2.0,1.7012999999999976,0.06493132879777617,0.05594024781381707,0.1079431110775245,0.06264621547760148,2.3521014467525844e-06,127
2.0,1.7112999999999976,0.07125138554741708,0.061413532998156044,0.1199016401309921,0.06955436018472903,2.098414614137366e-06,117
2.0,1.7212999999999976,0.07751169283279875,0.066839776814831,0.13202521078008947,0.07655245178722012,1.8884201870664515e-06,109
2.0,1.7312999999999976,0.08371244480697256,0.07221897271222405,0.14431275094649215,0.083639885371187,1.7118540884154023e-06,101
2.0,1.7412999999999976,0.08985388666826401,0.07755116752255305,0.15676325822308404,0.090816092704397,1.5614308764515632e-06,95
2.0,1.7612999999999976,0.10196003019549756,0.08807496413742606,0.18214945919644832,0.10543271031473266,1.3191031690691477e-06,89
2.0,1.7812999999999977,0.11383284581111194,0.09841235828621384,0.20817688980338211,0.12039833315194978,1.1328131558412477e-06,81
2.0,1.8012999999999977,0.12547550640893415,0.10856503990263874,0.23483933143080693,0.13570935939618176,9.855122904870224e-07,73
2.0,1.8212999999999977,0.13689152490868178,0.11853508736493668,0.2621311544968825,0.15136249638335378,8.66413792317507e-07,67
2.0,1.8412999999999977,0.14808466957407107,0.12832488246714724,0.2900472301250312,0.1673547148774359,7.683600493974401e-07,63
2.0,1.8612999999999977,0.1590588977394669,0.13793704330426315,0.31858286111363343,0.18368321341948785,6.864152426990509e-07,59
2.0,1.8812999999999978,0.1698183031419302,0.14737437050377233,0.34773372672949354,0.20034538982784222,6.170657958079542e-07,55
2.0,1.9012999999999978,0.18036707331505752,0.15663980339074507,0.37749583706040424,0.21733881760996213,5.577429382964461e-07,53
2.0,1.9212999999999978,0.190709454805482,0.16573638390602,0.40786549450273224,0.23466122603076492,5.06525500307614e-07,50
2.0,1.9412999999999978,0.20084972533367157,0.17466722735963186,0.4388392623820835,0.2523104839054745,4.619482498455187e-07,47
2.0,1.9712999999999978,0.2156905455824477,0.18775966559574506,0.48642567235436107,0.27939285661413826,4.051140553937148e-07,45
2.5,1e-16,4.4444429641916484e-07,9.999993336100649e-07,7.142852382929033e-39,1.2698408469118993e-39,1.814055328802399e-39,2
2.5,0.0300000000000001,4.448253417684777e-07,1.0001137168030929e-06,6.429302465162781e-10,1.1438365931189502e-10,1.632999766015716e-10,3
2.5,0.060000000000000095,4.459696054486996e-07,1.0004580429636114e-06,2.5726063961921514e-09,4.587115941758067e-10,6.536204474029618e-10,3
2.5,0.0900000000000001,4.478804798167192e-07,1.0010358494296525e-06,5.791707414557286e-09,1.0365233961472664e-09,1.4722273774471925e-09,3
2.5,0.12000000000000009,4.5056365387404615e-07,1.0018530585207193e-06,1.0304774316213128e-08,1.853747604510364e-09,2.6212452783985187e-09,3
2.5,0.15000000000000008,4.5402717036005883e-07,1.0029180196113604e-06,1.6118325315182594e-08,2.9187460951718093e-09,4.103679403556416e-09,3
2.5,0.18000000000000008,4.582815092239549e-07,1.004241569823228e-06,2.3241019187337578e-08,4.242377399673186e-09,5.92344751086214e-09,3
2.5,0.21000000000000008,4.6333969914141907e-07,1.0058371144624011e-06,3.168386910556566e-08,5.838080209181884e-09,8.085421907075728e-09,3
2.5,0.24000000000000007,4.692174593331841e-07,1.007720728755673e-06,4.146050998309056e-08,7.721978759311834e-09,1.0595482724440768e-08,3
2.5,0.2700000000000001,4.7593581656996855e-07,1.0099123060215212e-06,5.2587576506406375e-08,9.913063150843063e-09,1.3460583647309884e-08,4
2.5,0.30000000000000004,4.835133095285889e-07,1.012432374862444e-06,6.508493838401426e-08,1.2433199387878004e-08,1.668883160952115e-08,4
2.5,0.33000000000000007,4.919765276759109e-07,1.0153065561319414e-06,7.897634568769176e-08,1.530749824683049e-08,2.028958233383483e-08,4
2.5,0.3600000000000001,5.013544292038024e-07,1.0185632969485557e-06,9.428985948895206e-08,1.8564438292803663e-08,2.427355399738791e-08,4
2.5,0.3900000000000001,5.116800406331356e-07,1.0222346838996289e-06,1.1105849672938116e-07,2.2236152622942847e-08,2.8652961796332893e-08,4
2.5,0.42000000000000015,5.229908870912356e-07,1.0263567495200238e-06,1.2932095043952307e-07,2.6358740709398293e-08,3.344167677154789e-08,4
2.5,0.4500000000000002,5.353294965205033e-07,1.0309698322408447e-06,1.49122422163408e-07,3.097263515582914e-08,3.8655412970987706e-08,4
2.5,0.4800000000000002,5.48743990193233e-07,1.0361189990714427e-06,1.7051558384718611e-07,3.612303295443456e-08,4.431194789759107e-08,4
2.5,0.5100000000000002,5.632887745575611e-07,1.0418545423056222e-06,1.9356169032406608e-07,4.1860402932120505e-08,5.043138226877821e-08,4
2.5,0.5400000000000003,5.790253527151273e-07,1.048232564047438e-06,2.1833186834016655e-07,4.8241083671923224e-08,5.703644645204588e-08,4
2.5,0.5700000000000003,5.96030046537067e-07,1.0553270954455783e-06,2.449112666501919e-07,5.532861774854092e-08,6.415286261565477e-08,5
2.5,0.6000000000000003,6.143714898782628e-07,1.0631905183633076e-06,2.733918475791365e-07,6.319249610176423e-08,7.180977375028846e-08,5
2.5,0.6300000000000003,6.34143749569492e-07,1.0719092160514738e-06,3.038862627505931e-07,7.191190120118046e-08,8.00402533847847e-08,5
2.5,0.6600000000000004,6.554487057524419e-07,1.0815715000888333e-06,3.365232467419259e-07,8.157527320736114e-08,8.888191326791515e-08,5
2.5,0.6900000000000004,6.784023803885087e-07,1.092276677623523e-06,3.714520901546856e-07,9.228210665799124e-08,9.837763068440671e-08,5
2.5,0.7200000000000004,7.03137232098011e-07,1.1041367456535737e-06,4.088460635334381e-07,1.0414466889131695e-07,1.0857642281509899e-07,5
2.5,0.7500000000000004,7.298049185322692e-07,1.1172784338823173e-06,4.489065136134315e-07,1.1729007619268626e-07,1.1953450304573818e-07,5
2.5,0.7800000000000005,7.586071221950287e-07,1.1318615854239025e-06,4.918747061227878e-07,1.3186759232670172e-07,1.3131656401479067e-07,6
2.5,0.8100000000000005,7.897024771236583e-07,1.1480265144874252e-06,5.380144258251432e-07,1.4803537006880936e-07,1.4399734540166696e-07,6
2.5,0.8400000000000005,8.233433754841408e-07,1.1659728547775419e-06,5.876503188078818e-07,1.6598602449760297e-07,1.5766356203212894e-07,6
2.5,0.8700000000000006,8.598018935326246e-07,1.1859186562873422e-06,6.411584506742074e-07,1.8593830091852693e-07,1.7241629207572062e-07,6
2.5,0.9000000000000006,8.994193676716848e-07,1.208144365607694e-06,6.989978115301667e-07,2.081513393754473e-07,1.883739578786049e-07,7
2.5,0.9300000000000006,9.425360533851786e-07,1.2329034366720352e-06,7.616701302697461e-07,2.3291412359224055e-07,2.0567607789800237e-07,7
2.5,0.9600000000000006,9.896106841162288e-07,1.2605619837731241e-06,8.29809945889509e-07,2.6057863042329077e-07,2.2448803221355953e-07,7
2.5,0.9900000000000007,1.0411718683848563e-06,1.2915317212122536e-06,9.041644571143795e-07,2.9155787091542826e-07,2.450071760440414e-07,7
2.5,1.0200000000000007,1.097909464168833e-06,1.3263425793187782e-06,9.856620139451845e-07,3.263614304346444e-07,2.674707676791021e-07,8
2.5,1.0500000000000007,1.1605088938481306e-06,1.3655302386783475e-06,1.0753550629592e-06,3.6556030156216166e-07,2.92166372160296e-07,8
2.5,1.0800000000000007,1.2299912022000617e-06,1.4098851188023605e-06,1.1746357161221967e-06,4.099033537846154e-07,3.1944569163914634e-07,9
2.5,1.1100000000000008,1.3074509687768637e-06,1.4602294012827091e-06,1.2851061752288775e-06,4.602600967514217e-07,3.4974321759256665e-07,9
2.5,1.1400000000000008,1.3944269446231546e-06,1.517743377453037e-06,1.4088994952414069e-06,5.177706449235011e-07,3.836017860891615e-07,10
2.5,1.1700000000000008,1.4927091406892771e-06,1.5837969872459114e-06,1.5486140684578078e-06,5.838198693398726e-07,4.217082160873945e-07,11
2.5,1.2000000000000008,1.6046213796402506e-06,1.6601455672027543e-06,1.7075782976942637e-06,6.601870819091325e-07,4.64943998211139e-07,11
2.5,1.2300000000000009,1.733337120791292e-06,1.749203881505179e-06,1.890264680235135e-06,7.492473514414712e-07,5.144590137330314e-07,12
2.5,1.260000000000001,1.8828962923443508e-06,1.8540332293517121e-06,2.102473682084844e-06,8.540817582073988e-07,5.717814956889281e-07,13
2.5,1.290000000000001,2.0589177587396242e-06,1.9788891199411064e-06,2.3521924174957138e-06,9.789271549481753e-07,6.389868734398847e-07,15
2.5,1.320000000000001,2.2690183527943414e-06,2.129531370820759e-06,2.650353900370068e-06,1.129582165116819e-06,7.189659016648913e-07,16
2.5,1.350000000000001,2.5244222480539638e-06,2.3144496910280048e-06,3.012917544213246e-06,1.314502727736673e-06,8.158675806635e-07,18
2.5,1.380000000000001,2.841656742459928e-06,2.546133574271964e-06,3.463469127745382e-06,1.5461860286687698e-06,9.358660225671868e-07,21
2.5,1.410000000000001,3.2463486353580845e-06,2.8439622965775153e-06,4.038629601304119e-06,1.8440187777015477e-06,1.0885660352341792e-06,24
2.5,1.440000000000001,3.780914188970429e-06,3.239968724679626e-06,4.7988565339254865e-06,2.240029617785455e-06,1.2897680862179424e-06,29
2.5,1.470000000000001,4.520068099048894e-06,3.790616830365656e-06,5.850817077669399e-06,2.7906900443527915e-06,1.567421086241403e-06,35
2.5,1.500000000000001,5.609825941998777e-06,4.60621431142141e-06,7.402844429070133e-06,3.6063166769992194e-06,1.976070138140659e-06,43
2.5,1.5300000000000011,7.3788256447098795e-06,5.9350446340415e-06,9.923818559876976e-06,4.935169414771824e-06,2.6383522824354303e-06,59
2.5,1.5500000000000012,9.331973532344226e-06,7.405565154365073e-06,1.2708478773830078e-05,6.405733260416296e-06,3.3688282306376807e-06,73
2.5,1.5700000000000012,1.2676641713030262e-05,9.927363136364835e-06,1.7478540996304084e-05,8.927615473842382e-06,4.618590436786584e-06,103
2.5,1.5800000000000012,1.5436319144914268e-05,1.2009718208156843e-05,2.141504323917342e-05,1.1010064889532581e-05,5.649007377930804e-06,119
2.5,1.5900000000000012,1.972322315125188e-05,1.5245839525368832e-05,2.753071921720357e-05,1.4246365842479985e-05,7.2483367046767165e-06,155
2.5,1.6000000000000012,2.728840062200301e-05,2.0958575482341978e-05,3.8324252310568246e-05,1.995951588352223e-05,1.0066223204753328e-05,221
2.5,1.6100000000000012,4.41985286657627e-05,3.3731088589207794e-05,6.245311052291831e-05,3.2733430329863906e-05,1.6337190730449534e-05,369
2.5,1.615000000000001,6.392684781869063e-05,4.863394682278836e-05,9.060591139419094e-05,4.763874361482988e-05,2.3583065630006476e-05,519
2.5,1.616000000000001,7.016883479604204e-05,5.3349333373118736e-05,9.951388338087951e-05,5.2355092754609416e-05,2.5855231690441506e-05,483
2.5,1.6210000000000009,0.00013582647932639075,0.000102951083429863,0.00019322749129623495,0.0001019723502753363,4.888613383282452e-05,1137
2.5,1.6215000000000008,0.00014953453794111886,0.00011330725661282915,0.00021279606604512487,0.00011233300447993626,5.344073091696247e-05,1005
2.5,1.6220000000000008,0.0001661636660666604,0.00012587033544750472,0.00023653589400248092,0.00012490209441032006,5.882355481899561e-05,1121
2.5,1.6225000000000007,0.0001866907184683139,0.00014137837425995045,0.000265842467038685,0.00014041842376709347,6.523667770740149e-05,1263
2.5,1.6230000000000007,0.00021253819593884183,0.00016090614866779614,0.0003027482517743953,0.0001599580072943388,7.2921249183079e-05,1435
2.5,1.6235000000000006,0.0002458218182686459,0.00018605223287277247,0.0003502768510085245,0.00018512154588590715,8.213076590897185e-05,1647
2.5,1.6240000000000006,0.0002897325055572339,0.00021922765949059064,0.0004129898340547545,0.00021832387330757594,9.303542242944725e-05,1903
2.5,1.6245000000000005,0.00034907555054684267,0.0002640634206890499,0.0004977595951530416,0.00026320299004628744,0.00010546601187222493,2211
2.5,1.6246000000000005,0.0003633673547186956,0.0002748615293978599,0.0005181778214684655,0.00027401274332334246,0.00010806736631694753,1843
2.5,1.6251000000000004,0.00045062515082864267,0.0003407899921626686,0.0006428638094356429,0.0003400224275963303,0.00012083091174655131,2621
2.5,1.6252000000000004,0.00047176872261730016,0.00035676553508642633,0.0006730827878257303,0.0003560202719147883,0.00012317104383538556,2189
2.5,1.6253000000000004,0.0004943266612321348,0.0003738098724109193,0.0007053258518596951,0.00037308952937148784,0.00012537285562194903,2245
2.5,1.6254000000000004,0.0005183757818106631,0.00039198107069567367,0.0007397033235104567,0.00039128857722864623,0.00012740355358931493,2297
2.5,1.6255000000000004,0.0005439898123673585,0.0004113348678886441,0.0007763211839374908,0.00041067349077860197,0.00012922976956747056,2347
2.5,1.6256000000000004,0.00057123678745649,0.00043192270369976757,0.0008152773530154193,0.00043129607407373663,0.0001308188936796607,2393
2.5,1.6257000000000004,0.0006001778052753672,0.0004537907809275608,0.000856659912336381,0.0004532029187569695,0.0001321403425125356,2437
2.5,1.6258000000000004,0.0006308642100195632,0.0004769779358437045,0.0009005430783831108,0.00047643327293773,0.00013316719067457458,2473
2.5,1.6259000000000003,0.0006633374979848041,0.0005015155680198115,0.0009469870614759881,0.0005010189657431723,0.0001338773046560407,2507
2.5,1.6260000000000003,0.0006976259549804075,0.0005274250981056359,0.0009960332561993832,0.0005269818626713658,0.00013425494617672038,2533
2.5,1.6261000000000003,0.0007337452116577243,0.0005547183879349837,0.0010477050232763812,0.0005543342789991604,0.00013429142671899773,2553
2.5,1.6262000000000003,0.0007716966960994638,0.0005833965701496935,0.0011020054676901282,0.0005830778047130507,0.00013398582179948012,2565
2.5,1.6263000000000003,0.000811468370321249,0.0006134506045195485,0.0011589184772107502,0.0006132038544644864,0.00013334488341160713,2573
2.5,1.6264000000000003,0.0008530340639413264,0.0006448607730210808,0.0012184077565736806,0.0006446931577236469,0.00013238282671327098,2573
2.5,1.6265000000000003,0.0008963555401342615,0.0006775982408148369,0.0012804197647654952,0.0006775173137786156,0.0001311202668344089,2567
2.5,1.6266000000000003,0.000941383202038224,0.0007116255888563013,0.0013448847109980224,0.0007116393201353663,0.000129583148593103,2555
2.5,1.6267000000000003,0.0009880579006982815,0.0007468981793860421,0.0014117191256557957,0.000747014934120026,0.000127801321687983,2537
2.5,1.6268000000000002,0.00103631276273538,0.000783365536307746,0.001480828461288843,0.0007835940504038477,0.00012580707656116084,2513
2.5,1.6269000000000002,0.0010860754016436595,0.0008209730157841715,0.0015521102442072375,0.0008213223696578968,0.0001236336847143056,2487
2.5,1.6270000000000002,0.0011372687983888844,0.0008596624705124513,0.0016254553256465393,0.0008601420620029627,0.0001213142996037662,2455
2.5,1.6271000000000002,0.0011898143039477814,0.0008993745191280574,0.0017007521692194323,0.0008999940360193243,0.00011888071101493225,2421
2.5,1.6272000000000002,0.0012436322040637055,0.0009400489720449652,0.0017778876548524161,0.0009408183652270418,0.00011636270714614632,2385
2.5,1.6273000000000002,0.0012986433462371832,0.0009816260609749774,0.0018567494034783577,0.0009825555185697106,0.00011378747618046142,2347
2.5,1.6274000000000002,0.0013547700504395496,0.0010240471269301402,0.0019372270790367198,0.0010251470498031017,0.00011117930632312042,2305
2.5,1.6275000000000002,0.0014119375878778825,0.0010672557382233876,0.00201921450497683,0.001068536717286133,0.0001085593736208273,2263
2.5,1.6276000000000002,0.0014700740038468816,0.0011111975560453733,0.002102609412483126,0.0011126703512688411,0.00010594587118229276,2221
2.5,1.6277000000000001,0.0015291108700873299,0.0011558209033731245,0.002187314519522244,0.0011574964246936043,0.00010335409734841328,2179
2.5,1.6278000000000001,0.0015889833956783262,0.0012010768487763417,0.0022732376925474187,0.0012029661387838787,0.00010079668040540795,2135
2.5,1.6279000000000001,0.0016496312028320109,0.0012469197934546427,0.0023602930608856705,0.001249034012132396,9.82837627692208e-05,2093
2.5,1.6280000000000001,0.001710997235138718,0.0012933066453518118,0.0024483994570957974,0.0012956570560159705,9.582339274865815e-05,2049
2.5,1.6281,0.0017730289850299546,0.0013401977481650115,0.00253748217882954,0.0013427957055506992,9.342166798685799e-05,2007
2.5,1.6282,0.0018356774186793687,0.001387556068171628,0.0026274714529991626,0.0013904130074832116,9.108309838194663e-05,1967
2.5,1.6287,0.0021566954513037927,0.0016302423328482557,0.0030889176016053303,0.0016345679183033526,8.041122374285996e-05,2139
2.5,1.6288,0.0022222036075165647,0.0016797692220533618,0.003183150005531846,0.0016844236297918146,7.84836910315071e-05,1737
2.5,1.6293,0.0025547229408355815,0.0019311854752229317,0.0036618290501044502,0.0019376613587340885,6.98188856595234e-05,1889
2.5,1.6298,0.002893688886926032,0.0021875065993192085,0.0041504000835205085,0.0021961015526477294,6.25969272874373e-05,1717
2.5,1.6302999999999999,0.0032372603879815055,0.002447341895351454,0.004646240287424072,0.0024583552733831258,5.656139686457069e-05,1569
2.5,1.6307999999999998,0.0035841914690533713,0.0027097501362651818,0.005147574214027447,0.0027234823369604944,5.148276368743025e-05,1443
2.5,1.6312999999999998,0.0039336198766024184,0.0029740799300956833,0.005653172959435747,0.002990831993999884,4.717299508200917e-05,1335
2.5,1.6317999999999997,0.0042849353610953525,0.0032398702341988527,0.0061621666292548324,0.003259943612795347,4.3483178931007845e-05,1241
2.5,1.6322999999999996,0.004637696691969995,0.003506787675580697,0.00667392615724904,0.0035304840926019903,4.029670575976226e-05,1159
2.5,1.6327999999999996,0.004991578400034981,0.0037745863238044823,0.007187987443168992,0.0038022076893323166,3.7522328502034905e-05,1089
2.5,1.6332999999999995,0.005346335360936942,0.004043080937128196,0.0077040008826635194,0.004074929290822398,3.508833553873945e-05,1025
2.5,1.6337999999999995,0.0057017807062197485,0.004312130281266052,0.008221699915272393,0.004348507757559225,3.293795883714913e-05,969
2.5,1.6347999999999994,0.006414186177774282,0.004851477108937944,0.009261369444693187,0.0048978194925393785,2.9315713635033384e-05,933
2.5,1.6357999999999993,0.007127959738738388,0.0053919953882613485,0.010305804130426907,0.005449511850617051,2.6387934636975134e-05,849
2.5,1.6367999999999991,0.007842561074163415,0.0059332763653027615,0.011354232285812893,0.006003176300531678,2.397580833087628e-05,779
2.5,1.637799999999999,0.008557626096805843,0.006475044413522132,0.012406133480954349,0.006558537353989921,2.1956069054099655e-05,721
2.5,1.638799999999999,0.00927290043105977,0.007017106785098755,0.01346114370109229,0.00711540234750237,2.0241323793069734e-05,669
2.5,1.6397999999999988,0.009988201980530144,0.007559325340993435,0.014519002015775167,0.007673633195960767,1.8768048715306458e-05,627
2.5,1.6407999999999987,0.0107033959248355,0.008101597654232906,0.015579514877208565,0.008233127497290764,1.7489051894004347e-05,589
2.5,1.6417999999999986,0.01141838112378279,0.00864384674706023,0.0166425367772509,0.008793808282353084,1.636858493430039e-05,555
2.5,1.6427999999999985,0.012133079979348234,0.009186013429857323,0.01770795577616379,0.009355616354952091,1.5379100538823726e-05,525
2.5,1.6437999999999984,0.012847431950546977,0.009728051402160707,0.018775684254992972,0.009918505395125732,1.449904412999435e-05,499
2.5,1.6487999999999983,0.016412596506308077,0.012435239449714485,0.024146938400265393,0.012748092497256466,1.1244525822377569e-05,455
2.5,1.6537999999999982,0.019964667996913012,0.01513578717940361,0.0295694299485163,0.015601272528023635,9.152747157760989e-06,379
2.5,1.658799999999998,0.023502144276403195,0.017828493117796267,0.03504085185132005,0.01847683144809916,7.696250006965146e-06,327
2.5,1.663799999999998,0.027024290528161722,0.02051273755818487,0.040559988940213204,0.021374132474131648,6.624311216653106e-06,287
2.5,1.6687999999999978,0.030530698274397958,0.023188149310688574,0.04612608921505497,0.024292783240854276,5.802677668684965e-06,257
2.5,1.6737999999999977,0.03402111881493573,0.025854479754061535,0.05173862641559158,0.027232510162265387,5.153026188537884e-06,233
2.5,1.6837999999999977,0.04095340809484143,0.031159216654200923,0.06310147421581841,0.03317439528247085,4.1914844460237645e-06,207
2.5,1.6937999999999978,0.04782040247298057,0.036425925073337084,0.07464604655282699,0.03919849922258689,3.5144494203127516e-06,179
2.5,1.7037999999999978,0.05462176020870395,0.04165391897431481,0.0863704256796483,0.04530382539521939,3.012308230791607e-06,157
2.5,1.7137999999999978,0.06135736309964934,0.04684270325782344,0.09827299484026776,0.05148952906595725,2.6253324935459984e-06,143
2.5,1.7237999999999978,0.06802723533273607,0.051991910516338266,0.11035232649213725,0.05775485924054674,2.318203772416495e-06,129
2.5,1.7337999999999978,0.07463150445520544,0.05710126995155788,0.12260713062691306,0.06409913210956719,2.068700929483872e-06,119
2.5,1.7437999999999978,0.08117037684216705,0.06217058736036109,0.1350362227734026,0.07052171488312764,1.8621445566744877e-06,111
2.5,1.7537999999999978,0.08764412274898395,0.06719973259082392,0.1476385056192816,0.07702201666641618,1.6884478185236263e-06,103
2.5,1.7637999999999978,0.09405306557037245,0.07218863031881985,0.16041295628467292,0.08359948224060602,1.540450742281243e-06,97
2.5,1.7837999999999978,0.10667805165813293,0.08204561269010173,0.18647458359602614,0.09698383428214992,1.3019875332384137e-06,89
2.5,1.8037999999999978,0.11904870446401866,0.09174178082126351,0.2132140872670307,0.11067088794393708,1.1186213775244797e-06,81
2.5,1.8237999999999979,0.13116884873373186,0.10127790565791275,0.24062519510377667,0.1246571188969923,9.735945703883029e-07,75
2.5,1.8437999999999979,0.14304264704282982,0.110655173659563,0.2687022541078418,0.13893930278293534,8.563036163619269e-07,69
2.5,1.863799999999998,0.15467451051988854,0.11987510239993751,0.2974401355048764,0.15351447113578465,7.59712039110719e-07,63
2.5,1.883799999999998,0.1660690292670945,0.12893947364482714,0.32683416052550907,0.16837987696244808,6.789672147512056e-07,59
2.5,1.903799999999998,0.1772309170287133,0.13785027923050774,0.3568800404373232,0.1835329668942829,6.106145437894547e-07,57
2.5,1.923799999999998,0.18816496698142746,0.1466096770142997,0.38757382771160137,0.19897135845161396,5.52128186195021e-07,53
2.5,1.943799999999998,0.1988760164787946,0.15521995500160957,0.41891187645482175,0.21469282153606603,5.01618928785219e-07,51
2.5,1.963799999999998,0.20936891775777997,0.16368350099581136,0.45089080746149685,0.2306952620412509,4.5764579581473094e-07,49
2.5,1.993799999999998,0.22470983090401364,0.17610910045794043,0.5000540469815892,0.2552214736158666,4.015624702086685e-07,47
3.0,1e-16,4.4444429641916484e-07,9.999993336100649e-07,7.499995002075487e-39,1.111110741047912e-39,1.6666633333372046e-39,2
3.0,0.0300000000000001,4.448443929632034e-07,1.0000994231910657e-06,6.750671106539738e-10,1.0008998841672142e-10,1.500334597429603e-10,3
3.0,0.060000000000000095,4.4604585364466327e-07,1.0004007729462504e-06,2.7010820869548847e-09,4.0144126828019817e-10,6.00539442862359e-10,3
3.0,0.0900000000000001,4.4805220066187793e-07,1.0009066329282807e-06,6.080507795039318e-09,9.073057063403047e-10,1.352738426806478e-09,3
3.0,0.12000000000000009,4.508693379295396e-07,1.001622444442305e-06,1.081752239997691e-08,1.623129616546345e-09,2.4086768438870544e-09,3
3.0,0.15000000000000008,4.5450560578466533e-07,1.0025558784449398e-06,1.6918130448758378e-08,2.5565940325387452e-09,3.7712458322735965e-09,3
3.0,0.18000000000000008,4.589718609995833e-07,1.0037168907738034e-06,2.4390320445803444e-08,3.7176720740966277e-09,5.444208087820383e-09,3
3.0,0.21000000000000008,4.6428158371486685e-07,1.0051177951519532e-06,3.324427107465088e-08,5.118704460456411e-09,7.432233436531814e-09,3
3.0,0.24000000000000007,4.7045101347387327e-07,1.0067733552700267e-06,4.349260894766518e-08,6.774494594023779e-09,9.740943953224777e-09,3
3.0,0.2700000000000001,4.774993171694592e-07,1.0087008976500854e-06,5.515072157901845e-08,8.702425055413397e-09,1.2376969681005148e-08,3
3.0,0.30000000000000004,4.85452849965562e-07,1.0109218874796792e-06,6.823722740487837e-08,1.0922689124225147e-08,1.5348016265812297e-08,4
3.0,0.33000000000000007,4.943317521086255e-07,1.013457280518412e-06,8.277412338634134e-08,1.3458181951157335e-08,1.866294611975193e-08,4
3.0,0.3600000000000001,5.041680377635722e-07,1.0163339741173572e-06,9.878766228420718e-08,1.6335044423539748e-08,2.2331875075525452e-08,4
3.0,0.3900000000000001,5.149954460849815e-07,1.0195813542292976e-06,1.163087429837072e-07,1.9582701837381432e-08,2.6366286908614004e-08,4
3.0,0.42000000000000015,5.268522117850788e-07,1.0232323925738093e-06,1.3537364553751508e-07,2.3234182539721992e-08,3.077916859643617e-08,4
3.0,0.4500000000000002,5.397815489011807e-07,1.0273239638633353e-06,1.5602482701174417e-07,2.7326440913122293e-08,3.5585169779869834e-08,4
3.0,0.4800000000000002,5.538322169604893e-07,1.0318972168750806e-06,1.7831183907601407e-07,3.190073569692421e-08,4.08007906170678e-08,4
3.0,0.5100000000000002,5.690591836452714e-07,1.0369980088084387e-06,2.0229238656830635e-07,3.700307341653381e-08,4.644460310846204e-08,4
3.0,0.5400000000000003,5.855244010578073e-07,1.0426774144366432e-06,2.280335505372941e-07,4.26847288371142e-08,5.253751207043059e-08,4
3.0,0.5700000000000003,6.033035533069165e-07,1.0490019896717259e-06,2.55615559833258e-07,4.900333111735434e-08,5.9103063301915385e-08,5
3.0,0.6000000000000003,6.224667668182525e-07,1.0560203179778746e-06,2.8512548585402647e-07,5.602200901364278e-08,6.616780820639519e-08,5
3.0,0.6300000000000003,6.431072559780645e-07,1.0638100842342457e-06,3.166696668244294e-07,6.381231747442351e-08,7.376173628461479e-08,5
3.0,0.6600000000000004,6.653262921594572e-07,1.0724509664284836e-06,3.50369730732186e-07,7.245403321616497e-08,8.191878968043349e-08,5
3.0,0.6900000000000004,6.892388119367131e-07,1.0820323137466799e-06,3.863666884310961e-07,8.203664959076736e-08,9.067747746873843e-08,5
3.0,0.7200000000000004,7.149755771764473e-07,1.0926545860180985e-06,4.248241030438372e-07,9.266083480206768e-08,1.0008161192512144e-07,5
3.0,0.7500000000000004,7.426857657245873e-07,1.1044310817126401e-06,4.659318625975206e-07,1.044401858050202e-07,1.1018119491840298e-07,5
3.0,0.7800000000000005,7.725646237349087e-07,1.1175021833971308e-06,5.099162462841114e-07,1.1750707927007975e-07,1.2103349029800628e-07,6
3.0,0.8100000000000005,8.047705421174669e-07,1.131995359704565e-06,5.570266166266245e-07,1.3200248817081768e-07,1.3270432840288796e-07,6
3.0,0.8400000000000005,8.39547323849765e-07,1.1480856422976786e-06,6.075669219039323e-07,1.4809614792709875e-07,1.452697023586453e-07,6
3.0,0.8700000000000006,8.771582375311834e-07,1.16596469838704e-06,6.618890101568637e-07,1.6598026749683837e-07,1.5881773431284545e-07,6
3.0,0.9000000000000006,9.179286117512885e-07,1.1858752249116385e-06,7.204191991338214e-07,1.8588054387963618e-07,1.7345111456991767e-07,7
3.0,0.9300000000000006,9.621895126798667e-07,1.2080414316972108e-06,7.836262757061892e-07,2.0804942737920445e-07,1.8929015102360743e-07,7
3.0,0.9600000000000006,1.0103760773636457e-06,1.2327783591618197e-06,8.520964018526509e-07,2.3279064822458428e-07,2.064766137992502e-07,7
3.0,0.9900000000000007,1.0629892766849613e-06,1.2604398146681974e-06,9.265177967672266e-07,2.60458947519733e-07,2.2517862750623578e-07,7
3.0,1.0200000000000007,1.1206723927810912e-06,1.2914728521467557e-06,1.0077362665301147e-06,2.914868893623622e-07,2.4559695921183617e-07,8
3.0,1.0500000000000007,1.184075644209362e-06,1.3263386990663451e-06,1.0967163117904857e-06,3.263608494352059e-07,2.6797318973894134e-07,8
3.0,1.0800000000000007,1.2541355076499995e-06,1.3656931230861566e-06,1.1947083440757715e-06,3.6570591403074037e-07,2.9260046019874187e-07,9
3.0,1.1100000000000008,1.3318698636202589e-06,1.4102280464410413e-06,1.303156482015007e-06,4.1024921474163083e-07,3.198377941197064e-07,9
3.0,1.1400000000000008,1.4186683049406693e-06,1.4609063722489863e-06,1.423945441031089e-06,4.6092533227522413e-07,3.501294636944157e-07,10
3.0,1.1700000000000008,1.5161142290315325e-06,1.5188200145439008e-06,1.5593345384318616e-06,5.18852192030317e-07,3.840316041901175e-07,10
3.0,1.2000000000000008,1.6263908547392184e-06,1.5854738450216798e-06,1.7123117526234164e-06,5.855007077061195e-07,4.2224945107240594e-07,11
3.0,1.2300000000000009,1.7521665594097984e-06,1.6626851184216193e-06,1.8866072367450536e-06,6.62713196932772e-07,4.6569050288801945e-07,12
3.0,1.260000000000001,1.8969762025882094e-06,1.7528802754465838e-06,2.0871545439742506e-06,7.529098548072615e-07,5.155421655507222e-07,13
3.0,1.290000000000001,2.06554082953382e-06,1.85928148284748e-06,2.320522736704872e-06,8.593166236068086e-07,5.733881286658051e-07,14
3.0,1.320000000000001,2.2642893135594866e-06,1.9862786540744947e-06,2.5956689451445537e-06,9.86324424986514e-07,6.413880612995159e-07,15
3.0,1.350000000000001,2.5022886156257753e-06,2.1400615656429246e-06,2.925196652538177e-06,1.1401052504944956e-06,7.22564832403285e-07,17
3.0,1.380000000000001,2.7924741776141e-06,2.329447649302458e-06,3.327150077498706e-06,1.3294969559620749e-06,8.212826397765263e-07,19
3.0,1.410000000000001,3.154384103149959e-06,2.5677623106437705e-06,3.828726187343166e-06,1.5678077588681105e-06,9.440825265200222e-07,22
3.0,1.440000000000001,3.61853650888911e-06,2.8757880675077497e-06,4.4724256025880595e-06,1.8758493262081174e-06,1.1012313000815472e-06,25
3.0,1.470000000000001,4.235916353883194e-06,3.288289315470274e-06,5.329248286349795e-06,2.2883479122765524e-06,1.30981236621073e-06,30
3.0,1.500000000000001,5.0978977636342925e-06,3.867495528422798e-06,6.526398704213481e-06,2.867567492044294e-06,1.6005053075000968e-06,37
3.0,1.5300000000000011,6.386657133569876e-06,4.737540180053279e-06,8.317580855615053e-06,3.7376314209934363e-06,2.034464565760359e-06,47
3.0,1.5600000000000012,8.525359769263387e-06,6.186708115079242e-06,1.129197965164265e-05,5.186828883619853e-06,2.75363940711167e-06,65
3.0,1.5800000000000012,1.0956713437112564e-05,7.837909906335494e-06,1.4674918717631968e-05,6.838084856101962e-06,3.5704705770532473e-06,81
3.0,1.6000000000000012,1.5300831645680635e-05,1.0792239752613492e-05,2.0721100325017937e-05,9.792532253235622e-06,5.028609620822184e-06,115
3.0,1.6100000000000012,1.906861427780626e-05,1.3356521481848198e-05,2.5966079499824074e-05,1.2356938767375418e-05,6.292142606894881e-06,137
3.0,1.6200000000000012,2.5279411048078285e-05,1.758514316886618e-05,3.4612837299279356e-05,1.658582158864419e-05,8.372507546171572e-06,187
3.0,1.6300000000000012,3.744191376617718e-05,2.5868457643505947e-05,5.154742883477329e-05,2.4869855171339076e-05,1.2435524790652253e-05,287
3.0,1.6350000000000011,4.925690856309476e-05,3.391633896341413e-05,6.799950391910464e-05,3.291869984839479e-05,1.6364164096000942e-05,363
3.0,1.640000000000001,7.18420735757743e-05,4.9301688168813094e-05,9.94513653741299e-05,4.83066102723507e-05,2.3804221337514914e-05,545
3.0,1.641000000000001,7.906229400528027e-05,5.4220395388233275e-05,0.00010950680441509587,5.322633733580834e-05,2.615864610754669e-05,509
3.0,1.6420000000000008,8.787355589752506e-05,6.0223064242758366e-05,0.00012177844333575939,5.923037949072375e-05,2.9013147010783357e-05,573
3.0,1.6430000000000007,9.885661702199254e-05,6.770536845531509e-05,0.00013707539187849904,6.671459899085025e-05,3.253958253504998e-05,651
3.0,1.6440000000000006,0.00011290789638029603,7.727805178520243e-05,0.0001566466294272983,7.6290059057824e-05,3.6994056201715514e-05,751
3.0,1.6450000000000005,0.0001314786836860681,8.992991297206757e-05,0.00018251444456267947,8.894615125539817e-05,4.2770586478286514e-05,885
3.0,1.6460000000000004,0.00015706023184256697,0.000107358332871487,0.00021815073673653435,0.00010638144977369409,5.049324200367245e-05,1065
3.0,1.6465000000000003,0.00017378164210010304,0.00011875059878083598,0.00024144629284480684,0.00011777886786909756,5.5377231318442186e-05,1091
3.0,1.6470000000000002,0.0001942446727570546,0.00013269217973443785,0.00026995650073294037,0.00013172746188071032,6.116130619512643e-05,1221
3.0,1.6475000000000002,0.00021975175241648726,0.0001500705290082484,0.00030549740347608344,0.0001491156418612258,6.805227795033059e-05,1379
3.0,1.6480000000000001,0.00025221143991637987,0.00017218614398869578,0.0003507307779026062,0.00017124551462866397,7.627485490061874e-05,1573
3.0,1.6485,0.0002944639642152905,0.00020097443916577585,0.0004096189045105817,0.0002000553021242956,8.600861296023218e-05,1809
3.0,1.649,0.00035074960755215813,0.00023932502340719036,0.00048807963223039156,0.00023843967090135898,9.721521075971176e-05,2091
3.0,1.6491,0.00036419535672789884,0.0002484865338857854,0.0005068250885793769,0.00024761012337011544,9.959423021379185e-05,1741
3.0,1.6496,0.00044567240897454703,0.00030400376474714236,0.0006204367598964234,0.0003031887292902358,0.00011163827648161586,2479
3.0,1.6497,0.0004653097496864065,0.0003173846916386003,0.0006478242305294921,0.00031658629468673237,0.00011396105990576969,2071
3.0,1.6498,0.000486236604092461,0.000331644440690358,0.0006770123382858161,0.00033086456448312197,0.00011620477985239719,2125
3.0,1.6499,0.0005085307202918616,0.0003468360185422203,0.0007081099560475769,0.000346076768985551,0.0001183431155997007,2179
3.0,1.65,0.0005322687143692168,0.00036301166440640587,0.0007412244422598298,0.00036227539371754816,0.00012034807988268831,2231
3.0,1.6501,0.0005575253035255267,0.00038022232819931163,0.0007764605742698661,0.00037951165694341565,0.00012219059543457797,2283
3.0,1.6502,0.0005843707285708094,0.00039851591385171354,0.0008139169589288015,0.00039783375414742864,0.00012384150827148574,2329
3.0,1.6502999999999999,0.000612870537298107,0.0004179371326824445,0.0008536857293277394,0.0004172867086960924,0.00012527240438763972,2373
3.0,1.6503999999999999,0.0006430825220160688,0.00043852541584498463,0.0008958482762632143,0.0004379102845027529,0.00012645697484049942,2413
3.0,1.6504999999999999,0.0006750556855887142,0.0004603142100215546,0.0009404738027315778,0.00045973827866510424,0.00012737212978325077,2449
3.0,1.6505999999999998,0.0007088283722090717,0.0004833297032256805,0.000987616712882246,0.0004827972446735963,0.00012799921819628413,2479
3.0,1.6506999999999998,0.0007444273161220722,0.0005075901763334556,0.0010373152778207619,0.000507105840002992,0.00012832498588140622,2503
3.0,1.6507999999999998,0.00078186671360192,0.0005331053701218498,0.0010895903321409706,0.0005326741890749582,0.00012834232931315187,2523
3.0,1.6508999999999998,0.0008211470601609993,0.0005598756917836181,0.0011444436413886058,0.0005595030857965293,0.00012805082247421533,2535
3.0,1.6509999999999998,0.0008622561049926992,0.0005878928650740755,0.0012018592196338348,0.0005875846383113009,0.00012745658055823896,2541
3.0,1.6510999999999998,0.0009051686261227884,0.0006171397757986782,0.0012618030028028842,0.0006169021104965386,0.00012657201073214218,2541
3.0,1.6511999999999998,0.0009498474637570294,0.0006475911751448855,0.0013242242759376119,0.0006474306209538343,0.00012541507579651943,2535
3.0,1.6512999999999998,0.0009962449207280661,0.000679214633209773,0.0013890576131721049,0.0006791380927614997,0.00012400828790358544,2525
3.0,1.6513999999999998,0.0010443037756696972,0.0007119712282426117,0.0014562242785714486,0.0007119859398849361,0.00012237763608691405,2509
3.0,1.6514999999999997,0.001093959457165965,0.0007458170277805423,0.0015256352478812641,0.0007459305457140224,0.00012055129119877251,2487
3.0,1.6515999999999997,0.0011451417867011,0.0007807042757626293,0.0015971936309570477,0.000780924448622625,0.00011855842995694726,2461
3.0,1.6516999999999997,0.0011977765299243043,0.0008165824490319422,0.0016707968287138567,0.000816917397656491,0.00011642819756362277,2433
3.0,1.6517999999999997,0.0012517866759199497,0.0008533991284640655,0.0017463383123097526,0.0008538572234589641,0.00011418885680681697,2401
3.0,1.6518999999999997,0.0013070943821220956,0.0008911013244638508,0.0018237103335247517,0.0008916911639285072,0.00011186701747617492,2365
3.0,1.6519999999999997,0.0013636223932174036,0.0009296364439300912,0.00190280590325654,0.000930366831954797,0.00010948712252647751,2329
3.0,1.6520999999999997,0.001421294259810992,0.0009689524385600069,0.0019835190955943193,0.0009698323648659,0.0001070712425333317,2291
3.0,1.6521999999999997,0.0014800358317649009,0.001008998823094302,0.0020657471331631534,0.0010100374438729949,0.0001046388403794806,2251
3.0,1.6522999999999997,0.001539775892184226,0.001049727107507315,0.0021493912739932826,0.0010509337277269254,0.00010220675884922523,2211
3.0,1.6523999999999996,0.0016004461205628064,0.0010910907716045316,0.0022343567619654663,0.0010924748287691876,9.978935778735827e-05,2169
3.0,1.6524999999999996,0.0016619820507367564,0.0011330459186617025,0.002320554167941826,0.0011346169681093032,9.739859558901507e-05,2127
3.0,1.6525999999999996,0.001724322914017399,0.0011755511684627487,0.002407899173918356,0.0011773188701093837,9.504426500472051e-05,2087
3.0,1.6526999999999996,0.0017874112101265909,0.0012185673645973292,0.0024963119765181578,0.0012205414709198978,9.273425763588615e-05,2045
3.0,1.6527999999999996,0.0018511938404808684,0.0012620583482206402,0.002585718875029275,0.0012642486937887287,9.047468606767091e-05,2005
3.0,1.6528999999999996,0.0019156208766645418,0.0013059901178047318,0.002676050553395747,0.0013084066097201162,8.827021428656997e-05,1965
3.0,1.6533999999999995,0.0022459194271486032,0.0015312373675233255,0.0031394939380873736,0.0015349352048033135,7.815786254422909e-05,2143
3.0,1.6534999999999995,0.002313354186363175,0.0015772290429330418,0.0032341817894151422,0.0015812135879537544,7.632257871257358e-05,1741
3.0,1.6539999999999995,0.002655805547868398,0.001810810403628293,0.003715397245629282,0.0018163824325480844,6.804117753981436e-05,1897
3.0,1.6544999999999994,0.003005119668582823,0.0020491133544796106,0.0042068864515726395,0.0020565312946171184,6.110203871512132e-05,1725
3.0,1.6549999999999994,0.003359361894997158,0.002290820116372325,0.004705960176935027,0.002300344053611146,5.5279346740199924e-05,1579
3.0,1.6554999999999993,0.00371721293732023,0.0025350320056944857,0.005210784113343569,0.0025469230205895084,5.0364541532143815e-05,1453
3.0,1.6559999999999993,0.004077755222101639,0.002781123941125314,0.005720082228157367,0.002795643736189328,4.618367380102662e-05,1345
3.0,1.6564999999999992,0.004440336645900572,0.003028651653530116,0.006232947498927235,0.003046062335935538,4.259734945303065e-05,1253
3.0,1.6569999999999991,0.0048044836984060335,0.0032772925156891895,0.006748721188807124,0.0032978564655112034,3.949549642660286e-05,1171
3.0,1.657499999999999,0.0051698464032670175,0.003526808044683608,0.007266916337782159,0.0035507878338088706,3.6791431269629465e-05,1099
3.0,1.657999999999999,0.0055361609571380034,0.0037770184531783027,0.00778716581634212,0.003804676792344474,3.441669190895183e-05,1035
3.0,1.658499999999999,0.005903225461999879,0.004027786121405799,0.008309188592834985,0.004059385825635844,3.231687894332813e-05,979
3.0,1.6594999999999989,0.006639009141773837,0.004530587440478696,0.009357725331359059,0.004570858623912225,2.8776268447149184e-05,943
3.0,1.6604999999999988,0.007376293407698597,0.005034595453446593,0.010411267438964245,0.005084590151346088,2.5911470259746613e-05,859
3.0,1.6614999999999986,0.008114492121103815,0.005539410157406405,0.011468998017004352,0.005600180729321002,2.3549385428202915e-05,789
3.0,1.6624999999999985,0.008853209659126367,0.006044761329776926,0.012530365214346549,0.006117360377354924,2.1570361785928715e-05,729
3.0,1.6634999999999984,0.00959216978275557,0.006550460075693716,0.013594983280347793,0.006635940392579164,1.988939266133491e-05,677
3.0,1.6644999999999983,0.010331174015269238,0.0070563704767261,0.014662574664068131,0.007155785015634446,1.8444594383876212e-05,633
3.0,1.6654999999999982,0.011070075917403732,0.007562392065478433,0.015732934212830958,0.007676793913511488,1.7189934406332553e-05,595
3.0,1.666499999999998,0.011808765168853683,0.008068448982925585,0.016805907028778065,0.008198891342991345,1.6090509600823505e-05,561
3.0,1.667499999999998,0.012547157226967552,0.008574482935291837,0.017881374087183006,0.008722019111794304,1.511940179788625e-05,531
3.0,1.6684999999999979,0.013285186118481647,0.009080448282692945,0.018959242200535974,0.009246131668762137,1.4255534635299699e-05,505
3.0,1.6694999999999978,0.014022799437778368,0.009586308630420155,0.02003943705040729,0.009771192695664689,1.3482180711201693e-05,481
3.0,1.6744999999999977,0.017703405857922048,0.012113175798605423,0.025473556731595147,0.012409867320292964,1.0580164194477491e-05,443
3.0,1.6794999999999976,0.021369676078009523,0.014634627526740229,0.030960142661912597,0.015069469512295467,8.678945360145779e-06,373
3.0,1.6844999999999974,0.025020212071334227,0.01714962916472611,0.03649707227061306,0.017748964703986632,7.337979214580972e-06,321
3.0,1.6894999999999973,0.02865431265538709,0.01965762308186428,0.04208319061163236,0.020447790937560342,6.341883752024009e-06,283
3.0,1.6944999999999972,0.03227158190258439,0.022158261771560248,0.047717765484074484,0.0231655923330607,5.57303115088493e-06,255
3.0,1.6994999999999971,0.035871777333251975,0.02465130432087866,0.053400276324614755,0.025902115859893916,4.961784803634647e-06,231
3.0,1.7094999999999971,0.043020374530729474,0.029613918029885514,0.06490756898612725,0.03143058076998793,4.0516247483573885e-06,205
3.0,1.7194999999999971,0.050099382870812295,0.03454440464217697,0.07660256921514946,0.03703196396782963,3.4068050539933547e-06,179
3.0,1.7294999999999972,0.057108498898603643,0.039442016585340536,0.08848333995755761,0.0427053107319151,2.9264094295875845e-06,159
3.0,1.7394999999999972,0.06404764805882192,0.04430618724172233,0.10054824810283822,0.04844980809179457,2.5549253981400174e-06,143
3.0,1.7494999999999972,0.07091690326142076,0.0491364734912929,0.11279585514194447,0.05426473234665468,2.259295196056867e-06,129
3.0,1.7594999999999972,0.07771644369735826,0.053932525948200076,0.12522486346095502,0.06014942362128494,2.0186060681147925e-06,119
3.0,1.7694999999999972,0.08444652999903636,0.05869407050520155,0.13783408474085157,0.0661032711468786,1.8189824500348445e-06,111
3.0,1.7794999999999972,0.09110748851743847,0.06342089629576715,0.1506224208624942,0.07212570451649056,1.6508557219809452e-06,103
3.0,1.7894999999999972,0.09769970009543004,0.0681128468678338,0.1635888507611579,0.07821618775938015,1.5074134772963008e-06,97
3.0,1.8094999999999972,0.11067962625539816,0.07739172678877376,0.1900522323413587,0.09059930528042327,1.2759091095880167e-06,91
3.0,1.8294999999999972,0.12339015032974926,0.08653030778137005,0.21721726417377474,0.10324887532793255,1.0975624393366455e-06,81
3.0,1.8494999999999973,0.13583557291818038,0.09552871781278617,0.2450777493513641,0.11616149661536639,9.562906214228245e-07,75
3.0,1.8694999999999973,0.1480205298711886,0.1043875087697703,0.27362812565436484,0.1293340573802078,8.418895567627419e-07,69
3.0,1.8894999999999973,0.15994990024827965,0.11310757490778234,0.3028633674663046,0.14276369333822098,7.475730113591182e-07,65
3.0,1.9094999999999973,0.17162873397599968,0.12169008733190574,0.33277890746343153,0.15644775411078302,6.686525075161857e-07,61
3.0,1.9294999999999973,0.18306219533337903,0.13013644149091125,0.3633705750836452,0.17038377678146427,6.017852382193838e-07,57
3.0,1.9494999999999973,0.19425551759012685,0.13844821399726323,0.3946345457395131,0.1845694639852585,5.445239264688088e-07,53
3.0,1.9694999999999974,0.20521396674758205,0.14662712712410697,0.42656729915421937,0.199002665834922,4.950360564315781e-07,51
3.0,1.9894999999999974,0.2159428119972562,0.1546750190443914,0.4591655837239119,0.21368136439504012,4.5192250890417726e-07,49
