alpha,beta,q[0],q[1],q_hat[0],q_hat[1],"abs(chi[0, 1])",iteration
0.5,1e-16,9.999993336100655e-07,9.999993336100649e-07,3.333331112033549e-39,6.666662224067101e-39,4.444432592610568e-39,2
0.5,0.0300000000000001,1.000299512207559e-06,1.0005995108062542e-06,3.0017985324187824e-10,6.001797073245394e-10,3.999990038936289e-10,3
0.5,0.060000000000000095,1.0012022088436308e-06,1.002402204095915e-06,1.2028826449151015e-09,2.402885301224721e-09,1.6000003182269773e-09,3
0.5,0.0900000000000001,1.0027139183996674e-06,1.0054139232447952e-06,2.7146175927609524e-09,5.414655159358215e-09,3.60004277115552e-09,3
0.5,0.12000000000000009,1.0048455158384387e-06,1.009645617703751e-06,4.846298964978013e-09,9.646516952049027e-09,6.400277484754714e-09,3
0.5,0.15000000000000008,1.0076123426981034e-06,1.0151128473577767e-06,7.613346355183333e-09,1.5114185140471565e-08,1.000109753864624e-08,3
0.5,0.18000000000000008,1.0110343369258364e-06,1.0218360355677876e-06,1.1035829184132114e-08,2.183834167759808e-08,1.4403319685608577e-08,3
0.5,0.21000000000000008,1.0151379324432284e-06,1.029844216942548e-06,1.5138709989055465e-08,2.984505521383094e-08,1.9608418503690055e-08,4
0.5,0.24000000000000007,1.0199510947815156e-06,1.0391651646044082e-06,1.9951971160404647e-08,3.916612203961022e-08,2.561881376320998e-08,4
0.5,0.2700000000000001,1.025510009897146e-06,1.049838611445821e-06,2.551107825813346e-08,4.983978648100131e-08,3.2438212396762115e-08,4
0.5,0.30000000000000004,1.0318558662815588e-06,1.0619097838296725e-06,3.185729351489018e-08,6.191135197689355e-08,4.007200733970181e-08,4
0.5,0.33000000000000007,1.0390361034868562e-06,1.0754317614161441e-06,3.903817293940604e-08,7.543402111314578e-08,4.8527736716935044e-08,4
0.5,0.3600000000000001,1.0471049784853306e-06,1.0904664322668048e-06,4.710814987392599e-08,9.046987014113261e-08,5.7815608459554206e-08,4
0.5,0.3900000000000001,1.056124249568468e-06,1.1070856175098755e-06,5.612924080775072e-08,1.0709099890624273e-07,6.7949097527815e-08,4
0.5,0.42000000000000015,1.0661709567711826e-06,1.1253796867123565e-06,6.617232557868662e-08,1.2538170451629116e-07,7.894562560472291e-08,5
0.5,0.4500000000000002,1.0773150413789546e-06,1.1454346992979136e-06,7.731684220260922e-08,1.4543753058615897e-07,9.082733655479361e-08,5
0.5,0.4800000000000002,1.0896512038586058e-06,1.1673662441532596e-06,8.965372755097041e-08,1.67370424912682e-07,1.0362198529865004e-07,5
0.5,0.5100000000000002,1.1032822359844078e-06,1.191302758645554e-06,1.0328594917456962e-07,1.9130913971969648e-07,1.1736396332378834e-07,5
0.5,0.5400000000000003,1.118324912824117e-06,1.2173924601200967e-06,1.1833054712367351e-07,2.1740236305300856e-07,1.3209549116788587e-07,5
0.5,0.5700000000000003,1.1349121697178824e-06,1.2458065437911098e-06,1.349208486925773e-07,2.4582197596089353e-07,1.4786801740769508e-07,5
0.5,0.6000000000000003,1.1532078362535113e-06,1.2767650521592008e-06,1.5321180625910425e-07,2.76769880700843e-07,1.6474387564876162e-07,6
0.5,0.6300000000000003,1.1733686520300704e-06,1.3104661520060337e-06,1.7337467191039842e-07,3.1047334532715696e-07,1.827982667714658e-07,6
0.5,0.6600000000000004,1.1956029478954125e-06,1.3471920710689073e-06,1.9561228871920557e-07,3.472030960688282e-07,2.0212165454996436e-07,6
0.5,0.6900000000000004,1.2201429155597633e-06,1.387256198530303e-06,2.2015755870675933e-07,3.872733613986693e-07,2.2282269098678806e-07,6
0.5,0.7200000000000004,1.247279440917102e-06,1.4310496832357492e-06,2.4728538526313775e-07,4.310597747809509e-07,2.450318259045353e-07,7
0.5,0.7500000000000004,1.277297798910833e-06,1.4789708861348197e-06,2.77307041150279e-07,4.78986674591563e-07,2.689058082303523e-07,7
0.5,0.7800000000000005,1.3105831165335352e-06,1.5315474006282766e-06,3.1059781284741485e-07,5.315725120660024e-07,2.946333598971531e-07,7
0.5,0.8100000000000005,1.3475758606054813e-06,1.5893894772319888e-06,3.4759947867063635e-07,5.894296814288382e-07,3.224424079219124e-07,7
0.5,0.8400000000000005,1.388836622680897e-06,1.6532879021855013e-06,3.888533145940304e-07,6.533087473090947e-07,3.526094098298124e-07,8
0.5,0.8700000000000006,1.434947949350709e-06,1.724040684240956e-06,4.3497546463399374e-07,7.240747352423685e-07,3.8547152687779935e-07,8
0.5,0.9000000000000006,1.4867425965397269e-06,1.8028128755535086e-06,4.867594763994479e-07,8.028410021314535e-07,4.214427235581126e-07,9
0.5,0.9300000000000006,1.545106617854535e-06,1.8908611024539132e-06,5.451352558374638e-07,8.909084758549259e-07,4.6103536499020266e-07,9
0.5,0.9600000000000006,1.6112820918672972e-06,1.9899372574635648e-06,6.113087254928079e-07,9.899717172432685e-07,5.048896401850112e-07,10
0.5,0.9900000000000007,1.686724943979489e-06,2.102070716444227e-06,6.867465030623299e-07,1.1021060783961997e-06,5.538143399222686e-07,11
0.5,1.0200000000000007,1.7732862058004811e-06,2.22988809323842e-06,7.73325190735085e-07,1.2299513123432153e-06,6.088444537412812e-07,11
0.5,1.0500000000000007,1.8735246668767272e-06,2.3770021430558217e-06,8.735482875730157e-07,1.3770406301543964e-06,6.713242783011669e-07,13
0.5,1.0800000000000007,1.9905231198807177e-06,2.547758176442028e-06,9.905683790006618e-07,1.5478307780192483e-06,7.430302720766053e-07,13
0.5,1.1100000000000008,2.1287842460580066e-06,2.7485262434618003e-06,1.128819728189763e-06,1.748583379712049e-06,8.263577388286782e-07,15
0.5,1.1400000000000008,2.294219809048796e-06,2.987657798065565e-06,1.2942533581220043e-06,1.9877120425598798e-06,9.246137023301282e-07,17
0.5,1.1700000000000008,2.495302141889643e-06,3.277135638463074e-06,1.4953569918307028e-06,2.2772127346884915e-06,1.0424937914653487e-06,18
0.5,1.2000000000000008,2.7446516826358693e-06,3.6347894663122346e-06,1.744698943829875e-06,2.634865615330438e-06,1.1868937790400782e-06,21
0.5,1.2300000000000009,3.0612809972144054e-06,4.087523416858681e-06,2.0613380591218353e-06,3.0876080137904533e-06,1.3683660124365833e-06,24
0.5,1.260000000000001,3.476016253843578e-06,4.678915641234578e-06,2.4760821573413423e-06,3.6790156030680487e-06,1.6039097777717374e-06,28
0.5,1.290000000000001,4.04180983168758e-06,5.483850051360952e-06,3.0418916234899245e-06,4.483983827274207e-06,1.922777589557455e-06,33
0.5,1.320000000000001,4.858268559678184e-06,6.643197356194294e-06,3.858369024477652e-06,5.643364758922187e-06,2.379935335290995e-06,41
0.5,1.350000000000001,6.137110672653682e-06,8.456367589148726e-06,5.137243310407858e-06,7.456589467274234e-06,3.092258339892162e-06,54
0.5,1.370000000000001,7.484019178777497e-06,1.0364202310356374e-05,6.4841904387693015e-06,9.364503731098335e-06,3.839959247087607e-06,65
0.5,1.390000000000001,9.642561886172757e-06,1.3419814804397259e-05,8.642808061191993e-06,1.2420262546849607e-05,5.035440152596213e-06,87
0.5,1.410000000000001,1.3659052151867092e-05,1.910289061171476e-05,1.2659485608383388e-05,1.8103707722084668e-05,7.2552407107836775e-06,129
0.5,1.420000000000001,1.7316824236553075e-05,2.4277158987956763e-05,1.6317487794438698e-05,2.3278429593723784e-05,9.273416636978635e-06,157
0.5,1.430000000000001,2.3728865031887873e-05,3.3346454832862144e-05,2.2730055162573295e-05,3.234877073580505e-05,1.280424262174835e-05,223
0.5,1.440000000000001,3.786139343312798e-05,5.333380670660173e-05,3.686432719560317e-05,5.233959028195618e-05,2.0548621171287025e-05,370
0.5,1.445000000000001,5.400469328659831e-05,7.616373437068215e-05,5.3010593819781266e-05,7.517543313316639e-05,2.9306756439986008e-05,513
0.5,1.4460000000000008,5.903703905005937e-05,8.32803578171774e-05,5.804407754855383e-05,8.229432636159604e-05,3.201231354319991e-05,475
0.5,1.4510000000000007,0.0001099248441036448,0.0001552422780033682,0.00010894908245018991,0.0001542905844671054,5.843334721465792e-05,1079
0.5,1.4515000000000007,0.00012011460362192143,0.00016965147624944322,0.0001191435314839871,0.0001687091485991357,6.346718095605786e-05,942
0.5,1.4525000000000006,0.0001470719240179453,0.00020777081774538562,0.00014611526043531282,0.00020685727393092361,7.62750613209027e-05,1261
0.5,1.4530000000000005,0.00016530805763570044,0.00023355734660435317,0.00016436279072241006,0.00023266657270200645,8.448006622286826e-05,1307
0.5,1.4535000000000005,0.0001882470797347145,0.0002659933524084824,0.00018731803812811588,0.000265134999352181,9.422848723957819e-05,1483
0.5,1.4540000000000004,0.0002177160252583417,0.00030766181069112435,0.00021681091885702576,0.00030685128830337636,0.00010576017516306026,1696
0.5,1.4545000000000003,0.00025641797338307195,0.000362383970279377,0.00025554958219997816,0.0003616468240363461,0.00011914115741339745,1951
0.5,1.4550000000000003,0.00030830111480922287,0.0004357407468105319,0.00030749135150552224,0.0004351207783859969,0.00013391939724681382,2247
0.5,1.4551000000000003,0.00032071386370695153,0.00045329047200353605,0.00031991972451784806,0.00045270173217045785,0.00013693217430690995,1868
0.5,1.4556000000000002,0.0003957458260086624,0.0005593703172904354,0.00039505926930302916,0.0005589966146577982,0.00015117538019527736,2625
0.5,1.4557000000000002,0.00041373009125247456,0.0005847954078861347,0.0004130726710585862,0.0005844799449049307,0.00015366040167000996,2181
0.5,1.4558000000000002,0.00043283417829029344,0.0006118032209878949,0.00043220912778814,0.0006115524608506285,0.000155947798281576,2229
0.5,1.4559000000000002,0.0004531088173416482,0.0006404653980301518,0.00045251971897306524,0.0006402865020289751,0.00015800307865693726,2275
0.5,1.4560000000000002,0.00047460080282242436,0.0006708480070877138,0.00047405161358449996,0.0006707488850214395,0.0001597927632319237,2317
0.5,1.4561000000000002,0.0004973521042649806,0.0007030102858772753,0.0004968471790089593,0.000702999642942246,0.0001612856115936627,2356
0.5,1.4562000000000002,0.0005213982860223131,0.0007370024078007163,0.0005209423986886064,0.0007370897867298063,0.00016245409375208945,2390
0.5,1.4563000000000001,0.0005467678703277383,0.0007728645819827163,0.0005463662315089149,0.0007730603983811542,0.00016327559487405252,2420
0.5,1.4564000000000001,0.000573481020602707,0.0008106251925760565,0.0005731392913910862,0.0008109407622281211,0.00016373368572322172,2444
0.5,1.4565000000000001,0.000601549298485466,0.0008503004562608569,0.0006012735993610821,0.0008507480132000031,0.00016381889484320706,2463
0.5,1.4566000000000001,0.0006309749939644462,0.0008918934765789881,0.0006307719088429614,0.0008924861809769765,0.00016352931173388346,2477
0.5,1.4567,0.0006617510444299323,0.0009353941309886918,0.0006616276194037916,0.0009361460664743939,0.00016287069647270578,2485
0.5,1.4568,0.0006938614090011312,0.0009807796016767548,0.0006938251458397413,0.0009817057623746218,0.00016185612083163044,2487
0.5,1.4569,0.0007272815268819641,0.001028015025245806,0.0007273403716766093,0.0010291312929971552,0.00016050527334014172,2483
0.5,1.457,0.0007619791724068952,0.0010770547031393166,0.000762141499834865,0.0010783778161098702,0.00015884340694054442,2474
0.5,1.4571,0.0007979152980309873,0.0011278432950442472,0.000798189891951998,0.0011293908086711883,0.00015690012562329477,2460
0.5,1.4572,0.0008350452918193138,0.0011803175979263874,0.0008354413229164031,0.0011821078403274818,0.00015470799391112947,2442
0.5,1.4573,0.0008733200179472764,0.0012344080182910067,0.0008738470192691189,0.0012364600411585657,0.00015230122614315694,2420
0.5,1.4574,0.0009126869994133162,0.0012900402451919138,0.0009133548405938813,0.00129237377200933,0.00014971443658590646,2393
0.5,1.4575,0.0009530918996881406,0.0013471373452841866,0.0009539107607318686,0.0013497727195545934,0.0001469814779238554,2364
0.5,1.4576,0.0009944789952314433,0.001405620431807739,0.0009954593402763182,0.0014085785637571833,0.0001441346994741917,2332
0.5,1.4577,0.0010367925116106349,0.0014654105533160892,0.0010379450633981107,0.0014687128692490925,0.00014120419529627378,2298
0.5,1.4578,0.0010799772596342305,0.0015264295932580346,0.0010813129750669895,0.001530097986540248,0.0001382173974004706,2263
0.5,1.4579,0.0011239790605753943,0.0015886008710775876,0.001125509107325793,0.0015926576551138127,0.00013519886615419557,2225
0.5,1.458,0.0011687458081421338,0.0016518506430573858,0.0011704815434627467,0.0016563185093996363,0.00013217009185396332,2187
0.5,1.4581,0.0012142272096216631,0.001716107736413038,0.0012161801601217803,0.0017210097138871884,0.0001291496561952765,2148
0.5,1.4582,0.0012603754694357331,0.001781304515141467,0.0012625573131235322,0.0017866639338655834,0.00012615328392383716,2109
0.5,1.4583,0.0013071452444573298,0.0018473768162232266,0.0013095677939548985,0.0018532172744943427,0.00012319407739893419,2070
0.5,1.4584,0.0013544938005052686,0.0019142641709250002,0.0013571689883511487,0.0019206095050834661,0.00012028273818808282,2031
0.5,1.4585,0.0014023810346588145,0.001981909835283606,0.0014053208997030402,0.0019887840932695,0.00011742782040489206,1992
0.5,1.4589999999999999,0.0016486721680037738,0.0023297792802932497,0.0016531189627179712,0.002339664746172293,0.00010418001557225194,2186
0.5,1.4590999999999998,0.0016990893480319312,0.002400981398673725,0.0017038747050307098,0.002411543349147072,0.00010175384606903288,1770
0.5,1.4595999999999998,0.0019556421859858513,0.002763254622814228,0.001962308838237366,0.002777575337651305,9.07453437352012e-05,1939
0.5,1.4600999999999997,0.0022180180847538263,0.0031336712778081044,0.0022268829197085284,0.0031523833552814552,8.146467212096518e-05,1764
0.5,1.4605999999999997,0.0024845871173861805,0.0035099257680850796,0.0024959694735897046,0.003533666527000935,7.365286643320709e-05,1613
0.5,1.4610999999999996,0.0027542350651690957,0.0038904421101331865,0.002768455736484199,0.0039198516003787955,6.704979054311005e-05,1485
0.5,1.4615999999999996,0.003026186182085673,0.004274123158032355,0.003043566856270458,0.004309843036408765,6.143040092580148e-05,1374
0.5,1.4620999999999995,0.0032998898686326618,0.004660190265503273,0.003320752802697969,0.004702863147444103,5.6610840070277496e-05,1278
0.5,1.4625999999999995,0.003574947159558851,0.005048079286325274,0.0035996149832295673,0.00509834835386254,5.24443199891161e-05,1194
0.5,1.4630999999999994,0.0038510634504829683,0.005437373697834773,0.0038798590447262095,0.005495882457415346,4.881449883388625e-05,1120
0.5,1.4635999999999993,0.004128017295967697,0.005827760461878652,0.004161263715430459,0.005895152590002735,4.562912783673544e-05,1055
0.5,1.4640999999999993,0.004405639368360124,0.006219000260346576,0.0044436597891553305,0.006295919500608147,4.281474386470967e-05,997
0.5,1.4650999999999992,0.004962390931033281,0.007003336359079016,0.005010929208283639,0.007101241004082395,3.807475770604728e-05,961
0.5,1.466099999999999,0.005520563706943907,0.007789316387757043,0.005580913318701469,0.007910780865763491,3.424531137813143e-05,874
0.5,1.467099999999999,0.006079670322816242,0.008576252468813291,0.0061531249858642586,0.008723850307619121,3.109223749687577e-05,802
0.5,1.4680999999999989,0.006639382618832816,0.009363681910346046,0.006727236171935746,0.00953998551859884,2.8453811658157575e-05,741
0.5,1.4690999999999987,0.007199471949946261,0.010151282764713285,0.007303018284870835,0.010358863310287713,2.6215272060138516e-05,689
0.5,1.4700999999999986,0.00775977416115934,0.010938824290708719,0.007880307177840712,0.011180251624033539,2.4293181891412437e-05,644
0.5,1.4710999999999985,0.008320168426962796,0.011726137023974863,0.008458982003622854,0.01200397963061364,2.262555520653547e-05,605
0.5,1.4720999999999984,0.008880563720129202,0.012513093637052029,0.009038951687721257,0.01282991860434749,2.1165451869472292e-05,570
0.5,1.4730999999999983,0.009440890286522298,0.013299596884013583,0.009620146413930613,0.013657969880782002,1.987671343707596e-05,539
0.5,1.4740999999999982,0.010001093667425895,0.014085571142138351,0.010202511644681639,0.014488056404928173,1.8731060203567982e-05,512
0.5,1.475099999999998,0.010561130549271852,0.014870956549003056,0.01078600397427207,0.015320116860255235,1.7706071228273604e-05,487
0.5,1.480099999999998,0.013357800577866577,0.018787660894348874,0.013719351252827666,0.019508586952205285,1.3865264887023516e-05,451
0.5,1.4850999999999979,0.016147020046700353,0.02268519875644972,0.016677568386191447,0.023741738739272503,1.135393262065596e-05,378
0.5,1.4900999999999978,0.018927594535504657,0.02656204763999298,0.019659439240455143,0.028017862160480855,9.58514456968119e-06,327
0.5,1.4950999999999977,0.02169889666301619,0.03041748312584172,0.022664310118321214,0.032336043134232544,8.272684780883654e-06,288
0.5,1.5000999999999975,0.024460548221036802,0.03425112948086885,0.02569177233777007,0.03669571460426961,7.260534295182213e-06,258
0.5,1.5050999999999974,0.027212296568719135,0.03806278499705077,0.028741538955618862,0.041096482139302,6.456461964405732e-06,235
0.5,1.5150999999999974,0.03268539889757543,0.045619760529655225,0.03490714603510522,0.05002016579160484,5.260272835974469e-06,209
0.5,1.5250999999999975,0.038117188689269305,0.05308815293072309,0.041159776025679294,0.05910527537946916,4.413728274956137e-06,181
0.5,1.5350999999999975,0.04350700670145355,0.06046815949382802,0.047498384477663545,0.0683504359675063,3.7836494481106004e-06,161
0.5,1.5450999999999975,0.04885439511443556,0.06776021663601954,0.05392208990004556,0.0777545059964463,3.2968512983663162e-06,145
0.5,1.5550999999999975,0.054159031306987813,0.07496490907231111,0.06043011303198168,0.08731649045093703,2.909785617108942e-06,132
0.5,1.5650999999999975,0.05942069331260718,0.08208292349887307,0.06702174702747037,0.09703549789985574,2.594920057165117e-06,122
0.5,1.5750999999999975,0.06463923908198878,0.08911502153179117,0.0736963408034105,0.1069107163029741,2.333996021023101e-06,113
0.5,1.5850999999999975,0.06981459292552508,0.09606202256366805,0.08045328908559438,0.11694139842428668,2.114427555788595e-06,105
0.5,1.5950999999999975,0.07494673543351794,0.10292479137342832,0.08729202547049372,0.12712685157955034,1.927257244652412e-06,99
0.5,1.6150999999999975,0.08508154451538745,0.11640126383193684,0.1012127617100943,0.14795952908889312,1.6255670871961035e-06,92
0.5,1.6350999999999976,0.09504437499493137,0.1295519560290654,0.11545463081364613,0.16940405320459448,1.3935696635850826e-06,84
0.5,1.6550999999999976,0.10483646254775408,0.14238467883386785,0.13001410856515816,0.19145626249821945,1.2101421930762712e-06,77
0.5,1.6750999999999976,0.11445945466235335,0.1549074124957173,0.14488800157185192,0.21411243503264707,1.0618885985142457e-06,71
0.5,1.6950999999999976,0.12391532180072766,0.16712821480981355,0.16007339916335528,0.23736921729985216,9.399034088225604e-07,66
0.5,1.7150999999999976,0.1332062874335057,0.17905515208487152,0.1755676357995138,0.2612235692301762,8.38036445266651e-07,62
0.5,1.7350999999999976,0.14233477194755215,0.19069624651226819,0.19136826072063104,0.28567272031668833,7.519045110048193e-07,59
0.5,1.7550999999999977,0.15130334715274701,0.20205943583776972,0.2074730129162661,0.31071413386801494,6.783000183210759e-07,56
0.5,1.7750999999999977,0.16011469921141325,0.2131525426489898,0.22387980032254584,0.3363454776815497,6.148222139697517e-07,53
0.5,1.7950999999999977,0.1687715981357648,0.22398325092590657,0.24058668209715237,0.3625645994498886,5.596390134191039e-07,51
0.5,1.8150999999999977,0.1772768725116626,0.23455908831105204,0.25759185332870704,0.38936950575148044,5.113284798194247e-07,48
0.5,1.8450999999999977,0.1897567647373198,0.24996100982743819,0.28365525486335985,0.4306711954858061,4.493621220296597e-07,47
0.5,1.8750999999999978,0.20191170281127477,0.26483006235759243,0.3103808339658644,0.4732810327357049,3.975083522602206e-07,44
0.5,1.9050999999999978,0.2137514367186844,0.27918937740763006,0.3377638680971361,0.517193832715284,3.5366077075740685e-07,42
0.5,1.9350999999999978,0.2252856412209108,0.2930611229305375,0.36580006686325817,0.5624048785309145,3.1624621750577494e-07,40
0.5,1.9650999999999978,0.23652385717752278,0.30646650197223696,0.39448552115922936,0.6089098577809251,2.840672455925367e-07,38
0.5,1.9950999999999979,0.24747544795601734,0.31942576389171107,0.423816660002385,0.6567048099530898,2.5619722049666767e-07,37
1.0,1e-16,9.999993336100655e-07,9.999993336100649e-07,4.999996668050324e-39,4.999996668050327e-39,4.99998666668689e-39,2
1.0,0.0300000000000001,1.0004495340067565e-06,1.0004495340067565e-06,4.502022903030434e-10,4.502022903030434e-10,4.499988895051474e-10,3
1.0,0.060000000000000095,1.0018025666295027e-06,1.0018025666295027e-06,1.8032446199331104e-09,1.8032446199331104e-09,1.800001005997191e-09,3
1.0,0.0900000000000001,1.0040657466016592e-06,1.0040657466016588e-06,4.0664662737367264e-09,4.066466273736728e-09,4.050055498765145e-09,3
1.0,0.12000000000000009,1.0072513502392978e-06,1.0072513502392978e-06,7.252209721722956e-09,7.252209721722956e-09,7.2003536456288255e-09,3
1.0,0.15000000000000008,1.011376760068814e-06,1.0113767600688142e-06,1.1377988550774171e-08,1.1377988550774168e-08,1.1251392968931902e-08,3
1.0,0.18000000000000008,1.016464681145364e-06,1.016464681145364e-06,1.646672783455491e-08,1.646672783455491e-08,1.620420726355982e-08,3
1.0,0.21000000000000008,1.0225463250601975e-06,1.0225463250601975e-06,2.2547146467577374e-08,2.2547146467577374e-08,2.2060663084591093e-08,4
1.0,0.24000000000000007,1.0296530562969044e-06,1.0296530562969046e-06,2.965400802135087e-08,2.9654008021350863e-08,2.8823823803346244e-08,4
1.0,0.2700000000000001,1.037827614421047e-06,1.037827614421047e-06,3.782881654564718e-08,3.782881654564718e-08,3.649838320988338e-08,4
1.0,0.30000000000000004,1.0471186722260126e-06,1.0471186722260126e-06,4.712034025017058e-08,4.712034025017058e-08,4.5091171895128485e-08,4
1.0,0.33000000000000007,1.0575828872774432e-06,1.0575828872774432e-06,5.758538821225681e-08,5.758538821225681e-08,5.4611741373603085e-08,4
1.0,0.3600000000000001,1.069285787316235e-06,1.0692857873162348e-06,6.928971901809205e-08,6.928971901809206e-08,6.507303321260922e-08,4
1.0,0.3900000000000001,1.0823028297067173e-06,1.0823028297067175e-06,8.230913019919591e-08,8.23091301991959e-08,7.649214344523356e-08,4
1.0,0.42000000000000015,1.0967296906052941e-06,1.0967296906052941e-06,9.673155871138702e-08,9.673155871138702e-08,8.88911964306707e-08,5
1.0,0.4500000000000002,1.112653522294605e-06,1.112653522294605e-06,1.1265616913232884e-07,1.1265616913232884e-07,1.0229834731565176e-07,5
1.0,0.4800000000000002,1.1301944449809691e-06,1.1301944449809694e-06,1.3019840006180776e-07,1.3019840006180776e-07,1.1674893863602531e-07,5
1.0,0.5100000000000002,1.1494843262916958e-06,1.1494843262916958e-06,1.4949043663423515e-07,1.4949043663423515e-07,1.322868448343035e-07,5
1.0,0.5400000000000003,1.1706747961380068e-06,1.1706747961380068e-06,1.7068438527692156e-07,1.7068438527692156e-07,1.4896604910220954e-07,5
1.0,0.5700000000000003,1.1939405495252571e-06,1.1939405495252571e-06,1.939556422703782e-07,1.939556422703782e-07,1.6685251085797922e-07,5
1.0,0.6000000000000003,1.2195053652237889e-06,1.219505365223789e-06,2.1951096574028228e-07,2.1951096574028222e-07,1.860264004801237e-07,6
1.0,0.6300000000000003,1.2475719485542008e-06,1.2475719485542008e-06,2.475806531905814e-07,2.475806531905814e-07,2.065848023816375e-07,6
1.0,0.6600000000000004,1.278427809961189e-06,1.278427809961189e-06,2.784415770095473e-07,2.784415770095473e-07,2.286450203658386e-07,6
1.0,0.6900000000000004,1.3123933293468189e-06,1.3123933293468189e-06,3.1241523205101055e-07,3.1241523205101055e-07,2.5234866437512424e-07,6
1.0,0.7200000000000004,1.3498775247665966e-06,1.3498775247665961e-06,3.4988825441950216e-07,3.4988825441950226e-07,2.7786675990933046e-07,7
1.0,0.7500000000000004,1.3912803194178263e-06,1.3912803194178263e-06,3.912975898362641e-07,3.912975898362641e-07,3.0540620903185087e-07,7
1.0,0.7800000000000005,1.4371542081848153e-06,1.437154208184815e-06,4.3718231012982126e-07,4.371823101298213e-07,3.352180560191285e-07,7
1.0,0.8100000000000005,1.4881804998804915e-06,1.4881804998804917e-06,4.881976129857959e-07,4.881976129857959e-07,3.676081910918355e-07,8
1.0,0.8400000000000005,1.5450733922309436e-06,1.5450733922309436e-06,5.451018927790776e-07,5.451018927790776e-07,4.0295138989752056e-07,8
1.0,0.8700000000000006,1.6088480039936788e-06,1.6088480039936788e-06,6.088685271114085e-07,6.088685271114085e-07,4.417099812993784e-07,9
1.0,0.9000000000000006,1.6806130461762285e-06,1.6806130461762285e-06,6.806482837013735e-07,6.806482837013735e-07,4.844590404366825e-07,9
1.0,0.9300000000000006,1.7619077024786797e-06,1.7619077024786793e-06,7.619369859369059e-07,7.61936985936906e-07,5.319209409322222e-07,10
1.0,0.9600000000000006,1.8545491292434765e-06,1.8545491292434765e-06,8.54576238755395e-07,8.54576238755395e-07,5.850136001495255e-07,11
1.0,0.9900000000000007,1.960879125790627e-06,1.960879125790627e-06,9.60928815593698e-07,9.60928815593698e-07,6.449191986797856e-07,11
1.0,1.0200000000000007,2.084093382642019e-06,2.0840933826420192e-06,1.0841453776503797e-06,1.0841453776503795e-06,7.131842847557123e-07,12
1.0,1.0500000000000007,2.228279524847042e-06,2.228279524847042e-06,1.2283390880719337e-06,1.2283390880719337e-06,7.918693636770266e-07,13
1.0,1.0800000000000007,2.3991178590734506e-06,2.39911785907345e-06,1.3991655354116382e-06,1.3991655354116384e-06,8.837790618103877e-07,15
1.0,1.1100000000000008,2.604330516538703e-06,2.604330516538703e-06,1.6043978147136703e-06,1.6043978147136703e-06,9.92828486659376e-07,16
1.0,1.1400000000000008,2.8553035659900326e-06,2.855303565990032e-06,1.8553762571803255e-06,1.855376257180326e-06,1.124650062349611e-06,18
1.0,1.1700000000000008,3.1688508014701854e-06,3.1688508014701863e-06,2.1689199310662724e-06,2.1689199310662715e-06,1.28764759756764e-06,21
1.0,1.2000000000000008,3.571131750857007e-06,3.5711317508570095e-06,2.57121486061705e-06,2.5712148606170484e-06,1.494935900685807e-06,24
1.0,1.2300000000000009,4.10551507101029e-06,4.105515071010289e-06,3.1056168754657376e-06,3.105616875465738e-06,1.7681751155482663e-06,28
1.0,1.260000000000001,4.849074405027879e-06,4.84907440502788e-06,3.849195262711137e-06,3.849195262711136e-06,2.1458787686136768e-06,34
1.0,1.290000000000001,5.953250138420739e-06,5.953250138420735e-06,4.953401777672979e-06,4.953401777672983e-06,2.703754103436334e-06,43
1.0,1.320000000000001,7.762442026665722e-06,7.762442026665724e-06,6.762639493631189e-06,6.762639493631187e-06,3.6138674502199437e-06,59
1.0,1.340000000000001,9.782018611218722e-06,9.782018611218717e-06,8.782296309152177e-06,8.78229630915218e-06,4.627062643800908e-06,73
1.0,1.360000000000001,1.329198802485144e-05,1.3291988024851448e-05,1.2292430525382636e-05,1.229243052538263e-05,6.3845123904471215e-06,103
1.0,1.370000000000001,1.6236977222813187e-05,1.6236977222813193e-05,1.5237591274749063e-05,1.5237591274749057e-05,7.857026154782526e-06,121
1.0,1.380000000000001,2.0900339374998545e-05,2.090033937499853e-05,1.9901303152873628e-05,1.9901303152873645e-05,1.0185931433939155e-05,160
1.0,1.390000000000001,2.940144363592807e-05,2.9401443635928058e-05,2.8403264624488343e-05,2.8403264624488353e-05,1.442247144951241e-05,233
1.0,1.400000000000001,4.9747672982451847e-05,4.9747672982451874e-05,4.875271952280291e-05,4.875271952280288e-05,2.4501321136147346e-05,410
1.0,1.405000000000001,7.609783644962099e-05,7.609783644962105e-05,7.510951579873169e-05,7.510951579873164e-05,3.7365406840035265e-05,613
1.0,1.4060000000000008,8.50823836613633e-05,8.50823836613633e-05,8.409695949379749e-05,8.409695949379749e-05,4.168674214917274e-05,585
1.0,1.4070000000000007,9.643758676381176e-05,9.643758676381172e-05,9.545628609969664e-05,9.545628609969668e-05,4.709160689625665e-05,671
1.0,1.4080000000000006,0.00011121813374397281,0.00011121813374397284,0.00011024297314730577,0.00011024297314730575,5.4020620165583825e-05,783
1.0,1.4090000000000005,0.00013118784685674071,0.00013118784685674033,0.00013022236989779825,0.00013022236989779863,6.316606875985013e-05,934
1.0,1.4100000000000004,0.0001594980844252373,0.0001594980844252371,0.00015854907082290702,0.00015854907082290723,7.564333653864681e-05,1144
1.0,1.4105000000000003,0.00017849232355359335,0.0001784923235535931,0.00017755615362809502,0.00017755615362809526,8.365561922235176e-05,1181
1.0,1.4110000000000003,0.0002022423021005299,0.00020224230210053005,0.00020132422317014476,0.0002013242231701446,9.32297087590273e-05,1338
1.0,1.4115000000000002,0.00023258063232245693,0.00023258063232245674,0.00023168894725071154,0.00023168894725071173,0.00010469130916189552,1530
1.0,1.4120000000000001,0.00027225394630920154,0.00027225394630919927,0.0002714023359651441,0.0002714023359651464,0.00011830302646979608,1765
1.0,1.4125,0.0003253927207316274,0.0003253927207316274,0.0003246046602361055,0.0003246046602361055,0.00013400802783874877,2047
1.0,1.4126,0.00033813047932902094,0.00033813047932902083,0.00033735933219525353,0.00033735933219525364,0.00013734219665104515,1693
1.0,1.4131,0.00041561604453447084,0.0004156160445344714,0.00041496178383524545,0.0004149617838352449,0.00015417334340299424,2435
1.0,1.4132,0.0004343559547855516,0.000434355954785551,0.0004337335748250579,0.0004337335748250585,0.00015739871027179643,2020
1.0,1.4133,0.00045434893189800536,0.00045434893189800324,0.0004537621152632657,0.0004537621152632678,0.0001605020696974279,2075
1.0,1.4134,0.00047567041939360695,0.0004756704193936076,0.0004751232937638127,0.00047512329376381203,0.00016344453851062731,2129
1.0,1.4135,0.0004983947191595691,0.0004983947191595702,0.0004978919011872781,0.000497891901187277,0.00016618494174277875,2181
1.0,1.4136,0.0005225934818284342,0.0005225934818284337,0.0005221401215310779,0.0005221401215310783,0.00016868090743891794,2230
1.0,1.4137,0.0005483342599722229,0.0005483342599722238,0.0005479360843076736,0.0005479360843076728,0.00017089020769869503,2277
1.0,1.4138,0.0005756782666700871,0.0005756782666700887,0.0005753416215333053,0.0005753416215333037,0.00017277250876006074,2320
1.0,1.4139,0.0006046790167219101,0.000604679016721909,0.0006044109050692896,0.0006044109050692907,0.0001742910757861655,2358
1.0,1.414,0.0006353807571229408,0.0006353807571229407,0.0006351888721342894,0.0006351888721342896,0.00017541456607298575,2392
1.0,1.4141,0.0006678164966277568,0.0006678164966277588,0.0006677092486374827,0.0006677092486374808,0.0001761188392955145,2420
1.0,1.4142,0.0007020074359172595,0.0007020074359172614,0.0007019939714146405,0.0007019939714146385,0.00017638820096434513,2443
1.0,1.4143,0.0007379615998341487,0.000737961599834151,0.0007380518119499225,0.0007380518119499203,0.00017621648976087675,2459
1.0,1.4143999999999999,0.0007756741250049539,0.0007756741250049525,0.0007758786547582337,0.0007758786547582351,0.00017560731117063325,2469
1.0,1.4144999999999999,0.0008151270392149604,0.0008151270392149578,0.0008154572675567196,0.0008154572675567222,0.00017457391649520096,2473
1.0,1.4145999999999999,0.0008562901095817318,0.0008562901095817337,0.0008567581406298286,0.0008567581406298268,0.00017313835713032025,2472
1.0,1.4146999999999998,0.0008991215115243804,0.0008991215115243832,0.0008997401475847798,0.000899740147584777,0.00017133029904398638,2464
1.0,1.4147999999999998,0.0009435698264571203,0.000943569826457118,0.0009443525364995605,0.0009443525364995627,0.0001691852522779047,2450
1.0,1.4148999999999998,0.0009895754711518672,0.0009895754711518624,0.000990536353882228,0.0009905363538822327,0.00016674282018493296,2432
1.0,1.4149999999999998,0.001037072044377323,0.0010370720443773271,0.0010382257870266965,0.0010382257870266923,0.00016404497225565838,2409
1.0,1.4150999999999998,0.001085988583243493,0.001085988583243493,0.0010873504183568229,0.0010873504183568229,0.00016113423793546393,2382
1.0,1.4151999999999998,0.0011362510462360309,0.0011362510462360309,0.0011378367072960738,0.0011378367072960738,0.0001580522902162366,2352
1.0,1.4152999999999998,0.0011877837510644498,0.001187783751064453,0.0011896094281401075,0.0011896094281401042,0.0001548387898571703,2319
1.0,1.4153999999999998,0.0012405109220534447,0.0012405109220534453,0.0012425932188769853,0.0012425932188769846,0.00015153047842291945,2284
1.0,1.4154999999999998,0.0012943575269209725,0.0012943575269209733,0.0012967134194146598,0.001296713419414659,0.0001481606662609345,2246
1.0,1.4155999999999997,0.0013492506906410478,0.0013492506906410484,0.0013518974887358648,0.0013518974887358642,0.00014475883628364944,2207
1.0,1.4156999999999997,0.0014051200052990931,0.0014051200052990819,0.0014080753169246265,0.0014080753169246377,0.0001413506336026526,2168
1.0,1.4157999999999997,0.0014618978466182952,0.001461897846618304,0.0014651795441423493,0.0014651795441423402,0.00013795797472728182,2127
1.0,1.4158999999999997,0.0015195205180451423,0.0015195205180451444,0.0015231467094070092,0.001523146709407007,0.00013459912427498907,2087
1.0,1.4159999999999997,0.0015779274636122588,0.0015779274636122552,0.0015819164642402663,0.00158191646424027,0.000131289133648783,2046
1.0,1.4160999999999997,0.001637062154145752,0.001637062154145751,0.0016414324634577684,0.0016414324634577695,0.00012804004551600134,2005
1.0,1.4161999999999997,0.001696871789703544,0.001696871789703544,0.0017016420696161936,0.0017016420696161936,0.00012486128551461944,1965
1.0,1.4166999999999996,0.002004440573436522,0.0020044405734365245,0.002011495091790502,0.0020114950917904995,0.00011021090693150291,2154
1.0,1.4167999999999996,0.0020673836676011535,0.002067383667601158,0.0020749526072942844,0.00207495260729428,0.00010754610308978767,1738
1.0,1.4172999999999996,0.002387544380482023,0.002387544380482025,0.002397977101846475,0.0023979771018464735,9.552569108479267e-05,1902
1.0,1.4177999999999995,0.002714733933327835,0.002714733933327838,0.002728520492429527,0.002728520492429524,8.548007106017158e-05,1726
1.0,1.4182999999999995,0.0030469189548173532,0.00304691895481735,0.003064552830687811,0.003064552830687814,7.708414740584829e-05,1575
1.0,1.4187999999999994,0.003382727768444432,0.0033827277684444143,0.00340470440359222,0.003404704403592238,7.002780500166332e-05,1447
1.0,1.4192999999999993,0.0037212155709158137,0.003721215570915812,0.0037480315620176423,0.0037480315620176444,6.405039347544793e-05,1337
1.0,1.4197999999999993,0.004061717367745423,0.0040617173677454195,0.004093870003662836,0.0040938700036628395,5.8943080157049504e-05,1242
1.0,1.4202999999999992,0.004403754715138599,0.004403754715138602,0.004441741701480345,0.004441741701480342,5.4541499349861846e-05,1159
1.0,1.4207999999999992,0.0047469764587703715,0.004746976458770361,0.004791295750021902,0.004791295750021913,5.071679769046124e-05,1087
1.0,1.4212999999999991,0.005091119657703254,0.005091119657703254,0.005142269347780644,0.005142269347780644,4.7367696655476974e-05,1023
1.0,1.421799999999999,0.005435984304326862,0.005435984304326862,0.005494462557798767,0.005494462557798767,4.4414102982674016e-05,966
1.0,1.422799999999999,0.00612729280066273,0.006127292800662738,0.006201922736791377,0.00620192273679137,3.9450698153042305e-05,931
1.0,1.4237999999999988,0.0068200168725124095,0.006820016872512411,0.006912791062432898,0.006912791062432895,3.545035358654652e-05,846
1.0,1.4247999999999987,0.007513587595377185,0.007513587595377175,0.007626498183238445,0.007626498183238455,3.2162647830136244e-05,775
1.0,1.4257999999999986,0.008207623673562888,0.008207623673562906,0.00834266222849176,0.008342662228491742,2.9415576461952085e-05,716
1.0,1.4267999999999985,0.008901860157786438,0.008901860157786422,0.009061017583770686,0.009061017583770701,2.7087599740473558e-05,666
1.0,1.4277999999999984,0.009596107405617414,0.009596107405617412,0.00978137388555535,0.009781373885555352,2.5090646958411982e-05,622
1.0,1.4287999999999983,0.010290226439654864,0.010290226439654878,0.010503591403617694,0.01050359140361768,2.3359464101085407e-05,584
1.0,1.4297999999999982,0.010984112881792123,0.010984112881792123,0.011227564979386394,0.011227564979386394,2.18447451548237e-05,551
1.0,1.430799999999998,0.01167768676969037,0.011677686769690374,0.011953213848194182,0.011953213848194179,2.0508579817987193e-05,521
1.0,1.431799999999998,0.012370886035985363,0.01237088603598536,0.012680475128985198,0.012680475128985201,1.9321363328665948e-05,494
1.0,1.4367999999999979,0.01582984380855259,0.0158298438085526,0.016339519189237775,0.016339519189237765,1.4940786182102025e-05,453
1.0,1.4417999999999978,0.01927493811387378,0.019274938113873787,0.020034247701455184,0.020034247701455177,1.2133665161169017e-05,377
1.0,1.4467999999999976,0.022704659073003314,0.022704659073003314,0.023763039480250377,0.023763039480250377,1.0183128451320556e-05,324
1.0,1.4517999999999975,0.026118279516778243,0.026118279516778257,0.027525052363164656,0.027525052363164642,8.749815530169602e-06,285
1.0,1.4567999999999974,0.029515403100266235,0.029515403100266225,0.03131977177984306,0.031319771779843075,7.6525387958373e-06,255
1.0,1.4617999999999973,0.0328957954478345,0.032895795447834504,0.03514684222992742,0.035146842229927415,6.78582202915103e-06,231
1.0,1.4717999999999973,0.03960585714888846,0.03960585714888846,0.042897009616020915,0.042897009616020915,5.504570380357199e-06,205
1.0,1.4817999999999973,0.04624783405990614,0.046247834059906116,0.050773907013835766,0.05077390701383579,4.603703284177392e-06,178
1.0,1.4917999999999974,0.052821512646096455,0.05282151264609646,0.05877627298056648,0.05877627298056647,3.936371818679953e-06,157
1.0,1.5017999999999974,0.05932690430189705,0.05932690430189701,0.06690304609083399,0.06690304609083404,3.42267124899578e-06,141
1.0,1.5117999999999974,0.06576416411019198,0.06576416411019198,0.07515328882982146,0.07515328882982146,3.0154027838596372e-06,129
1.0,1.5217999999999974,0.07213354983668845,0.07213354983668842,0.08352615102004608,0.08352615102004612,2.684895409863388e-06,118
1.0,1.5317999999999974,0.0784353985639404,0.07843539856394038,0.09202085040215448,0.09202085040215449,2.4115614416514625e-06,110
1.0,1.5417999999999974,0.08467011021249683,0.08467011021249679,0.10063665940106593,0.10063665940106598,2.1819489355876744e-06,102
1.0,1.5517999999999974,0.09083813703865717,0.09083813703865719,0.10937289767780643,0.10937289767780642,1.986513803725557e-06,96
1.0,1.5717999999999974,0.10297615434161798,0.10297615434161798,0.12720413885186613,0.12720413885186613,1.6721046710669187e-06,90
1.0,1.5917999999999974,0.11485381917457019,0.11485381917457019,0.14550986782127967,0.14550986782127967,1.4308654838061731e-06,81
1.0,1.6117999999999975,0.1264759238189974,0.1264759238189974,0.1642858531838351,0.1642858531838351,1.2404924415907253e-06,75
1.0,1.6317999999999975,0.13784756035509224,0.13784756035509224,0.18352825960885133,0.18352825960885133,1.0868807037932062e-06,69
1.0,1.6517999999999975,0.14897402812605973,0.14897402812605978,0.20323358998805824,0.20323358998805816,9.606752302740928e-07,64
1.0,1.6717999999999975,0.15986076140422947,0.15986076140422947,0.22339863916334168,0.22339863916334168,8.554277576366823e-07,60
1.0,1.6917999999999975,0.17051327290893734,0.17051327290893734,0.24402045698529834,0.24402045698529834,7.665501463434745e-07,57
1.0,1.7117999999999975,0.18093710903787807,0.18093710903787807,0.2650963178085641,0.2650963178085641,6.906895885793066e-07,54
1.0,1.7317999999999976,0.19113781445762829,0.19113781445762829,0.2866236952425975,0.2866236952425975,6.253397766550673e-07,51
1.0,1.7517999999999976,0.20112090386113074,0.20112090386113074,0.3086002407003824,0.3086002407003824,5.68590217186572e-07,49
1.0,1.7817999999999976,0.21569943766290783,0.2156994376629078,0.3424024995769386,0.34240249957693863,4.964396681166634e-07,47
1.0,1.8117999999999976,0.22981873322001345,0.22981873322001345,0.37720369769022066,0.37720369769022066,4.3662844797522227e-07,44
1.0,1.8417999999999977,0.24349646331252087,0.2434964633125208,0.41299766784619585,0.4129976678461959,3.864649095651028e-07,42
1.0,1.8717999999999977,0.25674978083270145,0.25674978083270145,0.44977878999386356,0.44977878999386356,3.439697374367115e-07,40
1.0,1.9017999999999977,0.2695952747895618,0.2695952747895618,0.48754192357928333,0.48754192357928333,3.076564519192555e-07,38
1.0,1.9317999999999977,0.28204894407064796,0.2820489440706479,0.5262823508353678,0.5262823508353679,2.763882288041264e-07,37
1.0,1.9617999999999978,0.29412618443789523,0.29412618443789523,0.5659957287314236,0.5659957287314236,2.4928178328935315e-07,35
1.0,1.9917999999999978,0.3058417857791109,0.3058417857791109,0.6066780486722809,0.6066780486722809,2.2564121479260585e-07,34
1.5,1e-16,9.999993336100655e-07,9.999993336100649e-07,5.99999600166039e-39,3.999997334440262e-39,4.799987200019416e-39,2
1.5,0.0300000000000001,1.0005395254864194e-06,1.0003595263272018e-06,5.401941442166927e-10,3.6019422917511336e-10,4.3199893042580543e-10,3
1.5,0.060000000000000095,1.0021624355684187e-06,1.0014424383755774e-06,2.163115666891254e-09,1.4431139072185277e-09,1.7280007418112718e-09,3
1.5,0.0900000000000001,1.0048750911943511e-06,1.0032550874474759e-06,4.875819724994743e-09,3.2557952954697047e-09,3.888050727863597e-09,3
1.5,0.12000000000000009,1.0086893017339359e-06,1.005809234642697e-06,8.690191787312916e-09,5.81005037798748e-09,6.912325165894145e-09,3
1.5,0.15000000000000008,1.0136218249942395e-06,1.0091214962763634e-06,1.3623140199730922e-08,9.122596424948166e-09,1.0801282562645188e-08,3
1.5,0.18000000000000008,1.0196946144784748e-06,1.013213511294173e-06,1.969687065955874e-08,1.3215242203641046e-08,1.5555875633446824e-08,3
1.5,0.21000000000000008,1.026938472320207e-06,1.018114396530964e-06,2.6939306932209335e-08,1.8115194651728464e-08,2.1177824499154854e-08,4
1.5,0.24000000000000007,1.0353834421720925e-06,1.0238543202001185e-06,3.538440530611612e-08,2.3855234507645026e-08,2.7669952081682114e-08,4
1.5,0.2700000000000001,1.045071691239313e-06,1.0304731507210458e-06,4.507289561253857e-08,3.047429051653838e-08,3.503658344766085e-08,4
1.5,0.30000000000000004,1.0560512318495194e-06,1.0380162829814681e-06,5.60528792809993e-08,3.801784434658271e-08,4.328401195926284e-08,4
1.5,0.33000000000000007,1.0683782437287532e-06,1.0465362399156355e-06,6.838067791608767e-08,4.653855629682451e-08,5.2421036617497145e-08,4
1.5,0.3600000000000001,1.0821180402138764e-06,1.0560933857948472e-06,8.212182167940738e-08,5.609699920468739e-08,6.245957701750319e-08,4
1.5,0.3900000000000001,1.097346214400136e-06,1.0667567850461831e-06,9.735222420331475e-08,6.676254368410432e-08,7.341537498969068e-08,4
1.5,0.42000000000000015,1.114158428604693e-06,1.07861343040663e-06,1.1416044547423782e-07,7.86150187223472e-08,8.530879541987707e-08,5
1.5,0.4500000000000002,1.1326437807572618e-06,1.0917419691988858e-06,1.3264664925766476e-07,9.174414624133829e-08,9.816574312273821e-08,5
1.5,0.4800000000000002,1.1529237479757822e-06,1.1062502866700325e-06,1.5292803962926545e-07,1.0625345261344818e-07,1.1201871823360995e-07,5
1.5,0.5100000000000002,1.1751326463340275e-06,1.1222560040725546e-06,1.7513927199556303e-07,1.2226080052459233e-07,1.2690803977278466e-07,5
1.5,0.5400000000000003,1.1994253977457786e-06,1.1398935463742132e-06,1.9943577487363258e-07,1.3990097839306779e-07,1.428832762830465e-07,5
1.5,0.5700000000000003,1.225980940564423e-06,1.1593168734871127e-06,2.2599723131757798e-07,1.5932848303575259e-07,1.6000493448005598e-07,5
1.5,0.6000000000000003,1.2550299897796433e-06,1.1807194618158322e-06,2.5503540375222004e-07,1.8072431852826884e-07,1.7834647264317834e-07,6
1.5,0.6300000000000003,1.28677933371536e-06,1.204281587822901e-06,2.8678761732414604e-07,2.0428908702065078e-07,1.9799672646185068e-07,6
1.5,0.6600000000000004,1.3215253890221574e-06,1.2302507855775335e-06,3.2153834531854457e-07,2.3026258378322098e-07,2.190628630966381e-07,6
1.5,0.6900000000000004,1.3595978011470481e-06,1.258903118975013e-06,3.596182649664027e-07,2.5892180525044417e-07,2.416740175512044e-07,6
1.5,0.7200000000000004,1.401413621366107e-06,1.290588957888904e-06,4.014247894617652e-07,2.905971285264763e-07,2.6598581789922683e-07,7
1.5,0.7500000000000004,1.4473888938298972e-06,1.325649494295836e-06,4.474067043248453e-07,3.256625011117273e-07,2.921860793824923e-07,7
1.5,0.7800000000000005,1.4980879124520082e-06,1.3645536513293767e-06,4.981166648812763e-07,3.6457467437432117e-07,3.205020507525542e-07,7
1.5,0.8100000000000005,1.5542070480292923e-06,1.407872163564637e-06,5.542229559088557e-07,4.07886097684808e-07,3.5120974531971026e-07,8
1.5,0.8400000000000005,1.6164753515105042e-06,1.4562109603983059e-06,6.165014721942277e-07,4.562340032103253e-07,3.84646105810316e-07,8
1.5,0.8700000000000006,1.6859189157418248e-06,1.5104137248589308e-06,6.859392890074358e-07,5.104288109299955e-07,4.212250731185302e-07,9
1.5,0.9000000000000006,1.7636671585194618e-06,1.571402537167346e-06,7.637016330633313e-07,5.714281593603064e-07,4.6145911565651716e-07,9
1.5,0.9300000000000006,1.8512638276212408e-06,1.6404405779205858e-06,8.5129023350611e-07,6.404632338038454e-07,5.059885224674287e-07,10
1.5,0.9600000000000006,1.950484388959328e-06,1.7189864635676346e-06,9.505307548943606e-07,7.190265651459676e-07,5.55621944680803e-07,10
1.5,0.9900000000000007,2.063784002071245e-06,1.8090509352330238e-06,1.0638304929731337e-06,8.090858801720121e-07,6.113935716058978e-07,11
1.5,1.0200000000000007,2.1941844704360613e-06,1.91309358799784e-06,1.1942295413717734e-06,9.131318092166725e-07,6.746454944700919e-07,12
1.5,1.0500000000000007,2.3457150936807484e-06,2.034419813439063e-06,1.3457687065899424e-06,1.0344603563132116e-06,7.471492239131623e-07,13
1.5,1.0800000000000007,2.523808392579574e-06,2.177455786475019e-06,1.5238706576066796e-06,1.1775080436419277e-06,8.31289942496951e-07,14
1.5,1.1100000000000008,2.7359944931711383e-06,2.3483617724147985e-06,1.7360499238753665e-06,1.3484075260144657e-06,9.303548234502103e-07,16
1.5,1.1400000000000008,2.9927949111013613e-06,2.5557267366347126e-06,1.9928534801582866e-06,1.555774506586934e-06,1.0490011008832622e-06,18
1.5,1.1700000000000008,3.309702452685916e-06,2.8122023943766374e-06,2.309774314597311e-06,1.812260674992703e-06,1.1940497631482267e-06,20
1.5,1.2000000000000008,3.710394217204463e-06,3.137125065231192e-06,2.710476056359754e-06,2.137187069109774e-06,1.375903775990618e-06,23
1.5,1.2300000000000009,4.2327585963876104e-06,3.5614272852635807e-06,3.232850003925168e-06,2.5614961921899303e-06,1.6112506185832884e-06,27
1.5,1.260000000000001,4.941618727865517e-06,4.138038794820099e-06,3.94173023439384e-06,3.1381255569437226e-06,1.9286470345652782e-06,32
1.5,1.290000000000001,5.9579198798134015e-06,4.965717507963999e-06,4.958070303001742e-06,3.965829788798999e-06,2.381346812665961e-06,39
1.5,1.320000000000001,7.536168471608344e-06,6.25226303049807e-06,6.536365862603913e-06,5.2524079779721595e-06,3.081350488891611e-06,51
1.5,1.340000000000001,9.181913778966845e-06,7.594638479020766e-06,8.182159711757825e-06,6.594817752605157e-06,3.8092332783770268e-06,62
1.5,1.360000000000001,1.1785730408261188e-05,9.71929902839278e-06,1.0786089289749188e-05,8.71955478524797e-06,4.9587067401611615e-06,82
1.5,1.380000000000001,1.6526182308757386e-05,1.3588545339318854e-05,1.552681544651932e-05,1.2588984635519044e-05,7.04776862763373e-06,119
1.5,1.390000000000001,2.0730268048045436e-05,1.70205282308229e-05,1.9731217556863788e-05,1.602118035825146e-05,8.897881118666586e-06,143
1.5,1.400000000000001,2.7853792213012573e-05,2.283625491037541e-05,2.6855435774601526e-05,2.183737309500189e-05,1.2027866138976964e-05,198
1.5,1.410000000000001,4.2540589800442524e-05,3.482747605072436e-05,4.154430308186712e-05,3.382997863290396e-05,1.8458447536763713e-05,314
1.5,1.415000000000001,5.7816186862026425e-05,4.729985280338467e-05,5.682296866755421e-05,4.6304405895928416e-05,2.5104200249549285e-05,412
1.5,1.4200000000000008,9.012535464360846e-05,7.36805683819639e-05,8.914169885123532e-05,7.269150604134892e-05,3.895367740352847e-05,663
1.5,1.4210000000000007,0.00010140645580367391,8.289180715703844e-05,0.00010042712134535136,8.19056292893866e-05,4.3704311157983704e-05,640
1.5,1.4220000000000006,0.00011585551872262134,9.468982253593613e-05,0.00011488246506765365,9.37078362882853e-05,4.971135253263276e-05,739
1.5,1.4230000000000005,0.00013498005842054646,0.00011030559672890245,0.00013401660100719595,0.00010933001388698358,5.751102326201165e-05,871
1.5,1.4240000000000004,0.0001613751620711017,0.00013185821430657351,0.00016042735342423596,0.0001308930722575562,6.79541003502165e-05,1051
1.5,1.4245000000000003,0.00017865841491813473,0.00014597077818296746,0.00017772236374894338,0.00014501348008659316,7.456662078084202e-05,1074
1.5,1.4250000000000003,0.00019984018297986047,0.0001632667869104927,0.00019892017150207163,0.0001623201886253917,8.240433974280681e-05,1205
1.5,1.4255000000000002,0.0002262875687991722,0.00018486264140785458,0.00022539010601309485,0.00018393108430010007,9.174869996145295e-05,1363
1.5,1.4260000000000002,0.00026000884887709855,0.00021239837348820638,0.00025914419695638246,0.00021148870159168277,0.00010290286034106006,1557
1.5,1.4265,0.00030399766267976585,0.00024831877104678304,0.0003031826555522003,0.0002474422111127187,0.00011610059038513121,1792
1.5,1.427,0.0003627267451697207,0.0002962766955901838,0.00036199009635267814,0.00029545239610588494,0.0001312588869573962,2073
1.5,1.4271,0.0003767733196913334,0.0003077472242810468,0.0003760574589649692,0.0003069367888747626,0.00013446737532250792,1719
1.5,1.4276,0.0004619794860323815,0.0003773284349869553,0.0004614066646433161,0.00037661339391893207,0.00015061572680471897,2458
1.5,1.4277,0.0004825294071314464,0.0003941102747827022,0.0004819954370153885,0.0003934211435134191,0.00015370216145878043,2044
1.5,1.4278,0.0005044310854389041,0.0004119961500848938,0.000503940384956179,0.0004113358750683547,0.00015667012852306586,2098
1.5,1.4279,0.0005277643133369917,0.0004310512503168831,0.000527321825339763,0.0004304231277270136,0.00015948320330036624,2151
1.5,1.428,0.0005526074685409581,0.0004513396135556398,0.0005522187111173063,0.00045074732325168994,0.00016210294237313925,2202
1.5,1.4281,0.0005790361708812838,0.00047292302997801127,0.0005787072885055639,0.0004723706694412581,0.00016448985071853466,2251
1.5,1.4282,0.0006071213891352453,0.0004958594958575928,0.00060685920298757,0.0004953516139218782,0.00016660468602448127,2297
1.5,1.4283,0.0006369277511973986,0.0005202018337682045,0.000636739807164072,0.0005197434625673758,0.00016840992494071864,2339
1.5,1.4284,0.0006685118435513852,0.0005459963037795621,0.0006684064561579613,0.0005455929880289823,0.00016987136345975683,2377
1.5,1.4284999999999999,0.0007019203012509602,0.0005732810434739291,0.0007019065920034095,0.0005729388661025598,0.00017095980293319475,2410
1.5,1.4285999999999999,0.000737188495336412,0.0006020849957318332,0.0007372764237214242,0.0006018105985070211,0.0001716525354452464,2438
1.5,1.4286999999999999,0.0007743392277034638,0.0006324268424004435,0.0007745396134955914,0.0006322274408462025,0.00017193462875677074,2461
1.5,1.4287999999999998,0.0008133818236918446,0.0006643142626484177,0.0008137063594517269,0.0006641976544473475,0.0001717998164121448,2478
1.5,1.4288999999999998,0.0008543118876186926,0.0006977437326088075,0.0008547731407793276,0.0006977182990041598,0.00017125085069303824,2488
1.5,1.4289999999999998,0.0008971117482887416,0.0007327008884126761,0.0008977231529250655,0.000732775588634916,0.00017029927686857123,2493
1.5,1.4290999999999998,0.0009417503883792863,0.0007691604676134149,0.0009425262265194083,0.0007693448266059714,0.000168964907515786,2491
1.5,1.4291999999999998,0.0009881852955630774,0.0008070878201369795,0.0009891406698011045,0.0008073919101517109,0.00016727453136474766,2484
1.5,1.4292999999999998,0.001036363167483471,0.0008464394830946653,0.0010375139651342831,0.0008468738999774398,0.00016526062351537044,2471
1.5,1.4293999999999998,0.0010862221539077663,0.0008871650112400003,0.0010875850054228755,0.0008877408465399441,0.0001629596040543274,2454
1.5,1.4294999999999998,0.001137692939413303,0.0009292078603383495,0.0011392851712005432,0.0009299366701304547,0.0001604103314989556,2431
1.5,1.4295999999999998,0.0011907014460909922,0.0009725075940682194,0.0011925410316142213,0.000973401366067749,0.00015765237123957314,2405
1.5,1.4296999999999997,0.0012451697817313144,0.0010170006577898886,0.0012472752900481309,0.0010180717772219675,0.00015472479016189278,2376
1.5,1.4297999999999997,0.0013010180475898222,0.0010626218546154554,0.001303408591984307,0.001063883070093571,0.00015166499910385572,2343
1.5,1.4298999999999997,0.0013581662609061802,0.001109305915511926,0.0013608614497389356,0.0011107703059832362,0.00014850782750148864,2309
1.5,1.4299999999999997,0.0014165346729476526,0.0011569877587034624,0.0014195545606636257,0.0011586687010842617,0.00014528510701834974,2272
1.5,1.4300999999999997,0.00147604565615563,0.0012056040310711516,0.0014794106987677945,0.0012075151704363056,0.00014202519160769214,2234
1.5,1.4301999999999997,0.0015366237863884758,0.0012550931753202946,0.0015403547986274878,0.0012572483964226235,0.0001387529478495701,2194
1.5,1.4302999999999997,0.0015981970177037555,0.0013053963896446689,0.0016023151348634236,0.0013078097913525322,0.00013548970166512466,2154
1.5,1.4303999999999997,0.0016606965887467123,0.0013564575513432184,0.0016652232307282147,0.0013591434227748526,0.00013225347021679325,2114
1.5,1.4304999999999997,0.0017240573742546934,0.0014082235040895328,0.0017290142131076453,0.0014111963030691795,0.00012905918076678958,2073
1.5,1.4305999999999996,0.0017882184102785124,0.0014606444872957566,0.0017936273423059838,0.0014639188214916775,0.0001259189064306456,2033
1.5,1.4306999999999996,0.0018531223265176625,0.0015136736724331412,0.0018590054454905038,0.0015172642817694378,0.00012284224996824645,1993
1.5,1.4311999999999996,0.0021870433480120784,0.0017865208705932403,0.002195634264296427,0.001791917609785078,0.000108611207899423,2183
1.5,1.4312999999999996,0.0022554080173056443,0.0018423858198567786,0.0022646087202812326,0.0018481893092944805,0.00010601435268321363,1765
1.5,1.4317999999999995,0.002603268298926267,0.002126665346284728,0.0026158637581296207,0.002134733361706593,9.42722696495392e-05,1931
1.5,1.4322999999999995,0.0029589344690142214,0.0024173613979863087,0.002975505908315969,0.0024280818477550774,8.442751250768005e-05,1753
1.5,1.4327999999999994,0.0033201574817791676,0.002712637874474648,0.00334129035641576,0.002726401554255584,7.618026526713674e-05,1601
1.5,1.4332999999999994,0.0036854138918928792,0.003011250989953574,0.0037116960772335126,0.0030284503752002843,6.923705489242233e-05,1471
1.5,1.4337999999999993,0.004053651694955515,0.003312341813385892,0.004085672481141881,0.0033333703889463105,6.334801391362975e-05,1359
1.5,1.4342999999999992,0.004424128941271494,0.003615304529453555,0.004462478456618122,0.00364055640474798,5.831137719692724e-05,1263
1.5,1.4347999999999992,0.0047963108415633605,0.003919702442765677,0.004841579706174056,0.003949572120859071,5.3967507872284084e-05,1179
1.5,1.4352999999999991,0.005169804393199694,0.004225214610789014,0.005222583508170721,0.004260096847380627,5.019078759718081e-05,1105
1.5,1.435799999999999,0.0055443153575802165,0.004531600721833297,0.005605195771139371,0.004571890435454376,4.688219877668858e-05,1040
1.5,1.436299999999999,0.00591961960609468,0.00483867770212638,0.005989192425019879,0.004884769915307109,4.396327296645983e-05,983
1.5,1.437299999999999,0.006671951313364017,0.005454367811398941,0.0067606822151740405,0.005513250315401583,3.905613706247311e-05,946
1.5,1.4382999999999988,0.0074258071136390925,0.006071473998082377,0.007536060055373305,0.006144727335918472,3.5099554672938416e-05,860
1.5,1.4392999999999987,0.008180548539721952,0.006689474285579413,0.008314686705756072,0.006778678989832046,3.1846911126805635e-05,789
1.5,1.4402999999999986,0.008935747365228112,0.0073080183485906116,0.009096132979927377,0.0074147548105911185,2.912860076508297e-05,728
1.5,1.4412999999999985,0.0096911065685115,0.007926862986478704,0.009880100796109218,0.008052711384571205,2.682466554474883e-05,677
1.5,1.4422999999999984,0.010446413412352045,0.008545833815741364,0.010666376286586567,0.008692374062329408,2.4848124668856157e-05,633
1.5,1.4432999999999983,0.011201511852624857,0.00916480274331605,0.011454802235108683,0.009333614452285708,2.3134500146081542e-05,594
1.5,1.4442999999999981,0.011956285024293429,0.00978367366784931,0.012245260579488626,0.009976336132730296,2.1635052264837483e-05,560
1.5,1.445299999999998,0.012710643513309907,0.01040237290415885,0.013037660686036616,0.01062046507750512,2.0312294973886216e-05,530
1.5,1.446299999999998,0.013464517805880153,0.011020843017967054,0.013831931805020278,0.011265943496021846,1.9136948535575278e-05,503
1.5,1.4472999999999978,0.014217853142348242,0.011639038625534014,0.014628017931803306,0.011912725635932764,1.8085824602612047e-05,479
1.5,1.4522999999999977,0.017975168116996693,0.014724832760136058,0.01863435204423683,0.015165112170386056,1.4150618898128921e-05,442
1.5,1.4572999999999976,0.021714925184990946,0.01780033051683436,0.02268178589297925,0.018446596942389072,1.1580492680213459e-05,371
1.5,1.4622999999999975,0.025435719252708516,0.020864304096995443,0.02676875139098366,0.02175589600181173,9.771651436744309e-06,321
1.5,1.4672999999999974,0.02913687452025893,0.023916123111331334,0.030894407156733257,0.025092318419480293,8.430192770143864e-06,283
1.5,1.4722999999999973,0.03281803330532788,0.026955418779636524,0.03505822774612176,0.028455430927235823,7.3961026970310244e-06,253
1.5,1.4772999999999972,0.036478997053974234,0.029981954039535,0.039259844951974925,0.03184492837378321,6.574870441616146e-06,230
1.5,1.4872999999999972,0.04373995132817751,0.03599613516067713,0.04777539430712491,0.038702181263818074,5.353615353896176e-06,205
1.5,1.4972999999999972,0.05091939275984903,0.04195781867545825,0.056439323736604596,0.04566262313227133,4.489693143552948e-06,178
1.5,1.5072999999999972,0.058017397846660934,0.04786652503539821,0.06525030542102396,0.0527251271659839,3.84690004039525e-06,158
1.5,1.5172999999999972,0.06503426840473515,0.05372198141164808,0.07420722447797337,0.05988873861882006,3.3504266198607886e-06,142
1.5,1.5272999999999972,0.07197044845833722,0.059524052355624135,0.08330910022143573,0.067152611046211,2.9557746956744012e-06,130
1.5,1.5372999999999972,0.0788264813870484,0.06527270349180751,0.09255504698216445,0.07451597475334316,2.63481942890116e-06,119
1.5,1.5472999999999972,0.0856029856712689,0.07096798056119008,0.10194425319452383,0.08197812005236792,2.368913559516315e-06,111
1.5,1.5572999999999972,0.09230063787524243,0.07660999445787452,0.11147596704373754,0.08953838585255129,2.1452056973139062e-06,103
1.5,1.5672999999999973,0.09892016175166174,0.08219891140321016,0.12114948814617585,0.09719615307932751,1.9545509715150346e-06,97
1.5,1.5872999999999973,0.1119279018239416,0.09321834697327748,0.14091936589066734,0.1128018926361799,1.6473474190030667e-06,91
1.5,1.6072999999999973,0.12463263794783401,0.10402844590003864,0.16124908180572298,0.12879104529687666,1.41121770249708e-06,82
1.5,1.6272999999999973,0.13704113721082734,0.11463186044985475,0.18213434163588071,0.14515974415824262,1.22460786163145e-06,75
1.5,1.6472999999999973,0.14916037896146014,0.12503161690663278,0.2035712740812935,0.16190448005007596,1.0738508522282608e-06,70
1.5,1.6672999999999973,0.16099746356489106,0.13523102415530439,0.22555636543503646,0.17902204987248177,9.49862566829017e-07,65
1.5,1.6872999999999974,0.1725595431728117,0.14523360228589025,0.24808640903233772,0.19650951632957625,8.463704330804761e-07,61
1.5,1.7072999999999974,0.18385376787685012,0.15504302536200276,0.27115846405709587,0.21436417490003554,7.589047036429184e-07,58
1.5,1.7272999999999974,0.19488724411306554,0.16466307558869364,0.2947698221226428,0.23258352679979902,6.841949485807978e-07,55
1.5,1.7472999999999974,0.20566700243236602,0.17409760631185178,0.3189179796731686,0.2511652564354324,6.197937549585489e-07,52
1.5,1.7672999999999974,0.21619997248234055,0.1833505118856385,0.3436006146714864,0.2701072122202944,5.638337242690806e-07,50
1.5,1.7872999999999974,0.22649296362518737,0.19242570302979342,0.36881556660938913,0.2894073899595059,5.14865746391705e-07,47
1.5,1.8172999999999975,0.24149705136651092,0.20571381754576026,0.40763171609607884,0.3190252641756412,4.5209191224160473e-07,46
1.5,1.8472999999999975,0.25599807500286775,0.2186239513803027,0.44763480845604026,0.34943914286160027,3.995985919000801e-07,43
1.5,1.8772999999999975,0.27001714936698357,0.23116900195032916,0.4888191468044795,0.3806437468189239,3.552405341579987e-07,41
1.5,1.9072999999999976,0.2835745690070411,0.24336160449069222,0.5311795271159231,0.4126342657393814,3.17416032705649e-07,39
1.5,1.9372999999999976,0.29668979636229786,0.2552140828419495,0.5747111759776624,0.44540630326042624,2.849062890659854e-07,38
1.5,1.9672999999999976,0.3093814630143817,0.26673841520982144,0.6194096981099031,0.47895583007993175,2.567684533885153e-07,36
1.5,1.9972999999999976,0.32166738098643644,0.27794621193339486,0.6652710329235488,0.5132791444745187,2.3226252749378696e-07,35
2.0,1e-16,9.999993336100655e-07,9.999993336100649e-07,6.666662224067097e-39,3.3333311120335507e-39,4.444432592610568e-39,2
2.0,0.0300000000000001,1.0005995108062546e-06,1.000299512207559e-06,6.001797073245394e-10,3.0017985324187834e-10,3.9999900389362895e-10,3
2.0,0.060000000000000095,1.002402204095915e-06,1.001202208843631e-06,2.402885301224722e-09,1.2028826449151015e-09,1.6000003182269773e-09,3
2.0,0.0900000000000001,1.005413923244795e-06,1.0027139183996674e-06,5.414655159358215e-09,2.714617592760952e-09,3.6000427711555205e-09,3
2.0,0.12000000000000009,1.0096456177037512e-06,1.0048455158384389e-06,9.646516952049028e-09,4.8462989649780135e-09,6.400277484754716e-09,3
2.0,0.15000000000000008,1.0151128473577765e-06,1.0076123426981034e-06,1.5114185140471565e-08,7.613346355183331e-09,1.000109753864624e-08,3
2.0,0.18000000000000008,1.0218360355677876e-06,1.0110343369258364e-06,2.183834167759808e-08,1.1035829184132114e-08,1.4403319685608577e-08,3
2.0,0.21000000000000008,1.029844216942548e-06,1.0151379324432288e-06,2.9845055213830954e-08,1.5138709989055465e-08,1.9608418503690055e-08,4
2.0,0.24000000000000007,1.0391651646044082e-06,1.0199510947815154e-06,3.9166122039610206e-08,1.9951971160404647e-08,2.5618813763209984e-08,4
2.0,0.2700000000000001,1.0498386114458213e-06,1.025510009897146e-06,4.983978648100131e-08,2.5511078258133467e-08,3.2438212396762115e-08,4
2.0,0.30000000000000004,1.0619097838296723e-06,1.0318558662815588e-06,6.191135197689355e-08,3.1857293514890175e-08,4.0072007339701824e-08,4
2.0,0.33000000000000007,1.0754317614161441e-06,1.0390361034868562e-06,7.543402111314578e-08,3.903817293940604e-08,4.8527736716935064e-08,4
2.0,0.3600000000000001,1.0904664322668048e-06,1.0471049784853308e-06,9.046987014113262e-08,4.710814987392599e-08,5.781560845955419e-08,4
2.0,0.3900000000000001,1.1070856175098755e-06,1.0561242495684677e-06,1.0709099890624268e-07,5.612924080775072e-08,6.794909752781502e-08,4
2.0,0.42000000000000015,1.1253796867123565e-06,1.0661709567711828e-06,1.253817045162912e-07,6.617232557868662e-08,7.894562560472291e-08,5
2.0,0.4500000000000002,1.1454346992979138e-06,1.0773150413789546e-06,1.4543753058615897e-07,7.731684220260923e-08,9.082733655479358e-08,5
2.0,0.4800000000000002,1.1673662441532596e-06,1.0896512038586056e-06,1.6737042491268194e-07,8.965372755097041e-08,1.0362198529865004e-07,5
2.0,0.5100000000000002,1.1913027586455539e-06,1.1032822359844083e-06,1.9130913971969654e-07,1.032859491745696e-07,1.1736396332378837e-07,5
2.0,0.5400000000000003,1.2173924601200967e-06,1.1183249128241172e-06,2.174023630530086e-07,1.1833054712367351e-07,1.3209549116788587e-07,5
2.0,0.5700000000000003,1.2458065437911098e-06,1.1349121697178824e-06,2.4582197596089353e-07,1.349208486925773e-07,1.4786801740769516e-07,5
2.0,0.6000000000000003,1.2767650521592012e-06,1.1532078362535113e-06,2.76769880700843e-07,1.532118062591043e-07,1.6474387564876162e-07,6
2.0,0.6300000000000003,1.3104661520060339e-06,1.1733686520300704e-06,3.1047334532715696e-07,1.7337467191039848e-07,1.8279826677146583e-07,6
2.0,0.6600000000000004,1.3471920710689073e-06,1.1956029478954123e-06,3.4720309606882814e-07,1.9561228871920557e-07,2.0212165454996434e-07,6
2.0,0.6900000000000004,1.3872561985303032e-06,1.2201429155597633e-06,3.872733613986693e-07,2.2015755870675936e-07,2.2282269098678806e-07,6
2.0,0.7200000000000004,1.4310496832357499e-06,1.247279440917102e-06,4.310597747809509e-07,2.4728538526313785e-07,2.450318259045353e-07,7
2.0,0.7500000000000004,1.4789708861348197e-06,1.2772977989108328e-06,4.789866745915629e-07,2.77307041150279e-07,2.689058082303523e-07,7
2.0,0.7800000000000005,1.5315474006282766e-06,1.310583116533535e-06,5.315725120660024e-07,3.1059781284741485e-07,2.9463335989715315e-07,7
2.0,0.8100000000000005,1.5893894772319888e-06,1.347575860605481e-06,5.894296814288381e-07,3.4759947867063635e-07,3.224424079219124e-07,7
2.0,0.8400000000000005,1.653287902185501e-06,1.388836622680897e-06,6.533087473090947e-07,3.888533145940303e-07,3.526094098298123e-07,8
2.0,0.8700000000000006,1.7240406842409558e-06,1.4349479493507093e-06,7.240747352423688e-07,4.349754646339937e-07,3.854715268777994e-07,8
2.0,0.9000000000000006,1.8028128755535082e-06,1.4867425965397269e-06,8.028410021314535e-07,4.867594763994478e-07,4.214427235581126e-07,9
2.0,0.9300000000000006,1.8908611024539132e-06,1.545106617854535e-06,8.909084758549259e-07,5.451352558374638e-07,4.6103536499020266e-07,9
2.0,0.9600000000000006,1.989937257463564e-06,1.6112820918672974e-06,9.899717172432688e-07,6.113087254928075e-07,5.048896401850112e-07,10
2.0,0.9900000000000007,2.1020707164442267e-06,1.686724943979489e-06,1.1021060783961997e-06,6.867465030623298e-07,5.538143399222687e-07,11
2.0,1.0200000000000007,2.2298880932384194e-06,1.7732862058004811e-06,1.2299513123432153e-06,7.733251907350848e-07,6.088444537412812e-07,11
2.0,1.0500000000000007,2.3770021430558217e-06,1.8735246668767268e-06,1.377040630154396e-06,8.735482875730157e-07,6.713242783011672e-07,13
2.0,1.0800000000000007,2.5477581764420274e-06,1.9905231198807177e-06,1.5478307780192483e-06,9.905683790006616e-07,7.430302720766053e-07,13
2.0,1.1100000000000008,2.7485262434618003e-06,2.1287842460580057e-06,1.7485833797120483e-06,1.128819728189763e-06,8.263577388286784e-07,15
2.0,1.1400000000000008,2.9876577980655644e-06,2.294219809048796e-06,1.9877120425598798e-06,1.2942533581220043e-06,9.246137023301281e-07,17
2.0,1.1700000000000008,3.2771356384630744e-06,2.4953021418896435e-06,2.277212734688492e-06,1.495356991830703e-06,1.0424937914653483e-06,18
2.0,1.2000000000000008,3.6347894663122337e-06,2.744651682635867e-06,2.634865615330436e-06,1.7446989438298745e-06,1.1868937790400782e-06,21
2.0,1.2300000000000009,4.087523416858681e-06,3.0612809972144054e-06,3.0876080137904533e-06,2.0613380591218353e-06,1.3683660124365826e-06,24
2.0,1.260000000000001,4.678915641234579e-06,3.476016253843578e-06,3.6790156030680487e-06,2.4760821573413427e-06,1.603909777771737e-06,28
2.0,1.290000000000001,5.483850051360951e-06,4.04180983168758e-06,4.483983827274207e-06,3.0418916234899233e-06,1.922777589557456e-06,33
2.0,1.320000000000001,6.643197356194294e-06,4.858268559678183e-06,5.643364758922186e-06,3.858369024477652e-06,2.379935335290994e-06,41
2.0,1.350000000000001,8.456367589148724e-06,6.137110672653683e-06,7.456589467274235e-06,5.137243310407857e-06,3.0922583398921614e-06,54
2.0,1.370000000000001,1.0364202310356377e-05,7.484019178777496e-06,9.364503731098335e-06,6.484190438769303e-06,3.839959247087608e-06,65
2.0,1.390000000000001,1.3419814804397254e-05,9.64256188617276e-06,1.2420262546849612e-05,8.642808061191991e-06,5.035440152596214e-06,87
2.0,1.410000000000001,1.910289061171476e-05,1.3659052151867093e-05,1.810370772208467e-05,1.2659485608383388e-05,7.255240710783678e-06,129
2.0,1.420000000000001,2.4277158987956763e-05,1.7316824236553113e-05,2.3278429593723834e-05,1.6317487794438698e-05,9.273416636978635e-06,157
2.0,1.430000000000001,3.3346454832862144e-05,2.372886503188785e-05,3.2348770735805015e-05,2.2730055162573295e-05,1.2804242621748353e-05,223
2.0,1.440000000000001,5.333380670660166e-05,3.7861393433128004e-05,5.233959028195622e-05,3.6864327195603115e-05,2.0548621171287022e-05,370
2.0,1.445000000000001,7.616373437068225e-05,5.400469328659847e-05,7.517543313316662e-05,5.3010593819781334e-05,2.9306756439985994e-05,513
2.0,1.4460000000000008,8.328035781717756e-05,5.903703905005919e-05,8.22943263615958e-05,5.804407754855393e-05,3.2012313543199885e-05,475
2.0,1.4510000000000007,0.00015524227800336768,0.00010992484410364476,0.00015429058446710534,0.00010894908245018956,5.843334721465779e-05,1079
2.0,1.4515000000000007,0.00016965147624944344,0.00012011460362192158,0.00016870914859913589,0.00011914353148398725,6.346718095605791e-05,942
2.0,1.4525000000000006,0.00020777081774538586,0.00014707192401794517,0.00020685727393092342,0.000146115260435313,7.627506132090285e-05,1261
2.0,1.4530000000000005,0.00023355734660435238,0.0001653080576357004,0.00023266657270200642,0.0001643627907224095,8.44800662228679e-05,1307
2.0,1.4535000000000005,0.00026599335240848153,0.00018824707973471438,0.00026513499935218086,0.0001873180381281153,9.422848723957777e-05,1483
2.0,1.4540000000000004,0.0003076618106911231,0.00021771602525834206,0.00030685128830337685,0.0002168109188570249,0.0001057601751630592,1696
2.0,1.4545000000000003,0.0003623839702793788,0.00025641797338307347,0.00036164682403634824,0.00025554958219997946,0.0001191411574133975,1951
2.0,1.4550000000000003,0.0004357407468105318,0.0003083011148092233,0.00043512077838599747,0.0003074913515055222,0.0001339193972468156,2247
2.0,1.4551000000000003,0.00045329047200353626,0.00032071386370695056,0.00045270173217045644,0.00031991972451784817,0.00013693217430690955,1868
2.0,1.4556000000000002,0.000559370317290438,0.0003957458260086629,0.0005589966146577989,0.000395059269303031,0.00015117538019527883,2625
2.0,1.4557000000000002,0.0005847954078861346,0.00041373009125247456,0.0005844799449049307,0.0004130726710585861,0.00015366040167001096,2181
2.0,1.4558000000000002,0.0006118032209878976,0.0004328341782902919,0.0006115524608506263,0.0004322091277881419,0.00015594779828157298,2229
2.0,1.4559000000000002,0.000640465398030152,0.00045310881734164475,0.0006402865020289703,0.0004525197189730654,0.0001580030786569361,2275
2.0,1.4560000000000002,0.0006708480070877133,0.00047460080282242436,0.0006707488850214395,0.0004740516135844996,0.00015979276323192297,2317
2.0,1.4561000000000002,0.0007030102858772757,0.0004973521042649819,0.0007029996429422479,0.0004968471790089596,0.0001612856115936651,2356
2.0,1.4562000000000002,0.000737002407800716,0.0005213982860223144,0.0007370897867298082,0.0005209423986886062,0.0001624540937520893,2390
2.0,1.4563000000000001,0.0007728645819827118,0.0005467678703277397,0.0007730603983811561,0.0005463662315089117,0.0001632755948740541,2420
2.0,1.4564000000000001,0.0008106251925760593,0.0005734810206027078,0.0008109407622281224,0.0005731392913910882,0.0001637336857232164,2444
2.0,1.4565000000000001,0.000850300456260861,0.0006015492984854659,0.0008507480132000029,0.000601273599361085,0.00016381889484320893,2463
2.0,1.4566000000000001,0.0008918934765789892,0.0006309749939644449,0.0008924861809769747,0.0006307719088429622,0.0001635293117338818,2477
2.0,1.4567,0.0009353941309886942,0.0006617510444299347,0.0009361460664743973,0.0006616276194037934,0.00016287069647270266,2485
2.0,1.4568,0.000980779601676757,0.0006938614090011345,0.0009817057623746266,0.0006938251458397429,0.0001618561208316281,2487
2.0,1.4569,0.0010280150252458052,0.0007272815268819614,0.0010291312929971513,0.0007273403716766087,0.0001605052733401399,2483
2.0,1.457,0.0010770547031393183,0.000761979172406896,0.0010783778161098712,0.0007621414998348663,0.0001588434069405452,2474
2.0,1.4571,0.001127843295044247,0.0007979152980309878,0.001129390808671189,0.0007981898919519978,0.00015690012562329564,2460
2.0,1.4572,0.001180317597926386,0.0008350452918193165,0.0011821078403274855,0.0008354413229164021,0.00015470799391112698,2442
2.0,1.4573,0.0012344080182910093,0.0008733200179472782,0.0012364600411585685,0.0008738470192691208,0.00015230122614315786,2420
2.0,1.4574,0.0012900402451919157,0.0009126869994133133,0.001292373772009326,0.0009133548405938827,0.00014971443658590397,2393
2.0,1.4575,0.0013471373452841916,0.0009530918996881382,0.0013497727195545901,0.0009539107607318721,0.00014698147792385332,2364
2.0,1.4576,0.0014056204318077439,0.0009944789952314452,0.0014085785637571859,0.0009954593402763216,0.00014413469947418438,2332
2.0,1.4577,0.0014654105533160914,0.0010367925116106349,0.0014687128692490925,0.0010379450633981123,0.00014120419529627508,2298
2.0,1.4578,0.0015264295932580318,0.001079977259634232,0.0015300979865402501,0.0010813129750669873,0.0001382173974004705,2263
2.0,1.4579,0.0015886008710775854,0.0011239790605753986,0.0015926576551138188,0.0011255091073257915,0.0001351988661541991,2225
2.0,1.458,0.0016518506430573863,0.0011687458081421369,0.0016563185093996407,0.001170481543462747,0.00013217009185396294,2187
2.0,1.4581,0.0017161077364130355,0.0012142272096216618,0.0017210097138871867,0.0012161801601217783,0.00012914965619527483,2148
2.0,1.4582,0.0017813045151414638,0.001260375469435732,0.0017866639338655818,0.0012625573131235298,0.00012615328392384044,2109
2.0,1.4583,0.0018473768162232255,0.0013071452444573272,0.001853217274494339,0.001309567793954898,0.00012319407739893362,2070
2.0,1.4584,0.0019142641709249998,0.0013544938005052728,0.0019206095050834718,0.0013571689883511483,0.00012028273818808245,2031
2.0,1.4585,0.0019819098352836053,0.0014023810346588147,0.0019887840932695006,0.0014053208997030396,0.0001174278204048932,1992
2.0,1.4589999999999999,0.002329779280293241,0.0016486721680037718,0.0023396647461722906,0.001653118962717965,0.0001041800155722555,2186
2.0,1.4590999999999998,0.002400981398673728,0.0016990893480319344,0.002411543349147076,0.001703874705030712,0.00010175384606903219,1770
2.0,1.4595999999999998,0.0027632546228142287,0.0019556421859858505,0.0027775753376513036,0.001962308838237367,9.074534373520036e-05,1939
2.0,1.4600999999999997,0.003133671277808107,0.0022180180847538307,0.0031523833552814617,0.00222688291970853,8.146467212096569e-05,1764
2.0,1.4605999999999997,0.003509925768085071,0.002484587117386182,0.003533666527000937,0.0024959694735896985,7.365286643320652e-05,1613
2.0,1.4610999999999996,0.003890442110133188,0.00275423506516909,0.003919851600378788,0.0027684557364842004,6.70497905431106e-05,1485
2.0,1.4615999999999996,0.004274123158032355,0.003026186182085675,0.004309843036408767,0.003043566856270458,6.143040092580106e-05,1374
2.0,1.4620999999999995,0.00466019026550328,0.0032998898686326665,0.004702863147444109,0.0033207528026979742,5.661084007027596e-05,1278
2.0,1.4625999999999995,0.005048079286325259,0.003574947159558851,0.00509834835386254,0.003599614983229557,5.244431998911706e-05,1194
2.0,1.4630999999999994,0.005437373697834766,0.0038510634504829795,0.005495882457415362,0.0038798590447262048,4.881449883388636e-05,1120
2.0,1.4635999999999993,0.00582776046187865,0.004128017295967689,0.0058951525900027245,0.004161263715430458,4.5629127836736205e-05,1055
2.0,1.4640999999999993,0.006219000260346584,0.0044056393683601204,0.006295919500608141,0.004443659789155337,4.281474386470966e-05,997
2.0,1.4650999999999992,0.00700333635907901,0.004962390931033281,0.007101241004082395,0.005010929208283635,3.807475770604719e-05,961
2.0,1.466099999999999,0.0077893163877570245,0.005520563706943904,0.007910780865763486,0.005580913318701456,3.4245311378131654e-05,874
2.0,1.467099999999999,0.008576252468813291,0.006079670322816249,0.008723850307619132,0.0061531249858642586,3.1092237496875674e-05,802
2.0,1.4680999999999989,0.009363681910346054,0.006639382618832819,0.009539985518598845,0.006727236171935752,2.8453811658157494e-05,741
2.0,1.4690999999999987,0.010151282764713271,0.007199471949946261,0.010358863310287713,0.007303018284870825,2.6215272060138817e-05,689
2.0,1.4700999999999986,0.010938824290708722,0.007759774161159337,0.011180251624033534,0.007880307177840714,2.4293181891412183e-05,644
2.0,1.4710999999999985,0.01172613702397486,0.00832016842696282,0.012003979630613677,0.00845898200362285,2.262555520653546e-05,605
2.0,1.4720999999999984,0.012513093637052,0.00888056372012922,0.012829918604347516,0.009038951687721236,2.116545186947231e-05,570
2.0,1.4730999999999983,0.013299596884013594,0.009440890286522301,0.013657969880782007,0.00962014641393062,1.9876713437075826e-05,539
2.0,1.4740999999999982,0.014085571142138351,0.010001093667425888,0.014488056404928165,0.010202511644681639,1.873106020356818e-05,512
2.0,1.475099999999998,0.014870956549003046,0.010561130549271852,0.015320116860255235,0.010786003974272061,1.770607122827365e-05,487
2.0,1.480099999999998,0.018787660894348846,0.013357800577866561,0.01950858695220526,0.013719351252827645,1.386526488702356e-05,451
2.0,1.4850999999999979,0.02268519875644972,0.01614702004670034,0.023741738739272482,0.016677568386191447,1.1353932620656034e-05,378
2.0,1.4900999999999978,0.02656204763999298,0.01892759453550465,0.028017862160480845,0.019659439240455143,9.585144569681114e-06,327
2.0,1.4950999999999977,0.03041748312584175,0.02169889666301619,0.032336043134232544,0.022664310118321235,8.272684780883615e-06,288
2.0,1.5000999999999975,0.03425112948086884,0.02446054822103681,0.03669571460426962,0.025691772337770064,7.260534295182342e-06,258
2.0,1.5050999999999974,0.03806278499705077,0.02721229656871914,0.041096482139302004,0.028741538955618862,6.456461964405728e-06,235
2.0,1.5150999999999974,0.04561976052965521,0.032685398897575435,0.050020165791604856,0.03490714603510521,5.260272835974513e-06,209
2.0,1.5250999999999975,0.05308815293072312,0.03811718868926929,0.05910527537946914,0.04115977602567932,4.413728274956208e-06,181
2.0,1.5350999999999975,0.06046815949382802,0.043507006701453584,0.06835043596750635,0.047498384477663545,3.7836494481104987e-06,161
2.0,1.5450999999999975,0.06776021663601957,0.04885439511443555,0.07775450599644629,0.053922089900045586,3.2968512983663747e-06,145
2.0,1.5550999999999975,0.07496490907231111,0.05415903130698784,0.08731649045093709,0.06043011303198168,2.9097856171089127e-06,132
2.0,1.5650999999999975,0.08208292349887307,0.05942069331260718,0.09703549789985574,0.06702174702747037,2.5949200571650475e-06,122
2.0,1.5750999999999975,0.08911502153179121,0.0646392390819888,0.10691071630297413,0.07369634080341055,2.3339960210231006e-06,113
2.0,1.5850999999999975,0.09606202256366807,0.06981459292552508,0.11694139842428668,0.08045328908559439,2.1144275557886526e-06,105
2.0,1.5950999999999975,0.1029247913734284,0.07494673543351794,0.12712685157955034,0.08729202547049379,1.9272572446524496e-06,99
2.0,1.6150999999999975,0.11640126383193684,0.08508154451538744,0.1479595290888931,0.1012127617100943,1.6255670871961393e-06,92
2.0,1.6350999999999976,0.1295519560290654,0.0950443749949314,0.16940405320459453,0.11545463081364613,1.3935696635851147e-06,84
2.0,1.6550999999999976,0.1423846788338679,0.10483646254775413,0.19145626249821954,0.13001410856515822,1.2101421930763212e-06,77
2.0,1.6750999999999976,0.1549074124957173,0.11445945466235333,0.214112435032647,0.14488800157185192,1.0618885985142414e-06,71
2.0,1.6950999999999976,0.16712821480981355,0.12391532180072766,0.23736921729985216,0.16007339916335528,9.399034088225818e-07,66
2.0,1.7150999999999976,0.17905515208487155,0.13320628743350568,0.26122356923017614,0.17556763579951382,8.38036445266651e-07,62
2.0,1.7350999999999976,0.19069624651226819,0.14233477194755212,0.2856727203166883,0.19136826072063104,7.519045110048645e-07,59
2.0,1.7550999999999977,0.20205943583776972,0.151303347152747,0.3107141338680149,0.2074730129162661,6.783000183210975e-07,56
2.0,1.7750999999999977,0.21315254264898983,0.16011469921141325,0.3363454776815497,0.22387980032254587,6.148222139697114e-07,53
2.0,1.7950999999999977,0.22398325092590657,0.1687715981357648,0.3625645994498886,0.24058668209715237,5.596390134191232e-07,51
2.0,1.8150999999999977,0.23455908831105202,0.17727687251166255,0.3893695057514803,0.25759185332870704,5.11328479819392e-07,48
2.0,1.8450999999999977,0.24996100982743819,0.1897567647373198,0.4306711954858061,0.28365525486335985,4.49362122029677e-07,47
2.0,1.8750999999999978,0.26483006235759243,0.2019117028112747,0.47328103273570477,0.3103808339658644,3.975083522601921e-07,44
2.0,1.9050999999999978,0.27918937740763006,0.2137514367186844,0.517193832715284,0.3377638680971361,3.5366077075740685e-07,42
2.0,1.9350999999999978,0.2930611229305375,0.2252856412209108,0.5624048785309145,0.36580006686325817,3.1624621750575303e-07,40
2.0,1.9650999999999978,0.30646650197223696,0.23652385717752278,0.6089098577809251,0.39448552115922936,2.840672455925188e-07,38
2.0,1.9950999999999979,0.3194257638917111,0.24747544795601734,0.6567048099530898,0.4238166600023851,2.5619722049663453e-07,37
2.5,1e-16,9.999993336100655e-07,9.999993336100649e-07,7.142852382929033e-39,2.857140953171615e-39,4.081621768723991e-39,2
2.5,0.0300000000000001,1.0006423530551454e-06,1.0002566405711088e-06,6.430221260814313e-10,2.5730803364275336e-10,3.6734601858629294e-10,3
2.5,0.060000000000000095,1.002573396737412e-06,1.0010305457894423e-06,2.5740785463157163e-09,1.0312183509299127e-09,1.4693877018998005e-09,3
2.5,0.0900000000000001,1.0057984449594847e-06,1.0023270119948999e-06,5.799177712256218e-09,2.327704972620526e-09,3.3061577936155547e-09,3
2.5,0.12000000000000009,1.0103275630650096e-06,1.004156016582285e-06,1.0328461884846374e-08,4.1567762594674744e-09,5.877783742620382e-09,3
2.5,0.15000000000000008,1.0161750691323385e-06,1.006531619821822e-06,1.6176401032850724e-08,6.532554015850754e-09,9.184597056577046e-09,3
2.5,0.18000000000000008,1.0233597820128533e-06,1.0094720674271463e-06,2.3362067846171117e-08,9.473387696347565e-09,1.3227286541379788e-08,3
2.5,0.21000000000000008,1.0319087016692284e-06,1.0130012886791731e-06,3.190954059339398e-08,1.3002049641032286e-08,1.8007095724285387e-08,4
2.5,0.24000000000000007,1.0418473025481648e-06,1.0171449854377854e-06,4.184825082944033e-08,1.714582989336409e-08,2.352606506344691e-08,4
2.5,0.2700000000000001,1.0532125202675534e-06,1.02193590593941e-06,5.321366253070215e-08,2.1936912207858476e-08,2.9787320018438786e-08,4
2.5,0.30000000000000004,1.0660463838196465e-06,1.027411313100363e-06,6.604787012788048e-08,2.741262129821949e-08,3.6795406736384984e-08,4
2.5,0.33000000000000007,1.080398316398646e-06,1.0336139742338876e-06,8.040040128147886e-08,3.361582190166074e-08,4.4556678041626637e-08,4
2.5,0.3600000000000001,1.0963260468770768e-06,1.0405926153984801e-06,9.632914496831648e-08,4.0595387335791205e-08,5.3079733656541756e-08,4
2.5,0.3900000000000001,1.1138966765457313e-06,1.048402470876077e-06,1.1390143987160813e-07,4.840676700074452e-08,6.237592019108356e-08,4
2.5,0.42000000000000015,1.1331941141269286e-06,1.0571117699458997e-06,1.3319608301318347e-07,5.711298335199724e-08,7.24598984995144e-08,5
2.5,0.4500000000000002,1.1542998227821095e-06,1.0667829553063993e-06,1.543025346068186e-07,6.678448974667923e-08,8.335028862238933e-08,5
2.5,0.4800000000000002,1.1773216707234879e-06,1.0774993351591629e-06,1.7732560487190806e-07,7.750140369562622e-08,9.507040584167518e-08,5
2.5,0.5100000000000002,1.202379950216857e-06,1.089351062762145e-06,2.0238586530316724e-07,8.935400715754422e-08,1.0764910558380263e-07,5
2.5,0.5400000000000003,1.229613433483211e-06,1.1024400087511659e-06,2.296225046798859e-07,1.024443649153442e-07,1.2112176024299003e-07,5
2.5,0.5700000000000003,1.2591822781577083e-06,1.1168815008651208e-06,2.5919628545077004e-07,1.1688809204955422e-07,1.355313978420278e-07,5
2.5,0.6000000000000003,1.2912714911552315e-06,1.132806428498358e-06,2.9129308161386374e-07,1.3281649623310965e-07,1.5093004127695972e-07,5
2.5,0.6300000000000003,1.3261259528627175e-06,1.1503778698430808e-06,3.261321261005137e-07,1.5038268305463232e-07,1.6738029839062897e-07,6
2.5,0.6600000000000004,1.3639488329689596e-06,1.1697458364645093e-06,3.639580616885291e-07,1.6975317475465127e-07,1.8495726829117512e-07,6
2.5,0.6900000000000004,1.4050502928221615e-06,1.191115629565485e-06,4.0506439374009144e-07,1.9112698411789482e-07,2.0375084938805993e-07,6
2.5,0.7200000000000004,1.449788337556104e-06,1.214729944958278e-06,4.497971453331229e-07,2.1473436405402436e-07,2.2386856183726266e-07,7
2.5,0.7500000000000004,1.4985339669332805e-06,1.2408291518854419e-06,4.985474270968298e-07,2.408358161142775e-07,2.454390339157844e-07,7
2.5,0.7800000000000005,1.551767896702061e-06,1.269731233837016e-06,5.517889161903153e-07,2.697415966724386e-07,2.6861635262750306e-07,7
2.5,0.8100000000000005,1.6100451844111947e-06,1.3017980739027974e-06,6.100783687768759e-07,3.018144701406246e-07,2.9358555002323525e-07,7
2.5,0.8400000000000005,1.6740743141523378e-06,1.3374814027861283e-06,6.740906270042095e-07,3.374933817331117e-07,3.20569596995925e-07,8
2.5,0.8700000000000006,1.7445788738712309e-06,1.3772582423760427e-06,7.446048311817342e-07,3.772776427523246e-07,3.4983842092207615e-07,8
2.5,0.9000000000000006,1.8225829748734765e-06,1.4217865558208996e-06,8.226050787249501e-07,4.217977741850051e-07,3.817206734764405e-07,9
2.5,0.9300000000000006,1.9092041471697973e-06,1.4717730901863113e-06,9.092403897872445e-07,4.71791619110617e-07,4.1661928834925857e-07,9
2.5,0.9600000000000006,2.0059530320631533e-06,1.5281785824316171e-06,1.0059781296921286e-06,5.281960898141155e-07,4.5503233923913337e-07,10
2.5,0.9900000000000007,2.114543068899939e-06,1.5921023253141065e-06,1.1145853493145412e-06,5.92132474808238e-07,4.975814384820631e-07,10
2.5,1.0200000000000007,2.237313364804915e-06,1.6650339990083008e-06,1.2373581232630273e-06,6.650573784980104e-07,5.450510626383089e-07,11
2.5,1.0500000000000007,2.377112040759641e-06,1.7487636545987438e-06,1.3771513779965125e-06,7.48790292839288e-07,5.984440506931725e-07,12
2.5,1.0800000000000007,2.5376557859083504e-06,1.8456665517261885e-06,1.5377039042381635e-06,8.456919167667154e-07,6.590616025621251e-07,13
2.5,1.1100000000000008,2.7238764987779197e-06,1.958849048124482e-06,1.7239270801386982e-06,9.588823526126513e-07,7.286213983295281e-07,14
2.5,1.1400000000000008,2.942374654607626e-06,2.092507949673397e-06,1.9424452367111075e-06,1.0925457431794502e-06,8.094368527002266e-07,15
2.5,1.1700000000000008,3.2023439104289037e-06,2.2524469794885776e-06,2.202410478729941e-06,1.2524824511388948e-06,9.046978960768737e-07,17
2.5,1.2000000000000008,3.5166448486681895e-06,2.446809207524127e-06,2.5167180420248193e-06,1.4468481663092e-06,1.0189273496221274e-06,19
2.5,1.2300000000000009,3.904218901731753e-06,2.6875771665408118e-06,2.9043110680425712e-06,1.6876265075514221e-06,1.158755888466988e-06,21
2.5,1.260000000000001,4.394057548594389e-06,2.993084534009305e-06,3.394157861566556e-06,1.993144504042418e-06,1.3343091929030648e-06,24
2.5,1.290000000000001,5.032626127681825e-06,3.3927297050445084e-06,4.032743930117552e-06,2.3927980397358103e-06,1.5618569641886397e-06,28
2.5,1.320000000000001,5.899699570942138e-06,3.93696480701099e-06,4.899833914097112e-06,2.937039009259885e-06,1.8693021546920327e-06,34
2.5,1.350000000000001,7.144346210344041e-06,4.720070734037719e-06,6.144520651988397e-06,3.720163133814867e-06,2.308835571550474e-06,42
2.5,1.380000000000001,9.081727841818806e-06,5.941379131818491e-06,8.081973156167964e-06,4.941497857702788e-06,2.9906992651711047e-06,55
2.5,1.400000000000001,1.110856536071963e-05,7.220638926181737e-06,1.0108894496654446e-05,6.220796602003002e-06,3.702466676192603e-06,66
2.5,1.420000000000001,1.4330357704672523e-05,9.255699114740088e-06,1.3330851210687102e-05,8.255923793057634e-06,4.83207960847822e-06,88
2.5,1.440000000000001,2.0244276219286574e-05,1.2993470576093142e-05,1.924518613327627e-05,1.1993866048089343e-05,6.902436224773864e-06,128
2.5,1.450000000000001,2.5542640575331593e-05,1.6343236770889833e-05,2.4544039507711373e-05,1.5343829088467072e-05,8.754722100833004e-06,155
2.5,1.460000000000001,3.463739441661259e-05,2.209412812088339e-05,3.3639888216053646e-05,2.1095162839557573e-05,1.192865216659342e-05,217
2.5,1.470000000000001,5.386310181938337e-05,3.4252672320203365e-05,5.2868999726233976e-05,3.325507906328734e-05,1.860941306014087e-05,350
2.5,1.475000000000001,7.455568594468582e-05,4.7339804099432745e-05,7.35669009241632e-05,4.6344346923830655e-05,2.574023972477041e-05,469
2.5,1.4800000000000009,0.00012073418620670057,7.654712259763212e-05,0.0001197634409556097,7.555890327633064e-05,4.132229158441793e-05,783
2.5,1.4810000000000008,0.00013764262015880392,8.724184497787383e-05,0.00013668061453036748,8.625712999832417e-05,4.6878399345379506e-05,770
2.5,1.4820000000000007,0.00015989501922063053,0.0001013169111380968,0.00015894625967033534,0.00010033750519849496,5.404160306322515e-05,903
2.5,1.4830000000000005,0.0001903663674576521,0.0001205910381746626,0.0001894389598257969,0.00011962018797702072,6.353954217757874e-05,1084
2.5,1.4835000000000005,0.00021016677019164125,0.00013311569238169202,0.00020925522988083167,0.0001321511987742547,6.949753261061897e-05,1105
2.5,1.4840000000000004,0.0002342703248667309,0.0001483625449120575,0.00023338021764846305,0.00014740663673134502,7.650284831940976e-05,1234
2.5,1.4845000000000004,0.0002641173293714876,0.00016724284129813533,0.000263256986352188,0.00016629885413098707,8.477535476300871e-05,1388
2.5,1.4850000000000003,0.00030178462622700047,0.00019107062129739333,0.0003009669363218174,0.00019014371496326783,9.454073262322295e-05,1575
2.5,1.4855000000000003,0.00035030102978285085,0.0002217623767765382,0.00034954664992653496,0.0002208608208592493,0.00010595406500628109,1799
2.5,1.4860000000000002,0.00041408107358843966,0.0002621116828082052,0.00041342426395024823,0.00026124919153534235,0.00011891081438834364,2063
2.5,1.4861000000000002,0.0004291835288186697,0.0002716662606263432,0.00042855220855669244,0.0002708139740685347,0.0001216391295947063,1711
2.5,1.4866000000000001,0.0005197268955304427,0.0003289508140102322,0.000519267553719982,0.000328167375972724,0.00013537115803981134,2421
2.5,1.4867000000000001,0.0005413262119485049,0.0003426167336966736,0.0005409127490121728,0.00034185166177743494,0.00013801360702902382,2013
2.5,1.4868000000000001,0.0005642608189918501,0.0003571277318547603,0.0005638981174484004,0.0003563829803156248,0.00014056937886190447,2064
2.5,1.4869,0.0005886059849092751,0.00037253147564884784,0.0005882994738167457,0.00037180921757485854,0.0001430117498740378,2113
2.5,1.487,0.0006144366893835137,0.00038887545559783664,0.0006141923944848664,0.00038817810286498707,0.00014531229009295392,2162
2.5,1.4871,0.0006418254478893751,0.0004062056096987669,0.0006416500438588522,0.00040553583402587386,0.00014744159970003326,2208
2.5,1.4872,0.000670841942783117,0.0004245660901527869,0.0006707428042072244,0.00042392684325801347,0.00014936992702090313,2253
2.5,1.4873,0.0007015505624329327,0.00044399770653560667,0.0007015358139115682,0.0004433922406101768,0.00015106824343591845,2294
2.5,1.4874,0.0007340097864317271,0.0004645375370182913,0.0007340883495508864,0.0004639694231251316,0.00015250913806604514,2332
2.5,1.4875,0.0007682701007095001,0.000486217608932347,0.0007684517366172952,0.00048569075429228715,0.00015366800875379422,2366
2.5,1.4876,0.0008043729083343778,0.0005090642093732691,0.0008046682544385735,0.0005085828719830562,0.00015452409329787996,2396
2.5,1.4877,0.0008423491253056812,0.0005330969961690953,0.0008427697246188393,0.0005326657966323345,0.00015506148288180552,2421
2.5,1.4878,0.0008822184342606973,0.0005583285249444026,0.0008827767562354237,0.0005579524547955379,0.00015526988149482443,2441
2.5,1.4879,0.0009239886636159364,0.0005847638553989104,0.0009246981156947406,0.000584448281664811,0.0001551451382686633,2457
2.5,1.488,0.000967655037241619,0.0006124000753719737,0.000968529966060288,0.0006121507413652306,0.00015468955351914147,2466
2.5,1.4881,0.0010132013057297298,0.0006412270155842046,0.0010142569891184148,0.000641050037346927,0.00015391158791369747,2471
2.5,1.4882,0.0010605991644326638,0.0006712268800005639,0.0010618517929143,0.0006711287392514951,0.00015282561157937055,2470
2.5,1.4883,0.0011098099031440372,0.0007023752884749387,0.0011112765532831292,0.0007023628218146769,0.0001514510445890521,2464
2.5,1.4884,0.0011607851435820236,0.0007346417421236979,0.0011624837432465966,0.0007347221272319482,0.00014981149336260982,2453
2.5,1.4885,0.0012134683805159138,0.0007679905974106023,0.0012154176680854974,0.0007681713366360942,0.00014793365796810724,2438
2.5,1.4886,0.0012677962507926307,0.0008023818679789029,0.001270015729010868,0.0008026707700877325,0.00014584626464808292,2419
2.5,1.4887,0.0013237001465773888,0.0008377722447709762,0.0013262100334106392,0.0008381774051719621,0.0001435789862586792,2396
2.5,1.4888,0.001381107802692879,0.0008741160996188584,0.0013839289802276954,0.0008746458800146476,0.00014116146588769585,2370
2.5,1.4889,0.0014399445001587704,0.0009113662463634968,0.001443098462677984,0.0009120292540182317,0.00013862252910209723,2341
2.5,1.4889999999999999,0.0015001345385296096,0.0009494748722620375,0.001503643341617486,0.000950279939485516,0.00013598950369607087,2310
2.5,1.4890999999999999,0.0015616021536058713,0.0009883941182465819,0.00156548836392381,0.0009893502826120479,0.00013328776891294772,2277
2.5,1.4891999999999999,0.001624272561678614,0.0010280767399771203,0.0016285592096030085,0.0010291932251228822,0.0001305404245353704,2242
2.5,1.4892999999999998,0.0016880728306926827,0.0010684766588891852,0.001692783365459285,0.0010697628567576244,0.00012776810755982175,2206
2.5,1.4893999999999998,0.0017529322872667195,0.0011095492200363334,0.0017580905348821125,0.0011110146740248095,0.00012498896617949245,2169
2.5,1.4894999999999998,0.0018187830688085147,0.001151251541719066,0.0018244131934187294,0.0011529059311385784,0.00012221869020767335,2131
2.5,1.4895999999999998,0.0018855606402295522,0.0011935428427280474,0.0018916871093134714,0.0011953959687943361,0.0001194706042037887,2094
2.5,1.4896999999999998,0.001953203399517824,0.0012363841927313505,0.0019598509500636753,0.0012384459654910447,0.0001167558927238099,2056
2.5,1.4897999999999998,0.00202165347750555,0.0012797390192005036,0.0020288470880436816,0.0012820194459438902,0.00011408371586223799,2018
2.5,1.4898999999999998,0.0020908564664033117,0.0013235729356592659,0.0020986213306843126,0.0013260821104981622,0.00011146144742393263,1981
2.5,1.4903999999999997,0.0024464905654745565,0.001548870477843511,0.002457495606635173,0.0015526772321721703,9.925749213376435e-05,2178
2.5,1.4904999999999997,0.0025192504936555086,0.0015949718130439127,0.002530981306345127,0.001599069238289361,9.701457567261558e-05,1767
2.5,1.4909999999999997,0.0028893792094623837,0.0018295267038178035,0.002905132895892846,0.0018352354349573839,8.680082717130444e-05,1939
2.5,1.4914999999999996,0.003267793034242293,0.0020693977167485587,0.003288231953494429,0.0020769833436339144,7.813920051561357e-05,1768
2.5,1.4919999999999995,0.003652196226894389,0.0023131333564658007,0.0036779877800197733,0.0023228635833215504,7.080994311375532e-05,1621
2.5,1.4924999999999995,0.004041002725205566,0.00255973072584642,0.004072817269054446,0.002571874536228195,6.458656233410113e-05,1495
2.5,1.4929999999999994,0.004433098738230716,0.002808485479592928,0.004471608392715094,0.002823312659815552,5.9269800278860356e-05,1385
2.5,1.4934999999999994,0.004827687872242704,0.003058893931783613,0.0048735658236514,0.0030766747910999843,5.4694804867231086e-05,1290
2.5,1.4939999999999993,0.005224189290601219,0.003310588676741867,0.0052781093626287166,0.003331593876410392,5.072864623745597e-05,1206
2.5,1.4944999999999993,0.005622172107074541,0.0035632971161597532,0.005684808499057545,0.003587797563387775,4.726510038699598e-05,1133
2.5,1.4949999999999992,0.0060213106560307065,0.0038168131791490104,0.00609333776837679,0.0038450799568557183,4.421937740684669e-05,1068
2.5,1.4954999999999992,0.0064213552389074694,0.0040709788275529605,0.006503447560816745,0.004103283149788608,4.1523565013740034e-05,1010
2.5,1.495999999999999,0.006822111491265454,0.004325671011474411,0.0069149435245827885,0.004362284191781693,3.912296973483234e-05,958
2.5,1.496999999999999,0.0076251767116137965,0.004836266191775411,0.007741511472974576,0.0048823113249476845,3.503820109089121e-05,928
2.5,1.4979999999999989,0.008429609132449034,0.005348030218852179,0.00857214371658939,0.005404593317614895,3.1698119453175325e-05,849
2.5,1.4989999999999988,0.009234814290793867,0.005860586016499336,0.009406244742614287,0.005928753413208022,2.8919975413919193e-05,782
2.5,1.4999999999999987,0.01004038403486316,0.00637367432640267,0.010243405167432842,0.006454532593840591,2.6575210745057373e-05,725
2.5,1.5009999999999986,0.010846029230142886,0.0068871111582504176,0.011083334519035228,0.006981747057583173,2.4571119389372353e-05,677
2.5,1.5019999999999984,0.011651539228010883,0.00740076215651753,0.011925820734394384,0.007510262601299831,2.283934702799887e-05,634
2.5,1.5029999999999983,0.01245675763950254,0.007914527284757545,0.012770705976437726,0.008039979319558552,2.132848202806485e-05,597
2.5,1.5039999999999982,0.01326156548145776,0.008428330166495124,0.013617869778496133,0.008570820944030024,1.9999168688182786e-05,564
2.5,1.5049999999999981,0.014065870998539965,0.008942111647911267,0.014467218882364402,0.009102728416705116,1.8820799133241852e-05,535
2.5,1.505999999999998,0.014869602127452546,0.009455825034645695,0.01531867970591259,0.00963565512306825,1.7769230291531645e-05,509
2.5,1.506999999999998,0.01567270155580782,0.009969432964701356,0.01617219340360856,0.010169563770175914,1.6825174177338553e-05,485
2.5,1.5119999999999978,0.01967737533819014,0.012534999654220148,0.02046915303535527,0.01285294673290035,1.326002516475514e-05,451
2.5,1.5169999999999977,0.02366192080397453,0.015095023348376705,0.024812865133115976,0.01555797659001645,1.0904977798901913e-05,379
2.5,1.5219999999999976,0.027624825394287133,0.017648413514385477,0.02920161966532685,0.018283561722474178,9.234695033456264e-06,329
2.5,1.5269999999999975,0.031565362608279475,0.02019457968088961,0.03363449077481492,0.02102910611121161,7.98906865941889e-06,291
2.5,1.5319999999999974,0.03548315525278431,0.022733155122523697,0.03811090047734705,0.02379423342114587,7.024779866644576e-06,261
2.5,1.5369999999999973,0.03937800268424623,0.025263887494572482,0.04263044616904678,0.02657867794947993,6.256424385942265e-06,237
2.5,1.5469999999999973,0.04709851395457416,0.03030111419665704,0.05179778514676224,0.03220473928077487,5.109547493554793e-06,211
2.5,1.5569999999999973,0.05472668286140739,0.035305171986990486,0.06113466277449242,0.03790603034288101,4.2950947768358465e-06,184
2.5,1.5669999999999973,0.06226276445237711,0.04027530729858488,0.07063969574521038,0.04368158092068643,3.687357936814905e-06,163
2.5,1.5769999999999973,0.06970726121012032,0.04521095858649202,0.08031174573324686,0.0495305741182922,3.216895655035899e-06,147
2.5,1.5869999999999973,0.07706082769171939,0.050111693915775316,0.09014982773839991,0.05545228906820152,2.84222616350685e-06,134
2.5,1.5969999999999973,0.08432422256540001,0.054977178771336156,0.10015306538073154,0.061446073185371,2.537044092156725e-06,124
2.5,1.6069999999999973,0.09149828025498574,0.059807156440405226,0.11032066524454823,0.06751132638463055,2.2838622326558712e-06,115
2.5,1.6169999999999973,0.0985838930454518,0.06460143518195391,0.12065190139604808,0.0736474916351767,2.0706024072516354e-06,107
2.5,1.6269999999999973,0.10558199820037474,0.06935987868010728,0.13114610449328076,0.07985404837547395,1.8886543086351422e-06,101
2.5,1.6369999999999973,0.11249356811481982,0.07408239853000995,0.14180265359026112,0.08613050758099475,1.7317142851670124e-06,95
2.5,1.6569999999999974,0.1260611255835473,0.08341951981681571,0.1636005151182282,0.09889131525638284,1.475090113274113e-06,89
2.5,1.6769999999999974,0.13929480044226863,0.09261285139621539,0.1860412912530473,0.11192651623800104,1.274579306771054e-06,81
2.5,1.6969999999999974,0.1522030339551817,0.10166291991419137,0.20912127981083325,0.12523304771755328,1.114026965470359e-06,75
2.5,1.7169999999999974,0.1647943658619726,0.11057063042429975,0.23283718519781602,0.13880813064561584,9.82915257696796e-07,70
2.5,1.7369999999999974,0.1770773547066311,0.11933719145025595,0.25718605327912586,0.1526492300636714,8.741026735665321e-07,65
2.5,1.7569999999999975,0.18906051787532743,0.12796405515264975,0.2821652203535222,0.16675402361328856,7.825705662289371e-07,61
2.5,1.7769999999999975,0.2007522859099997,0.136452868671696,0.30777227181271766,0.18112037572408443,7.046895463879264e-07,58
2.5,1.7969999999999975,0.21216096793026076,0.14480543439168034,0.33400500856180165,0.1957463163111736,6.377704363914014e-07,55
2.5,1.8169999999999975,0.22329472563714356,0.1530236772842047,0.36086141949525014,0.21063002298544153,5.797788173017384e-07,53
2.5,1.8369999999999975,0.2341615535906552,0.16110961756472342,0.38833965788269253,0.22576980563967475,5.291476126206215e-07,50
2.5,1.8569999999999975,0.2447692651800934,0.16906534826272246,0.41643802225088244,0.241164093640293,4.846505456162767e-07,48
2.5,1.8869999999999976,0.2602116079212778,0.18075950809412736,0.4597448949120114,0.2647295505503537,4.2733159189685993e-07,47
2.5,1.9169999999999976,0.27511292344668253,0.19217292667000702,0.5044386959410097,0.2888598446091581,3.7914607762855706e-07,44
2.5,1.9469999999999976,0.2894970636433339,0.20331309270185258,0.5505150725942964,0.31355087838077716,3.3823475726504146e-07,42
2.5,1.9769999999999976,0.3033868428658103,0.21418751724830126,0.5979700875735597,0.3387989353027028,3.0319889391221835e-07,40
3.0,1e-16,9.999993336100655e-07,9.999993336100649e-07,7.499995002075487e-39,2.4999983340251635e-39,3.7499900000151684e-39,2
3.0,0.0300000000000001,1.0006744823311157e-06,1.0002244844330728e-06,6.751515269923286e-10,2.2515175852450252e-10,3.3749915004323597e-10,3
3.0,0.060000000000000095,1.0027017526080985e-06,1.0009017599321684e-06,2.702434751816863e-09,9.024315773472914e-10,1.3499996610121527e-09,3
3.0,0.0900000000000001,1.0060866401833532e-06,1.0020366370162377e-06,6.087372569873657e-09,2.0373254463712946e-09,3.037529168301611e-09,3
3.0,0.12000000000000009,1.0108383992843153e-06,1.0036382756466557e-06,1.0839293376983898e-08,3.6390182374235406e-09,5.40019524519094e-09,3
3.0,0.15000000000000008,1.0169702041654495e-06,1.0057195737471774e-06,1.6971517806983638e-08,5.72045739843066e-09,8.438277704844241e-09,3
3.0,0.18000000000000008,1.0244993877010325e-06,1.008297249879214e-06,2.4501623172064922e-08,8.29844504037837e-09,1.2152357935135688e-08,3
3.0,0.21000000000000008,1.0334477600975601e-06,1.0113919565677418e-06,3.345178896347809e-08,1.139376155507561e-08,1.6543485497209273e-08,3
3.0,0.24000000000000007,1.0438483823426697e-06,1.0150305979643177e-06,4.384932183205855e-08,1.5031416705734452e-08,2.1613382455043128e-08,4
3.0,0.2700000000000001,1.0557258145262694e-06,1.0192396473039256e-06,5.572692771634216e-08,1.924060296974127e-08,2.736468626907232e-08,4
3.0,0.30000000000000004,1.0691222323753985e-06,1.024054039713005e-06,6.912364768062785e-08,2.4055250228446473e-08,3.380123261325615e-08,4
3.0,0.33000000000000007,1.084083499579794e-06,1.0295125082552533e-06,8.408543411174785e-08,2.9514173276059904e-08,4.0928380197282725e-08,4
3.0,0.3600000000000001,1.1006632524501872e-06,1.035659046847621e-06,1.0066605935358882e-07,3.566148937938609e-08,4.8753380632778003e-08,4
3.0,0.3900000000000001,1.1189238993311672e-06,1.042543358338055e-06,1.189281336024137e-07,4.254708127206766e-08,5.7285797623195166e-08,4
3.0,0.42000000000000015,1.1389430293807556e-06,1.0502262837195082e-06,1.3894493733609104e-07,5.022738759569136e-08,6.653798134055335e-08,5
3.0,0.4500000000000002,1.1607972070933448e-06,1.0587640107683288e-06,1.6079978413544006e-07,5.8765358609100624e-08,7.652560585742514e-08,5
3.0,0.4800000000000002,1.18458655087834e-06,1.068230434410396e-06,1.845902190661166e-07,6.823218533059243e-08,8.726828002434424e-08,5
3.0,0.5100000000000002,1.2104230204461316e-06,1.0787053478496642e-06,2.1042844573177342e-07,7.870775690450978e-08,9.879024537039355e-08,5
3.0,0.5400000000000003,1.238435695254584e-06,1.0902784951669443e-06,2.3844390689301095e-07,9.028196218405928e-08,1.1112117862267008e-07,5
3.0,0.5700000000000003,1.268773394406109e-06,1.1030509798393112e-06,2.687859475123444e-07,1.030561189606363e-07,1.2429712155544467e-07,5
3.0,0.6000000000000003,1.301607778227278e-06,1.117136962671903e-06,3.016269799214142e-07,1.1714470004045515e-07,1.38361567424235e-07,5
3.0,0.6300000000000003,1.3371640240384638e-06,1.1326761911565985e-06,3.371693852025408e-07,1.326801002852167e-07,1.5336674168769476e-07,6
3.0,0.6600000000000004,1.3756320170695886e-06,1.1498004840658433e-06,3.7563981814431146e-07,1.4980632665887837e-07,1.6937512575897725e-07,6
3.0,0.6900000000000004,1.4172964583639453e-06,1.1686848034552656e-06,4.173081261937894e-07,1.686937109567688e-07,1.8646128697488426e-07,6
3.0,0.7200000000000004,1.4624684987424824e-06,1.1895222202752698e-06,4.624862392430255e-07,1.8953591743702596e-07,2.0471409736830842e-07,6
3.0,0.7500000000000004,1.5115350369988895e-06,1.2125546405531081e-06,5.115464889833431e-07,2.125596145779691e-07,2.2423944971837122e-07,7
3.0,0.7800000000000005,1.5648872764722347e-06,1.2380118243198718e-06,5.649047954371582e-07,2.3801935475142717e-07,2.4516361483822427e-07,7
3.0,0.8100000000000005,1.6230419658454967e-06,1.2662077723862446e-06,6.230691895969621e-07,2.662194584478079e-07,2.6763743260600155e-07,7
3.0,0.8400000000000005,1.6865925774345797e-06,1.297496555255884e-06,6.866351770414147e-07,2.9751493065946027e-07,2.918415975410107e-07,7
3.0,0.8700000000000006,1.756306495358251e-06,1.332323169839993e-06,7.56326555438919e-07,3.3233709658416545e-07,3.179933956543036e-07,8
3.0,0.9000000000000006,1.832940687156688e-06,1.37114805733975e-06,8.329724448338993e-07,3.7117048914922977e-07,3.463553877495789e-07,8
3.0,0.9300000000000006,1.9176013693852842e-06,1.4146209492685779e-06,9.176292442667959e-07,4.146333560953336e-07,3.7724673486545774e-07,9
3.0,0.9600000000000006,2.0114723875113805e-06,1.4634228025958904e-06,1.0115178411542807e-06,4.634432380826227e-07,4.110581611111996e-07,9
3.0,0.9900000000000007,2.1161786824345297e-06,1.518496844759464e-06,1.1162090681615646e-06,5.185166816635213e-07,4.482719975888967e-07,10
3.0,1.0200000000000007,2.2335734770973096e-06,1.5809378092820952e-06,1.2336057725828204e-06,5.80952461393011e-07,4.894894468870768e-07,11
3.0,1.0500000000000007,2.3660359752681232e-06,1.6521132158567626e-06,1.3660911153615624e-06,6.521386656832774e-07,5.354682976259041e-07,11
3.0,1.0800000000000007,2.5167218274750725e-06,1.733846463564614e-06,1.5167688863263265e-06,7.338760848917322e-07,5.871760826078452e-07,12
3.0,1.1100000000000008,2.689535789692478e-06,1.8284169213600195e-06,1.6895943666057624e-06,8.284442616200268e-07,6.458665994555278e-07,13
3.0,1.1400000000000008,2.8897214984930082e-06,1.9388339939161597e-06,1.8897814938700837e-06,9.388705148603798e-07,7.131927142180696e-07,14
3.0,1.1700000000000008,3.124274753584585e-06,2.0691645991753985e-06,2.1243595648584054e-06,1.069204927545486e-06,7.913772384381259e-07,15
3.0,1.2000000000000008,3.402944977527107e-06,2.2250226183534435e-06,2.4030244278217222e-06,1.2250601919097602e-06,8.834800240071351e-07,17
3.0,1.2300000000000009,3.7393157158589434e-06,2.414261730605023e-06,2.7394024291742586e-06,1.4143026866307509e-06,9.938310199243716e-07,19
3.0,1.260000000000001,4.1533635805731604e-06,2.6484185023867268e-06,3.1534719107918804e-06,1.6484700051294899e-06,1.1287634728063376e-06,21
3.0,1.290000000000001,4.675662136662373e-06,2.9451458232966126e-06,3.6757628734109252e-06,1.9451923404049662e-06,1.297921633808111e-06,25
3.0,1.320000000000001,5.354763961694502e-06,3.332479978724447e-06,4.354884836197114e-06,2.3325351817141285e-06,1.5167469883792762e-06,29
3.0,1.350000000000001,6.273960476456711e-06,3.858510612427778e-06,5.274101693362227e-06,2.858573242085593e-06,1.8116009392910148e-06,35
3.0,1.380000000000001,7.58782189737222e-06,4.612481767088416e-06,6.588007707932394e-06,3.612562005338919e-06,2.2314853786755277e-06,43
3.0,1.410000000000001,9.620113165827128e-06,5.781322605023015e-06,8.620385603284706e-06,4.781436746245235e-06,2.8789825235280883e-06,55
3.0,1.430000000000001,1.1730214843865701e-05,6.996638051000548e-06,1.073056886286828e-05,5.996779083555252e-06,3.5498324887322003e-06,67
3.0,1.450000000000001,1.5050667345296069e-05,8.91079702302756e-06,1.4051213055686605e-05,7.911007023371259e-06,4.604014179772365e-06,87
3.0,1.470000000000001,2.1042086352117933e-05,1.2367106242985711e-05,2.00430599103509e-05,1.1367461099572928e-05,6.503311371826515e-06,127
3.0,1.480000000000001,2.6298727743890724e-05,1.5400657308750494e-05,2.530019982681535e-05,1.4401183312554584e-05,8.167527196162486e-06,152
3.0,1.490000000000001,3.5086668310934895e-05,2.047308589556952e-05,3.4089223497565464e-05,1.9473978079276666e-05,1.0945280572775604e-05,208
3.0,1.500000000000001,5.274732015530566e-05,3.0668432079810006e-05,5.1752979134679465e-05,2.9670367587359482e-05,1.650699535268093e-05,324
3.0,1.505000000000001,7.048977547235316e-05,4.09118729498334e-05,6.94998112711474e-05,3.991527592231673e-05,2.2057879717387128e-05,417
3.0,1.510000000000001,0.00010606843927251008,6.145405322381758e-05,0.00010509104006671996,6.046166209631263e-05,3.303259503270954e-05,647
3.0,1.5110000000000008,0.00011791410761181484,6.829365958310387e-05,0.00011694201627077687,6.730304382119864e-05,3.662810383305066e-05,615
3.0,1.5120000000000007,0.0001326839092605293,7.68217707398234e-05,0.00013171922268466723,7.583363076312595e-05,4.10624714553384e-05,699
3.0,1.5130000000000006,0.00015158085032152877,8.773309432591528e-05,0.000150626909853721,8.674854588742099e-05,4.664835812984924e-05,807
3.0,1.5140000000000005,0.00017654479224772998,0.00010214789011885153,0.00017560723885415338,0.00010116881665276949,5.385867343952348e-05,949
3.0,1.5150000000000003,0.00021088290701388557,0.00012197611391418006,0.00020997196954400556,0.00012100593006273643,6.342103831449154e-05,1141
3.0,1.5155000000000003,0.000233277578924762,0.0001349080394071571,0.000232386543116253,0.0001339445012347632,6.941179320052031e-05,1165
3.0,1.5160000000000002,0.0002606106345700364,0.00015069200858778675,0.0002597466096666994,0.00014973748864109844,7.643836883079386e-05,1301
3.0,1.5165000000000002,0.0002945423860733426,0.0001702870384882592,0.0002937160542374854,0.00016934510148506498,8.469740320531459e-05,1464
3.0,1.5170000000000001,0.0003374550763812542,0.0001950692364012474,0.00033668301597644277,0.00019414541381758508,9.436572376117008e-05,1660
3.0,1.5175,0.00039278821927323713,0.00022702562678234874,0.0003920970241984201,0.00022612879156719525,0.00010550147966332648,1892
3.0,1.518,0.0004654593963884902,0.000268997493515026,0.0004648930351848891,0.0002681423145308779,0.00011782621763801207,2160
3.0,1.5181,0.00048263430103466753,0.0002789173872663058,0.000482100533702243,0.0002780730839243866,0.00012036411985758199,1793
3.0,1.5186,0.0005851657943405157,0.00033814060855132284,0.0005848511987419308,0.00033736943313714276,0.00013270815367018863,2509
3.0,1.5187,0.0006094900129377526,0.00035219127716103963,0.0006092335965215879,0.0003514395128495939,0.00013497592176358548,2085
3.0,1.5188,0.0006352530405338568,0.0003670733766262902,0.0006350608306988328,0.0003663430341304833,0.0001371241489693274,2132
3.0,1.5189,0.0006625244768826221,0.0003828271671927306,0.0006624031321918985,0.0003821204677983829,0.0001391277128820992,2177
3.0,1.519,0.0006913714890966003,0.00039949151061904756,0.000691328348575107,0.0003988109026133552,0.0001409610293941043,2221
3.0,1.5191,0.0007218568670786838,0.0004171027473318245,0.0007218999991289796,0.0004164509225035815,0.00014259885396049435,2261
3.0,1.5191999999999999,0.000754038582428185,0.0004356944416815572,0.0007541768310175069,0.0004350743503985764,0.0001440169616271545,2299
3.0,1.5192999999999999,0.0007879676516679502,0.00045529614757781965,0.0007882106791926458,0.00045471101333875795,0.00014519313490232838,2334
3.0,1.5193999999999999,0.0008236870554867398,0.00047593278400090894,0.0008240453805701132,0.0004753861160836739,0.00014610802092555967,2364
3.0,1.5194999999999999,0.0008612310857426946,0.0004976242573662026,0.0008617161148153065,0.0004971198611393409,0.0001467458870606461,2391
3.0,1.5195999999999998,0.0009006234932931514,0.0005203843909204412,0.0009012475444685479,0.0005199263762091027,0.00014709547747276437,2412
3.0,1.5196999999999998,0.0009418778822015812,0.0005442211518085846,0.0009426542013210058,0.0005438139377947435,0.00014715038134885898,2430
3.0,1.5197999999999998,0.0009849961156388812,0.0005691357290465084,0.0009859388824734162,0.0005687840468334018,0.0001469095338219763,2442
3.0,1.5198999999999998,0.0010299692402251275,0.0005951230665144215,0.001031093566060447,0.0005948319580666994,0.00014637711499042845,2449
3.0,1.5199999999999998,0.0010767773509379,0.00062217178367888,0.001078099266758763,0.0006219465979017309,0.00014556240742847438,2452
3.0,1.5200999999999998,0.0011253898703257209,0.0006502643355379395,0.0011269263057656262,0.0006501107215437556,0.00014447939428284862,2449
3.0,1.5201999999999998,0.0011757671005216918,0.000679377908135305,0.0011775358559243034,0.0006793018056182793,0.00014314600217857723,2442
3.0,1.5202999999999998,0.0012278607040672749,0.0007094846949368781,0.001229880414808176,0.000709492322536651,0.00014158340151636595,2431
3.0,1.5203999999999998,0.0012816150382116054,0.0007405526666605941,0.0012839051336877916,0.000740650508307241,0.0001398151182252482,2415
3.0,1.5204999999999997,0.0013369688773214987,0.0007725465653719776,0.0013395495364135672,0.0007727413552748344,0.00013786609096452383,2396
3.0,1.5205999999999997,0.0013938561642131476,0.0008054283375285027,0.0013967482667007793,0.0008057270443074498,0.00013576191477583237,2373
3.0,1.5206999999999997,0.0014522079204740148,0.0008391582372578636,0.0014554329984577414,0.0008395680473749531,0.00013352800143290715,2348
3.0,1.5207999999999997,0.0015119528826307539,0.0008736951929908245,0.0015155330698202079,0.0008742234942726237,0.00013118902224115174,2320
3.0,1.5208999999999997,0.0015730191161408514,0.0009089977398959334,0.0015769770992700661,0.0009096521050947668,0.0001287683339694841,2290
3.0,1.5209999999999997,0.001635334696776321,0.0009450244131633488,0.0016396936675597727,0.0009458125840612268,0.0001262876452028421,2258
3.0,1.5210999999999997,0.001698828641037451,0.0009817342855178688,0.0017036122504573055,0.0009826641577028025,0.0001237667563595295,2224
3.0,1.5211999999999997,0.0017634317867516027,0.0010190874761129998,0.0017686641025577246,0.001020167084652686,0.00012122340365034576,2190
3.0,1.5212999999999997,0.0018290767361596183,0.001057045117517852,0.0018347822011679424,0.0010582826234060419,0.00011867328405933426,2154
3.0,1.5213999999999996,0.0018956991564197797,0.0010955701076568608,0.0019019025528195066,0.0010969737855430815,0.00011612999158167686,2119
3.0,1.5214999999999996,0.0019632369777489583,0.0011346266464268408,0.0019699633907416746,0.0011362048728232317,0.00011360522004609444,2082
3.0,1.5215999999999996,0.0020316317723100006,0.0011741810329172462,0.002038906560674668,0.001175942276165719,0.00011110877022919106,2046
3.0,1.5216999999999996,0.002100827766310493,0.0012142010946692898,0.002108676532066755,0.0012161539051430744,0.00010864880789906558,2009
3.0,1.5217999999999996,0.0021707727657374032,0.0012546567233351288,0.002179221330203515,0.0012568097249593924,0.000106231943954924,1973
3.0,1.5222999999999995,0.0025301150721789463,0.001462535061392327,0.00254195609085042,0.0014658204529139102,9.494048163828252e-05,2176
3.0,1.5223999999999995,0.0026036244165059436,0.0015050677336031352,0.0026162236013183965,0.0015086062231286987,9.285668270921707e-05,1767
3.0,1.5228999999999995,0.002977577818671728,0.0017214788162449415,0.0029943717689498777,0.0017264177899345052,8.333080925087934e-05,1943
3.0,1.5233999999999994,0.003359970037012658,0.0019428440554884326,0.003381637950926461,0.0019494105662675575,7.52036778674255e-05,1776
3.0,1.5238999999999994,0.003748510528837735,0.0021678415302627575,0.0037757369801786557,0.002176264520375435,6.829104969996944e-05,1631
3.0,1.5243999999999993,0.004141601367918773,0.002395548936564271,0.004175074127580736,0.002406058510434822,6.239587273525006e-05,1507
3.0,1.5248999999999993,0.004538110910880594,0.002625313024135197,0.004578519680651386,0.0026381400271674902,5.734117634968432e-05,1398
3.0,1.5253999999999992,0.004937224500752533,0.0028566634642137926,0.004985260166591018,0.002872039233352359,5.2978433182826706e-05,1303
3.0,1.5258999999999991,0.005338344777270984,0.003089255329029586,0.0053946989495620695,0.003107411538278424,4.918657628398192e-05,1220
3.0,1.526399999999999,0.00574102611267139,0.003322831257677286,0.005806390834391456,0.0033439998217984182,4.586804454890352e-05,1147
3.0,1.526899999999999,0.006144930488266126,0.003557195995197868,0.00621999804645131,0.003581609005538114,4.294442330204274e-05,1081
3.0,1.527399999999999,0.00654979802418051,0.003792199385834807,0.006635260829441126,0.0038200890695895997,4.0352547667561105e-05,1023
3.0,1.527899999999999,0.006955425578135041,0.004027724020533216,0.0070519760755298816,0.0040593227111295,3.804130955583449e-05,971
3.0,1.5288999999999988,0.007768350598435415,0.0044999842265878165,0.007889153680570218,0.004539698261866831,3.4101850645447525e-05,942
3.0,1.5298999999999987,0.008582763064075764,0.0049734313695665834,0.008730587754565217,0.005022190954256237,3.0874479653160367e-05,862
3.0,1.5308999999999986,0.009398036529447167,0.005447702632036594,0.009575650857766651,0.00550643837919863,2.818604510139298e-05,795
3.0,1.5318999999999985,0.01021373930610148,0.005922547620057906,0.010423910097040088,0.005992190473394369,2.5914234004623116e-05,737
3.0,1.5328999999999984,0.0110295651116551,0.006397788335043995,0.01127505786944215,0.0064792695223291966,2.3970550503428286e-05,688
3.0,1.5338999999999983,0.011845290426860533,0.0068732945559187245,0.012128869249492975,0.006967545555764826,2.228957022390832e-05,645
3.0,1.5348999999999982,0.012660748757792583,0.007348968987127168,0.012985176293778232,0.00745692150464215,2.0821978040551267e-05,607
3.0,1.535899999999998,0.013475813620205793,0.00782473743422607,0.013843851036395521,0.007947323383927743,1.952995252793576e-05,574
3.0,1.536899999999998,0.014290387109011093,0.0083005422041928,0.014704794062031408,0.008438693695558476,1.838403424076715e-05,545
3.0,1.5378999999999978,0.015104392244920684,0.008776337690279835,0.015567926863302063,0.008930987012345862,1.7360955022126976e-05,518
3.0,1.5388999999999977,0.015917768016647956,0.009252087508644457,0.016433186893535793,0.009424167122685269,1.644210389670871e-05,494
3.0,1.5438999999999976,0.019973763617972238,0.011629278329614863,0.020789898194349937,0.01190250161147663,1.2969054253367307e-05,459
3.0,1.5488999999999975,0.024009383835647317,0.014002476556391585,0.025194913818502508,0.014400175429404345,1.0672254057988489e-05,387
3.0,1.5538999999999974,0.02802300614147228,0.01637060571543665,0.029646412388511734,0.016916124157265185,9.04206917773823e-06,335
3.0,1.5588999999999973,0.032013850158444004,0.018733078433059547,0.034143412812402144,0.019449768237150993,7.825696539836226e-06,296
3.0,1.5638999999999972,0.03598150957296336,0.021089526096000732,0.03868530662434144,0.022000742996001934,6.883670303112532e-06,266
3.0,1.568899999999997,0.039925767240974096,0.02343969201341088,0.04327167338225196,0.024568792095601182,6.132808923285292e-06,242
3.0,1.578899999999997,0.047743696106602895,0.02812044620576756,0.05257662694710491,0.029755365910682192,5.011621741685283e-06,216
3.0,1.588899999999997,0.05546738988577168,0.03277419870019333,0.062056385432764205,0.035008287638985044,4.215080112830727e-06,188
3.0,1.598899999999997,0.06309710132712307,0.03740013366132312,0.07170955421749553,0.040326638487063894,3.6205049409176124e-06,167
3.0,1.608899999999997,0.07063334484459292,0.04199762213485941,0.08153499868146734,0.0457096488326441,3.160093791207796e-06,150
3.0,1.6188999999999971,0.07807679498899263,0.04656616144821633,0.0915317464877643,0.05115664238617317,2.793328778037282e-06,137
3.0,1.6288999999999971,0.08542823458705942,0.05110534349289197,0.10169893890147323,0.05666700854832301,2.494508429911484e-06,126
3.0,1.6388999999999971,0.0926885252469293,0.05561483607414696,0.11203580405281595,0.062240187364541205,2.2465430696266268e-06,117
3.0,1.6488999999999971,0.09985858790593696,0.06009437021751102,0.12254163980060369,0.06787565993217631,2.0376268783553e-06,109
3.0,1.6588999999999972,0.10693938960053266,0.06454373117375226,0.13321580251054446,0.07357294218226676,1.8593423662137643e-06,103
3.0,1.6688999999999972,0.11393193311313837,0.06896275118355562,0.1440576983046736,0.07933158004865298,1.7055261976409192e-06,97
3.0,1.6888999999999972,0.12765639188254535,0.07770930033839779,0.16624252765956932,0.09103123721373786,1.4539235683945707e-06,91
3.0,1.7088999999999972,0.14104044526016757,0.08633342573032474,0.18909216622041702,0.10297148562228117,1.2572439021740956e-06,83
3.0,1.7288999999999972,0.15409277817358827,0.09483500844085464,0.21260315210315045,0.11514949628356595,1.0996848189115997e-06,77
3.0,1.7488999999999972,0.16682216908111416,0.1032143112668541,0.23677243353425922,0.1275627073286932,9.70956271913764e-07,71
3.0,1.7688999999999973,0.17923740906805183,0.11147190744117076,0.2615973015719062,0.14020878631891295,8.640703251221823e-07,67
3.0,1.7888999999999973,0.1913472405957611,0.11960862315173532,0.2870753365567023,0.15308559992239282,7.741155219843014e-07,63
3.0,1.8088999999999973,0.2031603118285878,0.12762549123537542,0.31320436616771796,0.1661911897609776,6.975394628963024e-07,59
3.0,1.8288999999999973,0.21468514181381732,0.13552371293704144,0.33998243082769863,0.17952375220209246,6.31709620813693e-07,56
3.0,1.8488999999999973,0.22593009421772609,0.1433046261728258,0.3674077549849269,0.1930816213380283,5.746341303524627e-07,53
3.0,1.8688999999999973,0.23690335805738014,0.15096967928775434,0.3954787236855516,0.20686325475721637,5.247784493696226e-07,51
3.0,1.8888999999999974,0.24761293337932294,0.1585204088222953,0.4241938622279482,0.22086722108973378,4.809415642140746e-07,49
3.0,1.9188999999999974,0.26319988951959267,0.1696356752348788,0.46847146301462284,0.24228715871588985,4.244389749236209e-07,47
3.0,1.9488999999999974,0.27823650905231373,0.18050297525308573,0.5141913180334657,0.26420025692844046,3.769051380357059e-07,45
3.0,1.9788999999999974,0.29274718524387117,0.1911281223672147,0.5613497760693172,0.28660280312881037,3.3651789324244934e-07,43
