alpha,beta,q[0],q[1],q_hat[0],q_hat[1],"abs(chi[0, 1])",iteration
0.5,1e-16,2.4999994590243287e-07,9.999993336100649e-07,3.333331112033549e-39,1.666666306016219e-39,1.1111091481501959e-39,2
0.5,0.0300000000000001,2.5010121574487104e-07,1.0001493937320481e-06,3.000448181196164e-10,1.5006072944692361e-10,1.0001032806197522e-10,3
0.5,0.060000000000000095,2.5040526578172025e-07,1.0006003035172281e-06,1.2007203642206774e-09,6.009726378761304e-10,4.0016760249077026e-10,3
0.5,0.0900000000000001,2.509128192554608e-07,1.0013542546634904e-06,2.703656487591429e-09,1.354929223979491e-09,9.0085244832586e-10,3
0.5,0.12000000000000009,2.5162508784354206e-07,1.002414912591575e-06,4.8115915804395674e-09,2.4156008432980074e-09,1.6027051074086506e-09,3
0.5,0.15000000000000008,2.525437817557275e-07,1.0037874367282169e-06,7.528405775461634e-09,3.788156726335917e-09,2.5066343058218715e-09,3
0.5,0.18000000000000008,2.536711243680512e-07,1.0054785099609523e-06,1.0859167907578293e-08,5.479296286349909e-09,3.6138298047499884e-09,3
0.5,0.21000000000000008,2.550098715830873e-07,1.0074963777258174e-06,1.4810196752569528e-08,7.497290224542772e-09,4.925778775684334e-09,3
0.5,0.24000000000000007,2.565633361725667e-07,1.009850897354383e-06,1.9389137229204164e-08,9.852032109026565e-09,6.444286187717368e-09,3
0.5,0.2700000000000001,2.5833541743079087e-07,1.012553598485251e-06,2.460505244319161e-08,1.2555101287136441e-08,8.171499446695811e-09,3
0.5,0.30000000000000004,2.603306365476666e-07,1.0156177555414525e-06,3.046853266624358e-08,1.561983819286e-08,1.0109937584725335e-08,3
0.5,0.33000000000000007,2.625552591495302e-07,1.0190606899211188e-06,3.699190304413663e-08,1.90615118142559e-08,1.2262525365637979e-08,4
0.5,0.3600000000000001,2.650136295139858e-07,1.0228962724371535e-06,4.418911896928506e-08,2.2897177590008383e-08,1.4632632749752424e-08,4
0.5,0.3900000000000001,2.6771313710163353e-07,1.027145076626225e-06,5.2076255384949635e-08,2.7146112102105656e-08,1.7224120251289335e-08,4
0.5,0.42000000000000015,2.706613541118654e-07,1.0318285388676861e-06,6.067151808541999e-08,3.1829775243555396e-08,2.0041390828482184e-08,4
0.5,0.4500000000000002,2.738667743474394e-07,1.0369704739679866e-06,6.999550699283914e-08,3.697201453690435e-08,2.3089449071230554e-08,4
0.5,0.4800000000000002,2.7733889993808904e-07,1.0425972623460653e-06,8.007146974817787e-08,4.2599255030490514e-08,2.6373968600210403e-08,4
0.5,0.5100000000000002,2.810883404582754e-07,1.0487380656490264e-06,9.092559029177066e-08,4.8740718235465e-08,2.990136876879386e-08,4
0.5,0.5400000000000003,2.8512692620141123e-07,1.0554250750321772e-06,1.0258731729312772e-07,5.5428674453554394e-08,3.36789019719373e-08,4
0.5,0.5700000000000003,2.894678377044689e-07,1.0626937971149473e-06,1.1508973822754889e-07,6.269873364678801e-08,3.7714753122418795e-08,4
0.5,0.6000000000000003,2.941257540161225e-07,1.0705833835590197e-06,1.2847000602708248e-07,7.059018096386947e-08,4.2018153164705357e-08,4
0.5,0.6300000000000003,2.9911702268417217e-07,1.0791370113439412e-06,1.4276982660080357e-07,7.914636420223204e-08,4.659950887325105e-08,4
0.5,0.6600000000000004,3.0445985502405644e-07,1.0884023221856931e-06,1.580360171813628e-07,8.84151418989861e-08,5.147055164162149e-08,4
0.5,0.6900000000000004,3.1017938656691045e-07,1.0984483226196428e-06,1.7432374879973752e-07,9.845093729633749e-08,5.664450853161138e-08,5
0.5,0.7200000000000004,3.162904959984158e-07,1.109306539493526e-06,1.9168817002448153e-07,1.0930999541705263e-07,6.213629955220444e-08,5
0.5,0.7500000000000004,3.2282206111216515e-07,1.1210536109256253e-06,2.10197552048555e-07,1.2105827291706206e-07,6.796276598287388e-08,5
0.5,0.7800000000000005,3.2980256881397113e-07,1.1337615445579176e-06,2.2992684123634596e-07,1.3376792191094684e-07,7.41429356533301e-08,5
0.5,0.8100000000000005,3.372639613873188e-07,1.1475104586979317e-06,2.5096053731723793e-07,1.4751925671081341e-07,8.069833241196128e-08,5
0.5,0.8400000000000005,3.452421249820223e-07,1.1623897077039148e-06,2.733940592519611e-07,1.6240189559154347e-07,8.765333872188114e-08,5
0.5,0.8700000000000006,3.537774640926168e-07,1.1784992080938749e-06,2.9733535020208497e-07,1.7851610838113465e-07,9.503562246702494e-08,5
0.5,0.9000000000000006,3.6292473733856283e-07,1.1959728861848037e-06,3.229126792698974e-07,1.9597935816282418e-07,1.0287664178884345e-07,6
0.5,0.9300000000000006,3.7272080188738804e-07,1.2149018606620462e-06,3.502562064288683e-07,2.149108143682682e-07,1.1121224532590933e-07,6
0.5,0.9600000000000006,3.832310647458121e-07,1.23544467159612e-06,3.795286031143285e-07,2.3545716617982725e-07,1.200833897176124e-07,6
0.5,0.9900000000000007,3.9452260614113564e-07,1.2577635554621571e-06,4.109113535694873e-07,2.577810708526184e-07,1.295370023068009e-07,6
0.5,1.0200000000000007,4.066721239683475e-07,1.2820431917087864e-06,4.446125788846077e-07,2.820677851844462e-07,1.39627024704397e-07,6
0.5,1.0500000000000007,4.1977920293234667e-07,1.3085271323583259e-06,4.808837211416854e-07,3.085377141552752e-07,1.504156833341224e-07,7
0.5,1.0800000000000007,4.3392736289440695e-07,1.3374066803541936e-06,5.199837173217112e-07,3.374219173866913e-07,1.6197504706238602e-07,7
0.5,1.1100000000000008,4.4924260560584883e-07,1.3689857321630708e-06,5.62242440199374e-07,3.6900787624464473e-07,1.7438895069562593e-07,7
0.5,1.1400000000000008,4.658624281165275e-07,1.4035908625520748e-06,6.080355616575596e-07,4.0362320772016e-07,1.8775538921064871e-07,7
0.5,1.1700000000000008,4.839648185719196e-07,1.4416479456012948e-06,6.578239575778718e-07,4.4166629342873447e-07,2.0218952296948342e-07,8
0.5,1.2000000000000008,5.037133850740132e-07,1.4835377293001614e-06,7.120981100640784e-07,4.835648496710534e-07,2.1782748445153295e-07,8
0.5,1.2300000000000009,5.253453647403707e-07,1.529822965890035e-06,7.714897216983457e-07,5.298633348771386e-07,2.3483124744038147e-07,8
0.5,1.260000000000001,5.491532546163831e-07,1.581195984797732e-06,8.367689151549611e-07,5.812238046859807e-07,2.533949223089119e-07,9
0.5,1.290000000000001,5.754285471965235e-07,1.6383372028263864e-06,9.087856464077978e-07,6.38380430259824e-07,2.7375298993743277e-07,9
0.5,1.320000000000001,6.046051599453245e-07,1.702278147967878e-06,9.886831483397451e-07,7.0230935379249e-07,2.961912081031753e-07,10
0.5,1.350000000000001,6.371555987268837e-07,1.7741161288598563e-06,1.0777755482823643e-06,7.741440524531648e-07,3.2106126190703635e-07,11
0.5,1.380000000000001,6.736745652459388e-07,1.855251292798429e-06,1.1777135206684444e-06,8.552972280362452e-07,3.4880074750482445e-07,11
0.5,1.410000000000001,7.149611457755285e-07,1.9475700707907915e-06,1.2906546859130594e-06,9.476095026108868e-07,3.799609016075439e-07,12
0.5,1.440000000000001,7.619813189816894e-07,2.053318889348516e-06,1.4192540163176962e-06,1.0533629753602888e-06,4.1524582226601266e-07,13
0.5,1.470000000000001,8.160022383249574e-07,2.1754894302443776e-06,1.5670050366050274e-06,1.1755328245309354e-06,4.5556914727973446e-07,14
0.5,1.500000000000001,8.787071826341437e-07,2.3180034298867174e-06,1.7385025724150406e-06,1.3180607739512174e-06,5.021379840433641e-07,15
0.5,1.5300000000000011,9.523524435976654e-07,2.4861773931206802e-06,1.9399642198520694e-06,1.4862412234785188e-06,5.565807082847e-07,16
0.5,1.5600000000000012,1.0400996895933055e-06,2.687396538908136e-06,2.1800160723622834e-06,1.6874577363961816e-06,6.211479346938211e-07,18
0.5,1.5900000000000012,1.1463697032298384e-06,2.932023769424829e-06,2.470816430494307e-06,1.9320914978235723e-06,6.990406943293121e-07,20
0.5,1.6200000000000012,1.277741404159849e-06,3.2354592255897628e-06,2.830379730545929e-06,2.2355363607180754e-06,7.949708243949687e-07,23
0.5,1.6500000000000012,1.4442020690104954e-06,3.6211104902594526e-06,3.286157769910458e-06,2.621226755254053e-06,9.161708952817261e-07,25
0.5,1.6800000000000013,1.6621674370197942e-06,4.1274393557133205e-06,3.8830949458550975e-06,3.1275342494964496e-06,1.0743392695827422e-06,31
0.5,1.7100000000000013,1.9596402885691522e-06,4.820008625400442e-06,4.698062407177818e-06,3.820122778536711e-06,1.289714794833379e-06,37
0.5,1.7400000000000013,2.3899275232669494e-06,5.823674918974127e-06,5.877252728228697e-06,4.823829712962017e-06,1.600608194672037e-06,45
0.5,1.7700000000000014,3.0676194829746366e-06,7.4068248816474854e-06,7.73494722390448e-06,6.407030052140835e-06,2.0893631691558934e-06,59
0.5,1.7900000000000014,3.7872162941075016e-06,9.089497743648227e-06,9.707886573474444e-06,8.08974648529991e-06,2.607658677043051e-06,73
0.5,1.8100000000000014,4.953792625617634e-06,1.1819039108393935e-05,1.2906784674336476e-05,1.0819413347190637e-05,3.447193888965175e-06,97
0.5,1.8300000000000014,7.1716261253557825e-06,1.7010704681860307e-05,1.898904963636069e-05,1.6011372487469342e-05,5.041461884394445e-06,147
0.5,1.8400000000000014,9.247263437083533e-06,2.1870638079708512e-05,2.4681744094220413e-05,2.0871690061726704e-05,6.531767656147149e-06,181
0.5,1.8500000000000014,1.3021823218431973e-05,3.070947665438191e-05,3.503439461654075e-05,2.9711459976722327e-05,9.236737687560123e-06,263
0.5,1.8550000000000013,1.6363517595228988e-05,3.853511673198229e-05,4.420010001755651e-05,3.75381820887486e-05,1.1624621620797658e-05,317
0.5,1.8600000000000012,2.200881318998184e-05,5.1755670916993486e-05,5.968463970147696e-05,5.0761126741374175e-05,1.563967968609736e-05,437
0.5,1.865000000000001,3.3552147443247986e-05,7.878876522006962e-05,9.134835096919233e-05,7.780127869386091e-05,2.374735014380707e-05,689
0.5,1.866000000000001,3.746404769597956e-05,8.794987326225691e-05,0.0001020791963015851,8.696544377286822e-05,2.6455340528428823e-05,655
0.5,1.8670000000000009,4.239136107671468e-05,9.948883789855447e-05,0.00011559571596192491,9.850873400008842e-05,2.9831901174038258e-05,751
0.5,1.8680000000000008,4.8777467594766866e-05,0.00011444388177834732,0.00013311440924350937,0.00011347017738960127,3.414455731753363e-05,875
0.5,1.8690000000000007,5.735795770378399e-05,0.00013453741614639344,0.00015665361837445072,0.00013357372059367195,3.981135686347558e-05,1039
0.5,1.8695000000000006,6.284276289574552e-05,0.00014738135749669515,0.00017170076757900472,0.0001464249048761389,4.3348335960398965e-05,1051
0.5,1.8700000000000006,6.94342053162965e-05,0.0001628165223434196,0.00018978436566090146,0.0001618696483803716,4.750283389258682e-05,1167
0.5,1.8705000000000005,7.748282370313309e-05,0.00018166361651419854,0.0002118664189890956,0.000180729732305678,5.2422907296011325e-05,1305
0.5,1.8710000000000004,8.749154286907416e-05,0.00020510007104025164,0.00023932723926213927,0.00020418432141382583,5.8289202164027825e-05,1475
0.5,1.8715000000000004,0.00010019679807828678,0.00023484990400605814,0.00027418822189751433,0.00023396034178665067,6.530529313322707e-05,1681
0.5,1.8720000000000003,0.00011669678705999005,0.0002734838362294527,0.00031946412664703817,0.00027263356894962417,7.365353889592133e-05,1935
0.5,1.8725000000000003,0.000138640044034477,0.0003248604334203185,0.000379681308352567,0.0003240716805974402,8.336564980203703e-05,2239
0.5,1.8726000000000003,0.00014387986049818223,0.0003371281980426123,0.0003940613697731988,0.00033635569637828987,8.544791649438734e-05,1853
0.5,1.8731000000000002,0.000175651828144843,0.00041151110501193934,0.00048126273249649286,0.0004108500487661876,9.616595604525473e-05,2667
0.5,1.8732000000000002,0.0001833208887243124,0.0004294646218128604,0.0005023130221096585,0.0004288337849214675,9.828110955927997e-05,2215
0.5,1.8733000000000002,0.00019150088975503624,0.0004486138823488475,0.0005247665210422711,0.00044801670054028835,0.00010034614460147586,2277
0.5,1.8734000000000002,0.00020022469832518464,0.0004690357511245849,0.0005487135995907148,0.00046847607962316934,0.00010233901288283806,2339
0.5,1.8735000000000002,0.00020952527571268072,0.0004908073011075865,0.0005742449104013521,0.0004902894594555866,0.0001042356939163385,2399
0.5,1.8736000000000002,0.00021943535718787322,0.0005140050635298006,0.0006014505107794495,0.0005135338813877871,0.0001060105760426495,2459
0.5,1.8737000000000001,0.00022998645757206973,0.000538702698383615,0.0006304171362526124,0.0005382835630655048,0.00010763720402590924,2515
0.5,1.8738000000000001,0.00024120854719594052,0.0005649702358320476,0.000661227310947646,0.0005646091384091032,0.0001090889856434304,2567
0.5,1.8739000000000001,0.00025312923449322073,0.0005928721621607004,0.0006939571049342052,0.0005925757421395457,0.00011034019194747746,2617
0.5,1.874,0.0002657727096265248,0.0006224649464571973,0.0007286732354347721,0.0006222405335949077,0.00011136715316617693,2661
0.5,1.8741,0.0002791594581517091,0.0006537963714435863,0.000765432278392599,0.0006536520220083343,0.00011214923959558349,2701
0.5,1.8742,0.0002933052301890634,0.0006869031208187893,0.0008042778381280324,0.000686847647938804,0.0001126700642179948,2735
0.5,1.8743,0.0003082206485235756,0.0007218098635563143,0.000845239468120055,0.000721852859527626,0.00011291834920907518,2761
0.5,1.8744,0.00032391097684105613,0.0007585287134651404,0.0008883320305803083,0.0007586805632445983,0.00011288853419380649,2781
0.5,1.8745,0.00034037570859446763,0.0007970582688592441,0.000933554563822912,0.0007973301541118251,0.00011258118962464402,2795
0.5,1.8746,0.0003576085845826302,0.0008373836564064842,0.0009808903251836071,0.0008377875496758726,0.00011200298337454441,2801
0.5,1.8747,0.00037559803900877,0.0008794775783325586,0.0010303080094009199,0.0008800262279334305,0.00011116620420944465,2801
0.5,1.8748,0.00039432731296403325,0.0009233005806711155,0.00108176205513947,0.0009240074866183658,0.0001100881519495936,2793
0.5,1.8749,0.0004137753893124393,0.0009688032447270229,0.0011351952052382332,0.000969682627612204,0.00010879005535988759,2781
0.5,1.875,0.00043391714919716013,0.0010159265555883992,0.0011905389323301552,0.001016993318430844,0.0001072961556770053,2761
0.5,1.8751,0.00045472470514712384,0.0010646050252671646,0.0012477170931618003,0.0010658747118963564,0.00010563237455836603,2737
0.5,1.8752,0.00047616764143616064,0.001114767256814517,0.001306646585757279,0.0011162560061345232,0.00010382540647040225,2707
0.5,1.8753,0.0004982141964853932,0.0011663387136730263,0.0013672405920933663,0.0011680632135528562,0.00010190162057796018,2675
0.5,1.8754,0.0005208315023529851,0.0012192422810415858,0.001429409234262384,0.001221219720697522,9.988640983940993e-05,2639
0.5,1.8755,0.0005439864903982241,0.001273400386519255,0.0014930620593105253,0.0012756484106482503,9.780349831117281e-05,2599
0.5,1.8756,0.000567646411402747,0.0013287362177605844,0.001558109466799851,0.001331272882577431,9.567453239968649e-05,2557
0.5,1.8757,0.0005917791888030188,0.0013851745491949901,0.0016244636788136009,0.0013880182806520155,9.351886094994546e-05,2515
0.5,1.8758,0.0006163536058275595,0.0014426421797779868,0.001692039254370771,0.0014458117338475359,9.135347236804181e-05,2471
0.5,1.8759,0.0006413397789989709,0.0015010690408535456,0.0017607543902098497,0.001504583467855066,8.919295331108704e-05,2425
0.5,1.876,0.0006667093330098133,0.0015603886048375616,0.0018305314021795991,0.0015642672170471628,8.70495947303375e-05,2379
0.5,1.8760999999999999,0.0006924353637286074,0.0016205377979583266,0.0019012966250715182,0.0016248001395537037,8.493358510925999e-05,2333
0.5,1.8761999999999999,0.000718492569244319,0.0016814573062507972,0.001972980773821536,0.0016861231266269718,8.285318630884672e-05,2287
0.5,1.8762999999999999,0.0007448572642869628,0.0017430916085584424,0.002045518984584938,0.0017481808384873525,8.08149440002465e-05,2241
0.5,1.8763999999999998,0.0007715074354758764,0.0018053891050563767,0.0021188509679426716,0.0018109218360237997,7.882388782680779e-05,2197
0.5,1.8764999999999998,0.00079842247546945,0.001868301494403637,0.002192920280282389,0.0018742979587982466,7.688377779616401e-05,2153
0.5,1.8765999999999998,0.0008255833438470603,0.0019317841495082235,0.002267674766959773,0.001938264704512509,7.499725565240219e-05,2109
0.5,1.8766999999999998,0.0008529724934219842,0.0019957959443751712,0.0023430663613132102,0.002002781057948489,7.316602409930599e-05,2067
0.5,1.8767999999999998,0.0008805735683882329,0.002060298547179174,0.002419050256829178,0.0020678087840065753,7.139103867266576e-05,2025
0.5,1.8768999999999998,0.0009083715413256104,0.002125256740217078,0.0024955852845921804,0.002133312750950705,6.967261055094167e-05,1983
0.5,1.8773999999999997,0.001049867007138963,0.002455832005882454,0.0028853003431085983,0.002466929031514085,6.190914439468564e-05,2169
0.5,1.8774999999999997,0.0010785908651544493,0.0025229249950068904,0.0029644421252268344,0.0025346930272415595,6.051429230539106e-05,1761
0.5,1.8779999999999997,0.0012238627390176733,0.0028621754352782577,0.0033648535826253058,0.002877614608291737,5.424426579208039e-05,1931
0.5,1.8784999999999996,0.0013713170790512776,0.003206395247838368,0.0037715355030504736,0.003226034627557608,4.8995500165034994e-05,1765
0.5,1.8789999999999996,0.001520376942600522,0.0035542328036562375,0.004182906686711218,0.0035786034460000313,4.457607505713167e-05,1623
0.5,1.8794999999999995,0.0016706432473558063,0.003904753259845724,0.004597873320552841,0.003934387401206761,4.0825502067004415e-05,1501
0.5,1.8799999999999994,0.0018218338261737123,0.004257295727111144,0.0050156620059672065,0.00429272631681891,3.7615301258381466e-05,1395
0.5,1.8804999999999994,0.0019737449337819644,0.004611383063188574,0.0054357142838460815,0.004653143485247142,3.484424791873454e-05,1303
0.5,1.8809999999999993,0.002126226352811929,0.0049666635405512085,0.005857618413100064,0.005015287439127602,3.2432858318043664e-05,1221
0.5,1.8814999999999993,0.0022791655154519043,0.005322873638858494,0.006281065857656766,0.0053788948129618415,3.0318527141895276e-05,1151
0.5,1.8819999999999992,0.0024324762156396175,0.005679811600862783,0.0067058203415247646,0.005743763925068753,2.845165563202398e-05,1087
0.5,1.8824999999999992,0.0025860918699986955,0.006037321638426805,0.007131699385172377,0.006109739021317037,2.67926377593101e-05,1031
0.5,1.8829999999999991,0.002739959935337595,0.006395280857314537,0.0075585589958969,0.006476697202111474,2.5309597678864084e-05,979
0.5,1.883999999999999,0.0030482947372439035,0.00711217616249751,0.008414785451011243,0.00721319202991919,2.277265129157168e-05,953
0.5,1.884999999999999,0.0033572332907456383,0.007829919665826801,0.009273822101535802,0.007952670173006438,2.0684532846316113e-05,873
0.5,1.8859999999999988,0.003666609330409423,0.00854812341234795,0.01013521359507599,0.008694743147885986,1.8937590987883938e-05,807
0.5,1.8869999999999987,0.00397630682037592,0.009266517109060388,0.010998642286637267,0.009439140040322083,1.7455575075924206e-05,751
0.5,1.8879999999999986,0.004286242397078279,0.009984906993450447,0.011863880104687256,0.010185666412700647,1.6183116798984436e-05,701
0.5,1.8889999999999985,0.004596354821108137,0.010703151120492825,0.012730759636476005,0.010934179621074255,1.5079117721359732e-05,659
0.5,1.8899999999999983,0.004906597761599423,0.011421142465525749,0.013599154333701485,0.011684571909472844,1.4112476204317574e-05,621
0.5,1.8909999999999982,0.005216935733187635,0.012138799401647181,0.014468967381053814,0.0124367609110178,1.3259244911842366e-05,587
0.5,1.8919999999999981,0.005527340993832587,0.012856058434790584,0.015340123186972037,0.013190682380897796,1.2500700762002498e-05,557
0.5,1.892999999999998,0.005837791513362,0.013572869445168763,0.016212561813473483,0.013946285440510332,1.182200286264602e-05,531
0.5,1.893999999999998,0.006148269478038601,0.014289192185731037,0.01708623487319098,0.01470352907288082,1.1211241733864906e-05,507
0.5,1.8949999999999978,0.006458760413560154,0.015004994225341477,0.01796110312935225,0.015462380076069865,1.065875271698498e-05,485
0.5,1.8999999999999977,0.0080110524888603,0.01857540850457461,0.02235240823383806,0.019279932989857078,8.535521633279186e-06,455
0.5,1.9049999999999976,0.009562480083841597,0.022130238863653333,0.026770396697389773,0.023134986190842106,7.099707512880294e-06,387
0.5,1.9099999999999975,0.011112562802824086,0.02566853865473824,0.03121379862211678,0.027026493573988297,6.064570155055423e-06,337
0.5,1.9149999999999974,0.012661022420683352,0.029189831862489895,0.0356818937173064,0.03095387863112692,5.2832037712539615e-06,299
0.5,1.9199999999999973,0.014207674544390807,0.03269385944109876,0.04017421448122204,0.03491678096029475,4.672635324844908e-06,269
0.5,1.9249999999999972,0.0157523841321019,0.03618047521340247,0.044690424487554704,0.03891495229967995,4.1824833263704355e-06,245
0.5,1.9349999999999972,0.018835567959919447,0.04310118367526161,0.053793509815501975,0.047016402963152785,3.444652514531506e-06,219
0.5,1.9449999999999972,0.02190990623436111,0.0499517028741867,0.06298951358853987,0.05525714868816247,2.915973651097593e-06,191
0.5,1.9549999999999972,0.02497488255610813,0.05673209384952115,0.07227716033173849,0.06363641700100593,2.5187810942139408e-06,169
0.5,1.9649999999999972,0.02803006859033423,0.06344258695909936,0.08165536761038257,0.07215360106180865,2.2096183890479028e-06,153
0.5,1.9749999999999972,0.031075095999708528,0.07008351791233325,0.09112317401893137,0.08080819755590848,1.9622744510911005e-06,139
0.5,1.9849999999999972,0.03410964228326792,0.07665529618555565,0.10067970480424338,0.08959977684372596,1.7600019640058441e-06,128
0.5,1.9949999999999972,0.03713342201584936,0.08315838587209146,0.11032415157685663,0.09852796530575363,1.591600101977072e-06,119
1.0,1e-16,2.4999994590243287e-07,9.999993336100649e-07,4.999996668050324e-39,1.2499997295121643e-39,1.2499977916689706e-39,2
1.0,0.0300000000000001,2.5015185302949146e-07,1.0001119014876142e-06,4.500503556694294e-10,1.125683338632719e-10,1.1251752643562187e-10,3
1.0,0.060000000000000095,2.506079635898851e-07,1.0004504258645835e-06,1.8008107665562559e-09,4.5109433446179454e-10,4.5028312550119476e-10,3
1.0,0.0900000000000001,2.513694481681399e-07,1.0010173734792591e-06,4.054120362591008e-09,1.0180462650809688e-09,1.013938243720233e-09,3
1.0,0.12000000000000009,2.524382688502657e-07,1.0018168715502074e-06,7.213081475161504e-09,1.817555535721916e-09,1.8045599520338223e-09,3
1.0,0.15000000000000008,2.5381719708729535e-07,1.0028547330275116e-06,1.1282115746559517e-08,2.8554434672320756e-09,2.823673062543701e-09,3
1.0,0.18000000000000008,2.55509839618325e-07,1.0041384930396429e-06,1.6267043587242228e-08,4.139259401816868e-09,4.0732673487007246e-09,3
1.0,0.21000000000000008,2.5752067285142354e-07,1.005677457151626e-06,2.217518793019337e-08,5.6783308363738935e-09,5.555820133913307e-09,3
1.0,0.24000000000000007,2.5985508623988086e-07,1.0074827622730428e-06,2.901550355346365e-08,7.483826483708572e-09,7.274324601364674e-09,3
1.0,0.2700000000000001,2.625194353443022e-07,1.0095674512984188e-06,3.679873359982738e-08,9.568833418299819e-09,9.232324275364424e-09,3
1.0,0.30000000000000004,2.6552110544240737e-07,1.0119465628343051e-06,4.5537595327543743e-08,1.1948449744908335e-08,1.1433954234735602e-08,3
1.0,0.33000000000000007,2.6887042735761865e-07,1.0146391691285968e-06,5.524710275905212e-08,1.4639994769622342e-08,1.3883989744944654e-08,4
1.0,0.3600000000000001,2.725744458854067e-07,1.0176618995365962e-06,6.594449108997147e-08,1.7662824093374365e-08,1.6587903142369174e-08,4
1.0,0.3900000000000001,2.766453751297667e-07,1.0210377974389567e-06,7.76499244952327e-08,2.103888077861877e-08,1.955192997500781e-08,4
1.0,0.42000000000000015,2.8109574061467254e-07,1.0247913117859041e-06,9.038659369951682e-08,2.4792644322214137e-08,2.27831456078205e-08,4
1.0,0.4500000000000002,2.859396478080023e-07,1.028949674499979e-06,1.0418115454312295e-07,2.8951389340560258e-08,2.6289553741637937e-08,4
1.0,0.4800000000000002,2.911929450531848e-07,1.0335431384957732e-06,1.1906416955471317e-07,3.354542727012692e-08,3.008018858499952e-08,4
1.0,0.5100000000000002,2.9687341150357434e-07,1.0386052539249513e-06,1.3507061327294004e-07,3.8608387166039877e-08,3.4165232768079686e-08,4
1.0,0.5400000000000003,3.0300097398865017e-07,1.0441731888750986e-06,1.5224045093798953e-07,4.4177542007545244e-08,3.8556153512823694e-08,4
1.0,0.5700000000000003,3.0959795753112764e-07,1.0502881019926162e-06,1.7061930216870065e-07,5.0294188200931734e-08,4.326586009233478e-08,4
1.0,0.6000000000000003,3.1668937519974124e-07,1.05699557601591e-06,1.9025920368286402e-07,5.700408753595348e-08,4.8308886249769445e-08,4
1.0,0.6300000000000003,3.243032641683715e-07,1.0643461230654837e-06,2.1121948812234547e-07,6.435798277421339e-08,5.3701602033827166e-08,4
1.0,0.6600000000000004,3.32471076316291e-07,1.0723957748328803e-06,2.335677997586016e-07,7.241220042168826e-08,5.94624604849635e-08,4
1.0,0.6900000000000004,3.412353667418585e-07,1.0812283524514159e-06,2.573864093010598e-07,8.12310790528995e-08,6.561228582514372e-08,5
1.0,0.7200000000000004,3.5062438082162874e-07,1.090878144188714e-06,2.8275561497371503e-07,9.088183950896629e-08,7.217461134682174e-08,5
1.0,0.7500000000000004,3.606882011071803e-07,1.101438444707845e-06,3.097795625740818e-07,1.0144355656139457e-07,7.917607710758367e-08,5
1.0,0.7800000000000005,3.7147769424380873e-07,1.1129963486492449e-06,3.385734892591007e-07,1.1300351458896675e-07,8.66469000444716e-08,5
1.0,0.8100000000000005,3.8305046459364444e-07,1.1256495841053852e-06,3.692693460657721e-07,1.2565970490994522e-07,9.462143224106371e-08,5
1.0,0.8400000000000005,3.9547191822455447e-07,1.1395081537512014e-06,4.0201847664342436e-07,1.39522492749623e-07,1.031388271767843e-07,5
1.0,0.8700000000000006,4.0883034509898853e-07,1.1547152844287652e-06,4.3700199939206673e-07,1.547218441027124e-07,1.1224383907130533e-07,6
1.0,0.9000000000000006,4.231889114260235e-07,1.1713821985399834e-06,4.7440979040869393e-07,1.7139150912753976e-07,1.2198778741210433e-07,6
1.0,0.9300000000000006,4.386553960195256e-07,1.1896832105866801e-06,5.144785044182105e-07,1.8969652600864409e-07,1.3242972782290973e-07,6
1.0,0.9600000000000006,4.553427769672639e-07,1.2098028441045755e-06,5.574771505633891e-07,2.0982195162651548e-07,1.4363788280643876e-07,6
1.0,0.9900000000000007,4.733817302514734e-07,1.2319532861296915e-06,6.037187078678561e-07,2.3198071690973485e-07,1.5569140220581936e-07,6
1.0,1.0200000000000007,4.929409711435733e-07,1.2564172938956695e-06,6.535882762845281e-07,2.5642789318888714e-07,1.6868254566937596e-07,7
1.0,1.0500000000000007,5.141723467390188e-07,1.283421701428849e-06,7.07486212912654e-07,2.8343750613988453e-07,1.8271941024013828e-07,7
1.0,1.0800000000000007,5.372964920666489e-07,1.313327530364605e-06,7.659326157086388e-07,3.133513141732701e-07,1.9792936872944093e-07,7
1.0,1.1100000000000008,5.625821178272818e-07,1.346563427120349e-06,8.295503992774922e-07,3.4657871368749743e-07,2.1446344522615905e-07,8
1.0,1.1400000000000008,5.902926772777063e-07,1.3835489280107463e-06,8.990300934213843e-07,3.835721816950541e-07,2.3250194002527125e-07,8
1.0,1.1700000000000008,6.207971477091426e-07,1.4248689527870011e-06,9.752515547350643e-07,4.249046077495233e-07,2.522617409417147e-07,8
1.0,1.2000000000000008,6.545529880531464e-07,1.4712551439441192e-06,1.0593037036397673e-06,4.712781513982661e-07,2.7400594260553215e-07,9
1.0,1.2300000000000009,6.920460667575762e-07,1.5234610383186388e-06,1.1524221024361359e-06,5.234982471987692e-07,2.9805667115103456e-07,9
1.0,1.260000000000001,7.339761707350268e-07,1.5826006540651353e-06,1.2562683991969063e-06,5.826302843294651e-07,3.248124332892792e-07,10
1.0,1.290000000000001,7.811098824434406e-07,1.6498736126315394e-06,1.3727773393900742e-06,6.499224776870656e-07,3.5477197028137904e-07,10
1.0,1.320000000000001,8.345420668467179e-07,1.7270081783399126e-06,1.504569524969734e-06,7.270530486368618e-07,3.8856764992055264e-07,11
1.0,1.350000000000001,8.955742520080407e-07,1.816050085956697e-06,1.6548756408280426e-06,8.160920371423282e-07,4.2701316710788194e-07,12
1.0,1.380000000000001,9.659552800560528e-07,1.919734743931035e-06,1.827971423171134e-06,9.197826176693748e-07,4.711732534935686e-07,13
1.0,1.410000000000001,1.0480071557182452e-06,2.0417204130646914e-06,2.0295721766069596e-06,1.041771513141723e-06,5.224682336224348e-07,14
1.0,1.440000000000001,1.144907581026161e-06,2.1869686058166583e-06,2.2674490505107146e-06,1.1870401800079254e-06,5.828355959046473e-07,15
1.0,1.470000000000001,1.2611357912719594e-06,2.362526737218317e-06,2.5525920132275347e-06,1.3625941656797907e-06,6.549884765273798e-07,17
1.0,1.500000000000001,1.4030721824313721e-06,2.5783812172487335e-06,2.9006788694048296e-06,1.578456205235296e-06,7.428464088578114e-07,19
1.0,1.5300000000000011,1.5803814642141164e-06,2.849694311740218e-06,3.335424707176343e-06,1.8497574847894154e-06,8.522890041771378e-07,22
1.0,1.5600000000000012,1.8081633121327256e-06,3.200082576750503e-06,3.893860479390018e-06,2.200173118203104e-06,9.925553458989058e-07,25
1.0,1.5900000000000012,2.1117374985510253e-06,3.669263348662798e-06,4.638132335877217e-06,2.6693417850434277e-06,1.1790419646177827e-06,31
1.0,1.6200000000000012,2.536367401098128e-06,4.328118350395945e-06,5.679356899389567e-06,3.328221303720969e-06,1.4394559330058956e-06,37
1.0,1.6500000000000012,3.172918438288277e-06,5.319006709510748e-06,7.240497883321517e-06,4.3191352241199235e-06,1.8291883775835926e-06,47
1.0,1.6800000000000013,4.233108011828229e-06,6.97359536706313e-06,9.841137781999503e-06,5.9737620262920065e-06,2.477389609482383e-06,65
1.0,1.7000000000000013,5.443768653568923e-06,8.866007020223795e-06,1.2811380144223403e-05,7.866245704407106e-06,3.2169247213779358e-06,81
1.0,1.7200000000000013,7.620873723455065e-06,1.2272412014376008e-05,1.815335185166502e-05,1.1272796411734749e-05,4.545638972244906e-06,117
1.0,1.7300000000000013,9.523564931979584e-06,1.5250995098578895e-05,2.2822351615268422e-05,1.425153874246087e-05,5.7058858766262605e-06,141
1.0,1.7400000000000013,1.2689202738384915e-05,2.020801153436639e-05,3.059088786072388e-05,1.9208915105367113e-05,7.634339657226285e-06,191
1.0,1.7500000000000013,1.8996992318784156e-05,3.008724864436861e-05,4.6071099486689496e-05,2.908914448813828e-05,1.1467369512407362e-05,297
1.0,1.7550000000000012,2.5266148672836332e-05,3.9906914603839624e-05,6.145714732634565e-05,3.8910184783026417e-05,1.5260326905655635e-05,381
1.0,1.7600000000000011,3.7655700511086635e-05,5.931402583908963e-05,9.186556321958214e-05,5.8321148951571054e-05,2.2687608049572334e-05,585
1.0,1.761000000000001,4.1733080810266405e-05,6.570094582061131e-05,0.0001018732914020801,6.470966664770716e-05,2.5106741776971434e-05,551
1.0,1.762000000000001,4.678769421254544e-05,7.361863946775486e-05,0.00011427983365586427,7.262956705540704e-05,2.8085036072121753e-05,625
1.0,1.7630000000000008,5.3211941545931996e-05,8.368175900299571e-05,0.0001300485245992912,8.269585357143903e-05,3.183369955246906e-05,719
1.0,1.7640000000000007,6.163533662365471e-05,9.687635491264239e-05,0.00015072488303812496,9.589521521524e-05,3.6678948149951933e-05,843
1.0,1.7650000000000006,7.312815332739034e-05,0.00011487883928429527,0.00017893671605470946,0.00011390532572465986,4.314400453977789e-05,1011
1.0,1.7655000000000005,8.058046228584244e-05,0.00012655213342727803,0.00019723088300476247,0.00012558425764273187,4.723558664658771e-05,1029
1.0,1.7660000000000005,8.964608485455959e-05,0.000140752414917926,0.00021948621926988574,0.0001397921325083335,5.209570022873661e-05,1151
1.0,1.7665000000000004,0.0001008776223870414,0.0001583451880030928,0.00024705984117204217,0.00015739543259293048,5.792422226330189e-05,1299
1.0,1.7670000000000003,0.00011508938616929138,0.00018060582305237655,0.00028195178732619096,0.00017967116222656536,6.496900928852586e-05,1483
1.0,1.7675000000000003,0.00013351044600408386,0.00020945921488555412,0.0003271811846916543,0.00020854707163967293,7.350969782581097e-05,1709
1.0,1.7680000000000002,0.00015803316582435294,0.0002478689289257616,0.00038739732344522003,0.0002469919312648712,8.377875116201041e-05,1991
1.0,1.7685000000000002,0.00019158364977979404,0.0003004171157168079,0.0004697911214416209,0.0002995977691389991,9.572009012841245e-05,2331
1.0,1.7686000000000002,0.0001997340524812157,0.0003131823344439154,0.0004898087088836071,0.0003123786612665234,9.825367975093234e-05,1943
1.0,1.7691000000000001,0.00025005745874424234,0.00039199671331252605,0.0006134189595627686,0.00039130426599140965,0.00011087088921907079,2799
1.0,1.7692,0.0002623880427592086,0.0004113076925244839,0.0006437106548808248,0.000410646292075789,0.00011321802151530451,2337
1.0,1.7693,0.00027559709998688583,0.00043199416472031215,0.000676162124394615,0.0004313676799888631,0.0001154355262008776,2401
1.0,1.7694,0.00028973723784062115,0.00045413845614599737,0.0007109029713343927,0.00045355124742155715,0.00011748781289452918,2463
1.0,1.7695,0.0003048588714677079,0.000477819450339693,0.0007480574674984928,0.00047727641721670113,0.00011933829631511085,2521
1.0,1.7696,0.0003210091893069818,0.0005031109681196238,0.0007877420136944335,0.0005026175957646275,0.00012095070931745481,2577
1.0,1.7697,0.00033823014862748984,0.0005300786274164681,0.0008300602180189065,0.000529641031328967,0.0001222909161543586,2625
1.0,1.7698,0.00035655794993958643,0.0005587790214833611,0.0008751016016045863,0.0005584039862997456,0.00012332844615795669,2669
1.0,1.7699,0.0003760209436009317,0.0005892564398912636,0.0009229364548240913,0.0005889514532767668,0.00012403848915259298,2707
1.0,1.77,0.00039663881900394875,0.0006215416000227573,0.0009736138393556482,0.0006213148780287355,0.00012440338170824068,2737
1.0,1.7701,0.00041842189688992966,0.0006556505401516812,0.0010271598420444606,0.0006555110431510893,0.00012441376078105285,2759
1.0,1.7702,0.00044137069541240936,0.0006915839414392455,0.0010835764996144543,0.0006915413798823585,0.0001240692130249469,2775
1.0,1.7703,0.0004654755171054178,0.0007293264824996694,0.0011428407736935062,0.0007293913122157629,0.0001233784228570869,2781
1.0,1.7704,0.0004907174343123792,0.0007688483853164756,0.001204906959343668,0.0007690317921795144,0.0001223583962220195,2779
1.0,1.7705,0.000517068769337839,0.0008101061688650129,0.001269707853441316,0.000810420044223718,0.00012103340881505191,2771
1.0,1.7706,0.0005444939783282576,0.0008530440350670167,0.0013371569150438956,0.0008535009429661997,0.00011943351951903376,2755
1.0,1.7707,0.0005729513379406714,0.0008975965123782659,0.0014071523988049167,0.000898209650397951,0.00011759269497289035,2733
1.0,1.7708,0.0006023939576911064,0.0009436900422659411,0.0014795798337881455,0.0009444731976353906,0.00011554712771815978,2703
1.0,1.7709,0.0006327717878778016,0.0009912461254805171,0.0015543169497915271,0.0009922136288518456,0.00011333341225449114,2671
1.0,1.771,0.000664032086931175,0.001040182053941622,0.0016312348207233572,0.0010413487313832505,0.00011098735619592153,2633
1.0,1.7711,0.0006961215268298566,0.0010904142093151996,0.0017102030343479275,0.0010917953354688903,0.00010854263427543078,2593
1.0,1.7711999999999999,0.0007289865599677896,0.001141858637147668,0.0017910905920434845,0.0011434698891852387,0.00010603017014987226,2549
1.0,1.7712999999999999,0.0007625747770488408,0.0011944331738608011,0.0018737692452233373,0.0011962905884458325,0.00010347753299419335,2503
1.0,1.7713999999999999,0.000796835293729961,0.0012480580518016715,0.001958114446193983,0.0012501779846197478,0.00010090878631071384,2455
1.0,1.7714999999999999,0.0008317194515627631,0.0013026569967964409,0.0020440070724474005,0.0013050560857287721,9.834443536676933e-05,2407
1.0,1.7715999999999998,0.000867180872704609,0.0013581573131519753,0.0021313335631391182,0.001360852444271151,9.580162979734371e-05,2357
1.0,1.7716999999999998,0.0009031761656945807,0.0014144909888570728,0.002219987656820111,0.0014174992669244099,9.329431834153666e-05,2309
1.0,1.7717999999999998,0.0009396643462594055,0.0014715937874452553,0.002309868970132356,0.001474932508061469,9.083368304450475e-05,2259
1.0,1.7718999999999998,0.0009766076422314607,0.0015294065086500462,0.0024008849801422025,0.00153309313545109,8.84283370691925e-05,2211
1.0,1.7719999999999998,0.0010139707640779863,0.0015878738449419472,0.002492949233568097,0.0015919259878363254,8.608478009653415e-05,2163
1.0,1.7720999999999998,0.001051721205512182,0.001646944852121935,0.002585982089135141,0.001651380249140704,8.380765621544561e-05,2115
1.0,1.7721999999999998,0.0010898291203197998,0.0017065727559548098,0.0026799104177831685,0.0017114092575059464,8.160005723710478e-05,2069
1.0,1.7722999999999998,0.0011282669822662364,0.0017667144189848583,0.002774666768978156,0.0017719699735219193,7.94638195329819e-05,2025
1.0,1.7723999999999998,0.0011670094301797214,0.0018273300975394627,0.002870188992255719,0.0018330227389515865,7.739975715943377e-05,1981
1.0,1.7728999999999997,0.0013645455696423587,0.0021363514397522696,0.003357462588097994,0.0021445023578893665,6.814099726610984e-05,2147
1.0,1.7729999999999997,0.0014046923626823739,0.0021991480856922998,0.0034565428913341132,0.002207845589085279,6.649108512986282e-05,1743
1.0,1.7734999999999996,0.0016078636853140548,0.0025169015941599606,0.003958208123569953,0.0025286086335557932,5.913397251776402e-05,1895
1.0,1.7739999999999996,0.0018141973121513515,0.0028395287924019956,0.004468106456938649,0.002854708410168012,5.305553712344808e-05,1721
1.0,1.7744999999999995,0.0020228033483593337,0.0031656354067096507,0.004984055920913265,0.003184752414591061,4.799749274248615e-05,1573
1.0,1.7749999999999995,0.0022330812982275412,0.0034942806509112097,0.005504583987888561,0.0035178008826140714,4.374889525154011e-05,1449
1.0,1.7754999999999994,0.0024446151679687915,0.0038248128420907378,0.006028670479805023,0.0038532027333293027,4.014466012703032e-05,1341
1.0,1.7759999999999994,0.002657110168061222,0.004156770211439348,0.006555592419218455,0.004190496560727334,3.705731852954337e-05,1249
1.0,1.7764999999999993,0.0028703522232018204,0.0044898174578758936,0.007084824754136348,0.00452934727855314,3.4388540722852734e-05,1169
1.0,1.7769999999999992,0.0030841827271140443,0.004823706190751116,0.0076159784630071585,0.004869506619353548,3.206207088183681e-05,1097
1.0,1.7774999999999992,0.0032984822361055532,0.005158249379432702,0.008148760576688114,0.00521078762024473,3.0018287951210442e-05,1035
1.0,1.7779999999999991,0.0035131588206738567,0.005493303102041712,0.008682945601817408,0.005553046384627561,2.8210153352818883e-05,979
1.0,1.778999999999999,0.003943372307767375,0.006164518138210065,0.009754859874525429,0.006240073178943396,2.5158255233780995e-05,945
1.0,1.779999999999999,0.004374410001549071,0.006836704807998034,0.010830707756830472,0.00692994032445403,2.2685045367929943e-05,861
1.0,1.7809999999999988,0.00480600281023821,0.007509442376165415,0.011909829174471996,0.007622226739982991,2.0642580128839332e-05,791
1.0,1.7819999999999987,0.005237968163438493,0.008182445659092203,0.012991776284571535,0.008316646807117417,1.8928708522997792e-05,731
1.0,1.7829999999999986,0.005670178083973884,0.008855515001587225,0.014076235165440442,0.00901300038740121,1.7470853404117478e-05,681
1.0,1.7839999999999985,0.006102539948938162,0.00952850613481527,0.015162978610503286,0.00971114269186385,1.6216146075464803e-05,637
1.0,1.7849999999999984,0.006534985316726605,0.010201312671522885,0.01625183873341147,0.010410966795393594,1.5125219115794755e-05,599
1.0,1.7859999999999983,0.006967462307566003,0.01087385416867563,0.01734268826591239,0.011112391699412381,1.4168188975003837e-05,565
1.0,1.7869999999999981,0.007399930984964333,0.011546068891667037,0.0184354292352569,0.01181535510476226,1.3321980363626085e-05,535
1.0,1.787999999999998,0.007832359931496705,0.01221790844970123,0.019529984555410784,0.012519808044419375,1.2568503646694053e-05,507
1.0,1.788999999999998,0.008264724298842535,0.012889334740885477,0.020626293257116717,0.013225711838827875,1.1893383405032177e-05,483
1.0,1.7939999999999978,0.010424984026149687,0.0162393662643468,0.026132680501179565,0.016776071944592505,9.354757001137587e-06,447
1.0,1.7989999999999977,0.012581703011570692,0.01957617087416599,0.03167816949666076,0.02035971810417515,7.686854964631138e-06,375
1.0,1.8039999999999976,0.01473416701449243,0.02289873011821627,0.03726099683820236,0.023975554439318134,6.508042688261109e-06,325
1.0,1.8089999999999975,0.01688199099427582,0.02620653979457477,0.04288020177674481,0.02762299738546929,5.6310515604417495e-06,287
1.0,1.8139999999999974,0.01902493542128698,0.029499322224807074,0.04853517585783049,0.031301688198772534,4.953319142473064e-06,257
1.0,1.8189999999999973,0.021162834322980217,0.03277691357024944,0.0542254866608059,0.035011380428669074,4.413993530391747e-06,233
1.0,1.8289999999999973,0.025423022548678634,0.03928615994235958,0.06571083648586926,0.042523068686882,3.6100370371503896e-06,207
1.0,1.8389999999999973,0.029661816175126338,0.04573386325037519,0.07733415626878583,0.05015695951039957,3.039781955649448e-06,179
1.0,1.8489999999999973,0.03387868272614617,0.05211991195384229,0.08909380355385373,0.05791223719141546,2.6145437721663823e-06,159
1.0,1.8589999999999973,0.03807320644880063,0.058444358056687386,0.10098837328265113,0.06578823538774359,2.2854600948381186e-06,143
1.0,1.8689999999999973,0.04224505013580018,0.06470735809097707,0.11301660984821744,0.07378438078871075,2.0233979563349827e-06,131
1.0,1.8789999999999973,0.04639393528447059,0.07090914275068184,0.12517736333520468,0.08190016503334903,1.8099100800620254e-06,119
1.0,1.8889999999999973,0.05051963105629343,0.07705000025416234,0.13746956697846602,0.09013513020521176,1.6327474743956312e-06,111
1.0,1.8989999999999974,0.0546219461487175,0.0831302642128686,0.14989222096735505,0.09848885841172532,1.483458050695335e-06,103
1.0,1.9089999999999974,0.05870072386073425,0.08915030646566809,0.16244438399850525,0.10696096632595994,1.3560212672340729e-06,97
1.0,1.9289999999999974,0.06678718755590356,0.1010113670475011,0.18793371912489976,0.12425893158510312,1.1501946854117788e-06,89
1.0,1.9489999999999974,0.07477831549708483,0.11263671313410979,0.21393096557397073,0.1420264920127706,9.914679777064297e-07,81
1.0,1.9689999999999974,0.08267374989715144,0.12403019725363672,0.2404301187873277,0.16026145203750466,8.656075514493773e-07,75
1.0,1.9889999999999974,0.09047341873778048,0.13519590757568062,0.2674256845371039,0.17896189590516295,7.635787402540309e-07,69
1.5,1e-16,2.4999994590243287e-07,9.999993336100649e-07,5.99999600166039e-39,9.999997836097315e-40,1.1999978800022121e-39,2
1.5,0.0300000000000001,2.501822361561504e-07,1.0000893988501723e-06,5.400482753790968e-10,9.006560501621475e-11,1.0802022753090643e-10,3
1.5,0.060000000000000095,2.507295943553051e-07,1.0003603825700314e-06,2.1607784263512748e-09,3.610506158716405e-10,4.3232624296047165e-10,3
1.5,0.0900000000000001,2.5164348650110844e-07,1.0008146534587197e-06,4.8639592158093885e-09,8.153248962635931e-10,9.736563976133151e-10,3
1.5,0.12000000000000009,2.529263693268736e-07,1.0014561757241308e-06,8.652581358256504e-09,1.4568558873227941e-09,1.7332491591330076e-09,3
1.5,0.15000000000000008,2.5458171179607365e-07,1.0022905347068944e-06,1.353092221854309e-08,2.2912354061646655e-09,2.7128550735216535e-09,3
1.5,0.18000000000000008,2.5661402630121345e-07,1.0033249736910275e-06,1.9504637488553594e-08,3.325717780863729e-09,3.9147537934950474e-09,3
1.5,0.21000000000000008,2.59028910073294e-07,1.0045684425060568e-06,2.6580880988710288e-08,4.56926997369291e-09,5.3417764635015975e-09,3
1.5,0.24000000000000007,2.6183309748897213e-07,1.0060316587310206e-06,3.47684541257441e-08,6.0326345661459215e-09,6.997333847742753e-09,3
1.5,0.2700000000000001,2.6503452415769264e-07,1.0077271825478861e-06,4.407798696464457e-08,7.728406724438322e-09,8.885450694006348e-09,3
1.5,0.30000000000000004,2.6864240388972027e-07,1.0096695065573892e-06,5.4522153354099036e-08,9.671126540029933e-09,1.1010806946248462e-08,3
1.5,0.33000000000000007,2.726694515776524e-07,1.0118766742393881e-06,6.611602189480165e-08,1.1877481310722546e-08,1.3378786556327554e-08,4
1.5,0.3600000000000001,2.771246743946339e-07,1.014365245537085e-06,7.887704149296378e-08,1.4366143120617831e-08,1.599553480496326e-08,4
1.5,0.3900000000000001,2.820231644985781e-07,1.017157245596798e-06,9.282577023316387e-08,1.7158289328093504e-08,1.8868025227986186e-08,4
1.5,0.42000000000000015,2.8738048510561514e-07,1.0202762929284177e-06,1.0798604284354384e-07,2.027756702905222e-08,2.2004137465821528e-08,4
1.5,0.4500000000000002,2.9321414786884227e-07,1.023748717241249e-06,1.2438546914481187e-07,2.3750345977376245e-08,2.5412747616297797e-08,4
1.5,0.4800000000000002,2.995438129741175e-07,1.0276037951433993e-06,1.4205594864062365e-07,2.760595780369469e-08,2.91038329873467e-08,4
1.5,0.5100000000000002,3.0639152059204357e-07,1.0318740235567363e-06,1.610342601162644e-07,3.187697380239624e-08,3.308859352779819e-08,4
1.5,0.5400000000000003,3.1378195871926687e-07,1.0365954370444326e-06,1.8136273766529415e-07,3.659952766501533e-08,3.737959267879493e-08,4
1.5,0.5700000000000003,3.217427734609373e-07,1.0418079765081523e-06,2.0309004694049942e-07,4.1813690838983454e-08,4.199092095632534e-08,4
1.5,0.6000000000000003,3.303049290539216e-07,1.047555918254406e-06,2.2627207834295196e-07,4.756390978376476e-08,4.6938386274229184e-08,4
1.5,0.6300000000000003,3.3950312646613864e-07,1.0538883743273727e-06,2.5097297746232083e-07,5.389951635776423e-08,5.223973588190157e-08,4
1.5,0.6600000000000004,3.493762913080906e-07,1.060859877353178e-06,2.772663375450269e-07,6.087532499752178e-08,5.7914915867514206e-08,4
1.5,0.6900000000000004,3.599754836426541e-07,1.068551383181547e-06,3.052423881196411e-07,6.855373110490713e-08,6.398637552422224e-08,5
1.5,0.7200000000000004,3.7133832034890027e-07,1.0769975609816467e-06,3.349893213677318e-07,7.700071410754806e-08,7.047942558483112e-08,5
1.5,0.7500000000000004,3.835256331651535e-07,1.0862889272720545e-06,3.666225129543189e-07,8.629326746215964e-08,7.742266145802976e-08,5
1.5,0.7800000000000005,3.966004326628435e-07,1.0965106050602508e-06,4.0027023127119445e-07,9.65166812928297e-08,8.484846538856171e-08,5
1.5,0.8100000000000005,4.106341355993213e-07,1.1077582269819868e-06,4.360801036337295e-07,1.0776682254668603e-07,9.279360495952873e-08,5
1.5,0.8400000000000005,4.257079146014097e-07,1.12013957740764e-06,4.742222914912992e-07,1.2015180181710203e-07,1.0129994995103438e-07,5
1.5,0.8700000000000006,4.419305050682177e-07,1.1337927420567124e-06,5.14900635877636e-07,1.3379887971445377e-07,1.1041533552658683e-07,6
1.5,0.9000000000000006,4.5938219007231997e-07,1.1488310884804153e-06,5.583319090014827e-07,1.488398295834319e-07,1.2019460760873031e-07,6
1.5,0.9300000000000006,4.781965454548637e-07,1.1654243272038426e-06,6.04785300359163e-07,1.6543687686556486e-07,1.3070089662786115e-07,6
1.5,0.9600000000000006,4.985146637855694e-07,1.1837543621887516e-06,6.545688121158931e-07,1.8377244565791255e-07,1.420071799408705e-07,6
1.5,0.9900000000000007,5.205000957681892e-07,1.2040307844382486e-06,7.080423430967575e-07,2.0405685754496117e-07,1.5419821195569972e-07,6
1.5,1.0200000000000007,5.443433503763044e-07,1.2264963861534909e-06,7.656281040924563e-07,2.2653392869260313e-07,1.673729268941015e-07,6
1.5,1.0500000000000007,5.702955694646825e-07,1.2514861745459143e-06,8.278581044621236e-07,2.5150034613392537e-07,1.8164745476870725e-07,7
1.5,1.0800000000000007,5.985772966833979e-07,1.2792507122451831e-06,8.952708184576704e-07,2.7927222354060655e-07,1.9715894128825195e-07,7
1.5,1.1100000000000008,6.295460798933002e-07,1.3102508156200683e-06,9.686160179552932e-07,3.102654900146145e-07,2.1407043278068826e-07,8
1.5,1.1400000000000008,6.635387491137749e-07,1.3449114776240175e-06,1.0487081737921055e-06,3.4493398333930525e-07,2.3257719006509033e-07,8
1.5,1.1700000000000008,7.010249059293185e-07,1.3838184091598912e-06,1.1365854121793868e-06,3.8385319749065817e-07,2.529149430537512e-07,8
1.5,1.2000000000000008,7.4258796652261e-07,1.4277089489095448e-06,1.2335405318578486e-06,4.2773066871702395e-07,2.75370820286654e-07,9
1.5,1.2300000000000009,7.888581290775463e-07,1.4773497761669834e-06,1.3410494858178196e-06,4.773853853925686e-07,3.002980223594292e-07,9
1.5,1.260000000000001,8.407381256446902e-07,1.533872760261298e-06,1.4611058365145042e-06,5.339023393094048e-07,3.281358253088428e-07,10
1.5,1.290000000000001,8.992288781627511e-07,1.5985133160853092e-06,1.5960516055785404e-06,5.985627104602545e-07,3.594373202012802e-07,10
1.5,1.320000000000001,9.657631536147378e-07,1.6730532636741185e-06,1.7490768039754734e-06,6.730982875433287e-07,3.949086175407453e-07,11
1.5,1.350000000000001,1.0420660078458844e-06,1.7596225863653914e-06,1.9241472981905585e-06,7.596661197196509e-07,4.354654573932682e-07,12
1.5,1.380000000000001,1.130469467503678e-06,1.8610963686260042e-06,2.1265631546468207e-06,8.611464215656031e-07,4.823169578726061e-07,13
1.5,1.410000000000001,1.234145749767813e-06,1.9814038812551837e-06,2.363537433794062e-06,9.81442066045357e-07,5.370930012663717e-07,15
1.5,1.440000000000001,1.3573591633263702e-06,2.1258013887161503e-06,2.6448370557850898e-06,1.1258479844294263e-06,6.020443082402365e-07,16
1.5,1.470000000000001,1.5063394244094942e-06,2.3019724964744608e-06,2.9845994205790027e-06,1.3020195448825924e-06,6.803686706173767e-07,18
1.5,1.500000000000001,1.690139212553968e-06,2.521077702960566e-06,3.40345489899677e-06,1.5211252912985737e-06,7.767670579836872e-07,21
1.5,1.5300000000000011,1.9225537034637373e-06,2.800132925614185e-06,3.9328986993421536e-06,1.8002023857753077e-06,8.984437018560134e-07,23
1.5,1.5600000000000012,2.2260829629053423e-06,3.166882661749794e-06,4.624155387380588e-06,2.1669581994105796e-06,1.0570271407821695e-06,27
1.5,1.5900000000000012,2.639360730947865e-06,3.6689493164082295e-06,5.5652824600869964e-06,2.669027145563723e-06,1.2725810199616869e-06,33
1.5,1.6200000000000012,3.2352406756952347e-06,4.396132806730386e-06,6.922326562789947e-06,3.396226251717835e-06,1.5829437981162745e-06,41
1.5,1.6500000000000012,4.16956666050959e-06,5.540530177966232e-06,9.050456045707855e-06,4.54065809329495e-06,2.069005367097821e-06,53
1.5,1.6700000000000013,5.156605860377593e-06,6.7523504980397535e-06,1.1298978182389861e-05,5.752503233602837e-06,2.58200326600556e-06,65
1.5,1.6900000000000013,6.746370588237623e-06,8.707108132842432e-06,1.492102292292679e-05,7.707323614826203e-06,3.407724788395061e-06,87
1.5,1.7100000000000013,9.73427635448177e-06,1.238522492484968e-05,2.1729381721651807e-05,1.1385598995256074e-05,4.95836588240731e-06,129
1.5,1.7200000000000013,1.2491227182474706e-05,1.5781045504403553e-05,2.8011987012136532e-05,1.4781618598653292e-05,6.387844207745293e-06,157
1.5,1.7300000000000013,1.7410799590006014e-05,2.1842487040706405e-05,3.922342767847818e-05,2.084351283717163e-05,8.9348249925384e-06,227
1.5,1.7400000000000013,2.8664356675437112e-05,3.5711058114756724e-05,6.487127972894259e-05,3.471368250822141e-05,1.4736385392290586e-05,387
1.5,1.7450000000000012,4.22604359194397e-05,5.246805084317235e-05,9.585991591123869e-05,5.1473633554236824e-05,2.1677966722335533e-05,553
1.5,1.746000000000001,4.667074694516053e-05,5.790382444227357e-05,0.00010591244116407737,5.691060751770927e-05,2.3908781073740922e-05,519
1.5,1.747000000000001,5.209569710548343e-05,6.459019396781902e-05,0.00011827791198091778,6.359861457088383e-05,2.6636128410085842e-05,587
1.5,1.7480000000000009,5.892475927178335e-05,7.300719693697792e-05,0.00013384426936183442,7.201793506158853e-05,3.004046847603334e-05,671
1.5,1.7490000000000008,6.777182128793622e-05,8.391146663170508e-05,0.00015401115620271164,8.292562763664735e-05,3.439699288760833e-05,781
1.5,1.7500000000000007,7.965759048804952e-05,9.856104028845212e-05,0.00018110591153003093,9.758054834786074e-05,4.0141493927125946e-05,929
1.5,1.7510000000000006,9.639693285978997e-05,0.00011919274193154686,0.00021926703957291893,0.00011822123701801965,4.7989687024930155e-05,1135
1.5,1.7515000000000005,0.00010757021949530002,0.00013296407110166919,0.00024474049697478356,0.00013199951315588028,5.305098854271923e-05,1171
1.5,1.7520000000000004,0.00012149350430776383,0.00015012475896135778,0.00027648512887855435,0.00014916991897867942,5.9138910078561775e-05,1327
1.5,1.7525000000000004,0.00013922972490719785,0.0001719848178511198,0.0003169256680382182,0.00017104406512280493,6.651395345727703e-05,1517
1.5,1.7530000000000003,0.00016239618162852934,0.00020053744392418174,0.0003697520220096037,0.00019961797108404222,7.545779800881049e-05,1755
1.5,1.7535000000000003,0.000193494826185384,0.00023886601123381803,0.0004406737164898919,0.00023798023485005216,8.616475944140295e-05,2049
1.5,1.7536000000000003,0.00020097641280163005,0.0002480868612891035,0.000457737073413507,0.0002472100686642411,8.851286874497347e-05,1705
1.5,1.7541000000000002,0.00024685270429255064,0.0003046274176135434,0.0005623787944026729,0.00030381315711859754,0.00010098665179456048,2479
1.5,1.7542000000000002,0.0002580642125343946,0.00031844493149192605,0.000587954616333328,0.00031764789882541937,0.00010354344335215847,2075
1.5,1.7543000000000002,0.0002700834058399481,0.00033325778627716095,0.0006153741972562473,0.0003324800717939626,0.00010607855654404956,2141
1.5,1.7544000000000002,0.0002829710084305231,0.00034914080243921166,0.0006447763411161511,0.00034838477806681224,0.00010856691301051626,2207
1.5,1.7545000000000002,0.00029678950950768864,0.0003661709724237131,0.0006763039264952921,0.0003654393270518441,0.00011097989333278139,2273
1.5,1.7546000000000002,0.00031160218935647886,0.00038442625988614613,0.0007101016908870894,0.0003837220374620731,0.00011328564308060194,2337
1.5,1.7547000000000001,0.00032747235181285813,0.0004039846538242874,0.0007463144843479758,0.0004033112925913805,0.00011544956828536592,2401
1.5,1.7548000000000001,0.0003444614746162198,0.0004249218879808287,0.0007850830559157992,0.0004242832620712405,0.0001174353365286417,2461
1.5,1.7549000000000001,0.0003626282429101864,0.00044731025015637573,0.0008265418510879136,0.00044671070999298726,0.00011920597572243974,2517
1.5,1.7550000000000001,0.00038202679799245797,0.00047121642360901993,0.0008708150190758232,0.00047066083539468824,0.00012072541072759441,2571
1.5,1.7551,0.0004027044941699084,0.0004966987218886885,0.000918011296262147,0.0004961925051840683,0.00012196033833279943,2617
1.5,1.7552,0.0004247012096614179,0.0005238062408963601,0.0009682224300301024,0.0005233554002098558,0.0001228818228773493,2659
1.5,1.7553,0.000448046884271257,0.0005525758234342543,0.001021517557588194,0.0005521869753683743,0.0001234672884636456,2693
1.5,1.7554,0.0004727609587780678,0.0005830313695838592,0.0010779419180582646,0.0005827117616353185,0.00012370183536571984,2719
1.5,1.7555,0.0004988514568684113,0.0006151827058205018,0.0011375147477635098,0.0006149402269843187,0.00012357928859210046,2739
1.5,1.7556,0.0005263143214554642,0.0006490247675622567,0.0012002277537122054,0.0006488679501500029,0.0001231027167810497,2751
1.5,1.7557,0.0005551337959210519,0.0006845380702069509,0.0012660459690907904,0.0006844760822135505,0.00012228416210637388,2753
1.5,1.7558,0.0005852834007892218,0.0007216899141293047,0.0013349099669559192,0.0007217325427546462,0.00012114372634102903,2749
1.5,1.7559,0.000616726367701429,0.0007604349197833513,0.0014067368362017587,0.0007605925475294084,0.00011970839534254174,2737
1.5,1.756,0.0006494175850783572,0.0008007174270492933,0.001481424607280322,0.0008010010010488709,0.00011801022256567873,2719
1.5,1.7561,0.0006833047837721776,0.0008424729567673123,0.0015588549456873586,0.0008428939532827337,0.00011608460659300771,2693
1.5,1.7562,0.0007183307769460492,0.0008856309724152005,0.001638898253266525,0.0008862013579568282,0.00011396837264515791,2663
1.5,1.7563,0.0007544344912438251,0.0009301161507224426,0.0017214160134125598,0.0009308483413884394,0.00011169831442481889,2627
1.5,1.7564,0.0007915531744434654,0.0009758511034318242,0.0018062658239028188,0.0009767579239434686,0.00010930972271981331,2589
1.5,1.7565,0.0008296231332651005,0.001022757286059153,0.0018933030769856026,0.0010238519293934128,0.00010683552523170665,2547
1.5,1.7566,0.0008685813341165455,0.0010707569711849464,0.0019823846114771617,0.0010720529599811707,0.0001043055213209138,2501
1.5,1.7567,0.0009083664540778606,0.001119774543768311,0.0020733711120126536,0.001121285694212679,0.00010174599421766658,2455
1.5,1.7568,0.0009489190652125546,0.0011697367275575795,0.002166127530532344,0.001171477115593233,9.917968432450484e-05,2407
1.5,1.7569,0.0009901826933799494,0.0012205738903870993,0.002260525506171757,0.0012225578212477011,9.662575428471073e-05,2359
1.5,1.757,0.001032103732097559,0.0012722199372984897,0.002356443171130419,0.0012744619176272146,9.410006214768444e-05,2309
1.5,1.7570999999999999,0.0010746321774799858,0.001324613216655806,0.0024537668329167326,0.0013271279301403603,9.16153610215825e-05,2261
1.5,1.7571999999999999,0.001117720953914433,0.0013776956879577378,0.0025523894372709425,0.0013804979728223382,8.918174396458949e-05,2211
1.5,1.7572999999999999,0.0011613267618991207,0.0014314139674814436,0.0026522125093988392,0.0014345187976742882,8.680686384827611e-05,2163
1.5,1.7573999999999999,0.0012054093516729889,0.0014857184320819189,0.0027531444981498832,0.0014891408999691824,8.449636672335824e-05,2117
1.5,1.7574999999999998,0.0012499313946283635,0.0015405630604636892,0.0028551004858076226,0.0015443183615197222,8.225420368728832e-05,2069
1.5,1.7575999999999998,0.0012948590748679747,0.0015959061629532102,0.00295800354451124,0.0016000095836939299,8.008283344854765e-05,2025
1.5,1.7576999999999998,0.001340160834314345,0.0016517088334022788,0.0030617818711028413,0.0016561757390833275,7.798360792855288e-05,1981
1.5,1.7581999999999998,0.0015713564453787975,0.0019364761232477032,0.0035916991205026958,0.0019429930807849302,6.855989273101893e-05,2141
1.5,1.7582999999999998,0.0016183776357721349,0.0019943889224089627,0.0036995342799157754,0.0020013627479626684,6.688041362131168e-05,1739
1.5,1.7587999999999997,0.0018564533053502899,0.0022875900531968414,0.0042458276775165045,0.0022970843092736067,5.939533747031156e-05,1887
1.5,1.7592999999999996,0.0020983668743658145,0.002585482727095306,0.004801453159738435,0.00259789275290275,5.321970176122738e-05,1711
1.5,1.7597999999999996,0.002343023612636666,0.0028867174588855385,0.0053639183202128906,0.0029024402190403926,4.808925343091609e-05,1563
1.5,1.7602999999999995,0.0025896875089708783,0.0031903869860229216,0.005931547238218,0.003209820388347815,4.37870299074495e-05,1437
1.5,1.7607999999999995,0.0028378511924498973,0.0034958659045738537,0.006503184493049654,0.0035194084235662,4.014305489749933e-05,1331
1.5,1.7612999999999994,0.003087155715817807,0.0038027117777371497,0.0070780125830378505,0.00383076223486639,3.702620494767176e-05,1237
1.5,1.7617999999999994,0.0033373418950901636,0.004110605150374195,0.0076554411758355334,0.0041435625861865255,3.433545965659921e-05,1157
1.5,1.7622999999999993,0.003588217914372893,0.004419309611962603,0.008235033337668987,0.0044575732021875985,3.199262070028955e-05,1085
1.5,1.7627999999999993,0.0038396397427867927,0.004728647657646719,0.008816460964942721,0.00477261666373474,2.9936654332365542e-05,1023
1.5,1.7632999999999992,0.004091496807943085,0.005038483025895576,0.00939947214535385,0.005088556758242318,2.811948978884458e-05,967
1.5,1.764299999999999,0.004596191602792677,0.005659245211108188,0.010569504564532796,0.005722726419397276,2.5056148542727694e-05,933
1.5,1.765299999999999,0.005101807333821473,0.006280986348796712,0.011744002696957419,0.006359472409853263,2.2577228568046337e-05,849
1.5,1.7662999999999989,0.005608022822281323,0.006903310842879218,0.01292223448833701,0.006998399036332532,2.053248900613222e-05,779
1.5,1.7672999999999988,0.006114620810535461,0.007525951197371526,0.014103704597330987,0.007639238626882053,1.881842975758585e-05,721
1.5,1.7682999999999987,0.006621449071982007,0.00814872007689621,0.015288065808771815,0.008281803621234011,1.7361660787883475e-05,671
1.5,1.7692999999999985,0.0071283979387030275,0.008771482606548102,0.016475067853309176,0.008925958889994225,1.6108809252242592e-05,627
1.5,1.7702999999999984,0.007635386443183768,0.009394139289474522,0.017664525840835586,0.009571604662175132,1.5020190815295124e-05,589
1.5,1.7712999999999983,0.008142353332666368,0.010016614929672115,0.01885629978189318,0.010218665450609793,1.4065719575286823e-05,555
1.5,1.7722999999999982,0.008649251638813894,0.0106388519399166,0.02005028223275173,0.010867083368249757,1.3222189618676388e-05,527
1.5,1.773299999999998,0.009156044200408935,0.01126080481928799,0.021246388062246404,0.011516812597252643,1.2471427751466927e-05,499
1.5,1.778299999999998,0.011687571158915925,0.014365270671882023,0.027256815896590153,0.01478408042253441,9.69055217621398e-06,457
1.5,1.7832999999999979,0.014213733603136536,0.01745932547982318,0.03331405748283785,0.018080772511242515,7.899206458885683e-06,381
1.5,1.7882999999999978,0.01673357787745116,0.0205418321497061,0.03941587569978298,0.02140570587288761,6.649922033551431e-06,327
1.5,1.7932999999999977,0.019246616156600182,0.02361222777405151,0.04556109060415282,0.024758268778514603,5.729395799917942e-06,287
1.5,1.7982999999999976,0.021752559095784732,0.026670194059563234,0.05174897054532058,0.028138091469428774,5.0231670139473e-06,257
1.5,1.8032999999999975,0.024251214993702405,0.029715533005577194,0.05797900264339832,0.031544922043780815,4.464347851695786e-06,233
1.5,1.8132999999999975,0.02922614669868317,0.035767841914798454,0.07056401942903012,0.038438893208302266,3.636536473772264e-06,207
1.5,1.8232999999999975,0.03417063446771078,0.041768501255310723,0.083313696992489,0.04543905575611215,3.0531177934140747e-06,179
1.5,1.8332999999999975,0.03908415795632718,0.04771717160543739,0.09622613017685887,0.052544568266488165,2.6200873801360217e-06,157
1.5,1.8432999999999975,0.0439663374258375,0.053613684095360215,0.10929969438355497,0.05975473519361159,2.286160958241417e-06,141
1.5,1.8532999999999975,0.04881688508272912,0.05945798003656027,0.12253293966526559,0.06706894999135146,2.020986078971962e-06,129
1.5,1.8632999999999975,0.05363558100718899,0.06525008094131772,0.13592454035495957,0.07448666821455678,1.805452811961356e-06,119
1.5,1.8732999999999975,0.05842225919983315,0.07099007107258024,0.14947326724365417,0.08200739277493721,1.626930027424539e-06,109
1.5,1.8832999999999975,0.0631767986283162,0.07667808621198738,0.16317797077543483,0.08963066511385497,1.4767344452569295e-06,101
1.5,1.8932999999999975,0.0678991165550516,0.08231430526709269,0.17703756893476028,0.09735605889903448,1.3487001094097968e-06,95
1.5,1.9132999999999976,0.07724692001060875,0.09343225063388126,0.2052174107796969,0.11311164191332548,1.1422576310491457e-06,89
1.5,1.9332999999999976,0.08646560979380288,0.10434599503861823,0.23400521551922163,0.12927123618759187,9.833595074167442e-07,81
1.5,1.9532999999999976,0.09555550430989113,0.11505802192366782,0.26339410685325737,0.14583225803130814,8.575593868090951e-07,73
1.5,1.9732999999999976,0.10451722704122159,0.12557111936279658,0.29337780017911264,0.16279239104114734,7.557133512692257e-07,67
1.5,1.9932999999999976,0.11335164944979151,0.13588830967271132,0.32395051921070195,0.18014954477978173,6.717519047217789e-07,63
2.0,1e-16,2.4999994590243287e-07,9.999993336100649e-07,6.666662224067097e-39,8.333331530081095e-40,1.1111091481501959e-39,2
2.0,0.0300000000000001,2.5020249188878276e-07,1.0000743940537887e-06,6.000446364322772e-10,7.506074756663532e-11,1.0002082910043862e-10,3
2.0,0.060000000000000095,2.508106865571337e-07,1.0003003050666078e-06,2.400720732159866e-09,3.0097282386856133e-10,4.0033567115926936e-10,3
2.0,0.0900000000000001,2.518262040106012e-07,1.0006792602618388e-06,5.40366800541394e-09,6.799307508286245e-10,9.017037380613612e-10,3
2.0,0.12000000000000009,2.53251848815055e-07,1.0012149314824012e-06,9.611663342231066e-09,1.2156088743122659e-09,1.605397578869899e-09,3
2.0,0.15000000000000008,2.5509157904662853e-07,1.0019124933537332e-06,1.5028687400306015e-08,1.913186842849716e-09,2.5132140049114497e-09,3
2.0,0.18000000000000008,2.573505397225679e-07,1.0027786584591461e-06,2.1660019022717572e-08,2.7793858290037355e-09,3.6274896507691842e-09,3
2.0,0.21000000000000008,2.6003510717223613e-07,1.0038217236701023e-06,2.9512358675901033e-08,3.822516075431874e-09,4.951121445289852e-09,3
2.0,0.24000000000000007,2.6315294509811343e-07,1.005051628356512e-06,3.8593982528890074e-08,5.05253654588378e-09,6.487592357144168e-09,3
2.0,0.2700000000000001,2.6671307328888653e-07,1.0064800254142208e-06,4.891492923513115e-08,6.481127680919945e-09,8.24100287965219e-09,3
2.0,0.30000000000000004,2.707259501841985e-07,1.0081203662846252e-06,6.048722197707753e-08,8.121778505525957e-09,1.0216108832423647e-08,3
2.0,0.33000000000000007,2.75205771544126e-07,1.0099891830412593e-06,7.332521468879545e-08,9.989969507051778e-09,1.2418366186278384e-08,4
2.0,0.3600000000000001,2.8016303454222045e-07,1.0121021787937341e-06,8.744562824777867e-08,1.210304309222393e-08,1.4853983767383435e-08,4
2.0,0.3900000000000001,2.856146492289768e-07,1.0144796725563841e-06,1.0286823879721741e-07,1.448066271590913e-08,1.7529984870347662e-08,4
2.0,0.42000000000000015,2.91578151971779e-07,1.0171436065320358e-06,1.196160881281675e-07,1.714479533594062e-08,2.045427901697355e-08,4
2.0,0.4500000000000002,2.980732374496276e-07,1.020118448571877e-06,1.377159905572035e-07,2.0119943527849875e-08,2.3635745341434358e-08,4
2.0,0.4800000000000002,3.0512197403150495e-07,1.0234314112107502e-06,1.5719906476197136e-07,2.34333676056196e-08,2.7084329376757805e-08,4
2.0,0.5100000000000002,3.1274905303378756e-07,1.0271127051024157e-06,1.7810134306475902e-07,2.7115342898029404e-08,3.0811155371510666e-08,4
2.0,0.5400000000000003,3.209820772885859e-07,1.0311958324244369e-06,2.0046446982331073e-07,3.1199457912450576e-08,3.482865669549597e-08,4
2.0,0.5700000000000003,3.298518955445796e-07,1.03571792695549e-06,2.243365029785593e-07,3.5722960287478e-08,3.915072741819407e-08,4
2.0,0.6000000000000003,3.393929905541424e-07,1.0407201489135397e-06,2.4977283573924976e-07,4.072715886649713e-08,4.3792898788354476e-08,4
2.0,0.6300000000000003,3.496439303374921e-07,1.0462481443461336e-06,2.768372589939873e-07,4.6257891983650254e-08,4.877254513947291e-08,4
2.0,0.6600000000000004,3.6064789413696404e-07,1.0523525809677815e-06,3.056031895130441e-07,5.2366074228687233e-08,5.410912473527068e-08,4
2.0,0.6900000000000004,3.724599853403721e-07,1.0591074266827088e-06,3.3616069722909213e-07,5.910939967351711e-08,5.982446230458424e-08,5
2.0,0.7200000000000004,3.8512404477911536e-07,1.0665468374937849e-06,3.685985870378525e-07,6.654943493783121e-08,6.594308157779865e-08,5
2.0,0.7500000000000004,3.9870613642295655e-07,1.0747538790529778e-06,4.030327046448672e-07,7.475740057930444e-08,7.249259808271148e-08,5
2.0,0.7800000000000005,4.1327558219151893e-07,1.083807409277503e-06,4.395922852029557e-07,8.381228806844014e-08,7.950418499720887e-08,5
2.0,0.8100000000000005,4.289108068956577e-07,1.0937959358451908e-06,4.784263423386871e-07,9.380279346808044e-08,8.701312803880128e-08,5
2.0,0.8400000000000005,4.4570078622610673e-07,1.1048191030228349e-06,5.197069060619422e-07,1.0482882492038043e-07,9.505948954032703e-08,5
2.0,0.8700000000000006,4.637627637554756e-07,1.117002151463429e-06,5.63639285628447e-07,1.1700734529550664e-07,1.0368890725507532e-07,6
2.0,0.9000000000000006,4.831871523987865e-07,1.1304531783984867e-06,6.104447163351836e-07,1.304605311476725e-07,1.1295356055659825e-07,6
2.0,0.9300000000000006,5.041183391576289e-07,1.145326800639047e-06,6.603954332484753e-07,1.453373171791446e-07,1.2291334600100643e-07,6
2.0,0.9600000000000006,5.267098011545413e-07,1.1617901287418325e-06,7.138038550989827e-07,1.618052509146753e-07,1.336373168820265e-07,6
2.0,0.9900000000000007,5.51139115200975e-07,1.1800353638680017e-06,7.710351067513534e-07,1.8005714893615878e-07,1.4520545819338567e-07,6
2.0,1.0200000000000007,5.776127381839965e-07,1.2002847301536313e-06,8.325174888345597e-07,2.0031609760221026e-07,1.57710891514122e-07,6
2.0,1.0500000000000007,6.063977450400269e-07,1.2228400386553222e-06,8.98787428411663e-07,2.2285117130221016e-07,1.7126263602675075e-07,7
2.0,1.0800000000000007,6.37739203373558e-07,1.24793613852435e-06,9.70395141316536e-07,2.479530022716397e-07,1.859890962734778e-07,7
2.0,1.1100000000000008,6.719914916772463e-07,1.2759611462502657e-06,1.0480744855299697e-06,2.759869056318454e-07,2.0204250939004954e-07,7
2.0,1.1400000000000008,7.095939779348362e-07,1.3073779034746116e-06,1.132712215570405e-06,3.0739611124137145e-07,2.1960467463050678e-07,8
2.0,1.1700000000000008,7.509745761878124e-07,1.3426416062631418e-06,1.225294729875745e-06,3.4266969911449927e-07,2.3889441789503793e-07,8
2.0,1.2000000000000008,7.96745493876678e-07,1.3823942564132744e-06,1.3270984861567451e-06,3.8243783706080597e-07,2.601774360740368e-07,8
2.0,1.2300000000000009,8.476746842126543e-07,1.427454902243169e-06,1.439731014402462e-06,4.274823432484421e-07,2.837794565134185e-07,9
2.0,1.260000000000001,9.046217020132182e-07,1.478702557178452e-06,1.5650587865176759e-06,4.787258047053958e-07,3.101040911305438e-07,10
2.0,1.290000000000001,9.686817949633572e-07,1.5372890831670696e-06,1.7054685088655492e-06,5.373277916661749e-07,3.3965746187443887e-07,10
2.0,1.320000000000001,1.0413499443908983e-06,1.6047820326272219e-06,1.8641148090997838e-06,6.048160477022347e-07,3.7308279630695514e-07,11
2.0,1.350000000000001,1.1244373088393067e-06,1.6830623933615296e-06,2.044920807934261e-06,6.830956651198797e-07,4.11210044272249e-07,12
2.0,1.380000000000001,1.2203667731392974e-06,1.7746517541833795e-06,2.253097867111222e-06,7.746888275888271e-07,4.5512871624169866e-07,13
2.0,1.410000000000001,1.3323768718096756e-06,1.8829251591183152e-06,2.4956290058954184e-06,8.829661529482733e-07,5.06297697940382e-07,14
2.0,1.440000000000001,1.4649510546375078e-06,2.0125400563619925e-06,2.782135373914822e-06,1.0125741689654466e-06,5.667159637404973e-07,16
2.0,1.470000000000001,1.6242673457850747e-06,2.1699052274773088e-06,3.1259654707038155e-06,1.169959769168991e-06,6.391976039609371e-07,17
2.0,1.500000000000001,1.8194874426346175e-06,2.3645538012360543e-06,3.5468307018540866e-06,1.3646155819759652e-06,7.278339559324025e-07,19
2.0,1.5300000000000011,2.064402280221458e-06,2.610806051640096e-06,4.07442392418954e-06,1.610853099256806e-06,8.388103397705224e-07,23
2.0,1.5600000000000012,2.3807321124277575e-06,2.9312001649861778e-06,4.755579147673582e-06,1.9312498896014e-06,9.819413758388734e-07,27
2.0,1.5900000000000012,2.8052835825329426e-06,3.3639432623554325e-06,5.669589974373854e-06,2.364012475000514e-06,1.1737891688382858e-06,31
2.0,1.6200000000000012,3.405557669845802e-06,3.9791094715561355e-06,6.961849931434625e-06,2.979181849581112e-06,1.444663067944103e-06,39
2.0,1.6500000000000012,4.3193641511117946e-06,4.919720944982252e-06,8.9292935151428e-06,3.919822967133959e-06,1.8566129436142914e-06,49
2.0,1.6800000000000013,5.880572580888961e-06,6.532306151427598e-06,1.2291187254526187e-05,5.532442684100343e-06,2.559694990400339e-06,69
2.0,1.7000000000000013,7.726454866963133e-06,8.442954685978739e-06,1.6266759361652395e-05,7.443151521841163e-06,3.3903831382009228e-06,89
2.0,1.7200000000000013,1.1227345599327582e-05,1.2071304128467027e-05,2.3807830755771274e-05,1.1071659740350258e-05,4.964649039682267e-06,131
2.0,1.7300000000000013,1.449512721653713e-05,1.546028101216551e-05,3.084738336087348e-05,1.4460822082124682e-05,6.432612544975599e-06,163
2.0,1.7400000000000013,2.0416566265973144e-05,2.1603398225505302e-05,4.3604298978359964e-05,2.0604398675620126e-05,9.08848246715643e-06,235
2.0,1.7500000000000013,3.441334479920308e-05,3.612761108123279e-05,7.376053929085039e-05,3.513028948251986e-05,1.5335267178289317e-05,411
2.0,1.7550000000000012,5.219884702886139e-05,5.458522296226635e-05,0.00011208256756956975,5.359125127335634e-05,2.317823162705905e-05,607
2.0,1.7560000000000011,5.818168159383442e-05,6.079430887607946e-05,0.0001249742933430072,5.980176991170867e-05,2.578472959792251e-05,579
2.0,1.757000000000001,6.568791465405113e-05,6.858445965704509e-05,0.00014114905839988107,6.75939370816247e-05,2.9027796456218514e-05,661
2.0,1.758000000000001,7.53711828033172e-05,7.863405088204016e-05,0.00016201571122013454,7.764648806978382e-05,3.31615547411695e-05,767
2.0,1.7590000000000008,8.830936585274865e-05,9.206175498899359e-05,0.00018989768462540033,9.10787770023462e-05,3.8585538245098154e-05,909
2.0,1.7600000000000007,0.00010639842450575742,0.00011083527804172661,0.00022888223817470174,0.00010985991991634482,4.5950698283784506e-05,1105
2.0,1.7605000000000006,0.00011839080803894628,0.0001232814502930907,0.0002547290844005043,0.00012231192146709694,5.0676059477684795e-05,1137
2.0,1.7610000000000006,0.0001332486668177324,0.0001387015268859023,0.000286753478505291,0.00013774007963015777,5.633871720930627e-05,1283
2.0,1.7615000000000005,0.0001520472375096456,0.0001582114169366428,0.0003272742649067057,0.00015726155814340458,6.317502252904246e-05,1463
2.0,1.7620000000000005,0.00017640703640382628,0.0001834929247976387,0.0003797868053436269,0.00018256034904297368,7.144763938794248e-05,1685
2.0,1.7625000000000004,0.00020881583052447534,0.00021712788380756157,0.0004496582768727222,0.0002162222670133904,8.136491683658194e-05,1961
2.0,1.7630000000000003,0.00025310320492424074,0.0002630906322139901,0.0005451534314919504,0.0002622291784487242,9.284181060979607e-05,2293
2.0,1.7631000000000003,0.00026385078636097584,0.0002742447513896054,0.0005683304907491108,0.0002733952904061956,9.526704203341621e-05,1917
2.0,1.7636000000000003,0.00033010280952823734,0.0003430024682932387,0.0007112236122502249,0.0003422379345764738,0.00010727299003189238,2743
2.0,1.7637000000000003,0.0003463066239693023,0.00035981902660832437,0.000746177750497978,0.0003590781456051898,0.00010948897665631404,2297
2.0,1.7638000000000003,0.00036365188097364353,0.00037782014902620377,0.000783596581106597,0.0003771058417323411,0.00011157533806132483,2359
2.0,1.7639000000000002,0.0003822049187510314,0.0003970746730327971,0.0008236237252023757,0.0003963902262615411,0.00011349844247695654,2419
2.0,1.7640000000000002,0.0004020289665746576,0.0004176482080790234,0.0008663961723244434,0.0004169973090581653,0.00011522398084608326,2473
2.0,1.7641000000000002,0.00042318305729794736,0.00043960200763575963,0.0009120419364909846,0.0004389887766254131,0.000116718177553555,2525
2.0,1.7642000000000002,0.00044571944585133834,0.0004629902891085265,0.0009606744900836349,0.0004624193114158657,0.0001179495036919535,2573
2.0,1.7643000000000002,0.0004696820936334341,0.00048785866122469265,0.0010123894921417007,0.00048733501527669086,0.00011889028827483903,2613
2.0,1.7644000000000002,0.000495105647701933,0.0005142430653342986,0.0010672625810141105,0.000513772345279485,0.0001195182000106459,2649
2.0,1.7645000000000002,0.0005220130764907488,0.0005421673207067261,0.0011253442679129294,0.0005417556545447188,0.00011981787389958996,2675
2.0,1.7646000000000002,0.0005504159988447629,0.0005716434675865461,0.0011866606347993474,0.000571297526892456,0.00011978165206512567,2697
2.0,1.7647000000000002,0.0005803128315100877,0.0006026698433546069,0.0012512093264270194,0.0006023968471601997,0.00011941041190903226,2709
2.0,1.7648000000000001,0.0006116899897747281,0.0006352323300903252,0.0013189621245932555,0.0006350400399102654,0.00011871325358709788,2713
2.0,1.7649000000000001,0.0006445219860299925,0.0006693044566448155,0.001389865145447463,0.0006692011647048115,0.0001177069854417013,2711
2.0,1.7650000000000001,0.0006787722157274855,0.000704848214354985,0.0014638405190426722,0.0007048427252465521,0.00011641507089952668,2701
2.0,1.7651000000000001,0.000714394804585097,0.0007418159748746201,0.0015407903591907195,0.0007419175812078586,0.00011486607658058059,2685
2.0,1.7652,0.0007513358975452159,0.000780151827741047,0.0016205995306473745,0.0007803702815424661,0.00011309211641403226,2663
2.0,1.7653,0.0007895355350796506,0.0008197935279609419,0.001703139685513102,0.0008201390088194506,0.00011112718040986505,2635
2.0,1.7654,0.0008289294214727324,0.0008606743313194083,0.0017882730690988132,0.00086115741265974,0.00010900561617158627,2601
2.0,1.7655,0.0008694508332506316,0.0009027249753591036,0.0018758566310838774,0.0009033565900321981,0.00010676079691196791,2565
2.0,1.7656,0.0009110315549123304,0.0009458746499022446,0.0019657440395100577,0.0009466660561521427,0.00010442422109747257,2525
2.0,1.7657,0.000953603759189206,0.00099005294910616,0.0020577897362282823,0.0009910156976249975,0.00010202469346923722,2483
2.0,1.7658,0.0009971006179513196,0.00103519050492246,0.0021518502541365966,0.00103633640761563,9.958797188065215e-05,2437
2.0,1.7659,0.0010414577197014323,0.0010812204588644349,0.002247787278101562,0.0010825615598710461,9.713647852668774e-05,2391
2.0,1.766,0.001086613117623529,0.0011280785111242933,0.002345467750026637,0.0011296270600890286,9.468938931321747e-05,2345
2.0,1.7661,0.0011325078766266012,0.0011757034883626935,0.002444765052520803,0.0011774719161278583,9.226274519272525e-05,2297
2.0,1.7662,0.0011790866866867736,0.0012240379806239853,0.0025455603371266466,0.0012260388775411461,8.986963375524136e-05,2249
2.0,1.7663,0.00122629765030722,0.0012730281202402818,0.0026477420688912246,0.0012752742166795327,8.752052312101175e-05,2201
2.0,1.7664,0.00127409253989591,0.0013226238491763972,0.002751206586637277,0.0013251279983835932,8.522354105812695e-05,2155
2.0,1.7665,0.0013224263981073635,0.0013727785037010484,0.0028558572434138857,0.0013755536664271286,8.298482746699784e-05,2109
2.0,1.7666,0.00137125777158559,0.0014234490573751186,0.0029616049160446963,0.00142650828860051,8.080879096423945e-05,2063
2.0,1.7667,0.0014205484420239862,0.0014745958417184972,0.00306836742816376,0.0014779522789632518,7.869840001836172e-05,2017
2.0,1.7668,0.0014702634779254098,0.0015261826002277502,0.003176069666578643,0.0015298494536041972,7.665541058106313e-05,1975
2.0,1.7672999999999999,0.0017241597714182033,0.0017896320145889288,0.003726430588085066,0.0017950510659685353,6.745586244426939e-05,2135
2.0,1.7673999999999999,0.0017758280072173657,0.0018432431290754299,0.0038384957664293036,0.0018490529491433949,6.581212410760004e-05,1735
2.0,1.7678999999999998,0.002037549252332282,0.002114799657851415,0.0044064958357951465,0.002122766632360723,5.847384800120753e-05,1883
2.0,1.7683999999999997,0.0023036406610283263,0.0023908799296831784,0.004984567938956881,0.002401344634517223,5.240672165554776e-05,1707
2.0,1.7688999999999997,0.002572856277120762,0.0026701907471934627,0.0055700307333624195,0.0026834952804682065,4.7359856271574606e-05,1561
2.0,1.7693999999999996,0.0028443565733715544,0.0029518607528367133,0.0061610772419953205,0.0029683481064407546,4.312426618771937e-05,1435
2.0,1.7698999999999996,0.0031175623851633933,0.003235288824009389,0.006756460731232134,0.0032553025368565556,3.953489341078789e-05,1327
2.0,1.7703999999999995,0.003392064114312045,0.003520049832619741,0.007355299382923561,0.0035439337897481076,3.6463770985507824e-05,1235
2.0,1.7708999999999995,0.0036675653074398095,0.003805836083728743,0.007956954895469173,0.003833934395158525,3.381200704739841e-05,1155
2.0,1.7713999999999994,0.003943846943772516,0.004092420249702109,0.00856095563746196,0.004125077175179417,3.1502873501038236e-05,1083
2.0,1.7718999999999994,0.00422074445966975,0.004379631525079829,0.009166947211353386,0.004417191427274197,2.9476394840029616e-05,1021
2.0,1.7723999999999993,0.004498131555362746,0.004667338817181212,0.009774657583206243,0.004710146128242686,2.7685282210975485e-05,965
2.0,1.7733999999999992,0.005054003137444526,0.005243856006746579,0.010994434768939321,0.005298191611779497,2.466597447252458e-05,929
2.0,1.774399999999999,0.0056108968329988676,0.005821385508300169,0.012219070174436204,0.005888627548045203,2.222292106897152e-05,847
2.0,1.775399999999999,0.006168445748488781,0.0063995464763741475,0.01344777299803344,0.006481073188748872,2.020801312856486e-05,777
2.0,1.7763999999999989,0.006726402152679103,0.0069780817465685445,0.01468000903073544,0.007075271394910535,1.851918109973633e-05,719
2.0,1.7773999999999988,0.007284592487409853,0.0075568111382133905,0.01591540376697551,0.007671041964297033,1.708403867118324e-05,669
2.0,1.7783999999999986,0.00784289178081844,0.008135604899923524,0.017153687324370823,0.008268255094854843,1.584994038641426e-05,625
2.0,1.7793999999999985,0.008401207813835314,0.008714367276451139,0.018394660351584973,0.008866814960633409,1.4777743361313505e-05,587
2.0,1.7803999999999984,0.00895947098108758,0.009293025984819157,0.019638172190791666,0.00946664919222342,1.3837773437526506e-05,555
2.0,1.7813999999999983,0.009517627517469925,0.009871525182396335,0.020884106278401936,0.010067701845482885,1.3007145356139318e-05,525
2.0,1.7823999999999982,0.010075635639692191,0.010449821466630113,0.02213237186696888,0.010669929409122496,1.226793652425656e-05,499
2.0,1.787399999999998,0.012862481558866354,0.01333725282304806,0.028406559187253565,0.01369768004492967,9.530478579569503e-06,455
2.0,1.792399999999998,0.0156425273688029,0.01621639991101374,0.03473226111291861,0.01675157087949722,7.767661958216118e-06,379
2.0,1.7973999999999979,0.01841469938498618,0.019086145584480838,0.04110706292892745,0.019830462968159816,6.538552598838245e-06,327
2.0,1.8023999999999978,0.021178453824803437,0.021945923620169026,0.04752968781196385,0.02293376474043443,5.633044224017611e-06,287
2.0,1.8073999999999977,0.023933472903293056,0.024795403233881366,0.05399934254413807,0.0260611168405964,4.938425944811684e-06,257
2.0,1.8123999999999976,0.02667954957123406,0.027634369372902305,0.06051546938509623,0.029212272650400023,4.388848697132281e-06,231
2.0,1.8223999999999976,0.032144329464088,0.0332801973710248,0.07368550217996825,0.03558529164346027,3.5748160227826952e-06,205
2.0,1.8323999999999976,0.03757199548505767,0.038882591990593615,0.08703712064604922,0.042051701500981344,3.0011697990606857e-06,177
2.0,1.8423999999999976,0.04296203913576115,0.044441047515897066,0.10056824652127654,0.04861065596300835,2.575424099871837e-06,157
2.0,1.8523999999999976,0.04831410917255555,0.04995522949830703,0.11427710875868148,0.055261448740597345,2.2471322813922425e-06,141
2.0,1.8623999999999976,0.05362795686564921,0.0554249168065311,0.12816213005909602,0.06200345962277587,1.9864416995633327e-06,129
2.0,1.8723999999999976,0.058903408190302466,0.06084997177296118,0.14222187075689258,0.06883612812540515,1.7745591069497141e-06,117
2.0,1.8823999999999976,0.06414034847371829,0.06623032344595471,0.1564549994085474,0.07575893986618112,1.5990637141050797e-06,109
2.0,1.8923999999999976,0.06933871145307705,0.07156595547619697,0.1708602720830041,0.08277141712093873,1.4514174391953925e-06,101
2.0,1.9023999999999976,0.07449847255726898,0.07685689854930419,0.18543652091566182,0.08987311370422152,1.3255577452440922e-06,95
2.0,1.9223999999999977,0.08470226544531864,0.08730503728672839,0.215097597036296,0.10434251176700496,1.1226241730256104e-06,89
2.0,1.9423999999999977,0.09475217331009797,0.09757570809822336,0.24543008135224123,0.11916405249342192,9.66428665575577e-07,79
2.0,1.9623999999999977,0.10464904172790775,0.10767032541884501,0.2764266031544326,0.13433496655499533,8.427692017464206e-07,73
2.0,1.9823999999999977,0.11439403395495945,0.1175906549676106,0.3080804417613362,0.14985274350845515,7.42656847944538e-07,67
2.5,1e-16,2.4999994590243287e-07,9.999993336100649e-07,7.142852382929033e-39,7.142855597212367e-40,1.0204063605460984e-39,2
2.5,0.0300000000000001,2.502169604234222e-07,1.0000636748539597e-06,6.428980766918354e-10,6.434150410888041e-11,9.185724086331281e-11,3
2.5,0.060000000000000095,2.508686120168752e-07,1.0002573687358416e-06,2.5720903767493146e-09,2.5803628664592953e-10,3.676772398562272e-10,3
2.5,0.0900000000000001,2.519567288642997e-07,1.000582430049493e-06,5.789084059572078e-09,5.83099858228809e-10,8.28206747271327e-10,3
2.5,0.12000000000000009,2.5348437269599336e-07,1.001042231734032e-06,1.0296434383550059e-08,1.0429071333778029e-09,1.4746967838927473e-09,3
2.5,0.15000000000000008,2.5545586237548485e-07,1.001641527966138e-06,1.6097810270884374e-08,1.6422162581281184e-09,2.3089124140138884e-09,3
2.5,0.18000000000000008,2.578768080832996e-07,1.0023864871649488e-06,2.319808727438883e-08,2.387202451971118e-09,3.333146665879906e-09,3
2.5,0.21000000000000008,2.607541566686341e-07,1.003284735377374e-06,3.16034691643873e-08,3.285502374024792e-09,4.5502388450577235e-09,3
2.5,0.24000000000000007,2.640962489340824e-07,1.004345410679991e-06,4.132163975369108e-08,4.3462696967437585e-09,5.963597567095344e-09,3
2.5,0.2700000000000001,2.6791288983442626e-07,1.005579229419145e-06,5.2361947017611214e-08,5.580242762551337e-09,7.577228925285648e-09,3
2.5,0.30000000000000004,2.722154328116555e-07,1.0069985653186917e-06,6.473562205620163e-08,6.999825415156858e-09,9.395770309963159e-09,3
2.5,0.33000000000000007,2.7701905063783844e-07,1.0086184813049666e-06,7.845610901007923e-08,8.619249889845891e-09,1.142453051051232e-08,4
2.5,0.3600000000000001,2.8233540601075836e-07,1.010453642116038e-06,9.353913715588471e-08,1.0454476748284086e-08,1.3669536864056723e-08,4
2.5,0.3900000000000001,2.881826274844758e-07,1.0125226521950078e-06,1.1000335385632911e-07,1.2523593611539657e-08,1.613759036887609e-08,4
2.5,0.42000000000000015,2.945796090272432e-07,1.014845702329812e-06,1.278705584935564e-07,1.4846812294973068e-08,1.883632986365465e-08,4
2.5,0.4500000000000002,3.015475268853053e-07,1.0174453085421263e-06,1.4716619641412908e-07,1.7446678341221248e-08,2.177430658899897e-08,4
2.5,0.4800000000000002,3.091100591498743e-07,1.020346512033901e-06,1.6791988312329352e-07,2.0348273608037455e-08,2.4961070706490174e-08,4
2.5,0.5100000000000002,3.172936397382e-07,1.0235771098258486e-06,1.9016600447550243e-07,2.3579450198830254e-08,2.8407271661212687e-08,4
2.5,0.5400000000000003,3.261277522548158e-07,1.0271679209425113e-06,2.1394440410488326e-07,2.717110073071554e-08,3.212477464991235e-08,4
2.5,0.5700000000000003,3.3564527028086994e-07,1.0311530939794085e-06,2.393011715956501e-07,3.1157470946929925e-08,3.612679591490674e-08,4
2.5,0.6000000000000003,3.458828519580151e-07,1.0355704630844983e-06,2.6628954765029984e-07,3.557652191568159e-08,4.0428060144573664e-08,4
2.5,0.6300000000000003,3.5688139834848835e-07,1.0404619608532607e-06,2.9497096590189967e-07,4.047035057271862e-08,4.5044983951608636e-08,4
2.5,0.6600000000000004,3.6868658704215313e-07,1.0458740984444004e-06,3.2541625520170086e-07,4.5885679233017736e-08,4.9995890255097556e-08,4
2.5,0.6900000000000004,3.8135539743558135e-07,1.0518735475960625e-06,3.577121400074899e-07,5.187522991973728e-08,5.5301259456140106e-08,5
2.5,0.7200000000000004,3.949358005512501e-07,1.0584934718023954e-06,3.91945011273116e-07,5.849563400164808e-08,6.098402463696926e-08,5
2.5,0.7500000000000004,4.0949631594695825e-07,1.0658090345144298e-06,4.282268442245481e-07,6.581190792004694e-08,6.706991967770181e-08,5
2.5,0.7800000000000005,4.2510947583875376e-07,1.0738922526553162e-06,4.666828903682108e-07,7.389617288579945e-08,7.358789134499425e-08,5
2.5,0.8100000000000005,4.4185711246933986e-07,1.082823821527833e-06,5.074576495031513e-07,8.282927185460977e-08,8.05705891066874e-08,5
2.5,0.8400000000000005,4.5983180903836695e-07,1.0926944213936447e-06,5.507179883823976e-07,9.27020927021349e-08,8.805494994516176e-08,5
2.5,0.8700000000000006,4.791386360647928e-07,1.1036062790058817e-06,5.966568518425378e-07,1.0361715246784059e-07,9.608289997882276e-08,5
2.5,0.9000000000000006,4.999182842537055e-07,1.115689347280441e-06,6.455059794979702e-07,1.156953743558577e-07,1.047022006259695e-07,6
2.5,0.9300000000000006,5.222740554906888e-07,1.1290528247333174e-06,6.975127057941767e-07,1.2906138016968494e-07,1.1396747489212e-07,6
2.5,0.9600000000000006,5.463784833579568e-07,1.1438570212270466e-06,7.529847362591767e-07,1.4386926007505532e-07,1.239414596284557e-07,6
2.5,0.9900000000000007,5.724134903637952e-07,1.160274560792538e-06,8.122750693091199e-07,1.6029213197301612e-07,1.3469654368072556e-07,6
2.5,1.0200000000000007,6.005898713754284e-07,1.1785043834513302e-06,8.757971146734039e-07,1.78529629193999e-07,1.4631667052884414e-07,6
2.5,1.0500000000000007,6.311751944573712e-07,1.1988116914609617e-06,9.440642070255085e-07,1.988201862540722e-07,1.588997098677572e-07,7
2.5,1.0800000000000007,6.644240580811047e-07,1.2214113006032043e-06,1.0176101007311281e-06,2.214240632416576e-07,1.725604383500726e-07,7
2.5,1.1100000000000008,7.006913350143757e-07,1.2466439663959628e-06,1.0971357364260483e-06,2.4666336967748957e-07,1.8743431946398583e-07,7
2.5,1.1400000000000008,7.404135482599187e-07,1.2749121225158585e-06,1.1834827103011513e-06,2.749261278053119e-07,2.0368234399717693e-07,8
2.5,1.1700000000000008,7.840255153784535e-07,1.306622109810407e-06,1.2775964329424775e-06,3.06643579429019e-07,2.2149729472757176e-07,8
2.5,1.2000000000000008,8.321329992122881e-07,1.3423301245713661e-06,1.3806824138448353e-06,3.4236329110448467e-07,2.411119486492723e-07,8
2.5,1.2300000000000009,8.854871114061039e-07,1.3827382620805636e-06,1.4942462262154911e-06,3.8275812881322755e-07,2.628099538765818e-07,9
2.5,1.260000000000001,9.449061727249931e-07,1.4285767337535342e-06,1.62000601607651e-06,4.286094399480575e-07,2.869404567539973e-07,9
2.5,1.290000000000001,1.0115561097564516e-06,1.4809234866236332e-06,1.7602891243502795e-06,4.809515777844895e-07,3.1393807840715977e-07,10
2.5,1.320000000000001,1.0867757961003467e-06,1.5410044271788212e-06,1.917890081368844e-06,5.410280420357849e-07,3.443506728256701e-07,11
2.5,1.350000000000001,1.1722999568802606e-06,1.6103913636352402e-06,2.0963844715894494e-06,6.104333346897937e-07,3.7887864606775403e-07,11
2.5,1.380000000000001,1.2704967570243903e-06,1.6912539831598966e-06,2.3005886325212225e-06,6.912954354506435e-07,4.1843187407788303e-07,12
2.5,1.410000000000001,1.3844013302375919e-06,1.786352170949162e-06,2.5367476793314525e-06,7.863795098986743e-07,4.642141506125481e-07,14
2.5,1.440000000000001,1.5180401830727837e-06,1.8993375107265263e-06,2.813190187316093e-06,8.993737496056368e-07,5.178520604820909e-07,15
2.5,1.470000000000001,1.677161093971566e-06,2.0354457591833412e-06,3.141710529299492e-06,1.0354792594180465e-06,5.815981638412844e-07,17
2.5,1.500000000000001,1.869827025419284e-06,2.201995166455696e-06,3.5389208032323736e-06,1.2020316591981128e-06,6.586638021063084e-07,19
2.5,1.5300000000000011,2.107986623892915e-06,2.40983537791229e-06,4.029416882967777e-06,1.4098816822488376e-06,7.537894685682892e-07,21
2.5,1.5600000000000012,2.4100770973909593e-06,2.675715739757574e-06,4.65115844591003e-06,1.6757610354887563e-06,8.742773016648287e-07,24
2.5,1.5900000000000012,2.80605801509987e-06,3.0268055908285737e-06,5.465762295838377e-06,2.026855790849712e-06,1.0319906946754738e-06,29
2.5,1.6200000000000012,3.347915256851704e-06,3.5103046436709438e-06,6.58031679060717e-06,2.5103625143090356e-06,1.2475733103267238e-06,35
2.5,1.6500000000000012,4.13498979300179e-06,4.21635469170667e-06,8.199304034408161e-06,3.2164313461278256e-06,1.5604133462175778e-06,43
2.5,1.6800000000000013,5.383388159848908e-06,5.341064045895197e-06,1.0767585116524734e-05,4.341164212102166e-06,2.0561582978792313e-06,57
2.5,1.7000000000000013,6.721445646116295e-06,6.549859723025806e-06,1.3520781856817576e-05,5.5499936906503206e-06,2.587167771960368e-06,69
2.5,1.7200000000000013,8.919818537321432e-06,8.539341902593958e-06,1.8044849346167144e-05,7.539540331660504e-06,3.459091764490301e-06,93
2.5,1.7400000000000013,1.320238674033843e-05,1.2420076609054681e-05,2.6859302815410003e-05,1.1420441741442483e-05,5.156242288976297e-06,141
2.5,1.7500000000000013,1.733898656737451e-05,1.6171029479477587e-05,3.5374126986357265e-05,1.5171613246452716e-05,6.793705452749285e-06,177
2.5,1.7600000000000013,2.519987738358774e-05,2.3301463707452373e-05,5.155615284300327e-05,2.2302611480971856e-05,9.898963319629138e-06,265
2.5,1.7650000000000012,3.2549202521148434e-05,2.996902484121808e-05,6.668589672213122e-05,2.897088269255565e-05,1.2792170934469677e-05,329
2.5,1.7700000000000011,4.587779859490484e-05,4.2062270503390105e-05,9.412634804290785e-05,4.106587291942215e-05,1.8005960395959684e-05,475
2.5,1.775000000000001,7.727375578348751e-05,7.055015859837637e-05,0.00015876935245286413,6.956017909010018e-05,3.003738180645508e-05,823
2.5,1.776000000000001,8.937422033295704e-05,8.153007459510325e-05,0.00018368586040434616,8.054343451226439e-05,3.454966539764627e-05,827
2.5,1.7770000000000008,0.00010581691458574511,9.645022517341258e-05,0.0002175454807761537,9.546889710798018e-05,4.0542899907789494e-05,989
2.5,1.7780000000000007,0.00012931393811346572,0.00011777164369288469,0.00026593543775715536,0.00011679945243859705,4.878910408099877e-05,1217
2.5,1.7785000000000006,0.00014520125901849913,0.00013218801668432681,0.00029865637534040324,0.00013122303458682483,5.412619793398599e-05,1263
2.5,1.7790000000000006,0.00016520284181833846,0.0001503377885572406,0.000339853712196633,0.0001493830648866264,6.054465260021623e-05,1435
2.5,1.7795000000000005,0.00019096733898508886,0.00017371700812596707,0.00039292556835793013,0.0001727774407767992,6.828218214149098e-05,1649
2.5,1.7800000000000005,0.00022500236837568174,0.0002046011925334148,0.00046304172744490843,0.0002036850011318601,7.753255103021084e-05,1911
2.5,1.7805000000000004,0.000271137632467564,0.00024646559979539805,0.0005581002691255537,0.0002455871907086944,8.824657700942633e-05,2227
2.5,1.7806000000000004,0.0002822795567045362,0.0002565761176683524,0.0005810599358393928,0.00025570788520468975,9.051935308231319e-05,1861
2.5,1.7811000000000003,0.000350621604764607,0.0003185919860710239,0.0007219106002722784,0.0003177951288550232,0.00010189896227602151,2659
2.5,1.7812000000000003,0.0003672704132530321,0.00033369973275847577,0.000756228770755653,0.00033292259583591986,0.00010404259827099952,2229
2.5,1.7813000000000003,0.00038507262385062483,0.0003498541440482318,0.0007929268473104119,0.0003490991052240672,0.00010608403692610307,2289
2.5,1.7814000000000003,0.0004040974291677288,0.00036711801296376097,0.0008321479628587837,0.00036638774519799015,0.00010799370296360868,2347
2.5,1.7815000000000003,0.0004244119639859869,0.0003855522658141647,0.0008740310825697467,0.0003848497661450872,0.00010974079878838669,2403
2.5,1.7816000000000003,0.00044607963963195574,0.0004052144507154468,0.0009187075746479221,0.00040454306908603143,0.00011129433804361111,2455
2.5,1.7817000000000003,0.00046915867769219155,0.00042615740731068613,0.0009662981896765211,0.0004255208738816891,0.0001126243391346587,2503
2.5,1.7818000000000003,0.000493700239018835,0.00044842756881903744,0.001016909204151824,0.0004478300194364812,0.00011370323486133945,2547
2.5,1.7819000000000003,0.0005197466161582484,0.0004720633216196082,0.0010706286919111379,0.0004715093202950781,0.00011450733535860779,2585
2.5,1.7820000000000003,0.0005473299725698041,0.0004970938613685315,0.001127523919306032,0.0004965884182327871,0.00011501813923386209,2617
2.5,1.7821000000000002,0.0005764708913838239,0.0005235378757433241,0.001187638345333027,0.0005230864602517499,0.00011522351549911752,2641
2.5,1.7822000000000002,0.0006071779313751275,0.0005514031417842911,0.001250990694733578,0.0005510116897339063,0.00011511841286927938,2659
2.5,1.7823000000000002,0.0006394468007456292,0.000580685775511795,0.001317573241492296,0.0005803606904458666,0.0001147052880540608,2669
2.5,1.7824000000000002,0.0006732610064066561,0.0006113708214720569,0.0013873531318190386,0.0006111189693488528,0.00011399385017187298,2673
2.5,1.7825000000000002,0.0007085920147526713,0.0006434323979640334,0.0014602726996454363,0.0006432610963353586,0.00011300052576081944,2669
2.5,1.7826000000000002,0.0007454008159601335,0.0006768351169092642,0.0015362526754734392,0.0006767521183286086,0.00011174734007417857,2659
2.5,1.7827000000000002,0.0007836389708658944,0.00071153503330327,0.0016151943295347033,0.0007115485045164461,0.00011026069273346211,2643
2.5,1.7828000000000002,0.0008232503685847329,0.0007474812401506949,0.0016969830818201477,0.0007475997376516602,0.00010856990678796417,2621
2.5,1.7829000000000002,0.0008641729673291746,0.0007846174480508472,0.0017814920796933712,0.0007848498911700339,0.00010670580751556986,2593
2.5,1.7830000000000001,0.0009063406518709829,0.0008228836707942701,0.0018685860186440613,0.0008232393133188205,0.00010469940132424285,2561
2.5,1.7831000000000001,0.0009496846310546791,0.0008622174931926559,0.0019581240168547102,0.0008627058945975056,0.00010258081655756063,2525
2.5,1.7832000000000001,0.000994135158696722,0.0009025556329414041,0.002049963159536925,0.0009031866298533119,0.00010037840428223156,2487
2.5,1.7833,0.0010396224423844132,0.0009438347648491274,0.002143960370090009,0.0009446184435406586,9.811818789895146e-05,2445
2.5,1.7834,0.0010860781800606548,0.000985992915788771,0.0022399755790828255,0.00098693958601697,9.582341699789782e-05,2401
2.5,1.7835,0.0011334361452138193,0.0010289699954594959,0.002337872931885526,0.0010300901661307452,9.35144384936156e-05,2357
2.5,1.7836,0.0011816326824815612,0.0010727082459814283,0.0024375218126763735,0.0010740126027408078,9.120870527831559e-05,2313
2.5,1.7837,0.001230607140646774,0.001117152634829309,0.002538797740370518,0.0011186520196267411,8.892088575627709e-05,2267
2.5,1.7838,0.001280302508600206,0.0011622514324665727,0.0026415836849401297,0.001163956825186703,8.66630146720714e-05,2221
2.5,1.7839,0.001330665191570674,0.001207956008839837,0.002745769609032689,0.001209878510831387,8.444478336646525e-05,2175
2.5,1.784,0.0013816451680896042,0.0012542209760162126,0.002851252796174182,0.0012563717954546822,8.22737912109049e-05,2129
2.5,1.7841,0.001433195945257415,0.0013010041476303551,0.002957937762693251,0.0013033945865698316,8.015581671324591e-05,2083
2.5,1.7842,0.0014852745767999814,0.00134826655550222,0.0030657362995808158,0.0013509079985282598,7.809506792348391e-05,2039
2.5,1.7843,0.0015378412742136634,0.001395972096438431,0.003174566673379905,0.0013988760006083984,7.609444977645253e-05,1997
2.5,1.7848,0.0018068085567239968,0.0016400695568831933,0.0037317569141566568,0.0016444596013173592,6.702865711445413e-05,2161
2.5,1.7849,0.0018616282591368651,0.0016898210573028712,0.003845390606489709,0.0016945434049417507,6.540082140772682e-05,1757
2.5,1.7853999999999999,0.0021396322226878125,0.0019421263375127428,0.00442201796920837,0.0019486872616824651,5.811235450160415e-05,1907
2.5,1.7858999999999998,0.0024226861946205973,0.0021990206093629875,0.005009744053922971,0.002207716963878327,5.206757414570805e-05,1729
2.5,1.7863999999999998,0.002709347356108663,0.0024591946403415116,0.005605602369825751,0.002470324830892563,4.703184853565609e-05,1579
2.5,1.7868999999999997,0.0029986431858628976,0.002721765936844817,0.006207593025748589,0.002735629287630747,4.2803227400070206e-05,1453
2.5,1.7873999999999997,0.0032899023670769456,0.002986125313002399,0.006814335319417622,0.003003021715102425,3.921961360721513e-05,1343
2.5,1.7878999999999996,0.00358265098261769,0.0032518427025401047,0.007424854421712404,0.0032720724122311,3.6154185417530335e-05,1249
2.5,1.7883999999999995,0.003876546407780992,0.003518607172048377,0.008038445475509332,0.003542470688944601,3.3508424327845307e-05,1167
2.5,1.7888999999999995,0.004171336002015833,0.003786189439541305,0.00865458867893614,0.0038139874314855847,3.120565279705282e-05,1095
2.5,1.7893999999999994,0.004466829865789889,0.0040544171539693185,0.009272893267554667,0.004086450408709831,2.9185831069280064e-05,1031
2.5,1.7898999999999994,0.00476288292019545,0.0043231586349635615,0.009893060667662146,0.0043597280286118935,2.7401565221557252e-05,975
2.5,1.7908999999999993,0.005356239603183934,0.004861795294150881,0.011138104960343403,0.0049083398443191895,2.4396141680466155e-05,939
2.5,1.7918999999999992,0.005950757818162604,0.005401510923637031,0.012388386947987435,0.005459234760597042,2.1966747115013687e-05,853
2.5,1.792899999999999,0.006546018191698834,0.005941924701909887,0.01364304283659387,0.006012032200257549,1.996491163982465e-05,783
2.5,1.793899999999999,0.007141737610134686,0.006482779451571304,0.01490148915039849,0.006566475155135506,1.8288392679144286e-05,725
2.5,1.7948999999999988,0.007737718178166016,0.00702389532425959,0.016163317731403583,0.007122383899873298,1.6864741181973885e-05,673
2.5,1.7958999999999987,0.008333817958680666,0.007565143254265962,0.017428235571033443,0.00767962946415288,1.5641310926646095e-05,629
2.5,1.7968999999999986,0.008929932082969194,0.008106427813175223,0.01869602591647423,0.008238116492406149,1.457899372237968e-05,591
2.5,1.7978999999999985,0.0095259814840576,0.008647676987891467,0.0199665250992824,0.008797773027972983,1.3648166107031696e-05,557
2.5,1.7988999999999984,0.010121905509823935,0.009188835478860105,0.021239607343929517,0.009358543815290358,1.2825998731517672e-05,527
2.5,1.7998999999999983,0.010717656769203346,0.009729860022571585,0.022515174157730244,0.009920385623702408,1.2094626736679681e-05,501
2.5,1.8008999999999982,0.011313197553570622,0.010270716143005253,0.023793146959228826,0.010483263999237808,1.1439877601732322e-05,477
2.5,1.805899999999998,0.01428685873984374,0.012971657955016591,0.030217243809022586,0.013312392149223038,8.982713600324437e-06,441
2.5,1.810899999999998,0.017252396999594362,0.015665755910581565,0.03669545332905365,0.016164800026924917,7.372595850987929e-06,369
2.5,1.8158999999999978,0.020208779300858425,0.018352043340512103,0.043225522117247776,0.019039515555273518,6.236700458413519e-06,319
2.5,1.8208999999999977,0.02315546952211783,0.02103000596981525,0.049806216505912715,0.02193601523404219,5.392765796491459e-06,281
2.5,1.8258999999999976,0.026092149918107443,0.02369932908009087,0.056436749578472924,0.02485397161946251,4.741242729051409e-06,251
2.5,1.8308999999999975,0.02901861266966043,0.026359799011277628,0.06311655817017696,0.02779315508132448,4.22318906404564e-06,229
2.5,1.8408999999999975,0.034840336139901916,0.03165358676232957,0.07662231832950343,0.033734531842634065,3.4516275272229324e-06,203
2.5,1.8508999999999975,0.040619846250622885,0.03691047149926437,0.09032073605271888,0.039759063080813284,2.9048498308047104e-06,177
2.5,1.8608999999999976,0.04635664957607675,0.04212984422646947,0.10420963852109814,0.045865915567160444,2.4973900449608457e-06,155
2.5,1.8708999999999976,0.052050419243462015,0.04731126157556696,0.11828717045156065,0.05205438712127854,2.18222530468596e-06,141
2.5,1.8808999999999976,0.05770093660330939,0.05245439128566238,0.13255167764872303,0.058323856296560124,1.9313490446737957e-06,127
2.5,1.8908999999999976,0.0633080633426002,0.057558985623075196,0.1470016534543246,0.06467375953632125,1.727041701635422e-06,117
2.5,1.9008999999999976,0.0688717237364192,0.06262486408578129,0.16163570507927363,0.07110357707707068,1.5575452085644774e-06,109
2.5,1.9108999999999976,0.07439189386405165,0.06765190262779347,0.1764525342969487,0.07761282502685281,1.4147505197110615e-06,101
2.5,1.9208999999999976,0.07986859385600027,0.07264002575597062,0.19145092408160205,0.08420104998419602,1.2928839980339746e-06,95
2.5,1.9408999999999976,0.09069184807922694,0.0824994291235847,0.22198786162897122,0.0976127453785335,1.0961084848783317e-06,89
2.5,1.9608999999999976,0.10134232347521678,0.09220322764601889,0.2532380621404963,0.11133551076196983,9.444121359067241e-07,79
2.5,1.9808999999999977,0.11182127342595134,0.10175204821953748,0.2851938975420623,0.12536649769509148,8.241620625844451e-07,73
3.0,1e-16,2.4999994590243287e-07,9.999993336100649e-07,7.499995002075487e-39,6.2499986475608215e-40,9.374983437517282e-40,2
3.0,0.0300000000000001,2.50227811908712e-07,1.0000556346402372e-06,6.750375533821646e-10,5.6301257679460577e-11,8.439478911767223e-11,3
3.0,0.060000000000000095,2.509120574550923e-07,1.0002251534549484e-06,2.7006079143283692e-09,2.2582085170958377e-10,3.378186425575914e-10,3
3.0,0.0900000000000001,2.520546292419255e-07,1.0005097413188531e-06,6.078096678512046e-09,5.104106242149002e-10,7.609917327211394e-10,3
3.0,0.12000000000000009,2.5365878658501823e-07,1.000912497696925e-06,1.0809854975126807e-08,9.13171631706067e-10,1.3551200900603885e-09,3
3.0,0.15000000000000008,2.5572912503645675e-07,1.0014377918425249e-06,1.6899262737342626e-08,1.4384763283300708e-09,2.1219043210876285e-09,3
3.0,0.18000000000000008,2.582716105909391e-07,1.0020912935961496e-06,2.4350818434386456e-08,2.0920000457866085e-09,3.063552022931712e-09,3
3.0,0.21000000000000008,2.61293625039402e-07,1.0028800138052064e-06,3.317025645660723e-08,2.8807622160594094e-09,4.182794110120794e-09,3
3.0,0.24000000000000007,2.6480402322552694e-07,1.0038123549221035e-06,4.33646937326349e-08,3.8131779344475904e-09,5.482905340205649e-09,3
3.0,0.2700000000000001,2.6881320317327e-07,1.0048981724996036e-06,5.4942807581415855e-08,4.8991206278328485e-09,6.967729403225147e-09,3
3.0,0.30000000000000004,2.73333190290661e-07,1.0061488484833244e-06,6.791504727262442e-08,6.149996781539874e-09,8.64170902806313e-09,3
3.0,0.33000000000000007,2.783777371234254e-07,1.0075773774068938e-06,8.229388229970808e-08,7.57883389318526e-09,1.0509921659036928e-08,3
3.0,0.3600000000000001,2.8396573481438555e-07,1.0091996796834546e-06,9.809420886523185e-08,9.200489807986097e-09,1.2578121371600925e-08,4
3.0,0.3900000000000001,2.901098757850145e-07,1.0110305271894512e-06,1.1533330738913671e-07,1.1031428026725182e-08,1.485278783105978e-08,4
3.0,0.42000000000000015,2.9683213157195926e-07,1.01308925305633e-06,1.3403170817935257e-07,1.3090297002323413e-08,1.734118325528976e-08,4
3.0,0.4500000000000002,3.0415473332201503e-07,1.0153965688573095e-06,1.54213353895204e-07,1.5397833374427023e-08,2.0051418531266476e-08,4
3.0,0.4800000000000002,3.1210248807594335e-07,1.0179755062199759e-06,1.7590616747481198e-07,1.797710331317435e-08,2.2992529856913247e-08,4
3.0,0.5100000000000002,3.207030309160988e-07,1.0208516260823906e-06,1.991426309580225e-07,2.0853714585319342e-08,2.6174567548266476e-08,4
3.0,0.5400000000000003,3.2998711639094464e-07,1.024053259436114e-06,2.2396044783867835e-07,2.405606078489989e-08,2.9608698974687215e-08,4
3.0,0.5700000000000003,3.399889555805701e-07,1.0276117845986267e-06,2.504033016120706e-07,2.761560291703183e-08,3.3307327976785276e-08,4
3.0,0.6000000000000003,3.5074660642773296e-07,1.0315619470797712e-06,2.7852172571153853e-07,3.1567194578496e-08,3.728423359989053e-08,4
3.0,0.6300000000000003,3.623024264989271e-07,1.0359422293569296e-06,3.083741031238243e-07,3.594945826935608e-08,4.1554731562523594e-08,4
3.0,0.6600000000000004,3.747035992296513e-07,1.0407952794092607e-06,3.4002781778300586e-07,4.0805221956109074e-08,4.613586260297008e-08,4
3.0,0.6900000000000004,3.880078936624436e-07,1.0461811714521648e-06,3.7356514179628215e-07,4.6182639543172396e-08,5.1046612743993006e-08,5
3.0,0.7200000000000004,4.0226605380237006e-07,1.0521318403887383e-06,4.0906885954314197e-07,5.213368057278722e-08,5.6308171640807254e-08,5
3.0,0.7500000000000004,4.1754762408413153e-07,1.0587152429136976e-06,4.4664549310421666e-07,5.8717634636831067e-08,6.194423656961548e-08,5
3.0,0.7800000000000005,4.33926672316461e-07,1.0659970426625205e-06,4.864144505669087e-07,6.60002468593338e-08,6.798137141088694e-08,5
3.0,0.8100000000000005,4.5148651395887717e-07,1.0740506821804744e-06,5.285134894339575e-07,7.405507545210491e-08,7.444943221899746e-08,5
3.0,0.8400000000000005,4.7032112327499977e-07,1.0829585241437253e-06,5.731016509768601e-07,8.296464614571006e-08,8.138207386982602e-08,5
3.0,0.8700000000000006,4.905368151123733e-07,1.0928132099121049e-06,6.203627389368549e-07,9.282182883963894e-08,8.881735599816774e-08,5
3.0,0.9000000000000006,5.122732542369038e-07,1.1037303843438958e-06,6.705162084889176e-07,1.0373533398297316e-07,9.679847126879981e-08,6
3.0,0.9300000000000006,5.356377333582709e-07,1.1158113118447312e-06,7.237989027108818e-07,1.1581826889539227e-07,1.0537462538553816e-07,6
3.0,0.9600000000000006,5.60801526399227e-07,1.1291987904797027e-06,7.805022039795715e-07,1.2920867168238205e-07,1.1460210651863356e-07,6
3.0,0.9900000000000007,5.879461103905909e-07,1.1440473811873205e-06,8.409606287262708e-07,1.4406149569845474e-07,1.2454559309071566e-07,6
3.0,1.0200000000000007,6.172809596443065e-07,1.1605345698901781e-06,9.055651248853072e-07,1.6055477760348433e-07,1.3527976371433157e-07,6
3.0,1.0500000000000007,6.490490479638615e-07,1.1788652133966483e-06,9.74774173327355e-07,1.788941438450396e-07,1.4689129348084524e-07,6
3.0,1.0800000000000007,6.835615817386704e-07,1.1993168806932562e-06,1.049162407230462e-06,1.993265572349966e-07,1.59481348694541e-07,7
3.0,1.1100000000000008,7.211091161239731e-07,1.222105050010792e-06,1.1293167240887242e-06,2.2211963549408714e-07,1.7316873109903264e-07,7
3.0,1.1400000000000008,7.621041826077741e-07,1.247585446782382e-06,1.2160215349787894e-06,2.4760764892926616e-07,1.8809387691743268e-07,7
3.0,1.1700000000000008,8.070573475662814e-07,1.2761789364389179e-06,1.310221009568428e-06,2.7619520077087103e-07,2.0442399447587649e-07,8
3.0,1.2000000000000008,8.564678293115933e-07,1.3083034681697786e-06,1.4129677456233627e-06,3.08328418552174e-07,2.223597367256997e-07,8
3.0,1.2300000000000009,9.110444919779196e-07,1.3445412960792068e-06,1.5256173951286761e-06,3.4457980297834916e-07,2.421439706683961e-07,8
3.0,1.260000000000001,9.716705208550736e-07,1.385632778793862e-06,1.649872949709854e-06,3.8565602972737924e-07,2.640734549983136e-07,9
3.0,1.290000000000001,1.0393396275394747e-06,1.4323711748861668e-06,1.7877066540960553e-06,4.3239126854711056e-07,2.885146162491079e-07,10
3.0,1.320000000000001,1.115309226419405e-06,1.4857954634320114e-06,1.9416375116129554e-06,4.858286990282935e-07,3.15925204757178e-07,10
3.0,1.350000000000001,1.201282266351512e-06,1.5473059537126278e-06,2.114973825480951e-06,5.473342326064085e-07,3.468845564649986e-07,11
3.0,1.380000000000001,1.2993223973633939e-06,1.6185794821358725e-06,2.3118170743346703e-06,6.186073933847128e-07,3.821367336415393e-07,12
3.0,1.410000000000001,1.412169645304247e-06,1.7018533505492292e-06,2.5375909846701957e-06,7.018836179573444e-07,4.226534250885669e-07,13
3.0,1.440000000000001,1.5434690083998605e-06,1.8001008136153703e-06,2.7995167853346283e-06,8.001343339544888e-07,4.697280387228877e-07,14
3.0,1.470000000000001,1.6981845801000073e-06,1.917356231639481e-06,3.1074113107123207e-06,9.174017647845279e-07,5.251206578277386e-07,15
3.0,1.500000000000001,1.8832911824209746e-06,2.0593085211932034e-06,3.4750831295135363e-06,1.0593512901117998e-06,5.912891147353351e-07,17
3.0,1.5300000000000011,2.108719857457138e-06,2.234028072756886e-06,3.922227236637452e-06,1.2340755785803553e-06,6.717724314066538e-07,19
3.0,1.5600000000000012,2.3894217908435216e-06,2.4536842282575284e-06,4.478464453415648e-06,1.4537242175492007e-06,7.718583044317439e-07,22
3.0,1.5900000000000012,2.748673838355446e-06,2.73717368818411e-06,5.1898866008236935e-06,1.7372305826866035e-06,8.998146939999592e-07,25
3.0,1.6200000000000012,3.2252011507620944e-06,3.116005448624341e-06,6.1332335245273e-06,2.1160544750150133e-06,1.0693328439615907e-06,31
3.0,1.6500000000000012,3.887770538220315e-06,3.6460501321874718e-06,7.444778613660306e-06,2.646113822576206e-06,1.3048444335157572e-06,37
3.0,1.6800000000000013,4.872670779765475e-06,4.438077968377857e-06,9.39452344346226e-06,3.4381565022025242e-06,1.654619204403783e-06,47
3.0,1.7100000000000013,6.491800044086216e-06,5.7455562849748535e-06,1.2600435849671246e-05,4.745668127228133e-06,2.229205930710933e-06,63
3.0,1.7300000000000013,8.309845311936847e-06,7.217482072659079e-06,1.6200901571446043e-05,6.217634008523957e-06,2.873983204788156e-06,79
3.0,1.7500000000000013,1.149925813098912e-05,9.803874018402836e-06,2.2518273136019048e-05,8.804119506538558e-06,4.0044411022426076e-06,111
3.0,1.7600000000000013,1.4206201849718108e-05,1.2000941418130531e-05,2.788058710260089e-05,1.100128271242172e-05,4.963227605649318e-06,131
3.0,1.7700000000000014,1.8552679259311915e-05,1.553038551199448e-05,3.649135857789569e-05,1.4530922212874596e-05,6.501362599719394e-06,175
3.0,1.7800000000000014,2.6672201460666903e-05,2.2126012813415237e-05,5.2578044248518705e-05,2.1127050776994286e-05,9.369052132368016e-06,257
3.0,1.7850000000000013,3.410245124176404e-05,2.8162875204015613e-05,6.729994278518608e-05,2.7164520676947443e-05,1.1984838245751442e-05,315
3.0,1.7900000000000011,4.7199323507617565e-05,3.8804766053683395e-05,9.325076318445533e-05,3.7807838112689404e-05,1.6569243708546602e-05,447
3.0,1.795000000000001,7.6287082822373e-05,6.244186346059242e-05,0.00015089193383746165,6.144972200768916e-05,2.6578989290821103e-05,745
3.0,1.796000000000001,8.69031582832451e-05,7.106889179625427e-05,0.00017193071586020005,7.007905445224205e-05,3.015487619007482e-05,733
3.0,1.7970000000000008,0.00010085750648594943,8.2408847315149e-05,0.00019958654357227893,8.142249191549664e-05,3.477811098649722e-05,859
3.0,1.7980000000000007,0.00011995116484567998,9.792540938530453e-05,0.00023743024137183773,9.694465137944348e-05,4.0942571638781804e-05,1031
3.0,1.7985000000000007,0.0001323595730626369,0.00010800924742668259,0.0002620252160603659,0.00010703264320936125,4.483702756847605e-05,1053
3.0,1.7990000000000006,0.00014747665765987248,0.00012029439399415886,0.00029199067276281746,0.00011932340058176731,4.945138058552952e-05,1177
3.0,1.7995000000000005,0.0001662298074358357,0.00013553454454182952,0.0003291659970142416,0.00013457135099904385,5.496162881239443e-05,1327
3.0,1.8000000000000005,0.00018997853543341046,0.00015483459649508994,0.0003762480694830687,0.00015388261370106256,6.157437576509842e-05,1513
3.0,1.8005000000000004,0.0002207554857798606,0.0001798465328062669,0.0004372699012597422,0.00017891129724750596,6.949617762390353e-05,1739
3.0,1.8010000000000004,0.0002616378324259802,0.00021307130102453983,0.000518338713805874,0.00021216218372368552,7.88316731665954e-05,2015
3.0,1.8011000000000004,0.0002714004258037004,0.00022100534022607412,0.000537699563172178,0.00022010311342117187,8.085697923397097e-05,1679
3.0,1.8016000000000003,0.0003306807274683995,0.00026918275534385335,0.0006552774818195396,0.00026832778113262376,9.148449139528237e-05,2409
3.0,1.8017000000000003,0.00034502429318448616,0.0002808399585026161,0.0006837307632914945,0.00027999781392805796,9.363669982687577e-05,2017
3.0,1.8018000000000003,0.0003603432822556101,0.0002932899482573272,0.0007141206761084103,0.000292462106622357,9.57626811747022e-05,2077
3.0,1.8019000000000003,0.0003767055051119857,0.0003065878446319164,0.0007465820881851082,0.00030577596553116836,9.78423834343972e-05,2137
3.0,1.8020000000000003,0.00039418019497239467,0.00032078992541261035,0.0007812527467196478,0.00031999587645878505,9.985330761122875e-05,2195
3.0,1.8021000000000003,0.00041283740075378394,0.0003359531332837685,0.0008182720793102649,0.00033517901245122404,0.0001017707178099583,2253
3.0,1.8022000000000002,0.00043274646047562087,0.00035213383486948265,0.0008577781719577884,0.0003513819946002119,0.00010356813942273447,2311
3.0,1.8023000000000002,0.0004539745295246383,0.0003693866246372653,0.0008999048543489855,0.0003686596965723884,0.0001052180369447059,2365
3.0,1.8024000000000002,0.00047658557627875537,0.0003877635092499842,0.0009447797101557618,0.0003870644279137839,0.00010669259871866326,2415
3.0,1.8025000000000002,0.0005006384947987423,0.00040731237349331246,0.00099252033538658,0.0004066443996479267,0.00010796482211537149,2461
3.0,1.8026000000000002,0.0005261855564408326,0.0004280757219937941,0.001043231266357227,0.0004274424641727365,0.00010900967318116958,2505
3.0,1.8027000000000002,0.0005532701454760546,0.0004500888381976517,0.0010969994853114774,0.00044949427262395124,0.00010980542957385295,2541
3.0,1.8028000000000002,0.0005819264346890571,0.000473379521726857,0.0011538937704521056,0.00047282800728936476,0.00011033466372715806,2573
3.0,1.8029000000000002,0.0006121771587178666,0.0004979662774792138,0.0012139602711494473,0.000497462568048202,0.00011058542764020771,2599
3.0,1.8030000000000002,0.0006440331465918337,0.000523857935800602,0.0012772215693165148,0.0005234071873097632,0.0001105519183305075,2617
3.0,1.8031000000000001,0.0006774931574122332,0.0005510535188428499,0.0013436763404590772,0.0005506612910903999,0.00011023479840294315,2629
3.0,1.8032000000000001,0.0007125434193075363,0.0005795418649537168,0.0014132984244322549,0.0005792141187978637,0.00010964124371876495,2633
3.0,1.8033000000000001,0.0007491587765268456,0.0006093025611807094,0.0014860390859679125,0.0006090456501377989,0.00010878438618075679,2633
3.0,1.8034000000000001,0.0007873027271180092,0.00064030597255708,0.0015618270735945604,0.00064012663061545,0.00010768267314008991,2625
3.0,1.8035,0.0008269294573788759,0.0006725148959379132,0.001640572641626349,0.0006724202207390962,0.00010635867898010225,2609
3.0,1.8036,0.000867985481872364,0.0007058858926878679,0.001722170791319322,0.0007058833255508426,0.00010483788865733763,2591
3.0,1.8037,0.0009104101436671814,0.000740369693689061,0.0018065022506502022,0.0007404669980275454,0.00010314765290766707,2565
3.0,1.8038,0.0009541388175620416,0.000775913804115094,0.001893439822776398,0.0007761190414224473,0.00010131578085889404,2537
3.0,1.8039,0.0009991031257678832,0.0008124626769876268,0.0019828488052366007,0.0008127841829330665,9.936974619866265e-05,2503
3.0,1.804,0.0010452335672030723,0.0008499598512617897,0.002074592204477992,0.0008504062112106884,9.733569058674209e-05,2467
3.0,1.8041,0.0010924600609367233,0.0008883483925649331,0.0021685318104908407,0.0008889284180470085,9.52379276652662e-05,2429
3.0,1.8042,0.0011407133030938578,0.0009275719962689044,0.0022645308891486374,0.0009282947023373862,9.309849828484273e-05,2389
3.0,1.8043,0.0011899255323975478,0.000967575609531549,0.00236245570184309,0.0009684501934831657,9.093696374393245e-05,2345
3.0,1.8044,0.0012400318538746977,0.0010083065080107485,0.002462178136391783,0.0010093423295340217,8.87702602578817e-05,2303
3.0,1.8045,0.001290969597890999,0.0010497137735188304,0.0025635744345269473,0.0010509203366967572,8.661288627429041e-05,2259
3.0,1.8046,0.001342679676260237,0.0010917493976097632,0.002666527889772978,0.0010931363344059968,8.447691327850871e-05,2215
3.0,1.8047,0.0013951061490529032,0.0011343679287568217,0.0027709279895356607,0.0011359449842170534,8.237224730768527e-05,2169
3.0,1.8048,0.0014481969488935329,0.0011775270620361887,0.0028766718591395598,0.0011793040810374074,8.030678287469084e-05,2125
3.0,1.8049,0.0015019031203079222,0.001221187019921755,0.002983662753208691,0.0012231739353834544,7.828671173989986e-05,2081
3.0,1.805,0.001556179388889081,0.00126531101591257,0.003091811191963913,0.001267517838371337,7.631669042982222e-05,2039
3.0,1.8051,0.0016109835376303004,0.0013098647469762799,0.003201033724904775,0.0013123015553387198,7.440010592760536e-05,1997
3.0,1.8055999999999999,0.0018916616577209107,0.0015380549487408494,0.003760765091317619,0.0015417947481362474,6.567016301198106e-05,2167
3.0,1.8056999999999999,0.0019489142311972085,0.0015846029836602243,0.00387501090302608,0.0015886342873316231,6.409563649089564e-05,1763
3.0,1.8061999999999998,0.0022394427318478062,0.001820821252944604,0.004455128686706402,0.0018264662242850865,5.70235888976572e-05,1913
3.0,1.8066999999999998,0.0025355010874335833,0.0020615528294141727,0.005046936273490424,0.00206907340703938,5.113427253528579e-05,1737
3.0,1.8071999999999997,0.002835519360116246,0.0023055219631108667,0.005647327356016205,0.002315181595478619,4.621432414605339e-05,1587
3.0,1.8076999999999996,0.003138435075460846,0.002551865247696781,0.006254199305470693,0.002563928285650134,4.2074865624929176e-05,1461
3.0,1.8081999999999996,0.003443512570086393,0.0027999848322486248,0.00686609600978523,0.002814716189983518,3.8561965144507004e-05,1351
3.0,1.8086999999999995,0.0037502314148279772,0.003049457762134159,0.0074819872349120445,0.0030671227217427097,3.555403584853174e-05,1257
3.0,1.8091999999999995,0.004058214829118677,0.003299977808772608,0.008101127006678645,0.003320841902197013,3.29560184181098e-05,1175
3.0,1.8096999999999994,0.0043671845768325866,0.0035513188199388333,0.008722964380036384,0.0035756477556893496,3.069359364647095e-05,1101
3.0,1.8101999999999994,0.004676931713639028,0.0038033109513651744,0.009347085567771498,0.0038313705681726875,2.8708370626888213e-05,1037
3.0,1.8106999999999993,0.004987296208782873,0.004055824105143524,0.009973173597372698,0.004087880340490439,2.6954147473300495e-05,981
3.0,1.8116999999999992,0.005609406444628615,0.0045620306573494925,0.01123031741810744,0.004602878237923165,2.3998436945563325e-05,945
3.0,1.812699999999999,0.006232800429373837,0.005069357138298391,0.012492979329796957,0.005120060578795859,2.1608613429093058e-05,859
3.0,1.813699999999999,0.006857015499144753,0.005577427148445115,0.013760242121418716,0.005639051303721457,1.963911076012978e-05,789
3.0,1.8146999999999989,0.007481739207185786,0.0060859863584931985,0.015031485990301205,0.006159596349787868,1.798955762084224e-05,729
3.0,1.8156999999999988,0.008106753506186212,0.006594857154602826,0.016306278055223486,0.006681518325471169,1.658876844084902e-05,677
3.0,1.8166999999999986,0.008731901706948209,0.0071039117882046475,0.017584306935336372,0.007204689675300233,1.5384986656846743e-05,633
3.0,1.8176999999999985,0.009357068161786481,0.0076130558644729425,0.018865342511136217,0.0077290161758353975,1.4339749042098498e-05,595
3.0,1.8186999999999984,0.009982165697427457,0.008122218130843293,0.02014921104521908,0.008254426729484614,1.3423912582798315e-05,561
3.0,1.8196999999999983,0.010607127453543396,0.008631343846039995,0.021435779028722925,0.008780866737144821,1.2615013871871908e-05,531
3.0,1.8206999999999982,0.01123190120118325,0.009140390162075384,0.022724941924336946,0.009308293481672883,1.189547209994597e-05,505
3.0,1.821699999999998,0.011856445403562014,0.009649322921746232,0.024016616357081372,0.009836672926010799,1.1251338851813353e-05,481
3.0,1.826699999999998,0.01497474797074512,0.012191477003861322,0.03051069108312227,0.01249205788706074,8.834276508871354e-06,443
3.0,1.8316999999999979,0.018084163573841086,0.01472817529858304,0.03706115064641927,0.015168656830356361,7.250709420538447e-06,371
3.0,1.8366999999999978,0.021183558276616735,0.01725844961581852,0.043665606263772645,0.01786550811463796,6.133696401219868e-06,321
3.0,1.8416999999999977,0.024272346004317966,0.0197817787776461,0.05032275165522907,0.020582093143975418,5.303876754507658e-06,283
3.0,1.8466999999999976,0.027350181285542507,0.022297838824445176,0.057031754691061295,0.02331808689493668,4.663300824227771e-06,253
3.0,1.8516999999999975,0.0304168396037475,0.02480640568127888,0.06379202056981831,0.02607326084239989,4.153981731039834e-06,229
3.0,1.8616999999999975,0.036516039056565155,0.029800424296459765,0.07746456892688171,0.03164048042060977,3.395472865252806e-06,205
3.0,1.8716999999999975,0.04256910487856962,0.03476284793444002,0.0913374941953055,0.03728267006085019,2.8579695162618335e-06,177
3.0,1.8816999999999975,0.04857552812061213,0.03969297883439559,0.10540852246927927,0.04299899543712857,2.4574271076713195e-06,157
3.0,1.8916999999999975,0.05453498128904966,0.04459028496069537,0.11967571720888535,0.048788751514618284,2.147611157845803e-06,141
3.0,1.9016999999999975,0.06044725561534386,0.04945434730369317,0.13413735882973307,0.05465131418380865,1.9009874779037178e-06,129
3.0,1.9116999999999975,0.06631222868025363,0.054284832047675514,0.14879188378170508,0.06058611617595577,1.7001368568533346e-06,117
3.0,1.9216999999999975,0.07212984627761564,0.05908147455652911,0.16363785181241614,0.06659263435238941,1.5335012452252949e-06,109
3.0,1.9316999999999975,0.07790010948128806,0.06384406766992808,0.17867392270884008,0.07267038086414544,1.3931099730638277e-06,101
3.0,1.9416999999999975,0.08362306660286109,0.06857245419795739,0.1938988430262856,0.07881889822112553,1.273288155757957e-06,95
3.0,1.9616999999999976,0.0949274518509413,0.07792619050955496,0.22491058410131387,0.09132654247751143,1.07979721023113e-06,89
3.0,1.9816999999999976,0.10604410659898643,0.08714220894051852,0.2566644068414845,0.10411237772593945,9.306133679428712e-07,81
