1.0,-5.0000,0.001000,1.63977e-12,0.000001,0.000045,0.000000,0.000000,1.000001,0.006693,0.000000,0.000000,1.00000,0.00000,2
1.0,-5.0000,0.002000,6.55907e-12,0.000001,0.000045,0.000000,0.000000,1.000001,0.006693,0.000000,0.000001,1.00000,0.00000,1
1.0,-5.0000,0.003000,1.47579e-11,0.000001,0.000045,0.000000,0.000000,1.000001,0.006693,0.000000,0.000002,1.00000,0.00000,2
1.0,-5.0000,0.004000,2.62364e-11,0.000001,0.000045,0.000000,0.000000,1.000001,0.006693,0.000000,0.000004,1.00000,0.00000,2
1.0,-5.0000,0.005000,4.09944e-11,0.000001,0.000045,0.000000,0.000000,1.000001,0.006693,0.000000,0.000006,1.00000,0.00000,2
1.0,-5.0000,0.006000,5.90321e-11,0.000001,0.000045,0.000000,0.000000,1.000001,0.006693,0.000000,0.000009,1.00000,0.00000,2
1.0,-5.0000,0.007000,8.03496e-11,0.000001,0.000045,0.000000,0.000000,1.000001,0.006693,0.000000,0.000012,1.00000,0.00000,2
1.0,-5.0000,0.008000,1.04947e-10,0.000001,0.000045,0.000000,0.000000,1.000001,0.006693,0.000000,0.000016,1.00000,0.00000,2
1.0,-5.0000,0.009000,1.32824e-10,0.000001,0.000045,0.000000,0.000000,1.000001,0.006693,0.000000,0.000020,1.00000,0.00000,2
1.0,-5.0000,0.010000,1.63981e-10,0.000001,0.000045,0.000000,0.000000,1.000001,0.006693,0.000000,0.000025,1.00000,0.00000,2
1.0,-5.0000,0.011000,1.98418e-10,0.000001,0.000045,0.000000,0.000000,1.000001,0.006693,0.000000,0.000030,1.00000,0.00000,2
1.0,-5.0000,0.012000,2.36135e-10,0.000001,0.000045,0.000000,0.000000,1.000001,0.006693,0.000000,0.000036,1.00000,0.00000,2
1.0,-5.0000,0.013000,2.77132e-10,0.000001,0.000045,0.000000,0.000000,1.000002,0.006693,0.000000,0.000042,1.00000,0.00000,2
1.0,-5.0000,0.014000,3.21410e-10,0.000001,0.000045,0.000000,0.000000,1.000002,0.006693,0.000000,0.000049,1.00000,0.00000,2
1.0,-5.0000,0.015000,3.68968e-10,0.000001,0.000045,0.000000,0.000000,1.000002,0.006693,0.000000,0.000056,1.00000,0.00000,2
1.0,-5.0000,0.016000,4.19807e-10,0.000001,0.000045,0.000000,0.000000,1.000002,0.006693,0.000000,0.000064,1.00000,0.00000,2
1.0,-5.0000,0.017000,4.73927e-10,0.000001,0.000045,0.000000,0.000000,1.000002,0.006693,0.000000,0.000072,1.00000,0.00000,2
1.0,-5.0000,0.018000,5.31328e-10,0.000001,0.000045,0.000000,0.000000,1.000002,0.006693,0.000001,0.000081,1.00000,0.00000,2
1.0,-5.0000,0.019000,5.92009e-10,0.000001,0.000045,0.000000,0.000000,1.000002,0.006693,0.000001,0.000090,1.00000,0.00000,2
1.0,-5.0000,0.020000,6.55972e-10,0.000001,0.000045,0.000000,0.000000,1.000002,0.006694,0.000001,0.000100,1.00000,0.00000,2
1.0,-5.0000,0.021000,7.23217e-10,0.000001,0.000045,0.000000,0.000000,1.000002,0.006694,0.000001,0.000110,1.00000,0.00000,2
1.0,-5.0000,0.022000,7.93743e-10,0.000001,0.000045,0.000000,0.000000,1.000003,0.006694,0.000001,0.000121,1.00000,0.00000,2
1.0,-5.0000,0.023000,8.67551e-10,0.000001,0.000045,0.000000,0.000000,1.000003,0.006694,0.000001,0.000132,1.00000,0.00000,2
1.0,-5.0000,0.024000,9.44642e-10,0.000001,0.000045,0.000000,0.000000,1.000003,0.006694,0.000001,0.000144,1.00000,0.00000,2
1.0,-5.0000,0.025000,1.02501e-09,0.000001,0.000045,0.000000,0.000000,1.000003,0.006694,0.000001,0.000156,1.00000,0.00000,2
1.0,-5.0000,0.026000,1.10867e-09,0.000001,0.000045,0.000000,0.000000,1.000003,0.006694,0.000001,0.000169,1.00000,0.00000,2
1.0,-5.0000,0.027000,1.19561e-09,0.000001,0.000045,0.000000,0.000000,1.000003,0.006694,0.000001,0.000182,1.00000,0.00000,2
1.0,-5.0000,0.028000,1.28583e-09,0.000001,0.000045,0.000000,0.000000,1.000004,0.006694,0.000001,0.000196,1.00000,0.00000,2
1.0,-5.0000,0.029000,1.37933e-09,0.000001,0.000045,0.000000,0.000000,1.000004,0.006694,0.000001,0.000210,1.00000,0.00000,2
1.0,-5.0000,0.030000,1.47612e-09,0.000001,0.000045,0.000000,0.000000,1.000004,0.006694,0.000002,0.000225,1.00000,0.00000,2
1.0,-5.0000,0.031000,1.57619e-09,0.000001,0.000045,0.000000,0.000000,1.000004,0.006694,0.000002,0.000240,1.00000,0.00000,2
1.0,-5.0000,0.032000,1.67955e-09,0.000001,0.000045,0.000000,0.000000,1.000004,0.006695,0.000002,0.000256,1.00000,0.00000,2
1.0,-5.0000,0.033000,1.78619e-09,0.000001,0.000045,0.000000,0.000000,1.000005,0.006695,0.000002,0.000272,1.00000,0.00000,2
1.0,-5.0000,0.034000,1.89612e-09,0.000001,0.000045,0.000000,0.000000,1.000005,0.006695,0.000002,0.000289,1.00000,0.00000,2
1.0,-5.0000,0.035000,2.00933e-09,0.000001,0.000045,0.000000,0.000000,1.000005,0.006695,0.000002,0.000306,1.00000,0.00000,2
1.0,-5.0000,0.036000,2.12583e-09,0.000001,0.000045,0.000000,0.000000,1.000005,0.006695,0.000002,0.000324,1.00000,0.00000,2
1.0,-5.0000,0.037000,2.24561e-09,0.000001,0.000045,0.000000,0.000000,1.000006,0.006695,0.000002,0.000342,1.00000,0.00000,2
1.0,-5.0000,0.038000,2.36868e-09,0.000001,0.000045,0.000000,0.000000,1.000006,0.006695,0.000002,0.000361,1.00000,0.00000,2
1.0,-5.0000,0.039000,2.49503e-09,0.000001,0.000045,0.000000,0.000000,1.000006,0.006695,0.000003,0.000380,0.99999,0.00000,2
1.0,-5.0000,0.040000,2.62468e-09,0.000001,0.000045,0.000000,0.000000,1.000006,0.006696,0.000003,0.000400,0.99999,0.00000,2
1.0,-5.0000,0.041000,2.75761e-09,0.000001,0.000045,0.000000,0.000000,1.000007,0.006696,0.000003,0.000420,0.99999,0.00000,2
1.0,-5.0000,0.042000,2.89382e-09,0.000001,0.000045,0.000000,0.000000,1.000007,0.006696,0.000003,0.000441,0.99999,0.00000,2
1.0,-5.0000,0.043000,3.03333e-09,0.000001,0.000045,0.000000,0.000000,1.000007,0.006696,0.000003,0.000462,0.99999,0.00000,2
1.0,-5.0000,0.044000,3.17613e-09,0.000001,0.000045,0.000000,0.000000,1.000007,0.006696,0.000003,0.000484,0.99999,0.00000,2
1.0,-5.0000,0.045000,3.32221e-09,0.000001,0.000045,0.000000,0.000000,1.000008,0.006696,0.000003,0.000506,0.99999,0.00000,2
1.0,-5.0000,0.046000,3.47158e-09,0.000001,0.000045,0.000000,0.000000,1.000008,0.006696,0.000004,0.000529,0.99999,0.00000,2
1.0,-5.0000,0.047000,3.62425e-09,0.000001,0.000045,0.000000,0.000000,1.000008,0.006697,0.000004,0.000552,0.99999,0.00000,2
1.0,-5.0000,0.048000,3.78020e-09,0.000001,0.000045,0.000000,0.000000,1.000009,0.006697,0.000004,0.000576,0.99999,0.00000,2
1.0,-5.0000,0.049000,3.93944e-09,0.000001,0.000045,0.000000,0.000000,1.000009,0.006697,0.000004,0.000600,0.99999,0.00000,2
1.0,-5.0000,0.050000,4.10198e-09,0.000001,0.000045,0.000000,0.000000,1.000009,0.006697,0.000004,0.000625,0.99999,0.00000,2
1.0,-5.0000,0.051000,4.26781e-09,0.000001,0.000045,0.000000,0.000000,1.000010,0.006697,0.000004,0.000650,0.99999,0.00000,2
1.0,-5.0000,0.052000,4.43693e-09,0.000001,0.000045,0.000000,0.000000,1.000010,0.006697,0.000005,0.000676,0.99999,0.00000,2
1.0,-5.0000,0.053000,4.60934e-09,0.000001,0.000045,0.000000,0.000000,1.000010,0.006698,0.000005,0.000702,0.99999,0.00000,2
1.0,-5.0000,0.054000,4.78505e-09,0.000001,0.000045,0.000000,0.000000,1.000011,0.006698,0.000005,0.000729,0.99999,0.00000,2
1.0,-5.0000,0.055000,4.96405e-09,0.000001,0.000045,0.000000,0.000000,1.000011,0.006698,0.000005,0.000756,0.99999,0.00000,2
1.0,-5.0000,0.056000,5.14634e-09,0.000001,0.000045,0.000000,0.000000,1.000012,0.006698,0.000005,0.000784,0.99999,0.00000,2
1.0,-5.0000,0.057000,5.33193e-09,0.000001,0.000045,0.000000,0.000000,1.000012,0.006698,0.000005,0.000812,0.99999,0.00000,2
1.0,-5.0000,0.058000,5.52082e-09,0.000001,0.000045,0.000000,0.000000,1.000012,0.006698,0.000006,0.000841,0.99999,0.00000,2
1.0,-5.0000,0.059000,5.71300e-09,0.000001,0.000045,0.000000,0.000000,1.000013,0.006699,0.000006,0.000870,0.99999,0.00000,2
1.0,-5.0000,0.060000,5.90847e-09,0.000001,0.000045,0.000000,0.000000,1.000013,0.006699,0.000006,0.000900,0.99999,0.00000,2
1.0,-5.0000,0.061000,6.10725e-09,0.000001,0.000045,0.000000,0.000000,1.000013,0.006699,0.000006,0.000930,0.99999,0.00000,2
1.0,-5.0000,0.062000,6.30932e-09,0.000001,0.000045,0.000000,0.000000,1.000014,0.006699,0.000006,0.000961,0.99999,0.00000,2
1.0,-5.0000,0.063000,6.51469e-09,0.000001,0.000045,0.000000,0.000000,1.000014,0.006699,0.000007,0.000992,0.99999,0.00000,2
1.0,-5.0000,0.064000,6.72337e-09,0.000001,0.000045,0.000000,0.000000,1.000015,0.006700,0.000007,0.001024,0.99999,0.00000,2
1.0,-5.0000,0.065000,6.93534e-09,0.000001,0.000045,0.000000,0.000000,1.000015,0.006700,0.000007,0.001056,0.99999,0.00000,2
1.0,-5.0000,0.066000,7.15061e-09,0.000001,0.000045,0.000000,0.000000,1.000016,0.006700,0.000007,0.001089,0.99999,0.00000,2
1.0,-5.0000,0.067000,7.36918e-09,0.000001,0.000045,0.000000,0.000000,1.000016,0.006700,0.000008,0.001122,0.99999,0.00000,2
1.0,-5.0000,0.068000,7.59105e-09,0.000001,0.000045,0.000000,0.000000,1.000016,0.006701,0.000008,0.001156,0.99998,0.00000,2
1.0,-5.0000,0.069000,7.81623e-09,0.000001,0.000045,0.000000,0.000000,1.000017,0.006701,0.000008,0.001190,0.99998,0.00000,2
1.0,-5.0000,0.070000,8.04470e-09,0.000001,0.000045,0.000000,0.000000,1.000017,0.006701,0.000008,0.001225,0.99998,0.00000,2
1.0,-5.0000,0.071000,8.27649e-09,0.000001,0.000045,0.000000,0.000000,1.000018,0.006701,0.000008,0.001260,0.99998,0.00000,2
1.0,-5.0000,0.072000,8.51157e-09,0.000001,0.000045,0.000000,0.000000,1.000018,0.006701,0.000009,0.001296,0.99998,0.00000,2
1.0,-5.0000,0.073000,8.74996e-09,0.000001,0.000045,0.000000,0.000000,1.000019,0.006702,0.000009,0.001332,0.99998,0.00000,2
1.0,-5.0000,0.074000,8.99166e-09,0.000001,0.000045,0.000000,0.000000,1.000019,0.006702,0.000009,0.001369,0.99998,0.00000,2
1.0,-5.0000,0.075000,9.23667e-09,0.000001,0.000045,0.000000,0.000000,1.000020,0.006702,0.000009,0.001406,0.99998,0.00000,2
1.0,-5.0000,0.076000,9.48498e-09,0.000001,0.000045,0.000000,0.000000,1.000020,0.006702,0.000010,0.001444,0.99998,0.00000,2
1.0,-5.0000,0.077000,9.73660e-09,0.000001,0.000045,0.000000,0.000000,1.000021,0.006703,0.000010,0.001482,0.99998,0.00000,2
1.0,-5.0000,0.078000,9.99152e-09,0.000001,0.000045,0.000000,0.000000,1.000021,0.006703,0.000010,0.001521,0.99998,0.00000,2
1.0,-5.0000,0.079000,1.02498e-08,0.000001,0.000045,0.000000,0.000000,1.000022,0.006703,0.000010,0.001560,0.99998,0.00000,2
1.0,-5.0000,0.080000,1.05113e-08,0.000001,0.000045,0.000000,0.000000,1.000022,0.006703,0.000011,0.001600,0.99998,0.00000,2
1.0,-5.0000,0.081000,1.07762e-08,0.000001,0.000045,0.000000,0.000000,1.000023,0.006704,0.000011,0.001640,0.99998,0.00000,2
1.0,-5.0000,0.082000,1.10443e-08,0.000001,0.000045,0.000000,0.000000,1.000024,0.006704,0.000011,0.001681,0.99998,0.00000,2
1.0,-5.0000,0.083000,1.13158e-08,0.000001,0.000045,0.000000,0.000000,1.000024,0.006704,0.000012,0.001722,0.99998,0.00000,2
1.0,-5.0000,0.084000,1.15906e-08,0.000001,0.000045,0.000000,0.000000,1.000025,0.006705,0.000012,0.001764,0.99998,0.00000,2
1.0,-5.0000,0.085000,1.18687e-08,0.000001,0.000045,0.000000,0.000000,1.000025,0.006705,0.000012,0.001806,0.99998,0.00000,2
1.0,-5.0000,0.086000,1.21502e-08,0.000001,0.000045,0.000000,0.000000,1.000026,0.006705,0.000012,0.001849,0.99998,0.00000,2
1.0,-5.0000,0.087000,1.24349e-08,0.000001,0.000045,0.000000,0.000000,1.000026,0.006705,0.000013,0.001892,0.99997,0.00000,2
1.0,-5.0000,0.088000,1.27230e-08,0.000001,0.000045,0.000000,0.000000,1.000027,0.006706,0.000013,0.001936,0.99997,0.00000,2
1.0,-5.0000,0.089000,1.30143e-08,0.000001,0.000045,0.000000,0.000000,1.000028,0.006706,0.000013,0.001980,0.99997,0.00000,2
1.0,-5.0000,0.090000,1.33090e-08,0.000001,0.000045,0.000000,0.000000,1.000028,0.006706,0.000014,0.002025,0.99997,0.00000,2
1.0,-5.0000,0.091000,1.36070e-08,0.000001,0.000045,0.000000,0.000000,1.000029,0.006707,0.000014,0.002070,0.99997,0.00000,2
1.0,-5.0000,0.092000,1.39084e-08,0.000001,0.000045,0.000000,0.000000,1.000029,0.006707,0.000014,0.002116,0.99997,0.00000,2
1.0,-5.0000,0.093000,1.42130e-08,0.000001,0.000045,0.000000,0.000000,1.000030,0.006707,0.000015,0.002162,0.99997,0.00000,2
1.0,-5.0000,0.094000,1.45210e-08,0.000001,0.000045,0.000000,0.000000,1.000031,0.006708,0.000015,0.002209,0.99997,0.00000,2
1.0,-5.0000,0.095000,1.48323e-08,0.000001,0.000045,0.000000,0.000000,1.000031,0.006708,0.000015,0.002256,0.99997,0.00000,2
1.0,-5.0000,0.096000,1.51469e-08,0.000001,0.000045,0.000000,0.000000,1.000032,0.006708,0.000015,0.002304,0.99997,0.00000,2
1.0,-5.0000,0.097000,1.54649e-08,0.000001,0.000045,0.000000,0.000000,1.000033,0.006709,0.000016,0.002352,0.99997,0.00000,2
1.0,-5.0000,0.098000,1.57862e-08,0.000001,0.000045,0.000000,0.000000,1.000033,0.006709,0.000016,0.002401,0.99997,0.00000,2
1.0,-5.0000,0.099000,1.61108e-08,0.000001,0.000045,0.000000,0.000000,1.000034,0.006709,0.000016,0.002450,0.99997,0.00000,2
1.0,-5.0000,0.100000,1.64387e-08,0.000001,0.000045,0.000000,0.000000,1.000035,0.006709,0.000017,0.002500,0.99997,0.00000,2
1.0,-5.0000,0.101000,1.67700e-08,0.000001,0.000045,0.000000,0.000000,1.000035,0.006710,0.000017,0.002550,0.99997,0.00000,2
1.0,-5.0000,0.102000,1.71046e-08,0.000001,0.000045,0.000000,0.000000,1.000036,0.006710,0.000017,0.002601,0.99997,0.00000,2
1.0,-5.0000,0.103000,1.74425e-08,0.000001,0.000045,0.000000,0.000000,1.000037,0.006711,0.000018,0.002652,0.99996,0.00000,2
1.0,-5.0000,0.104000,1.77837e-08,0.000001,0.000045,0.000000,0.000000,1.000037,0.006711,0.000018,0.002704,0.99996,0.00000,2
1.0,-5.0000,0.105000,1.81283e-08,0.000001,0.000045,0.000000,0.000000,1.000038,0.006711,0.000018,0.002756,0.99996,0.00000,2
1.0,-5.0000,0.106000,1.84762e-08,0.000001,0.000045,0.000000,0.000000,1.000039,0.006712,0.000019,0.002809,0.99996,0.00000,2
1.0,-5.0000,0.107000,1.88275e-08,0.000001,0.000045,0.000000,0.000000,1.000039,0.006712,0.000019,0.002862,0.99996,0.00000,2
1.0,-5.0000,0.108000,1.91821e-08,0.000001,0.000045,0.000000,0.000000,1.000040,0.006712,0.000020,0.002916,0.99996,0.00000,2
1.0,-5.0000,0.109000,1.95400e-08,0.000001,0.000045,0.000000,0.000000,1.000041,0.006713,0.000020,0.002970,0.99996,0.00000,2
1.0,-5.0000,0.110000,1.99013e-08,0.000001,0.000045,0.000000,0.000000,1.000042,0.006713,0.000020,0.003025,0.99996,0.00000,2
1.0,-5.0000,0.111000,2.02659e-08,0.000001,0.000045,0.000000,0.000000,1.000042,0.006713,0.000021,0.003080,0.99996,0.00000,2
1.0,-5.0000,0.112000,2.06338e-08,0.000001,0.000045,0.000000,0.000000,1.000043,0.006714,0.000021,0.003136,0.99996,0.00000,2
1.0,-5.0000,0.113000,2.10051e-08,0.000001,0.000045,0.000000,0.000000,1.000044,0.006714,0.000021,0.003192,0.99996,0.00000,2
1.0,-5.0000,0.114000,2.13798e-08,0.000001,0.000045,0.000000,0.000000,1.000045,0.006714,0.000022,0.003249,0.99996,0.00000,2
1.0,-5.0000,0.115000,2.17577e-08,0.000001,0.000045,0.000000,0.000000,1.000045,0.006715,0.000022,0.003306,0.99996,0.00000,2
1.0,-5.0000,0.116000,2.21390e-08,0.000001,0.000045,0.000000,0.000000,1.000046,0.006715,0.000023,0.003364,0.99996,0.00000,2
1.0,-5.0000,0.117000,2.25237e-08,0.000001,0.000045,0.000000,0.000000,1.000047,0.006716,0.000023,0.003422,0.99995,0.00000,2
1.0,-5.0000,0.118000,2.29117e-08,0.000001,0.000045,0.000000,0.000000,1.000048,0.006716,0.000023,0.003481,0.99995,0.00000,2
1.0,-5.0000,0.119000,2.33031e-08,0.000001,0.000045,0.000000,0.000000,1.000049,0.006716,0.000024,0.003540,0.99995,0.00000,2
1.0,-5.0000,0.120000,2.36978e-08,0.000001,0.000045,0.000000,0.000000,1.000049,0.006717,0.000024,0.003600,0.99995,0.00000,2
1.0,-5.0000,0.121000,2.40959e-08,0.000001,0.000045,0.000000,0.000000,1.000050,0.006717,0.000025,0.003660,0.99995,0.00000,2
1.0,-5.0000,0.122000,2.44973e-08,0.000001,0.000045,0.000000,0.000000,1.000051,0.006718,0.000025,0.003721,0.99995,0.00000,2
1.0,-5.0000,0.123000,2.49020e-08,0.000001,0.000045,0.000000,0.000000,1.000052,0.006718,0.000025,0.003782,0.99995,0.00000,2
1.0,-5.0000,0.124000,2.53102e-08,0.000001,0.000045,0.000000,0.000000,1.000053,0.006718,0.000026,0.003844,0.99995,0.00000,2
1.0,-5.0000,0.125000,2.57216e-08,0.000001,0.000045,0.000000,0.000000,1.000053,0.006719,0.000026,0.003906,0.99995,0.00000,2
1.0,-5.0000,0.126000,2.61365e-08,0.000001,0.000045,0.000000,0.000000,1.000054,0.006719,0.000027,0.003969,0.99995,0.00000,2
1.0,-5.0000,0.127000,2.65546e-08,0.000001,0.000045,0.000000,0.000000,1.000055,0.006720,0.000027,0.004032,0.99995,0.00000,2
1.0,-5.0000,0.128000,2.69762e-08,0.000001,0.000045,0.000000,0.000000,1.000056,0.006720,0.000028,0.004096,0.99995,0.00000,2
1.0,-5.0000,0.129000,2.74011e-08,0.000001,0.000045,0.000000,0.000000,1.000057,0.006721,0.000028,0.004160,0.99994,0.00000,2
1.0,-5.0000,0.130000,2.78294e-08,0.000001,0.000045,0.000000,0.000000,1.000058,0.006721,0.000028,0.004225,0.99994,0.00000,2
1.0,-5.0000,0.131000,2.82610e-08,0.000001,0.000045,0.000000,0.000000,1.000059,0.006721,0.000029,0.004291,0.99994,0.00000,2
1.0,-5.0000,0.132000,2.86960e-08,0.000001,0.000045,0.000000,0.000000,1.000060,0.006722,0.000029,0.004356,0.99994,0.00000,2
1.0,-5.0000,0.133000,2.91344e-08,0.000001,0.000045,0.000000,0.000000,1.000060,0.006722,0.000030,0.004423,0.99994,0.00000,2
1.0,-5.0000,0.134000,2.95761e-08,0.000001,0.000045,0.000000,0.000000,1.000061,0.006723,0.000030,0.004489,0.99994,0.00000,2
1.0,-5.0000,0.135000,3.00212e-08,0.000001,0.000045,0.000000,0.000000,1.000062,0.006723,0.000031,0.004557,0.99994,0.00000,2
1.0,-5.0000,0.136000,3.04697e-08,0.000001,0.000045,0.000000,0.000000,1.000063,0.006724,0.000031,0.004624,0.99994,0.00000,2
1.0,-5.0000,0.137000,3.09215e-08,0.000001,0.000045,0.000000,0.000000,1.000064,0.006724,0.000032,0.004693,0.99994,0.00000,2
1.0,-5.0000,0.138000,3.13767e-08,0.000001,0.000045,0.000000,0.000000,1.000065,0.006725,0.000032,0.004761,0.99994,0.00000,2
1.0,-5.0000,0.139000,3.18353e-08,0.000001,0.000045,0.000000,0.000000,1.000066,0.006725,0.000032,0.004831,0.99994,0.00000,2
1.0,-5.0000,0.140000,3.22973e-08,0.000001,0.000045,0.000000,0.000000,1.000067,0.006726,0.000033,0.004900,0.99993,0.00000,2
1.0,-5.0000,0.141000,3.27626e-08,0.000001,0.000045,0.000000,0.000000,1.000068,0.006726,0.000033,0.004971,0.99993,0.00000,2
1.0,-5.0000,0.142000,3.32313e-08,0.000001,0.000045,0.000000,0.000000,1.000069,0.006726,0.000034,0.005041,0.99993,0.00000,2
1.0,-5.0000,0.143000,3.37034e-08,0.000001,0.000045,0.000000,0.000000,1.000070,0.006727,0.000034,0.005113,0.99993,0.00000,2
1.0,-5.0000,0.144000,3.41789e-08,0.000001,0.000045,0.000000,0.000000,1.000071,0.006727,0.000035,0.005184,0.99993,0.00000,2
1.0,-5.0000,0.145000,3.46578e-08,0.000001,0.000045,0.000000,0.000000,1.000072,0.006728,0.000035,0.005257,0.99993,0.00000,2
1.0,-5.0000,0.146000,3.51400e-08,0.000001,0.000045,0.000000,0.000000,1.000073,0.006728,0.000036,0.005329,0.99993,0.00000,2
1.0,-5.0000,0.147000,3.56257e-08,0.000001,0.000045,0.000000,0.000000,1.000074,0.006729,0.000036,0.005403,0.99993,0.00000,2
1.0,-5.0000,0.148000,3.61147e-08,0.000001,0.000045,0.000000,0.000000,1.000075,0.006729,0.000037,0.005476,0.99993,0.00000,2
1.0,-5.0000,0.149000,3.66071e-08,0.000002,0.000045,0.000001,0.000000,1.000076,0.006730,0.000037,0.005551,0.99993,0.00000,2
1.0,-5.0000,0.150000,3.71029e-08,0.000002,0.000045,0.000001,0.000000,1.000077,0.006730,0.000038,0.005625,0.99992,0.00000,3
1.0,-5.0000,0.151000,3.76020e-08,0.000002,0.000045,0.000001,0.000000,1.000078,0.006731,0.000038,0.005701,0.99992,0.00000,3
1.0,-5.0000,0.152000,3.81046e-08,0.000002,0.000045,0.000001,0.000000,1.000079,0.006731,0.000039,0.005776,0.99992,0.00000,3
1.0,-5.0000,0.153000,3.86106e-08,0.000002,0.000045,0.000001,0.000000,1.000080,0.006732,0.000039,0.005853,0.99992,0.00000,3
1.0,-5.0000,0.154000,3.91200e-08,0.000002,0.000045,0.000001,0.000000,1.000081,0.006732,0.000040,0.005929,0.99992,0.00000,3
1.0,-5.0000,0.155000,3.96327e-08,0.000002,0.000045,0.000001,0.000000,1.000082,0.006733,0.000040,0.006007,0.99992,0.00000,3
1.0,-5.0000,0.156000,4.01489e-08,0.000002,0.000045,0.000001,0.000000,1.000083,0.006733,0.000041,0.006085,0.99992,0.00000,3
1.0,-5.0000,0.157000,4.06684e-08,0.000002,0.000045,0.000001,0.000000,1.000084,0.006734,0.000041,0.006163,0.99992,0.00000,3
1.0,-5.0000,0.158000,4.11914e-08,0.000002,0.000045,0.000001,0.000000,1.000085,0.006734,0.000042,0.006242,0.99992,0.00000,3
1.0,-5.0000,0.159000,4.17178e-08,0.000002,0.000045,0.000001,0.000000,1.000086,0.006735,0.000043,0.006321,0.99992,0.00000,3
1.0,-5.0000,0.160000,4.22476e-08,0.000002,0.000045,0.000001,0.000000,1.000087,0.006736,0.000043,0.006401,0.99991,0.00000,3
1.0,-5.0000,0.161000,4.27807e-08,0.000002,0.000045,0.000001,0.000000,1.000088,0.006736,0.000044,0.006481,0.99991,0.00000,3
1.0,-5.0000,0.162000,4.33173e-08,0.000002,0.000045,0.000001,0.000000,1.000089,0.006737,0.000044,0.006562,0.99991,0.00000,3
1.0,-5.0000,0.163000,4.38573e-08,0.000002,0.000045,0.000001,0.000000,1.000091,0.006737,0.000045,0.006643,0.99991,0.00000,3
1.0,-5.0000,0.164000,4.44007e-08,0.000002,0.000045,0.000001,0.000000,1.000092,0.006738,0.000045,0.006725,0.99991,0.00000,3
1.0,-5.0000,0.165000,4.49475e-08,0.000002,0.000045,0.000001,0.000000,1.000093,0.006738,0.000046,0.006807,0.99991,0.00000,3
1.0,-5.0000,0.166000,4.54978e-08,0.000002,0.000045,0.000001,0.000000,1.000094,0.006739,0.000046,0.006890,0.99991,0.00000,3
1.0,-5.0000,0.167000,4.60514e-08,0.000002,0.000045,0.000001,0.000000,1.000095,0.006739,0.000047,0.006973,0.99991,0.00000,3
1.0,-5.0000,0.168000,4.66085e-08,0.000002,0.000045,0.000001,0.000000,1.000096,0.006740,0.000048,0.007057,0.99991,0.00000,3
1.0,-5.0000,0.169000,4.71690e-08,0.000002,0.000045,0.000001,0.000000,1.000097,0.006740,0.000048,0.007141,0.99990,0.00000,3
1.0,-5.0000,0.170000,4.77329e-08,0.000002,0.000045,0.000001,0.000000,1.000098,0.006741,0.000049,0.007226,0.99990,0.00000,3
1.0,-5.0000,0.171000,4.83002e-08,0.000002,0.000045,0.000001,0.000000,1.000100,0.006742,0.000049,0.007311,0.99990,0.00000,3
1.0,-5.0000,0.172000,4.88710e-08,0.000002,0.000045,0.000001,0.000000,1.000101,0.006742,0.000050,0.007397,0.99990,0.00000,3
1.0,-5.0000,0.173000,4.94452e-08,0.000002,0.000045,0.000001,0.000000,1.000102,0.006743,0.000050,0.007483,0.99990,0.00000,3
1.0,-5.0000,0.174000,5.00228e-08,0.000002,0.000045,0.000001,0.000000,1.000103,0.006743,0.000051,0.007570,0.99990,0.00000,3
1.0,-5.0000,0.175000,5.06038e-08,0.000002,0.000045,0.000001,0.000000,1.000104,0.006744,0.000052,0.007657,0.99990,0.00000,3
1.0,-5.0000,0.176000,5.11883e-08,0.000002,0.000045,0.000001,0.000000,1.000105,0.006745,0.000052,0.007745,0.99990,0.00000,3
1.0,-5.0000,0.177000,5.17762e-08,0.000002,0.000045,0.000001,0.000000,1.000107,0.006745,0.000053,0.007833,0.99990,0.00000,3
1.0,-5.0000,0.178000,5.23676e-08,0.000002,0.000046,0.000001,0.000000,1.000108,0.006746,0.000053,0.007922,0.99989,0.00000,3
1.0,-5.0000,0.179000,5.29623e-08,0.000002,0.000046,0.000001,0.000000,1.000109,0.006746,0.000054,0.008011,0.99989,0.00000,3
1.0,-5.0000,0.180000,5.35606e-08,0.000002,0.000046,0.000001,0.000000,1.000110,0.006747,0.000055,0.008101,0.99989,0.00000,3
1.0,-5.0000,0.181000,5.41622e-08,0.000002,0.000046,0.000001,0.000000,1.000112,0.006748,0.000055,0.008191,0.99989,0.00000,3
1.0,-5.0000,0.182000,5.47673e-08,0.000002,0.000046,0.000001,0.000000,1.000113,0.006748,0.000056,0.008282,0.99989,0.00000,3
1.0,-5.0000,0.183000,5.53759e-08,0.000002,0.000046,0.000001,0.000000,1.000114,0.006749,0.000057,0.008373,0.99989,0.00000,3
1.0,-5.0000,0.184000,5.59879e-08,0.000002,0.000046,0.000001,0.000000,1.000115,0.006749,0.000057,0.008465,0.99989,0.00000,3
1.0,-5.0000,0.185000,5.66033e-08,0.000002,0.000046,0.000001,0.000000,1.000117,0.006750,0.000058,0.008557,0.99989,0.00000,3
1.0,-5.0000,0.186000,5.72222e-08,0.000002,0.000046,0.000001,0.000000,1.000118,0.006751,0.000058,0.008650,0.99988,0.00000,3
1.0,-5.0000,0.187000,5.78445e-08,0.000002,0.000046,0.000001,0.000000,1.000119,0.006751,0.000059,0.008743,0.99988,0.00000,3
1.0,-5.0000,0.188000,5.84703e-08,0.000002,0.000046,0.000001,0.000000,1.000120,0.006752,0.000060,0.008837,0.99988,0.00000,3
1.0,-5.0000,0.189000,5.90996e-08,0.000002,0.000046,0.000001,0.000000,1.000122,0.006752,0.000060,0.008931,0.99988,0.00000,3
1.0,-5.0000,0.190000,5.97323e-08,0.000002,0.000046,0.000001,0.000000,1.000123,0.006753,0.000061,0.009026,0.99988,0.00000,3
1.0,-5.0000,0.191000,6.03685e-08,0.000002,0.000046,0.000001,0.000000,1.000124,0.006754,0.000062,0.009121,0.99988,0.00000,3
1.0,-5.0000,0.192000,6.10081e-08,0.000002,0.000046,0.000001,0.000000,1.000126,0.006754,0.000062,0.009217,0.99988,0.00000,3
1.0,-5.0000,0.193000,6.16512e-08,0.000002,0.000046,0.000001,0.000000,1.000127,0.006755,0.000063,0.009313,0.99988,0.00000,3
1.0,-5.0000,0.194000,6.22977e-08,0.000002,0.000046,0.000001,0.000000,1.000128,0.006756,0.000064,0.009410,0.99987,0.00000,3
1.0,-5.0000,0.195000,6.29478e-08,0.000002,0.000046,0.000001,0.000000,1.000129,0.006756,0.000064,0.009507,0.99987,0.00000,3
1.0,-5.0000,0.196000,6.36013e-08,0.000002,0.000046,0.000001,0.000000,1.000131,0.006757,0.000065,0.009605,0.99987,0.00000,3
1.0,-5.0000,0.197000,6.42582e-08,0.000002,0.000046,0.000001,0.000000,1.000132,0.006758,0.000066,0.009704,0.99987,0.00000,3
1.0,-5.0000,0.198000,6.49187e-08,0.000002,0.000046,0.000001,0.000000,1.000133,0.006758,0.000066,0.009802,0.99987,0.00000,3
1.0,-5.0000,0.199000,6.55826e-08,0.000002,0.000046,0.000001,0.000000,1.000135,0.006759,0.000067,0.009902,0.99987,0.00000,3
1.0,-5.0000,0.200000,6.62500e-08,0.000002,0.000046,0.000001,0.000000,1.000136,0.006760,0.000068,0.010001,0.99987,0.00000,3
1.0,-5.0000,0.201000,6.69208e-08,0.000002,0.000046,0.000001,0.000000,1.000138,0.006760,0.000068,0.010102,0.99986,0.00000,3
1.0,-5.0000,0.202000,6.75952e-08,0.000002,0.000046,0.000001,0.000000,1.000139,0.006761,0.000069,0.010202,0.99986,0.00000,3
1.0,-5.0000,0.203000,6.82730e-08,0.000002,0.000046,0.000001,0.000000,1.000140,0.006762,0.000070,0.010304,0.99986,0.00000,3
1.0,-5.0000,0.204000,6.89543e-08,0.000002,0.000046,0.000001,0.000000,1.000142,0.006762,0.000070,0.010405,0.99986,0.00000,3
1.0,-5.0000,0.205000,6.96391e-08,0.000002,0.000046,0.000001,0.000000,1.000143,0.006763,0.000071,0.010508,0.99986,0.00000,3
1.0,-5.0000,0.206000,7.03274e-08,0.000002,0.000046,0.000001,0.000000,1.000145,0.006764,0.000072,0.010611,0.99986,0.00000,3
1.0,-5.0000,0.207000,7.10192e-08,0.000002,0.000046,0.000001,0.000000,1.000146,0.006764,0.000072,0.010714,0.99986,0.00000,3
1.0,-5.0000,0.208000,7.17145e-08,0.000002,0.000046,0.000001,0.000000,1.000147,0.006765,0.000073,0.010818,0.99985,0.00000,3
1.0,-5.0000,0.209000,7.24133e-08,0.000002,0.000046,0.000001,0.000000,1.000149,0.006766,0.000074,0.010922,0.99985,0.00000,3
1.0,-5.0000,0.210000,7.31155e-08,0.000002,0.000046,0.000001,0.000000,1.000150,0.006767,0.000075,0.011027,0.99985,0.00000,3
1.0,-5.0000,0.211000,7.38213e-08,0.000002,0.000046,0.000001,0.000000,1.000152,0.006767,0.000075,0.011132,0.99985,0.00000,3
1.0,-5.0000,0.212000,7.45306e-08,0.000002,0.000046,0.000001,0.000000,1.000153,0.006768,0.000076,0.011238,0.99985,0.00000,3
1.0,-5.0000,0.213000,7.52433e-08,0.000002,0.000046,0.000001,0.000000,1.000155,0.006769,0.000077,0.011344,0.99985,0.00000,3
1.0,-5.0000,0.214000,7.59596e-08,0.000002,0.000046,0.000001,0.000000,1.000156,0.006769,0.000078,0.011451,0.99985,0.00000,3
1.0,-5.0000,0.215000,7.66794e-08,0.000002,0.000046,0.000001,0.000000,1.000157,0.006770,0.000078,0.011558,0.99984,0.00000,3
1.0,-5.0000,0.216000,7.74027e-08,0.000002,0.000046,0.000001,0.000000,1.000159,0.006771,0.000079,0.011666,0.99984,0.00000,3
1.0,-5.0000,0.217000,7.81295e-08,0.000002,0.000046,0.000001,0.000000,1.000160,0.006772,0.000080,0.011774,0.99984,0.00000,3
1.0,-5.0000,0.218000,7.88599e-08,0.000002,0.000046,0.000001,0.000000,1.000162,0.006772,0.000080,0.011883,0.99984,0.00000,3
1.0,-5.0000,0.219000,7.95937e-08,0.000002,0.000046,0.000001,0.000000,1.000163,0.006773,0.000081,0.011992,0.99984,0.00000,3
1.0,-5.0000,0.220000,8.03311e-08,0.000002,0.000046,0.000001,0.000000,1.000165,0.006774,0.000082,0.012102,0.99984,0.00000,3
1.0,-5.0000,0.221000,8.10720e-08,0.000002,0.000046,0.000001,0.000000,1.000166,0.006775,0.000083,0.012212,0.99984,0.00000,3
1.0,-5.0000,0.222000,8.18164e-08,0.000002,0.000046,0.000001,0.000000,1.000168,0.006775,0.000083,0.012323,0.99983,0.00000,3
1.0,-5.0000,0.223000,8.25643e-08,0.000002,0.000046,0.000001,0.000000,1.000170,0.006776,0.000084,0.012434,0.99983,0.00000,3
1.0,-5.0000,0.224000,8.33158e-08,0.000002,0.000046,0.000001,0.000000,1.000171,0.006777,0.000085,0.012546,0.99983,0.00000,3
1.0,-5.0000,0.225000,8.40708e-08,0.000002,0.000046,0.000001,0.000000,1.000173,0.006778,0.000086,0.012658,0.99983,0.00000,3
1.0,-5.0000,0.226000,8.48293e-08,0.000002,0.000046,0.000001,0.000000,1.000174,0.006778,0.000087,0.012771,0.99983,0.00000,3
1.0,-5.0000,0.227000,8.55914e-08,0.000002,0.000046,0.000001,0.000000,1.000176,0.006779,0.000087,0.012885,0.99983,0.00000,3
1.0,-5.0000,0.228000,8.63570e-08,0.000002,0.000046,0.000001,0.000000,1.000177,0.006780,0.000088,0.012998,0.99982,0.00000,3
1.0,-5.0000,0.229000,8.71261e-08,0.000002,0.000046,0.000001,0.000000,1.000179,0.006781,0.000089,0.013113,0.99982,0.00000,3
1.0,-5.0000,0.230000,8.78988e-08,0.000002,0.000046,0.000001,0.000000,1.000180,0.006781,0.000090,0.013227,0.99982,0.00000,3
1.0,-5.0000,0.231000,8.86750e-08,0.000002,0.000046,0.000001,0.000000,1.000182,0.006782,0.000090,0.013343,0.99982,0.00000,3
1.0,-5.0000,0.232000,8.94548e-08,0.000002,0.000046,0.000001,0.000000,1.000184,0.006783,0.000091,0.013458,0.99982,0.00000,3
1.0,-5.0000,0.233000,9.02381e-08,0.000002,0.000046,0.000001,0.000000,1.000185,0.006784,0.000092,0.013575,0.99982,0.00000,3
1.0,-5.0000,0.234000,9.10250e-08,0.000002,0.000046,0.000001,0.000000,1.000187,0.006784,0.000093,0.013692,0.99982,0.00000,3
1.0,-5.0000,0.235000,9.18154e-08,0.000002,0.000046,0.000001,0.000000,1.000188,0.006785,0.000094,0.013809,0.99981,0.00000,3
1.0,-5.0000,0.236000,9.26094e-08,0.000002,0.000046,0.000001,0.000000,1.000190,0.006786,0.000094,0.013927,0.99981,0.00000,3
1.0,-5.0000,0.237000,9.34069e-08,0.000002,0.000046,0.000001,0.000000,1.000192,0.006787,0.000095,0.014045,0.99981,0.00000,3
1.0,-5.0000,0.238000,9.42080e-08,0.000002,0.000046,0.000001,0.000000,1.000193,0.006788,0.000096,0.014164,0.99981,0.00000,3
1.0,-5.0000,0.239000,9.50127e-08,0.000002,0.000046,0.000001,0.000000,1.000195,0.006788,0.000097,0.014283,0.99981,0.00000,3
1.0,-5.0000,0.240000,9.58209e-08,0.000002,0.000046,0.000001,0.000000,1.000197,0.006789,0.000098,0.014403,0.99981,0.00000,3
1.0,-5.0000,0.241000,9.66327e-08,0.000002,0.000046,0.000001,0.000000,1.000198,0.006790,0.000099,0.014523,0.99980,0.00000,3
1.0,-5.0000,0.242000,9.74481e-08,0.000002,0.000046,0.000001,0.000000,1.000200,0.006791,0.000099,0.014644,0.99980,0.00000,3
1.0,-5.0000,0.243000,9.82670e-08,0.000002,0.000046,0.000001,0.000000,1.000202,0.006792,0.000100,0.014765,0.99980,0.00000,3
1.0,-5.0000,0.244000,9.90896e-08,0.000002,0.000046,0.000001,0.000000,1.000203,0.006793,0.000101,0.014887,0.99980,0.00000,3
1.0,-5.0000,0.245000,9.99157e-08,0.000002,0.000046,0.000001,0.000000,1.000205,0.006793,0.000102,0.015009,0.99980,0.00000,3
1.0,-5.0000,0.246000,1.00745e-07,0.000002,0.000046,0.000001,0.000000,1.000207,0.006794,0.000103,0.015132,0.99980,0.00000,3
1.0,-5.0000,0.247000,1.01579e-07,0.000002,0.000046,0.000001,0.000000,1.000208,0.006795,0.000104,0.015255,0.99979,0.00000,3
1.0,-5.0000,0.248000,1.02415e-07,0.000002,0.000046,0.000001,0.000000,1.000210,0.006796,0.000104,0.015379,0.99979,0.00000,3
1.0,-5.0000,0.249000,1.03256e-07,0.000002,0.000046,0.000001,0.000000,1.000212,0.006797,0.000105,0.015504,0.99979,0.00000,3
1.0,-5.0000,0.250000,1.04100e-07,0.000002,0.000046,0.000001,0.000000,1.000213,0.006798,0.000106,0.015628,0.99979,0.00000,3
1.0,-5.0000,0.251000,1.04948e-07,0.000002,0.000046,0.000001,0.000000,1.000215,0.006798,0.000107,0.015754,0.99979,0.00000,3
1.0,-5.0000,0.252000,1.05799e-07,0.000002,0.000046,0.000001,0.000000,1.000217,0.006799,0.000108,0.015879,0.99979,0.00000,3
1.0,-5.0000,0.253000,1.06654e-07,0.000002,0.000046,0.000001,0.000000,1.000219,0.006800,0.000109,0.016006,0.99978,0.00000,3
1.0,-5.0000,0.254000,1.07512e-07,0.000002,0.000046,0.000001,0.000000,1.000220,0.006801,0.000110,0.016133,0.99978,0.00000,3
1.0,-5.0000,0.255000,1.08374e-07,0.000003,0.000046,0.000002,0.000000,1.000222,0.006802,0.000111,0.016260,0.99978,0.00000,3
1.0,-5.0000,0.256000,1.09240e-07,0.000003,0.000046,0.000002,0.000000,1.000224,0.006803,0.000111,0.016388,0.99978,0.00000,3
1.0,-5.0000,0.257000,1.10109e-07,0.000003,0.000046,0.000002,0.000000,1.000226,0.006804,0.000112,0.016516,0.99978,0.00000,3
1.0,-5.0000,0.258000,1.10982e-07,0.000003,0.000046,0.000002,0.000000,1.000228,0.006804,0.000113,0.016645,0.99978,0.00000,3
1.0,-5.0000,0.259000,1.11858e-07,0.000003,0.000046,0.000002,0.000000,1.000229,0.006805,0.000114,0.016774,0.99977,0.00000,3
1.0,-5.0000,0.260000,1.12738e-07,0.000003,0.000046,0.000002,0.000000,1.000231,0.006806,0.000115,0.016904,0.99977,0.00000,3
1.0,-5.0000,0.261000,1.13622e-07,0.000003,0.000046,0.000002,0.000000,1.000233,0.006807,0.000116,0.017034,0.99977,0.00000,3
1.0,-5.0000,0.262000,1.14509e-07,0.000003,0.000046,0.000002,0.000000,1.000235,0.006808,0.000117,0.017165,0.99977,0.00000,3
1.0,-5.0000,0.263000,1.15400e-07,0.000003,0.000046,0.000002,0.000000,1.000237,0.006809,0.000118,0.017296,0.99977,0.00000,3
1.0,-5.0000,0.264000,1.16295e-07,0.000003,0.000046,0.000002,0.000000,1.000238,0.006810,0.000119,0.017428,0.99976,0.00000,3
1.0,-5.0000,0.265000,1.17193e-07,0.000003,0.000046,0.000002,0.000000,1.000240,0.006811,0.000120,0.017560,0.99976,0.00000,3
1.0,-5.0000,0.266000,1.18095e-07,0.000003,0.000046,0.000002,0.000000,1.000242,0.006812,0.000120,0.017693,0.99976,0.00000,3
1.0,-5.0000,0.267000,1.19000e-07,0.000003,0.000046,0.000002,0.000000,1.000244,0.006812,0.000121,0.017827,0.99976,0.00000,3
1.0,-5.0000,0.268000,1.19909e-07,0.000003,0.000046,0.000002,0.000000,1.000246,0.006813,0.000122,0.017960,0.99976,0.00000,3
1.0,-5.0000,0.269000,1.20822e-07,0.000003,0.000046,0.000002,0.000000,1.000248,0.006814,0.000123,0.018095,0.99976,0.00000,3
1.0,-5.0000,0.270000,1.21739e-07,0.000003,0.000046,0.000002,0.000000,1.000249,0.006815,0.000124,0.018230,0.99975,0.00000,3
1.0,-5.0000,0.271000,1.22659e-07,0.000003,0.000046,0.000002,0.000000,1.000251,0.006816,0.000125,0.018365,0.99975,0.00000,3
1.0,-5.0000,0.272000,1.23582e-07,0.000003,0.000046,0.000002,0.000000,1.000253,0.006817,0.000126,0.018501,0.99975,0.00000,3
1.0,-5.0000,0.273000,1.24510e-07,0.000003,0.000046,0.000002,0.000000,1.000255,0.006818,0.000127,0.018637,0.99975,0.00000,3
1.0,-5.0000,0.274000,1.25441e-07,0.000003,0.000046,0.000002,0.000000,1.000257,0.006819,0.000128,0.018774,0.99975,0.00000,3
1.0,-5.0000,0.275000,1.26375e-07,0.000003,0.000047,0.000002,0.000000,1.000259,0.006820,0.000129,0.018911,0.99974,0.00000,3
1.0,-5.0000,0.276000,1.27314e-07,0.000003,0.000047,0.000002,0.000000,1.000261,0.006821,0.000130,0.019049,0.99974,0.00000,3
1.0,-5.0000,0.277000,1.28256e-07,0.000003,0.000047,0.000002,0.000000,1.000263,0.006822,0.000131,0.019187,0.99974,0.00000,3
1.0,-5.0000,0.278000,1.29201e-07,0.000003,0.000047,0.000002,0.000000,1.000265,0.006823,0.000132,0.019326,0.99974,0.00000,3
1.0,-5.0000,0.279000,1.30151e-07,0.000003,0.000047,0.000002,0.000000,1.000267,0.006824,0.000133,0.019465,0.99974,0.00000,3
1.0,-5.0000,0.280000,1.31104e-07,0.000003,0.000047,0.000002,0.000000,1.000269,0.006824,0.000134,0.019605,0.99973,0.00000,3
1.0,-5.0000,0.281000,1.32060e-07,0.000003,0.000047,0.000002,0.000000,1.000271,0.006825,0.000135,0.019746,0.99973,0.00000,3
1.0,-5.0000,0.282000,1.33021e-07,0.000003,0.000047,0.000002,0.000000,1.000273,0.006826,0.000136,0.019886,0.99973,0.00000,3
1.0,-5.0000,0.283000,1.33985e-07,0.000003,0.000047,0.000002,0.000000,1.000274,0.006827,0.000137,0.020028,0.99973,0.00000,3
1.0,-5.0000,0.284000,1.34952e-07,0.000003,0.000047,0.000002,0.000000,1.000276,0.006828,0.000138,0.020170,0.99973,0.00000,3
1.0,-5.0000,0.285000,1.35924e-07,0.000003,0.000047,0.000002,0.000000,1.000278,0.006829,0.000139,0.020312,0.99972,0.00000,3
1.0,-5.0000,0.286000,1.36899e-07,0.000003,0.000047,0.000002,0.000000,1.000280,0.006830,0.000140,0.020455,0.99972,0.00000,3
1.0,-5.0000,0.287000,1.37878e-07,0.000003,0.000047,0.000002,0.000000,1.000282,0.006831,0.000141,0.020598,0.99972,0.00000,3
1.0,-5.0000,0.288000,1.38860e-07,0.000003,0.000047,0.000002,0.000000,1.000284,0.006832,0.000142,0.020742,0.99972,0.00000,3
1.0,-5.0000,0.289000,1.39846e-07,0.000003,0.000047,0.000002,0.000000,1.000286,0.006833,0.000143,0.020886,0.99972,0.00000,3
1.0,-5.0000,0.290000,1.40836e-07,0.000003,0.000047,0.000002,0.000000,1.000288,0.006834,0.000144,0.021031,0.99971,0.00000,3
1.0,-5.0000,0.291000,1.41830e-07,0.000003,0.000047,0.000002,0.000000,1.000290,0.006835,0.000145,0.021176,0.99971,0.00000,3
1.0,-5.0000,0.292000,1.42827e-07,0.000003,0.000047,0.000002,0.000000,1.000293,0.006836,0.000146,0.021322,0.99971,0.00000,3
1.0,-5.0000,0.293000,1.43828e-07,0.000003,0.000047,0.000002,0.000000,1.000295,0.006837,0.000147,0.021469,0.99971,0.00000,3
1.0,-5.0000,0.294000,1.44833e-07,0.000003,0.000047,0.000002,0.000000,1.000297,0.006838,0.000148,0.021615,0.99971,0.00000,3
1.0,-5.0000,0.295000,1.45841e-07,0.000003,0.000047,0.000002,0.000000,1.000299,0.006839,0.000149,0.021763,0.99970,0.00000,3
1.0,-5.0000,0.296000,1.46853e-07,0.000003,0.000047,0.000002,0.000000,1.000301,0.006840,0.000150,0.021911,0.99970,0.00000,3
1.0,-5.0000,0.297000,1.47869e-07,0.000003,0.000047,0.000002,0.000000,1.000303,0.006841,0.000151,0.022059,0.99970,0.00000,3
1.0,-5.0000,0.298000,1.48889e-07,0.000003,0.000047,0.000002,0.000000,1.000305,0.006842,0.000152,0.022208,0.99970,0.00000,3
1.0,-5.0000,0.299000,1.49912e-07,0.000003,0.000047,0.000002,0.000000,1.000307,0.006843,0.000153,0.022357,0.99970,0.00000,3
1.0,-5.0000,0.300000,1.50939e-07,0.000003,0.000047,0.000002,0.000000,1.000309,0.006844,0.000154,0.022507,0.99969,0.00000,3
1.0,-5.0000,0.301000,1.51970e-07,0.000003,0.000047,0.000002,0.000000,1.000311,0.006845,0.000155,0.022657,0.99969,0.00000,3
1.0,-5.0000,0.302000,1.53005e-07,0.000003,0.000047,0.000002,0.000000,1.000313,0.006846,0.000156,0.022808,0.99969,0.00000,3
1.0,-5.0000,0.303000,1.54043e-07,0.000003,0.000047,0.000002,0.000000,1.000315,0.006847,0.000157,0.022959,0.99969,0.00000,3
1.0,-5.0000,0.304000,1.55085e-07,0.000003,0.000047,0.000002,0.000000,1.000318,0.006848,0.000158,0.023111,0.99969,0.00000,3
1.0,-5.0000,0.305000,1.56131e-07,0.000003,0.000047,0.000002,0.000000,1.000320,0.006849,0.000159,0.023264,0.99968,0.00000,3
1.0,-5.0000,0.306000,1.57180e-07,0.000003,0.000047,0.000002,0.000000,1.000322,0.006850,0.000160,0.023417,0.99968,0.00000,3
1.0,-5.0000,0.307000,1.58234e-07,0.000003,0.000047,0.000002,0.000000,1.000324,0.006851,0.000161,0.023570,0.99968,0.00000,3
1.0,-5.0000,0.308000,1.59291e-07,0.000003,0.000047,0.000002,0.000000,1.000326,0.006852,0.000163,0.023724,0.99968,0.00000,3
1.0,-5.0000,0.309000,1.60351e-07,0.000003,0.000047,0.000002,0.000000,1.000328,0.006853,0.000164,0.023878,0.99968,0.00000,3
1.0,-5.0000,0.310000,1.61416e-07,0.000003,0.000047,0.000002,0.000000,1.000330,0.006855,0.000165,0.024033,0.99967,0.00000,3
1.0,-5.0000,0.311000,1.62484e-07,0.000003,0.000047,0.000002,0.000000,1.000333,0.006856,0.000166,0.024188,0.99967,0.00000,3
1.0,-5.0000,0.312000,1.63556e-07,0.000003,0.000047,0.000002,0.000000,1.000335,0.006857,0.000167,0.024344,0.99967,0.00000,3
1.0,-5.0000,0.313000,1.64632e-07,0.000003,0.000047,0.000002,0.000000,1.000337,0.006858,0.000168,0.024501,0.99967,0.00000,3
1.0,-5.0000,0.314000,1.65712e-07,0.000003,0.000047,0.000002,0.000000,1.000339,0.006859,0.000169,0.024657,0.99966,0.00000,3
1.0,-5.0000,0.315000,1.66795e-07,0.000003,0.000047,0.000002,0.000000,1.000341,0.006860,0.000170,0.024815,0.99966,0.00000,3
1.0,-5.0000,0.316000,1.67883e-07,0.000003,0.000047,0.000002,0.000000,1.000344,0.006861,0.000171,0.024973,0.99966,0.00000,3
1.0,-5.0000,0.317000,1.68974e-07,0.000003,0.000047,0.000002,0.000000,1.000346,0.006862,0.000172,0.025131,0.99966,0.00000,3
1.0,-5.0000,0.318000,1.70069e-07,0.000003,0.000047,0.000002,0.000000,1.000348,0.006863,0.000174,0.025290,0.99966,0.00000,3
1.0,-5.0000,0.319000,1.71167e-07,0.000003,0.000047,0.000002,0.000000,1.000350,0.006864,0.000175,0.025449,0.99965,0.00000,3
1.0,-5.0000,0.320000,1.72270e-07,0.000003,0.000047,0.000002,0.000000,1.000353,0.006865,0.000176,0.025609,0.99965,0.00000,3
1.0,-5.0000,0.321000,1.73376e-07,0.000003,0.000047,0.000002,0.000000,1.000355,0.006866,0.000177,0.025769,0.99965,0.00000,3
1.0,-5.0000,0.322000,1.74486e-07,0.000003,0.000047,0.000002,0.000000,1.000357,0.006867,0.000178,0.025930,0.99965,0.00000,3
1.0,-5.0000,0.323000,1.75600e-07,0.000003,0.000047,0.000002,0.000000,1.000359,0.006869,0.000179,0.026092,0.99964,0.00000,3
1.0,-5.0000,0.324000,1.76717e-07,0.000003,0.000047,0.000002,0.000000,1.000362,0.006870,0.000180,0.026253,0.99964,0.00000,3
1.0,-5.0000,0.325000,1.77839e-07,0.000003,0.000047,0.000002,0.000000,1.000364,0.006871,0.000181,0.026416,0.99964,0.00000,3
1.0,-5.0000,0.326000,1.78964e-07,0.000004,0.000047,0.000003,0.000000,1.000366,0.006872,0.000183,0.026579,0.99964,0.00000,3
1.0,-5.0000,0.327000,1.80093e-07,0.000004,0.000047,0.000003,0.000000,1.000369,0.006873,0.000184,0.026742,0.99964,0.00000,3
1.0,-5.0000,0.328000,1.81226e-07,0.000004,0.000047,0.000003,0.000000,1.000371,0.006874,0.000185,0.026906,0.99963,0.00000,3
1.0,-5.0000,0.329000,1.82363e-07,0.000004,0.000047,0.000003,0.000000,1.000373,0.006875,0.000186,0.027070,0.99963,0.00000,3
1.0,-5.0000,0.330000,1.83503e-07,0.000004,0.000047,0.000003,0.000000,1.000376,0.006876,0.000187,0.027235,0.99963,0.00000,3
1.0,-5.0000,0.331000,1.84648e-07,0.000004,0.000047,0.000003,0.000000,1.000378,0.006877,0.000188,0.027401,0.99963,0.00000,3
1.0,-5.0000,0.332000,1.85796e-07,0.000004,0.000047,0.000003,0.000000,1.000380,0.006879,0.000190,0.027566,0.99962,0.00000,3
1.0,-5.0000,0.333000,1.86948e-07,0.000004,0.000047,0.000003,0.000000,1.000383,0.006880,0.000191,0.027733,0.99962,0.00000,3
1.0,-5.0000,0.334000,1.88104e-07,0.000004,0.000047,0.000003,0.000000,1.000385,0.006881,0.000192,0.027900,0.99962,0.00000,3
1.0,-5.0000,0.335000,1.89264e-07,0.000004,0.000047,0.000003,0.000000,1.000387,0.006882,0.000193,0.028067,0.99962,0.00000,3
1.0,-5.0000,0.336000,1.90427e-07,0.000004,0.000047,0.000003,0.000000,1.000390,0.006883,0.000194,0.028235,0.99961,0.00000,3
1.0,-5.0000,0.337000,1.91595e-07,0.000004,0.000047,0.000003,0.000000,1.000392,0.006884,0.000195,0.028403,0.99961,0.00000,3
1.0,-5.0000,0.338000,1.92766e-07,0.000004,0.000047,0.000003,0.000000,1.000394,0.006886,0.000197,0.028572,0.99961,0.00000,3
1.0,-5.0000,0.339000,1.93941e-07,0.000004,0.000047,0.000003,0.000000,1.000397,0.006887,0.000198,0.028742,0.99961,0.00000,3
1.0,-5.0000,0.340000,1.95120e-07,0.000004,0.000047,0.000003,0.000000,1.000399,0.006888,0.000199,0.028912,0.99960,0.00000,3
1.0,-5.0000,0.341000,1.96303e-07,0.000004,0.000047,0.000003,0.000000,1.000402,0.006889,0.000200,0.029082,0.99960,0.00000,3
1.0,-5.0000,0.342000,1.97490e-07,0.000004,0.000047,0.000003,0.000000,1.000404,0.006890,0.000201,0.029253,0.99960,0.00000,3
1.0,-5.0000,0.343000,1.98681e-07,0.000004,0.000047,0.000003,0.000000,1.000407,0.006891,0.000203,0.029424,0.99960,0.00000,3
1.0,-5.0000,0.344000,1.99875e-07,0.000004,0.000048,0.000003,0.000000,1.000409,0.006893,0.000204,0.029596,0.99959,0.00000,3
1.0,-5.0000,0.345000,2.01074e-07,0.000004,0.000048,0.000003,0.000000,1.000411,0.006894,0.000205,0.029768,0.99959,0.00000,3
1.0,-5.0000,0.346000,2.02276e-07,0.000004,0.000048,0.000003,0.000000,1.000414,0.006895,0.000206,0.029941,0.99959,0.00000,3
1.0,-5.0000,0.347000,2.03482e-07,0.000004,0.000048,0.000003,0.000000,1.000416,0.006896,0.000208,0.030115,0.99959,0.00000,3
1.0,-5.0000,0.348000,2.04692e-07,0.000004,0.000048,0.000003,0.000000,1.000419,0.006897,0.000209,0.030289,0.99959,0.00000,3
1.0,-5.0000,0.349000,2.05907e-07,0.000004,0.000048,0.000003,0.000000,1.000421,0.006898,0.000210,0.030463,0.99958,0.00000,3
1.0,-5.0000,0.350000,2.07124e-07,0.000004,0.000048,0.000003,0.000000,1.000424,0.006900,0.000211,0.030638,0.99958,0.00000,3
1.0,-5.0000,0.351000,2.08346e-07,0.000004,0.000048,0.000003,0.000000,1.000426,0.006901,0.000213,0.030813,0.99958,0.00000,3
1.0,-5.0000,0.352000,2.09572e-07,0.000004,0.000048,0.000003,0.000000,1.000429,0.006902,0.000214,0.030989,0.99958,0.00000,3
1.0,-5.0000,0.353000,2.10802e-07,0.000004,0.000048,0.000003,0.000000,1.000431,0.006903,0.000215,0.031166,0.99957,0.00000,3
1.0,-5.0000,0.354000,2.12035e-07,0.000004,0.000048,0.000003,0.000000,1.000434,0.006904,0.000216,0.031343,0.99957,0.00000,3
1.0,-5.0000,0.355000,2.13273e-07,0.000004,0.000048,0.000003,0.000000,1.000436,0.006906,0.000218,0.031520,0.99957,0.00000,3
1.0,-5.0000,0.356000,2.14514e-07,0.000004,0.000048,0.000003,0.000000,1.000439,0.006907,0.000219,0.031698,0.99957,0.00000,3
1.0,-5.0000,0.357000,2.15760e-07,0.000004,0.000048,0.000003,0.000000,1.000441,0.006908,0.000220,0.031876,0.99956,0.00000,3
1.0,-5.0000,0.358000,2.17009e-07,0.000004,0.000048,0.000003,0.000000,1.000444,0.006909,0.000221,0.032055,0.99956,0.00000,3
1.0,-5.0000,0.359000,2.18262e-07,0.000004,0.000048,0.000003,0.000000,1.000447,0.006911,0.000223,0.032235,0.99956,0.00000,3
1.0,-5.0000,0.360000,2.19519e-07,0.000004,0.000048,0.000003,0.000000,1.000449,0.006912,0.000224,0.032415,0.99956,0.00000,3
1.0,-5.0000,0.361000,2.20781e-07,0.000004,0.000048,0.000003,0.000000,1.000452,0.006913,0.000225,0.032595,0.99955,0.00000,3
1.0,-5.0000,0.362000,2.22046e-07,0.000004,0.000048,0.000003,0.000000,1.000454,0.006914,0.000227,0.032776,0.99955,0.00000,3
1.0,-5.0000,0.363000,2.23315e-07,0.000004,0.000048,0.000003,0.000000,1.000457,0.006916,0.000228,0.032957,0.99955,0.00000,3
1.0,-5.0000,0.364000,2.24588e-07,0.000004,0.000048,0.000003,0.000000,1.000459,0.006917,0.000229,0.033139,0.99954,0.00000,3
1.0,-5.0000,0.365000,2.25865e-07,0.000004,0.000048,0.000003,0.000000,1.000462,0.006918,0.000230,0.033322,0.99954,0.00000,3
1.0,-5.0000,0.366000,2.27146e-07,0.000004,0.000048,0.000003,0.000000,1.000465,0.006919,0.000232,0.033505,0.99954,0.00000,3
1.0,-5.0000,0.367000,2.28430e-07,0.000004,0.000048,0.000003,0.000000,1.000467,0.006921,0.000233,0.033688,0.99954,0.00000,3
1.0,-5.0000,0.368000,2.29719e-07,0.000004,0.000048,0.000003,0.000000,1.000470,0.006922,0.000234,0.033872,0.99953,0.00000,3
1.0,-5.0000,0.369000,2.31012e-07,0.000004,0.000048,0.000003,0.000000,1.000473,0.006923,0.000236,0.034056,0.99953,0.00000,3
1.0,-5.0000,0.370000,2.32309e-07,0.000004,0.000048,0.000003,0.000000,1.000475,0.006924,0.000237,0.034241,0.99953,0.00000,3
1.0,-5.0000,0.371000,2.33610e-07,0.000004,0.000048,0.000003,0.000000,1.000478,0.006926,0.000238,0.034427,0.99953,0.00000,3
1.0,-5.0000,0.372000,2.34915e-07,0.000004,0.000048,0.000003,0.000000,1.000481,0.006927,0.000240,0.034613,0.99952,0.00000,3
1.0,-5.0000,0.373000,2.36223e-07,0.000004,0.000048,0.000003,0.000000,1.000483,0.006928,0.000241,0.034799,0.99952,0.00000,3
1.0,-5.0000,0.374000,2.37536e-07,0.000004,0.000048,0.000003,0.000000,1.000486,0.006929,0.000242,0.034986,0.99952,0.00000,3
1.0,-5.0000,0.375000,2.38853e-07,0.000004,0.000048,0.000003,0.000000,1.000489,0.006931,0.000244,0.035173,0.99952,0.00000,3
1.0,-5.0000,0.376000,2.40174e-07,0.000004,0.000048,0.000003,0.000000,1.000491,0.006932,0.000245,0.035361,0.99951,0.00000,3
1.0,-5.0000,0.377000,2.41498e-07,0.000004,0.000048,0.000003,0.000000,1.000494,0.006933,0.000246,0.035550,0.99951,0.00000,3
1.0,-5.0000,0.378000,2.42827e-07,0.000004,0.000048,0.000003,0.000000,1.000497,0.006935,0.000248,0.035739,0.99951,0.00000,3
1.0,-5.0000,0.379000,2.44160e-07,0.000004,0.000048,0.000003,0.000000,1.000499,0.006936,0.000249,0.035928,0.99951,0.00000,3
1.0,-5.0000,0.380000,2.45497e-07,0.000004,0.000048,0.000003,0.000000,1.000502,0.006937,0.000250,0.036118,0.99950,0.00000,3
1.0,-5.0000,0.381000,2.46838e-07,0.000004,0.000048,0.000003,0.000000,1.000505,0.006939,0.000252,0.036309,0.99950,0.00000,3
1.0,-5.0000,0.382000,2.48183e-07,0.000005,0.000048,0.000004,0.000000,1.000508,0.006940,0.000253,0.036500,0.99950,0.00000,3
1.0,-5.0000,0.383000,2.49532e-07,0.000005,0.000048,0.000004,0.000000,1.000510,0.006941,0.000255,0.036691,0.99949,0.00000,3
1.0,-5.0000,0.384000,2.50885e-07,0.000005,0.000048,0.000004,0.000000,1.000513,0.006943,0.000256,0.036883,0.99949,0.00000,3
1.0,-5.0000,0.385000,2.52242e-07,0.000005,0.000048,0.000004,0.000000,1.000516,0.006944,0.000257,0.037075,0.99949,0.00000,3
1.0,-5.0000,0.386000,2.53603e-07,0.000005,0.000048,0.000004,0.000000,1.000519,0.006945,0.000259,0.037268,0.99949,0.00000,3
1.0,-5.0000,0.387000,2.54968e-07,0.000005,0.000048,0.000004,0.000000,1.000521,0.006947,0.000260,0.037462,0.99948,0.00000,3
1.0,-5.0000,0.388000,2.56337e-07,0.000005,0.000048,0.000004,0.000000,1.000524,0.006948,0.000261,0.037656,0.99948,0.00000,3
1.0,-5.0000,0.389000,2.57710e-07,0.000005,0.000048,0.000004,0.000000,1.000527,0.006949,0.000263,0.037850,0.99948,0.00000,3
1.0,-5.0000,0.390000,2.59088e-07,0.000005,0.000048,0.000004,0.000000,1.000530,0.006951,0.000264,0.038045,0.99948,0.00000,3
1.0,-5.0000,0.391000,2.60469e-07,0.000005,0.000048,0.000004,0.000000,1.000533,0.006952,0.000266,0.038241,0.99947,0.00000,3
1.0,-5.0000,0.392000,2.61854e-07,0.000005,0.000048,0.000004,0.000000,1.000536,0.006953,0.000267,0.038437,0.99947,0.00000,3
1.0,-5.0000,0.393000,2.63244e-07,0.000005,0.000048,0.000004,0.000000,1.000538,0.006955,0.000269,0.038633,0.99947,0.00000,3
1.0,-5.0000,0.394000,2.64637e-07,0.000005,0.000048,0.000004,0.000000,1.000541,0.006956,0.000270,0.038830,0.99946,0.00000,3
1.0,-5.0000,0.395000,2.66035e-07,0.000005,0.000048,0.000004,0.000000,1.000544,0.006957,0.000271,0.039027,0.99946,0.00000,3
1.0,-5.0000,0.396000,2.67437e-07,0.000005,0.000048,0.000004,0.000000,1.000547,0.006959,0.000273,0.039225,0.99946,0.00000,3
1.0,-5.0000,0.397000,2.68843e-07,0.000005,0.000048,0.000004,0.000000,1.000550,0.006960,0.000274,0.039424,0.99946,0.00000,3
1.0,-5.0000,0.398000,2.70253e-07,0.000005,0.000048,0.000004,0.000000,1.000553,0.006961,0.000276,0.039623,0.99945,0.00000,3
1.0,-5.0000,0.399000,2.71667e-07,0.000005,0.000048,0.000004,0.000000,1.000556,0.006963,0.000277,0.039822,0.99945,0.00000,3
1.0,-5.0000,0.400000,2.73085e-07,0.000005,0.000049,0.000004,0.000000,1.000558,0.006964,0.000279,0.040022,0.99945,0.00000,3
1.0,-5.0000,0.401000,2.74507e-07,0.000005,0.000049,0.000004,0.000000,1.000561,0.006966,0.000280,0.040223,0.99944,0.00000,3
1.0,-5.0000,0.402000,2.75933e-07,0.000005,0.000049,0.000004,0.000000,1.000564,0.006967,0.000281,0.040424,0.99944,0.00000,3
1.0,-5.0000,0.403000,2.77364e-07,0.000005,0.000049,0.000004,0.000000,1.000567,0.006968,0.000283,0.040625,0.99944,0.00000,3
1.0,-5.0000,0.404000,2.78799e-07,0.000005,0.000049,0.000004,0.000000,1.000570,0.006970,0.000284,0.040827,0.99944,0.00000,3
1.0,-5.0000,0.405000,2.80237e-07,0.000005,0.000049,0.000004,0.000000,1.000573,0.006971,0.000286,0.041030,0.99943,0.00000,3
1.0,-5.0000,0.406000,2.81680e-07,0.000005,0.000049,0.000004,0.000000,1.000576,0.006973,0.000287,0.041233,0.99943,0.00000,3
1.0,-5.0000,0.407000,2.83127e-07,0.000005,0.000049,0.000004,0.000000,1.000579,0.006974,0.000289,0.041436,0.99943,0.00000,3
1.0,-5.0000,0.408000,2.84578e-07,0.000005,0.000049,0.000004,0.000000,1.000582,0.006975,0.000290,0.041640,0.99942,0.00000,3
1.0,-5.0000,0.409000,2.86034e-07,0.000005,0.000049,0.000004,0.000000,1.000585,0.006977,0.000292,0.041845,0.99942,0.00000,3
1.0,-5.0000,0.410000,2.87493e-07,0.000005,0.000049,0.000004,0.000000,1.000588,0.006978,0.000293,0.042050,0.99942,0.00000,3
1.0,-5.0000,0.411000,2.88957e-07,0.000005,0.000049,0.000004,0.000000,1.000591,0.006980,0.000295,0.042255,0.99941,0.00000,3
1.0,-5.0000,0.412000,2.90425e-07,0.000005,0.000049,0.000004,0.000000,1.000594,0.006981,0.000296,0.042461,0.99941,0.00000,3
1.0,-5.0000,0.413000,2.91896e-07,0.000005,0.000049,0.000004,0.000000,1.000597,0.006983,0.000298,0.042668,0.99941,0.00000,3
1.0,-5.0000,0.414000,2.93373e-07,0.000005,0.000049,0.000004,0.000000,1.000600,0.006984,0.000299,0.042875,0.99941,0.00000,3
1.0,-5.0000,0.415000,2.94853e-07,0.000005,0.000049,0.000004,0.000000,1.000603,0.006985,0.000301,0.043082,0.99940,0.00000,3
1.0,-5.0000,0.416000,2.96337e-07,0.000005,0.000049,0.000004,0.000000,1.000606,0.006987,0.000302,0.043290,0.99940,0.00000,3
1.0,-5.0000,0.417000,2.97826e-07,0.000005,0.000049,0.000004,0.000000,1.000609,0.006988,0.000304,0.043499,0.99940,0.00000,3
1.0,-5.0000,0.418000,2.99319e-07,0.000005,0.000049,0.000004,0.000000,1.000612,0.006990,0.000305,0.043708,0.99939,0.00000,3
1.0,-5.0000,0.419000,3.00816e-07,0.000005,0.000049,0.000004,0.000000,1.000615,0.006991,0.000307,0.043917,0.99939,0.00000,3
1.0,-5.0000,0.420000,3.02317e-07,0.000005,0.000049,0.000004,0.000000,1.000618,0.006993,0.000308,0.044127,0.99939,0.00000,3
1.0,-5.0000,0.421000,3.03822e-07,0.000005,0.000049,0.000004,0.000000,1.000621,0.006994,0.000310,0.044338,0.99938,0.00000,3
1.0,-5.0000,0.422000,3.05332e-07,0.000005,0.000049,0.000004,0.000000,1.000624,0.006996,0.000311,0.044549,0.99938,0.00000,3
1.0,-5.0000,0.423000,3.06846e-07,0.000005,0.000049,0.000004,0.000000,1.000627,0.006997,0.000313,0.044760,0.99938,0.00000,3
1.0,-5.0000,0.424000,3.08364e-07,0.000005,0.000049,0.000004,0.000000,1.000630,0.006999,0.000315,0.044972,0.99938,0.00000,3
1.0,-5.0000,0.425000,3.09886e-07,0.000005,0.000049,0.000004,0.000000,1.000634,0.007000,0.000316,0.045185,0.99937,0.00000,3
1.0,-5.0000,0.426000,3.11413e-07,0.000005,0.000049,0.000004,0.000000,1.000637,0.007002,0.000318,0.045398,0.99937,0.00000,3
1.0,-5.0000,0.427000,3.12943e-07,0.000005,0.000049,0.000004,0.000000,1.000640,0.007003,0.000319,0.045611,0.99937,0.00000,3
1.0,-5.0000,0.428000,3.14478e-07,0.000006,0.000049,0.000004,0.000001,1.000643,0.007004,0.000321,0.045825,0.99936,0.00000,3
1.0,-5.0000,0.429000,3.16017e-07,0.000006,0.000049,0.000005,0.000001,1.000646,0.007006,0.000322,0.046040,0.99936,0.00000,3
1.0,-5.0000,0.430000,3.17561e-07,0.000006,0.000049,0.000005,0.000001,1.000649,0.007007,0.000324,0.046255,0.99936,0.00000,3
1.0,-5.0000,0.431000,3.19109e-07,0.000006,0.000049,0.000005,0.000001,1.000652,0.007009,0.000325,0.046471,0.99935,0.00000,3
1.0,-5.0000,0.432000,3.20660e-07,0.000006,0.000049,0.000005,0.000001,1.000656,0.007010,0.000327,0.046687,0.99935,0.00000,3
1.0,-5.0000,0.433000,3.22217e-07,0.000006,0.000049,0.000005,0.000001,1.000659,0.007012,0.000329,0.046903,0.99935,0.00000,3
1.0,-5.0000,0.434000,3.23777e-07,0.000006,0.000049,0.000005,0.000001,1.000662,0.007014,0.000330,0.047120,0.99934,0.00000,3
1.0,-5.0000,0.435000,3.25342e-07,0.000006,0.000049,0.000005,0.000001,1.000665,0.007015,0.000332,0.047338,0.99934,0.00000,3
1.0,-5.0000,0.436000,3.26911e-07,0.000006,0.000049,0.000005,0.000001,1.000668,0.007017,0.000333,0.047556,0.99934,0.00000,3
1.0,-5.0000,0.437000,3.28484e-07,0.000006,0.000049,0.000005,0.000001,1.000672,0.007018,0.000335,0.047774,0.99933,0.00000,3
1.0,-5.0000,0.438000,3.30062e-07,0.000006,0.000049,0.000005,0.000001,1.000675,0.007020,0.000337,0.047993,0.99933,0.00000,3
1.0,-5.0000,0.439000,3.31643e-07,0.000006,0.000049,0.000005,0.000001,1.000678,0.007021,0.000338,0.048213,0.99933,0.00000,3
1.0,-5.0000,0.440000,3.33230e-07,0.000006,0.000049,0.000005,0.000001,1.000681,0.007023,0.000340,0.048433,0.99932,0.00000,3
1.0,-5.0000,0.441000,3.34820e-07,0.000006,0.000049,0.000005,0.000001,1.000685,0.007024,0.000342,0.048654,0.99932,0.00000,3
1.0,-5.0000,0.442000,3.36415e-07,0.000006,0.000049,0.000005,0.000001,1.000688,0.007026,0.000343,0.048875,0.99932,0.00000,3
1.0,-5.0000,0.443000,3.38014e-07,0.000006,0.000049,0.000005,0.000001,1.000691,0.007027,0.000345,0.049096,0.99932,0.00000,3
1.0,-5.0000,0.444000,3.39617e-07,0.000006,0.000049,0.000005,0.000001,1.000694,0.007029,0.000346,0.049318,0.99931,0.00000,3
1.0,-5.0000,0.445000,3.41225e-07,0.000006,0.000049,0.000005,0.000001,1.000698,0.007030,0.000348,0.049541,0.99931,0.00000,3
1.0,-5.0000,0.446000,3.42837e-07,0.000006,0.000049,0.000005,0.000001,1.000701,0.007032,0.000350,0.049764,0.99931,0.00000,3
1.0,-5.0000,0.447000,3.44453e-07,0.000006,0.000049,0.000005,0.000001,1.000704,0.007033,0.000351,0.049987,0.99930,0.00000,3
1.0,-5.0000,0.448000,3.46074e-07,0.000006,0.000049,0.000005,0.000001,1.000707,0.007035,0.000353,0.050211,0.99930,0.00000,3
1.0,-5.0000,0.449000,3.47699e-07,0.000006,0.000050,0.000005,0.000001,1.000711,0.007037,0.000355,0.050436,0.99930,0.00000,3
1.0,-5.0000,0.450000,3.49328e-07,0.000006,0.000050,0.000005,0.000001,1.000714,0.007038,0.000356,0.050661,0.99929,0.00000,3
1.0,-5.0000,0.451000,3.50962e-07,0.000006,0.000050,0.000005,0.000001,1.000717,0.007040,0.000358,0.050887,0.99929,0.00000,3
1.0,-5.0000,0.452000,3.52600e-07,0.000006,0.000050,0.000005,0.000001,1.000721,0.007041,0.000360,0.051113,0.99929,0.00000,3
1.0,-5.0000,0.453000,3.54242e-07,0.000006,0.000050,0.000005,0.000001,1.000724,0.007043,0.000361,0.051339,0.99928,0.00000,3
1.0,-5.0000,0.454000,3.55889e-07,0.000006,0.000050,0.000005,0.000001,1.000728,0.007045,0.000363,0.051566,0.99928,0.00000,3
1.0,-5.0000,0.455000,3.57540e-07,0.000006,0.000050,0.000005,0.000001,1.000731,0.007046,0.000365,0.051794,0.99928,0.00000,3
1.0,-5.0000,0.456000,3.59195e-07,0.000006,0.000050,0.000005,0.000001,1.000734,0.007048,0.000366,0.052022,0.99927,0.00000,3
1.0,-5.0000,0.457000,3.60855e-07,0.000006,0.000050,0.000005,0.000001,1.000738,0.007049,0.000368,0.052251,0.99927,0.00000,3
1.0,-5.0000,0.458000,3.62519e-07,0.000006,0.000050,0.000005,0.000001,1.000741,0.007051,0.000370,0.052480,0.99927,0.00000,3
1.0,-5.0000,0.459000,3.64188e-07,0.000006,0.000050,0.000005,0.000001,1.000744,0.007053,0.000371,0.052709,0.99926,0.00000,3
1.0,-5.0000,0.460000,3.65861e-07,0.000006,0.000050,0.000005,0.000001,1.000748,0.007054,0.000373,0.052940,0.99926,0.00000,3
1.0,-5.0000,0.461000,3.67538e-07,0.000006,0.000050,0.000005,0.000001,1.000751,0.007056,0.000375,0.053170,0.99926,0.00000,3
1.0,-5.0000,0.462000,3.69220e-07,0.000006,0.000050,0.000005,0.000001,1.000755,0.007057,0.000377,0.053401,0.99925,0.00000,3
1.0,-5.0000,0.463000,3.70906e-07,0.000006,0.000050,0.000005,0.000001,1.000758,0.007059,0.000378,0.053633,0.99925,0.00000,3
1.0,-5.0000,0.464000,3.72597e-07,0.000006,0.000050,0.000005,0.000001,1.000762,0.007061,0.000380,0.053865,0.99925,0.00000,3
1.0,-5.0000,0.465000,3.74292e-07,0.000006,0.000050,0.000005,0.000001,1.000765,0.007062,0.000382,0.054098,0.99924,0.00000,3
1.0,-5.0000,0.466000,3.75991e-07,0.000006,0.000050,0.000005,0.000001,1.000769,0.007064,0.000383,0.054331,0.99924,0.00000,3
1.0,-5.0000,0.467000,3.77695e-07,0.000006,0.000050,0.000005,0.000001,1.000772,0.007066,0.000385,0.054564,0.99923,0.00000,3
1.0,-5.0000,0.468000,3.79404e-07,0.000006,0.000050,0.000005,0.000001,1.000776,0.007067,0.000387,0.054798,0.99923,0.00000,3
1.0,-5.0000,0.469000,3.81116e-07,0.000007,0.000050,0.000005,0.000001,1.000779,0.007069,0.000389,0.055033,0.99923,0.00000,3
1.0,-5.0000,0.470000,3.82834e-07,0.000007,0.000050,0.000006,0.000001,1.000783,0.007070,0.000390,0.055268,0.99922,0.00000,3
1.0,-5.0000,0.471000,3.84555e-07,0.000007,0.000050,0.000006,0.000001,1.000786,0.007072,0.000392,0.055504,0.99922,0.00000,3
1.0,-5.0000,0.472000,3.86281e-07,0.000007,0.000050,0.000006,0.000001,1.000790,0.007074,0.000394,0.055740,0.99922,0.00000,3
1.0,-5.0000,0.473000,3.88012e-07,0.000007,0.000050,0.000006,0.000001,1.000793,0.007075,0.000396,0.055977,0.99921,0.00000,3
1.0,-5.0000,0.474000,3.89747e-07,0.000007,0.000050,0.000006,0.000001,1.000797,0.007077,0.000398,0.056214,0.99921,0.00000,3
1.0,-5.0000,0.475000,3.91487e-07,0.000007,0.000050,0.000006,0.000001,1.000800,0.007079,0.000399,0.056451,0.99921,0.00000,3
1.0,-5.0000,0.476000,3.93231e-07,0.000007,0.000050,0.000006,0.000001,1.000804,0.007080,0.000401,0.056690,0.99920,0.00000,3
1.0,-5.0000,0.477000,3.94979e-07,0.000007,0.000050,0.000006,0.000001,1.000807,0.007082,0.000403,0.056928,0.99920,0.00000,3
1.0,-5.0000,0.478000,3.96732e-07,0.000007,0.000050,0.000006,0.000001,1.000811,0.007084,0.000405,0.057167,0.99920,0.00000,3
1.0,-5.0000,0.479000,3.98489e-07,0.000007,0.000050,0.000006,0.000001,1.000815,0.007086,0.000406,0.057407,0.99919,0.00000,3
1.0,-5.0000,0.480000,4.00251e-07,0.000007,0.000050,0.000006,0.000001,1.000818,0.007087,0.000408,0.057647,0.99919,0.00000,3
1.0,-5.0000,0.481000,4.02018e-07,0.000007,0.000050,0.000006,0.000001,1.000822,0.007089,0.000410,0.057888,0.99919,0.00000,3
1.0,-5.0000,0.482000,4.03789e-07,0.000007,0.000050,0.000006,0.000001,1.000825,0.007091,0.000412,0.058129,0.99918,0.00000,3
1.0,-5.0000,0.483000,4.05564e-07,0.000007,0.000050,0.000006,0.000001,1.000829,0.007092,0.000414,0.058371,0.99918,0.00000,3
1.0,-5.0000,0.484000,4.07344e-07,0.000007,0.000050,0.000006,0.000001,1.000833,0.007094,0.000415,0.058613,0.99917,0.00000,3
1.0,-5.0000,0.485000,4.09129e-07,0.000007,0.000050,0.000006,0.000001,1.000836,0.007096,0.000417,0.058855,0.99917,0.00000,3
1.0,-5.0000,0.486000,4.10918e-07,0.000007,0.000050,0.000006,0.000001,1.000840,0.007097,0.000419,0.059099,0.99917,0.00000,3
1.0,-5.0000,0.487000,4.12712e-07,0.000007,0.000050,0.000006,0.000001,1.000844,0.007099,0.000421,0.059342,0.99916,0.00000,3
1.0,-5.0000,0.488000,4.14510e-07,0.000007,0.000050,0.000006,0.000001,1.000847,0.007101,0.000423,0.059586,0.99916,0.00000,3
1.0,-5.0000,0.489000,4.16313e-07,0.000007,0.000050,0.000006,0.000001,1.000851,0.007103,0.000425,0.059831,0.99916,0.00000,3
1.0,-5.0000,0.490000,4.18120e-07,0.000007,0.000050,0.000006,0.000001,1.000855,0.007104,0.000426,0.060076,0.99915,0.00000,3
1.0,-5.0000,0.491000,4.19932e-07,0.000007,0.000050,0.000006,0.000001,1.000858,0.007106,0.000428,0.060322,0.99915,0.00000,3
1.0,-5.0000,0.492000,4.21748e-07,0.000007,0.000051,0.000006,0.000001,1.000862,0.007108,0.000430,0.060568,0.99915,0.00000,3
1.0,-5.0000,0.493000,4.23569e-07,0.000007,0.000051,0.000006,0.000001,1.000866,0.007110,0.000432,0.060815,0.99914,0.00000,3
1.0,-5.0000,0.494000,4.25395e-07,0.000007,0.000051,0.000006,0.000001,1.000869,0.007111,0.000434,0.061062,0.99914,0.00000,3
1.0,-5.0000,0.495000,4.27225e-07,0.000007,0.000051,0.000006,0.000001,1.000873,0.007113,0.000436,0.061310,0.99913,0.00000,3
1.0,-5.0000,0.496000,4.29059e-07,0.000007,0.000051,0.000006,0.000001,1.000877,0.007115,0.000438,0.061558,0.99913,0.00000,3
1.0,-5.0000,0.497000,4.30899e-07,0.000007,0.000051,0.000006,0.000001,1.000881,0.007117,0.000439,0.061807,0.99913,0.00000,3
1.0,-5.0000,0.498000,4.32743e-07,0.000007,0.000051,0.000006,0.000001,1.000884,0.007118,0.000441,0.062056,0.99912,0.00000,3
1.0,-5.0000,0.499000,4.34591e-07,0.000007,0.000051,0.000006,0.000001,1.000888,0.007120,0.000443,0.062306,0.99912,0.00000,3
1.0,-5.0000,0.500000,4.36444e-07,0.000007,0.000051,0.000006,0.000001,1.000892,0.007122,0.000445,0.062556,0.99912,0.00000,3
1.0,-5.0000,0.501000,4.38302e-07,0.000007,0.000051,0.000006,0.000001,1.000896,0.007124,0.000447,0.062806,0.99911,0.00000,3
1.0,-5.0000,0.502000,4.40164e-07,0.000007,0.000051,0.000006,0.000001,1.000900,0.007125,0.000449,0.063058,0.99911,0.00000,3
1.0,-5.0000,0.503000,4.42031e-07,0.000007,0.000051,0.000006,0.000001,1.000903,0.007127,0.000451,0.063309,0.99910,0.00000,3
1.0,-5.0000,0.504000,4.43903e-07,0.000007,0.000051,0.000006,0.000001,1.000907,0.007129,0.000453,0.063562,0.99910,0.00000,3
1.0,-5.0000,0.505000,4.45779e-07,0.000007,0.000051,0.000006,0.000001,1.000911,0.007131,0.000455,0.063814,0.99910,0.00000,3
1.0,-5.0000,0.506000,4.47660e-07,0.000008,0.000051,0.000007,0.000001,1.000915,0.007133,0.000457,0.064068,0.99909,0.00000,3
1.0,-5.0000,0.507000,4.49546e-07,0.000008,0.000051,0.000007,0.000001,1.000919,0.007134,0.000458,0.064321,0.99909,0.00000,3
1.0,-5.0000,0.508000,4.51436e-07,0.000008,0.000051,0.000007,0.000001,1.000923,0.007136,0.000460,0.064576,0.99909,0.00000,3
1.0,-5.0000,0.509000,4.53331e-07,0.000008,0.000051,0.000007,0.000001,1.000927,0.007138,0.000462,0.064830,0.99908,0.00000,3
1.0,-5.0000,0.510000,4.55231e-07,0.000008,0.000051,0.000007,0.000001,1.000930,0.007140,0.000464,0.065085,0.99908,0.00000,3
1.0,-5.0000,0.511000,4.57135e-07,0.000008,0.000051,0.000007,0.000001,1.000934,0.007142,0.000466,0.065341,0.99907,0.00000,3
1.0,-5.0000,0.512000,4.59044e-07,0.000008,0.000051,0.000007,0.000001,1.000938,0.007143,0.000468,0.065597,0.99907,0.00000,3
1.0,-5.0000,0.513000,4.60957e-07,0.000008,0.000051,0.000007,0.000001,1.000942,0.007145,0.000470,0.065854,0.99907,0.00000,3
1.0,-5.0000,0.514000,4.62876e-07,0.000008,0.000051,0.000007,0.000001,1.000946,0.007147,0.000472,0.066111,0.99906,0.00000,3
1.0,-5.0000,0.515000,4.64799e-07,0.000008,0.000051,0.000007,0.000001,1.000950,0.007149,0.000474,0.066369,0.99906,0.00000,3
1.0,-5.0000,0.516000,4.66727e-07,0.000008,0.000051,0.000007,0.000001,1.000954,0.007151,0.000476,0.066627,0.99905,0.00000,3
1.0,-5.0000,0.517000,4.68659e-07,0.000008,0.000051,0.000007,0.000001,1.000958,0.007153,0.000478,0.066886,0.99905,0.00000,3
1.0,-5.0000,0.518000,4.70596e-07,0.000008,0.000051,0.000007,0.000001,1.000962,0.007154,0.000480,0.067146,0.99905,0.00000,3
1.0,-5.0000,0.519000,4.72538e-07,0.000008,0.000051,0.000007,0.000001,1.000966,0.007156,0.000482,0.067405,0.99904,0.00000,3
1.0,-5.0000,0.520000,4.74485e-07,0.000008,0.000051,0.000007,0.000001,1.000970,0.007158,0.000484,0.067666,0.99904,0.00000,3
1.0,-5.0000,0.521000,4.76436e-07,0.000008,0.000051,0.000007,0.000001,1.000974,0.007160,0.000486,0.067926,0.99904,0.00000,3
1.0,-5.0000,0.522000,4.78392e-07,0.000008,0.000051,0.000007,0.000001,1.000978,0.007162,0.000488,0.068188,0.99903,0.00000,3
1.0,-5.0000,0.523000,4.80353e-07,0.000008,0.000051,0.000007,0.000001,1.000982,0.007164,0.000490,0.068449,0.99903,0.00000,3
1.0,-5.0000,0.524000,4.82319e-07,0.000008,0.000051,0.000007,0.000001,1.000986,0.007165,0.000492,0.068712,0.99902,0.00000,3
1.0,-5.0000,0.525000,4.84289e-07,0.000008,0.000051,0.000007,0.000001,1.000990,0.007167,0.000494,0.068974,0.99902,0.00000,3
1.0,-5.0000,0.526000,4.86264e-07,0.000008,0.000051,0.000007,0.000001,1.000994,0.007169,0.000496,0.069238,0.99902,0.00000,3
1.0,-5.0000,0.527000,4.88244e-07,0.000008,0.000051,0.000007,0.000001,1.000998,0.007171,0.000498,0.069502,0.99901,0.00000,3
1.0,-5.0000,0.528000,4.90229e-07,0.000008,0.000051,0.000007,0.000001,1.001002,0.007173,0.000500,0.069766,0.99901,0.00000,3
1.0,-5.0000,0.529000,4.92218e-07,0.000008,0.000051,0.000007,0.000001,1.001006,0.007175,0.000502,0.070031,0.99900,0.00000,3
1.0,-5.0000,0.530000,4.94213e-07,0.000008,0.000052,0.000007,0.000001,1.001010,0.007177,0.000504,0.070296,0.99900,0.00000,3
1.0,-5.0000,0.531000,4.96212e-07,0.000008,0.000052,0.000007,0.000001,1.001014,0.007179,0.000506,0.070562,0.99900,0.00000,3
1.0,-5.0000,0.532000,4.98215e-07,0.000008,0.000052,0.000007,0.000001,1.001018,0.007181,0.000508,0.070828,0.99899,0.00000,3
1.0,-5.0000,0.533000,5.00224e-07,0.000008,0.000052,0.000007,0.000001,1.001022,0.007182,0.000510,0.071095,0.99899,0.00000,3
1.0,-5.0000,0.534000,5.02238e-07,0.000008,0.000052,0.000007,0.000001,1.001026,0.007184,0.000512,0.071362,0.99898,0.00000,3
1.0,-5.0000,0.535000,5.04256e-07,0.000008,0.000052,0.000007,0.000001,1.001031,0.007186,0.000514,0.071630,0.99898,0.00000,3
1.0,-5.0000,0.536000,5.06279e-07,0.000008,0.000052,0.000007,0.000001,1.001035,0.007188,0.000516,0.071898,0.99897,0.00000,3
1.0,-5.0000,0.537000,5.08307e-07,0.000008,0.000052,0.000007,0.000001,1.001039,0.007190,0.000518,0.072167,0.99897,0.00000,3
1.0,-5.0000,0.538000,5.10340e-07,0.000009,0.000052,0.000007,0.000001,1.001043,0.007192,0.000520,0.072436,0.99897,0.00000,3
1.0,-5.0000,0.539000,5.12378e-07,0.000009,0.000052,0.000008,0.000001,1.001047,0.007194,0.000522,0.072706,0.99896,0.00000,3
1.0,-5.0000,0.540000,5.14420e-07,0.000009,0.000052,0.000008,0.000001,1.001051,0.007196,0.000525,0.072977,0.99896,0.00000,3
1.0,-5.0000,0.541000,5.16468e-07,0.000009,0.000052,0.000008,0.000001,1.001055,0.007198,0.000527,0.073247,0.99895,0.00000,3
1.0,-5.0000,0.542000,5.18520e-07,0.000009,0.000052,0.000008,0.000001,1.001060,0.007200,0.000529,0.073519,0.99895,0.00000,3
1.0,-5.0000,0.543000,5.20577e-07,0.000009,0.000052,0.000008,0.000001,1.001064,0.007202,0.000531,0.073791,0.99895,0.00000,3
1.0,-5.0000,0.544000,5.22639e-07,0.000009,0.000052,0.000008,0.000001,1.001068,0.007204,0.000533,0.074063,0.99894,0.00000,3
1.0,-5.0000,0.545000,5.24706e-07,0.000009,0.000052,0.000008,0.000001,1.001072,0.007206,0.000535,0.074336,0.99894,0.00000,3
1.0,-5.0000,0.546000,5.26778e-07,0.000009,0.000052,0.000008,0.000001,1.001077,0.007208,0.000537,0.074609,0.99893,0.00000,3
1.0,-5.0000,0.547000,5.28855e-07,0.000009,0.000052,0.000008,0.000001,1.001081,0.007210,0.000539,0.074883,0.99893,0.00000,3
1.0,-5.0000,0.548000,5.30937e-07,0.000009,0.000052,0.000008,0.000001,1.001085,0.007211,0.000541,0.075157,0.99892,0.00000,3
1.0,-5.0000,0.549000,5.33023e-07,0.000009,0.000052,0.000008,0.000001,1.001089,0.007213,0.000544,0.075432,0.99892,0.00000,3
1.0,-5.0000,0.550000,5.35115e-07,0.000009,0.000052,0.000008,0.000001,1.001094,0.007215,0.000546,0.075708,0.99892,0.00000,3
1.0,-5.0000,0.551000,5.37211e-07,0.000009,0.000052,0.000008,0.000001,1.001098,0.007217,0.000548,0.075984,0.99891,0.00000,3
1.0,-5.0000,0.552000,5.39312e-07,0.000009,0.000052,0.000008,0.000001,1.001102,0.007219,0.000550,0.076260,0.99891,0.00000,3
1.0,-5.0000,0.553000,5.41419e-07,0.000009,0.000052,0.000008,0.000001,1.001106,0.007221,0.000552,0.076537,0.99890,0.00000,3
1.0,-5.0000,0.554000,5.43530e-07,0.000009,0.000052,0.000008,0.000001,1.001111,0.007223,0.000554,0.076814,0.99890,0.00000,3
1.0,-5.0000,0.555000,5.45646e-07,0.000009,0.000052,0.000008,0.000001,1.001115,0.007225,0.000556,0.077092,0.99890,0.00000,3
1.0,-5.0000,0.556000,5.47767e-07,0.000009,0.000052,0.000008,0.000001,1.001119,0.007227,0.000559,0.077371,0.99889,0.00000,3
1.0,-5.0000,0.557000,5.49893e-07,0.000009,0.000052,0.000008,0.000001,1.001124,0.007229,0.000561,0.077649,0.99889,0.00000,3
1.0,-5.0000,0.558000,5.52025e-07,0.000009,0.000052,0.000008,0.000001,1.001128,0.007231,0.000563,0.077929,0.99888,0.00000,3
1.0,-5.0000,0.559000,5.54161e-07,0.000009,0.000052,0.000008,0.000001,1.001132,0.007233,0.000565,0.078209,0.99888,0.00000,3
1.0,-5.0000,0.560000,5.56302e-07,0.000009,0.000052,0.000008,0.000001,1.001137,0.007235,0.000567,0.078489,0.99887,0.00000,3
1.0,-5.0000,0.561000,5.58448e-07,0.000009,0.000052,0.000008,0.000001,1.001141,0.007237,0.000569,0.078770,0.99887,0.00000,3
1.0,-5.0000,0.562000,5.60599e-07,0.000009,0.000052,0.000008,0.000001,1.001146,0.007239,0.000572,0.079051,0.99887,0.00000,3
1.0,-5.0000,0.563000,5.62755e-07,0.000009,0.000052,0.000008,0.000001,1.001150,0.007241,0.000574,0.079333,0.99886,0.00000,3
1.0,-5.0000,0.564000,5.64916e-07,0.000009,0.000052,0.000008,0.000001,1.001154,0.007243,0.000576,0.079616,0.99886,0.00000,3
1.0,-5.0000,0.565000,5.67082e-07,0.000009,0.000052,0.000008,0.000002,1.001159,0.007246,0.000578,0.079899,0.99885,0.00000,3
1.0,-5.0000,0.566000,5.69253e-07,0.000009,0.000053,0.000008,0.000002,1.001163,0.007248,0.000580,0.080182,0.99885,0.00000,3
1.0,-5.0000,0.567000,5.71430e-07,0.000009,0.000053,0.000008,0.000002,1.001168,0.007250,0.000583,0.080466,0.99884,0.00000,3
1.0,-5.0000,0.568000,5.73611e-07,0.000010,0.000053,0.000008,0.000002,1.001172,0.007252,0.000585,0.080751,0.99884,0.00000,3
1.0,-5.0000,0.569000,5.75797e-07,0.000010,0.000053,0.000009,0.000002,1.001177,0.007254,0.000587,0.081035,0.99883,0.00000,3
1.0,-5.0000,0.570000,5.77988e-07,0.000010,0.000053,0.000009,0.000002,1.001181,0.007256,0.000589,0.081321,0.99883,0.00000,3
1.0,-5.0000,0.571000,5.80185e-07,0.000010,0.000053,0.000009,0.000002,1.001186,0.007258,0.000592,0.081607,0.99883,0.00000,3
1.0,-5.0000,0.572000,5.82386e-07,0.000010,0.000053,0.000009,0.000002,1.001190,0.007260,0.000594,0.081893,0.99882,0.00000,3
1.0,-5.0000,0.573000,5.84593e-07,0.000010,0.000053,0.000009,0.000002,1.001195,0.007262,0.000596,0.082180,0.99882,0.00000,3
1.0,-5.0000,0.574000,5.86805e-07,0.000010,0.000053,0.000009,0.000002,1.001199,0.007264,0.000598,0.082468,0.99881,0.00000,3
1.0,-5.0000,0.575000,5.89021e-07,0.000010,0.000053,0.000009,0.000002,1.001204,0.007266,0.000601,0.082756,0.99881,0.00000,3
1.0,-5.0000,0.576000,5.91243e-07,0.000010,0.000053,0.000009,0.000002,1.001208,0.007268,0.000603,0.083044,0.99880,0.00000,3
1.0,-5.0000,0.577000,5.93470e-07,0.000010,0.000053,0.000009,0.000002,1.001213,0.007270,0.000605,0.083333,0.99880,0.00000,3
1.0,-5.0000,0.578000,5.95702e-07,0.000010,0.000053,0.000009,0.000002,1.001217,0.007272,0.000607,0.083623,0.99879,0.00000,3
1.0,-5.0000,0.579000,5.97939e-07,0.000010,0.000053,0.000009,0.000002,1.001222,0.007274,0.000610,0.083913,0.99879,0.00000,3
1.0,-5.0000,0.580000,6.00182e-07,0.000010,0.000053,0.000009,0.000002,1.001226,0.007277,0.000612,0.084203,0.99878,0.00000,3
1.0,-5.0000,0.581000,6.02429e-07,0.000010,0.000053,0.000009,0.000002,1.001231,0.007279,0.000614,0.084494,0.99878,0.00000,3
1.0,-5.0000,0.582000,6.04682e-07,0.000010,0.000053,0.000009,0.000002,1.001236,0.007281,0.000617,0.084786,0.99878,0.00000,3
1.0,-5.0000,0.583000,6.06940e-07,0.000010,0.000053,0.000009,0.000002,1.001240,0.007283,0.000619,0.085078,0.99877,0.00000,3
1.0,-5.0000,0.584000,6.09202e-07,0.000010,0.000053,0.000009,0.000002,1.001245,0.007285,0.000621,0.085370,0.99877,0.00000,3
1.0,-5.0000,0.585000,6.11471e-07,0.000010,0.000053,0.000009,0.000002,1.001249,0.007287,0.000623,0.085663,0.99876,0.00000,3
1.0,-5.0000,0.586000,6.13744e-07,0.000010,0.000053,0.000009,0.000002,1.001254,0.007289,0.000626,0.085957,0.99876,0.00000,3
1.0,-5.0000,0.587000,6.16022e-07,0.000010,0.000053,0.000009,0.000002,1.001259,0.007291,0.000628,0.086251,0.99875,0.00000,3
1.0,-5.0000,0.588000,6.18306e-07,0.000010,0.000053,0.000009,0.000002,1.001263,0.007293,0.000630,0.086545,0.99875,0.00000,3
1.0,-5.0000,0.589000,6.20595e-07,0.000010,0.000053,0.000009,0.000002,1.001268,0.007296,0.000633,0.086840,0.99874,0.00000,3
1.0,-5.0000,0.590000,6.22889e-07,0.000010,0.000053,0.000009,0.000002,1.001273,0.007298,0.000635,0.087136,0.99874,0.00000,3
1.0,-5.0000,0.591000,6.25188e-07,0.000010,0.000053,0.000009,0.000002,1.001277,0.007300,0.000637,0.087432,0.99873,0.00000,3
1.0,-5.0000,0.592000,6.27492e-07,0.000010,0.000053,0.000009,0.000002,1.001282,0.007302,0.000640,0.087728,0.99873,0.00000,3
1.0,-5.0000,0.593000,6.29802e-07,0.000010,0.000053,0.000009,0.000002,1.001287,0.007304,0.000642,0.088025,0.99873,0.00000,3
1.0,-5.0000,0.594000,6.32117e-07,0.000010,0.000053,0.000009,0.000002,1.001292,0.007306,0.000644,0.088323,0.99872,0.00000,3
1.0,-5.0000,0.595000,6.34437e-07,0.000010,0.000053,0.000009,0.000002,1.001296,0.007309,0.000647,0.088621,0.99872,0.00000,3
1.0,-5.0000,0.596000,6.36762e-07,0.000011,0.000053,0.000009,0.000002,1.001301,0.007311,0.000649,0.088920,0.99871,0.00000,3
1.0,-5.0000,0.597000,6.39093e-07,0.000011,0.000053,0.000010,0.000002,1.001306,0.007313,0.000652,0.089219,0.99871,0.00000,3
1.0,-5.0000,0.598000,6.41429e-07,0.000011,0.000054,0.000010,0.000002,1.001311,0.007315,0.000654,0.089518,0.99870,0.00000,3
1.0,-5.0000,0.599000,6.43770e-07,0.000011,0.000054,0.000010,0.000002,1.001315,0.007317,0.000656,0.089818,0.99870,0.00000,3
1.0,-5.0000,0.600000,6.46116e-07,0.000011,0.000054,0.000010,0.000002,1.001320,0.007319,0.000659,0.090119,0.99869,0.00000,3
1.0,-5.0000,0.601000,6.48468e-07,0.000011,0.000054,0.000010,0.000002,1.001325,0.007322,0.000661,0.090420,0.99869,0.00000,3
1.0,-5.0000,0.602000,6.50825e-07,0.000011,0.000054,0.000010,0.000002,1.001330,0.007324,0.000664,0.090721,0.99868,0.00000,3
1.0,-5.0000,0.603000,6.53187e-07,0.000011,0.000054,0.000010,0.000002,1.001335,0.007326,0.000666,0.091024,0.99868,0.00000,3
1.0,-5.0000,0.604000,6.55555e-07,0.000011,0.000054,0.000010,0.000002,1.001340,0.007328,0.000668,0.091326,0.99867,0.00000,3
1.0,-5.0000,0.605000,6.57928e-07,0.000011,0.000054,0.000010,0.000002,1.001344,0.007330,0.000671,0.091629,0.99867,0.00000,3
1.0,-5.0000,0.606000,6.60306e-07,0.000011,0.000054,0.000010,0.000002,1.001349,0.007333,0.000673,0.091933,0.99866,0.00000,3
1.0,-5.0000,0.607000,6.62689e-07,0.000011,0.000054,0.000010,0.000002,1.001354,0.007335,0.000676,0.092237,0.99866,0.00000,3
1.0,-5.0000,0.608000,6.65078e-07,0.000011,0.000054,0.000010,0.000002,1.001359,0.007337,0.000678,0.092542,0.99865,0.00000,3
1.0,-5.0000,0.609000,6.67473e-07,0.000011,0.000054,0.000010,0.000002,1.001364,0.007339,0.000680,0.092847,0.99865,0.00000,3
1.0,-5.0000,0.610000,6.69872e-07,0.000011,0.000054,0.000010,0.000002,1.001369,0.007341,0.000683,0.093152,0.99864,0.00000,3
1.0,-5.0000,0.611000,6.72277e-07,0.000011,0.000054,0.000010,0.000002,1.001374,0.007344,0.000685,0.093458,0.99864,0.00000,3
1.0,-5.0000,0.612000,6.74687e-07,0.000011,0.000054,0.000010,0.000002,1.001379,0.007346,0.000688,0.093765,0.99863,0.00000,3
1.0,-5.0000,0.613000,6.77103e-07,0.000011,0.000054,0.000010,0.000002,1.001384,0.007348,0.000690,0.094072,0.99863,0.00000,3
1.0,-5.0000,0.614000,6.79524e-07,0.000011,0.000054,0.000010,0.000002,1.001388,0.007350,0.000693,0.094380,0.99862,0.00000,3
1.0,-5.0000,0.615000,6.81951e-07,0.000011,0.000054,0.000010,0.000002,1.001393,0.007353,0.000695,0.094688,0.99862,0.00000,3
1.0,-5.0000,0.616000,6.84382e-07,0.000011,0.000054,0.000010,0.000002,1.001398,0.007355,0.000698,0.094997,0.99861,0.00000,3
1.0,-5.0000,0.617000,6.86820e-07,0.000011,0.000054,0.000010,0.000002,1.001403,0.007357,0.000700,0.095306,0.99861,0.00000,3
1.0,-5.0000,0.618000,6.89262e-07,0.000011,0.000054,0.000010,0.000002,1.001408,0.007359,0.000703,0.095615,0.99860,0.00000,3
1.0,-5.0000,0.619000,6.91710e-07,0.000011,0.000054,0.000010,0.000002,1.001413,0.007362,0.000705,0.095926,0.99860,0.00000,3
1.0,-5.0000,0.620000,6.94164e-07,0.000011,0.000054,0.000010,0.000002,1.001418,0.007364,0.000708,0.096236,0.99860,0.00000,3
1.0,-5.0000,0.621000,6.96623e-07,0.000011,0.000054,0.000010,0.000002,1.001423,0.007366,0.000710,0.096547,0.99859,0.00000,3
1.0,-5.0000,0.622000,6.99087e-07,0.000012,0.000054,0.000011,0.000002,1.001428,0.007369,0.000713,0.096859,0.99859,0.00000,3
1.0,-5.0000,0.623000,7.01557e-07,0.000012,0.000054,0.000011,0.000002,1.001433,0.007371,0.000715,0.097171,0.99858,0.00000,3
1.0,-5.0000,0.624000,7.04032e-07,0.000012,0.000054,0.000011,0.000002,1.001439,0.007373,0.000718,0.097484,0.99858,0.00000,3
1.0,-5.0000,0.625000,7.06513e-07,0.000012,0.000054,0.000011,0.000002,1.001444,0.007375,0.000720,0.097797,0.99857,0.00000,3
1.0,-5.0000,0.626000,7.08999e-07,0.000012,0.000054,0.000011,0.000002,1.001449,0.007378,0.000723,0.098111,0.99857,0.00000,3
1.0,-5.0000,0.627000,7.11491e-07,0.000012,0.000054,0.000011,0.000002,1.001454,0.007380,0.000725,0.098425,0.99856,0.00000,3
1.0,-5.0000,0.628000,7.13988e-07,0.000012,0.000054,0.000011,0.000002,1.001459,0.007382,0.000728,0.098740,0.99856,0.00000,3
1.0,-5.0000,0.629000,7.16491e-07,0.000012,0.000055,0.000011,0.000002,1.001464,0.007385,0.000730,0.099055,0.99855,0.00000,3
1.0,-5.0000,0.630000,7.18999e-07,0.000012,0.000055,0.000011,0.000002,1.001469,0.007387,0.000733,0.099371,0.99854,0.00000,3
1.0,-5.0000,0.631000,7.21513e-07,0.000012,0.000055,0.000011,0.000002,1.001474,0.007389,0.000736,0.099687,0.99854,0.00000,3
1.0,-5.0000,0.632000,7.24032e-07,0.000012,0.000055,0.000011,0.000002,1.001479,0.007392,0.000738,0.100004,0.99853,0.00000,3
1.0,-5.0000,0.633000,7.26557e-07,0.000012,0.000055,0.000011,0.000002,1.001485,0.007394,0.000741,0.100321,0.99853,0.00000,3
1.0,-5.0000,0.634000,7.29087e-07,0.000012,0.000055,0.000011,0.000002,1.001490,0.007396,0.000743,0.100639,0.99852,0.00000,3
1.0,-5.0000,0.635000,7.31623e-07,0.000012,0.000055,0.000011,0.000002,1.001495,0.007399,0.000746,0.100957,0.99852,0.00000,3
1.0,-5.0000,0.636000,7.34165e-07,0.000012,0.000055,0.000011,0.000002,1.001500,0.007401,0.000748,0.101276,0.99851,0.00000,3
1.0,-5.0000,0.637000,7.36712e-07,0.000012,0.000055,0.000011,0.000002,1.001505,0.007403,0.000751,0.101595,0.99851,0.00000,3
1.0,-5.0000,0.638000,7.39264e-07,0.000012,0.000055,0.000011,0.000002,1.001510,0.007406,0.000754,0.101915,0.99850,0.00000,3
1.0,-5.0000,0.639000,7.41822e-07,0.000012,0.000055,0.000011,0.000002,1.001516,0.007408,0.000756,0.102235,0.99850,0.00000,3
1.0,-5.0000,0.640000,7.44386e-07,0.000012,0.000055,0.000011,0.000003,1.001521,0.007410,0.000759,0.102556,0.99849,0.00000,3
1.0,-5.0000,0.641000,7.46956e-07,0.000012,0.000055,0.000011,0.000003,1.001526,0.007413,0.000761,0.102877,0.99849,0.00000,3
1.0,-5.0000,0.642000,7.49531e-07,0.000012,0.000055,0.000011,0.000003,1.001531,0.007415,0.000764,0.103199,0.99848,0.00000,3
1.0,-5.0000,0.643000,7.52111e-07,0.000012,0.000055,0.000011,0.000003,1.001537,0.007417,0.000767,0.103521,0.99848,0.00000,3
1.0,-5.0000,0.644000,7.54697e-07,0.000012,0.000055,0.000011,0.000003,1.001542,0.007420,0.000769,0.103844,0.99847,0.00000,3
1.0,-5.0000,0.645000,7.57289e-07,0.000012,0.000055,0.000011,0.000003,1.001547,0.007422,0.000772,0.104167,0.99847,0.00000,3
1.0,-5.0000,0.646000,7.59887e-07,0.000013,0.000055,0.000012,0.000003,1.001553,0.007425,0.000775,0.104491,0.99846,0.00000,3
1.0,-5.0000,0.647000,7.62490e-07,0.000013,0.000055,0.000012,0.000003,1.001558,0.007427,0.000777,0.104815,0.99846,0.00000,3
1.0,-5.0000,0.648000,7.65098e-07,0.000013,0.000055,0.000012,0.000003,1.001563,0.007429,0.000780,0.105140,0.99845,0.00000,3
1.0,-5.0000,0.649000,7.67713e-07,0.000013,0.000055,0.000012,0.000003,1.001569,0.007432,0.000783,0.105465,0.99845,0.00000,3
1.0,-5.0000,0.650000,7.70333e-07,0.000013,0.000055,0.000012,0.000003,1.001574,0.007434,0.000785,0.105791,0.99844,0.00000,3
1.0,-5.0000,0.651000,7.72959e-07,0.000013,0.000055,0.000012,0.000003,1.001579,0.007437,0.000788,0.106118,0.99844,0.00000,3
1.0,-5.0000,0.652000,7.75590e-07,0.000013,0.000055,0.000012,0.000003,1.001585,0.007439,0.000791,0.106444,0.99843,0.00000,3
1.0,-5.0000,0.653000,7.78227e-07,0.000013,0.000055,0.000012,0.000003,1.001590,0.007441,0.000793,0.106772,0.99843,0.00000,3
1.0,-5.0000,0.654000,7.80870e-07,0.000013,0.000055,0.000012,0.000003,1.001595,0.007444,0.000796,0.107100,0.99842,0.00000,3
1.0,-5.0000,0.655000,7.83519e-07,0.000013,0.000055,0.000012,0.000003,1.001601,0.007446,0.000799,0.107428,0.99841,0.00000,3
1.0,-5.0000,0.656000,7.86173e-07,0.000013,0.000055,0.000012,0.000003,1.001606,0.007449,0.000801,0.107757,0.99841,0.00000,3
1.0,-5.0000,0.657000,7.88833e-07,0.000013,0.000056,0.000012,0.000003,1.001612,0.007451,0.000804,0.108086,0.99840,0.00000,3
1.0,-5.0000,0.658000,7.91499e-07,0.000013,0.000056,0.000012,0.000003,1.001617,0.007454,0.000807,0.108416,0.99840,0.00000,3
1.0,-5.0000,0.659000,7.94171e-07,0.000013,0.000056,0.000012,0.000003,1.001623,0.007456,0.000809,0.108746,0.99839,0.00000,3
1.0,-5.0000,0.660000,7.96848e-07,0.000013,0.000056,0.000012,0.000003,1.001628,0.007458,0.000812,0.109077,0.99839,0.00000,3
1.0,-5.0000,0.661000,7.99531e-07,0.000013,0.000056,0.000012,0.000003,1.001634,0.007461,0.000815,0.109409,0.99838,0.00000,3
1.0,-5.0000,0.662000,8.02220e-07,0.000013,0.000056,0.000012,0.000003,1.001639,0.007463,0.000818,0.109741,0.99838,0.00000,3
1.0,-5.0000,0.663000,8.04914e-07,0.000013,0.000056,0.000012,0.000003,1.001645,0.007466,0.000820,0.110073,0.99837,0.00000,3
1.0,-5.0000,0.664000,8.07615e-07,0.000013,0.000056,0.000012,0.000003,1.001650,0.007468,0.000823,0.110406,0.99837,0.00000,3
1.0,-5.0000,0.665000,8.10321e-07,0.000013,0.000056,0.000012,0.000003,1.001656,0.007471,0.000826,0.110739,0.99836,0.00000,3
1.0,-5.0000,0.666000,8.13033e-07,0.000013,0.000056,0.000012,0.000003,1.001661,0.007473,0.000829,0.111073,0.99835,0.00000,3
1.0,-5.0000,0.667000,8.15751e-07,0.000013,0.000056,0.000012,0.000003,1.001667,0.007476,0.000831,0.111408,0.99835,0.00000,3
1.0,-5.0000,0.668000,8.18475e-07,0.000014,0.000056,0.000012,0.000003,1.001672,0.007478,0.000834,0.111743,0.99834,0.00000,3
1.0,-5.0000,0.669000,8.21204e-07,0.000014,0.000056,0.000013,0.000003,1.001678,0.007481,0.000837,0.112078,0.99834,0.00000,3
1.0,-5.0000,0.670000,8.23940e-07,0.000014,0.000056,0.000013,0.000003,1.001683,0.007483,0.000840,0.112414,0.99833,0.00000,3
1.0,-5.0000,0.671000,8.26681e-07,0.000014,0.000056,0.000013,0.000003,1.001689,0.007486,0.000843,0.112750,0.99833,0.00000,3
1.0,-5.0000,0.672000,8.29428e-07,0.000014,0.000056,0.000013,0.000003,1.001695,0.007488,0.000845,0.113087,0.99832,0.00000,3
1.0,-5.0000,0.673000,8.32181e-07,0.000014,0.000056,0.000013,0.000003,1.001700,0.007491,0.000848,0.113425,0.99832,0.00000,3
1.0,-5.0000,0.674000,8.34940e-07,0.000014,0.000056,0.000013,0.000003,1.001706,0.007493,0.000851,0.113763,0.99831,0.00000,3
1.0,-5.0000,0.675000,8.37705e-07,0.000014,0.000056,0.000013,0.000003,1.001712,0.007496,0.000854,0.114101,0.99831,0.00000,3
1.0,-5.0000,0.676000,8.40475e-07,0.000014,0.000056,0.000013,0.000003,1.001717,0.007498,0.000857,0.114440,0.99830,0.00000,3
1.0,-5.0000,0.677000,8.43252e-07,0.000014,0.000056,0.000013,0.000003,1.001723,0.007501,0.000859,0.114780,0.99829,0.00000,3
1.0,-5.0000,0.678000,8.46034e-07,0.000014,0.000056,0.000013,0.000003,1.001729,0.007503,0.000862,0.115120,0.99829,0.00000,3
1.0,-5.0000,0.679000,8.48823e-07,0.000014,0.000056,0.000013,0.000003,1.001734,0.007506,0.000865,0.115460,0.99828,0.00000,3
1.0,-5.0000,0.680000,8.51617e-07,0.000014,0.000056,0.000013,0.000003,1.001740,0.007508,0.000868,0.115801,0.99828,0.00000,3
1.0,-5.0000,0.681000,8.54417e-07,0.000014,0.000056,0.000013,0.000003,1.001746,0.007511,0.000871,0.116143,0.99827,0.00000,3
1.0,-5.0000,0.682000,8.57223e-07,0.000014,0.000056,0.000013,0.000003,1.001751,0.007513,0.000874,0.116485,0.99827,0.00000,3
1.0,-5.0000,0.683000,8.60036e-07,0.000014,0.000056,0.000013,0.000003,1.001757,0.007516,0.000877,0.116827,0.99826,0.00000,3
1.0,-5.0000,0.684000,8.62854e-07,0.000014,0.000057,0.000013,0.000003,1.001763,0.007519,0.000879,0.117170,0.99825,0.00000,3
1.0,-5.0000,0.685000,8.65678e-07,0.000014,0.000057,0.000013,0.000003,1.001769,0.007521,0.000882,0.117514,0.99825,0.00000,3
1.0,-5.0000,0.686000,8.68508e-07,0.000014,0.000057,0.000013,0.000003,1.001774,0.007524,0.000885,0.117858,0.99824,0.00000,3
1.0,-5.0000,0.687000,8.71344e-07,0.000014,0.000057,0.000013,0.000003,1.001780,0.007526,0.000888,0.118202,0.99824,0.00000,3
1.0,-5.0000,0.688000,8.74186e-07,0.000014,0.000057,0.000013,0.000003,1.001786,0.007529,0.000891,0.118547,0.99823,0.00000,3
1.0,-5.0000,0.689000,8.77035e-07,0.000015,0.000057,0.000013,0.000003,1.001792,0.007531,0.000894,0.118893,0.99823,0.00000,3
1.0,-5.0000,0.690000,8.79889e-07,0.000015,0.000057,0.000014,0.000003,1.001798,0.007534,0.000897,0.119239,0.99822,0.00000,3
1.0,-5.0000,0.691000,8.82749e-07,0.000015,0.000057,0.000014,0.000003,1.001804,0.007537,0.000900,0.119586,0.99821,0.00000,3
1.0,-5.0000,0.692000,8.85615e-07,0.000015,0.000057,0.000014,0.000004,1.001809,0.007539,0.000903,0.119933,0.99821,0.00000,3
1.0,-5.0000,0.693000,8.88488e-07,0.000015,0.000057,0.000014,0.000004,1.001815,0.007542,0.000905,0.120280,0.99820,0.00000,3
1.0,-5.0000,0.694000,8.91366e-07,0.000015,0.000057,0.000014,0.000004,1.001821,0.007544,0.000908,0.120628,0.99820,0.00000,3
1.0,-5.0000,0.695000,8.94250e-07,0.000015,0.000057,0.000014,0.000004,1.001827,0.007547,0.000911,0.120977,0.99819,0.00000,3
1.0,-5.0000,0.696000,8.97141e-07,0.000015,0.000057,0.000014,0.000004,1.001833,0.007550,0.000914,0.121326,0.99819,0.00000,3
1.0,-5.0000,0.697000,9.00038e-07,0.000015,0.000057,0.000014,0.000004,1.001839,0.007552,0.000917,0.121676,0.99818,0.00000,3
1.0,-5.0000,0.698000,9.02940e-07,0.000015,0.000057,0.000014,0.000004,1.001845,0.007555,0.000920,0.122026,0.99817,0.00000,3
1.0,-5.0000,0.699000,9.05849e-07,0.000015,0.000057,0.000014,0.000004,1.001851,0.007558,0.000923,0.122376,0.99817,0.00000,3
1.0,-5.0000,0.700000,9.08764e-07,0.000015,0.000057,0.000014,0.000004,1.001857,0.007560,0.000926,0.122727,0.99816,0.00000,3
1.0,-5.0000,0.701000,9.11685e-07,0.000015,0.000057,0.000014,0.000004,1.001863,0.007563,0.000929,0.123079,0.99816,0.00000,3
1.0,-5.0000,0.702000,9.14613e-07,0.000015,0.000057,0.000014,0.000004,1.001869,0.007565,0.000932,0.123431,0.99815,0.00000,3
1.0,-5.0000,0.703000,9.17546e-07,0.000015,0.000057,0.000014,0.000004,1.001875,0.007568,0.000935,0.123784,0.99814,0.00000,3
1.0,-5.0000,0.704000,9.20486e-07,0.000015,0.000057,0.000014,0.000004,1.001881,0.007571,0.000938,0.124137,0.99814,0.00000,3
1.0,-5.0000,0.705000,9.23432e-07,0.000015,0.000057,0.000014,0.000004,1.001887,0.007573,0.000941,0.124491,0.99813,0.00000,3
1.0,-5.0000,0.706000,9.26383e-07,0.000015,0.000057,0.000014,0.000004,1.001893,0.007576,0.000944,0.124845,0.99813,0.00000,3
1.0,-5.0000,0.707000,9.29342e-07,0.000015,0.000057,0.000014,0.000004,1.001899,0.007579,0.000947,0.125200,0.99812,0.00000,3
1.0,-5.0000,0.708000,9.32306e-07,0.000015,0.000057,0.000014,0.000004,1.001905,0.007581,0.000950,0.125555,0.99811,0.00000,3
1.0,-5.0000,0.709000,9.35276e-07,0.000016,0.000058,0.000014,0.000004,1.001911,0.007584,0.000953,0.125910,0.99811,0.00000,3
1.0,-5.0000,0.710000,9.38253e-07,0.000016,0.000058,0.000015,0.000004,1.001917,0.007587,0.000956,0.126267,0.99810,0.00000,3
1.0,-5.0000,0.711000,9.41236e-07,0.000016,0.000058,0.000015,0.000004,1.001923,0.007589,0.000959,0.126623,0.99810,0.00000,3
1.0,-5.0000,0.712000,9.44225e-07,0.000016,0.000058,0.000015,0.000004,1.001929,0.007592,0.000962,0.126980,0.99809,0.00000,3
1.0,-5.0000,0.713000,9.47221e-07,0.000016,0.000058,0.000015,0.000004,1.001935,0.007595,0.000965,0.127338,0.99808,0.00000,3
1.0,-5.0000,0.714000,9.50223e-07,0.000016,0.000058,0.000015,0.000004,1.001941,0.007598,0.000968,0.127696,0.99808,0.00000,3
1.0,-5.0000,0.715000,9.53231e-07,0.000016,0.000058,0.000015,0.000004,1.001948,0.007600,0.000971,0.128055,0.99807,0.00000,3
1.0,-5.0000,0.716000,9.56245e-07,0.000016,0.000058,0.000015,0.000004,1.001954,0.007603,0.000974,0.128414,0.99807,0.00000,3
1.0,-5.0000,0.717000,9.59265e-07,0.000016,0.000058,0.000015,0.000004,1.001960,0.007606,0.000977,0.128774,0.99806,0.00000,3
1.0,-5.0000,0.718000,9.62292e-07,0.000016,0.000058,0.000015,0.000004,1.001966,0.007608,0.000981,0.129134,0.99805,0.00000,3
1.0,-5.0000,0.719000,9.65326e-07,0.000016,0.000058,0.000015,0.000004,1.001972,0.007611,0.000984,0.129495,0.99805,0.00000,3
1.0,-5.0000,0.720000,9.68365e-07,0.000016,0.000058,0.000015,0.000004,1.001978,0.007614,0.000987,0.129856,0.99804,0.00000,3
1.0,-5.0000,0.721000,9.71411e-07,0.000016,0.000058,0.000015,0.000004,1.001985,0.007617,0.000990,0.130218,0.99804,0.00000,3
1.0,-5.0000,0.722000,9.74463e-07,0.000016,0.000058,0.000015,0.000004,1.001991,0.007619,0.000993,0.130580,0.99803,0.00000,3
1.0,-5.0000,0.723000,9.77521e-07,0.000016,0.000058,0.000015,0.000004,1.001997,0.007622,0.000996,0.130943,0.99802,0.00000,3
1.0,-5.0000,0.724000,9.80586e-07,0.000016,0.000058,0.000015,0.000004,1.002003,0.007625,0.000999,0.131307,0.99802,0.00000,3
1.0,-5.0000,0.725000,9.83658e-07,0.000016,0.000058,0.000015,0.000004,1.002010,0.007628,0.001002,0.131670,0.99801,0.00000,3
1.0,-5.0000,0.726000,9.86735e-07,0.000016,0.000058,0.000015,0.000004,1.002016,0.007630,0.001005,0.132035,0.99800,0.00000,3
1.0,-5.0000,0.727000,9.89819e-07,0.000016,0.000058,0.000015,0.000004,1.002022,0.007633,0.001009,0.132399,0.99800,0.00000,3
1.0,-5.0000,0.728000,9.92910e-07,0.000017,0.000058,0.000015,0.000004,1.002029,0.007636,0.001012,0.132765,0.99799,0.00000,3
1.0,-5.0000,0.729000,9.96006e-07,0.000017,0.000058,0.000016,0.000004,1.002035,0.007639,0.001015,0.133131,0.99799,0.00000,3
1.0,-5.0000,0.730000,9.99110e-07,0.000017,0.000058,0.000016,0.000004,1.002041,0.007641,0.001018,0.133497,0.99798,0.00000,3
1.0,-5.0000,0.731000,1.00222e-06,0.000017,0.000058,0.000016,0.000004,1.002048,0.007644,0.001021,0.133864,0.99797,0.00000,3
1.0,-5.0000,0.732000,1.00534e-06,0.000017,0.000058,0.000016,0.000004,1.002054,0.007647,0.001024,0.134231,0.99797,0.00000,3
1.0,-5.0000,0.733000,1.00846e-06,0.000017,0.000059,0.000016,0.000005,1.002060,0.007650,0.001028,0.134599,0.99796,0.00000,3
1.0,-5.0000,0.734000,1.01159e-06,0.000017,0.000059,0.000016,0.000005,1.002067,0.007653,0.001031,0.134967,0.99795,0.00000,3
1.0,-5.0000,0.735000,1.01472e-06,0.000017,0.000059,0.000016,0.000005,1.002073,0.007655,0.001034,0.135336,0.99795,0.00000,3
1.0,-5.0000,0.736000,1.01786e-06,0.000017,0.000059,0.000016,0.000005,1.002080,0.007658,0.001037,0.135706,0.99794,0.00000,3
1.0,-5.0000,0.737000,1.02101e-06,0.000017,0.000059,0.000016,0.000005,1.002086,0.007661,0.001040,0.136076,0.99794,0.00000,3
1.0,-5.0000,0.738000,1.02417e-06,0.000017,0.000059,0.000016,0.000005,1.002092,0.007664,0.001044,0.136446,0.99793,0.00000,3
1.0,-5.0000,0.739000,1.02733e-06,0.000017,0.000059,0.000016,0.000005,1.002099,0.007667,0.001047,0.136817,0.99792,0.00000,3
1.0,-5.0000,0.740000,1.03050e-06,0.000017,0.000059,0.000016,0.000005,1.002105,0.007669,0.001050,0.137188,0.99792,0.00000,3
1.0,-5.0000,0.741000,1.03367e-06,0.000017,0.000059,0.000016,0.000005,1.002112,0.007672,0.001053,0.137560,0.99791,0.00000,3
1.0,-5.0000,0.742000,1.03685e-06,0.000017,0.000059,0.000016,0.000005,1.002118,0.007675,0.001056,0.137933,0.99790,0.00000,3
1.0,-5.0000,0.743000,1.04004e-06,0.000017,0.000059,0.000016,0.000005,1.002125,0.007678,0.001060,0.138305,0.99790,0.00000,3
1.0,-5.0000,0.744000,1.04323e-06,0.000017,0.000059,0.000016,0.000005,1.002131,0.007681,0.001063,0.138679,0.99789,0.00000,3
1.0,-5.0000,0.745000,1.04644e-06,0.000017,0.000059,0.000016,0.000005,1.002138,0.007684,0.001066,0.139053,0.99788,0.00000,3
1.0,-5.0000,0.746000,1.04964e-06,0.000018,0.000059,0.000016,0.000005,1.002144,0.007687,0.001069,0.139427,0.99788,0.00000,3
1.0,-5.0000,0.747000,1.05286e-06,0.000018,0.000059,0.000016,0.000005,1.002151,0.007689,0.001073,0.139802,0.99787,0.00000,3
1.0,-5.0000,0.748000,1.05608e-06,0.000018,0.000059,0.000017,0.000005,1.002158,0.007692,0.001076,0.140178,0.99786,0.00000,3
1.0,-5.0000,0.749000,1.05930e-06,0.000018,0.000059,0.000017,0.000005,1.002164,0.007695,0.001079,0.140554,0.99786,0.00000,3
1.0,-5.0000,0.750000,1.06254e-06,0.000018,0.000059,0.000017,0.000005,1.002171,0.007698,0.001083,0.140930,0.99785,0.00000,3
1.0,-5.0000,0.751000,1.06578e-06,0.000018,0.000059,0.000017,0.000005,1.002177,0.007701,0.001086,0.141307,0.99785,0.00000,3
1.0,-5.0000,0.752000,1.06903e-06,0.000018,0.000059,0.000017,0.000005,1.002184,0.007704,0.001089,0.141685,0.99784,0.00000,3
1.0,-5.0000,0.753000,1.07228e-06,0.000018,0.000059,0.000017,0.000005,1.002191,0.007707,0.001092,0.142063,0.99783,0.00000,3
1.0,-5.0000,0.754000,1.07554e-06,0.000018,0.000059,0.000017,0.000005,1.002197,0.007710,0.001096,0.142441,0.99783,0.00000,3
1.0,-5.0000,0.755000,1.07881e-06,0.000018,0.000059,0.000017,0.000005,1.002204,0.007712,0.001099,0.142820,0.99782,0.00000,3
1.0,-5.0000,0.756000,1.08208e-06,0.000018,0.000060,0.000017,0.000005,1.002211,0.007715,0.001102,0.143200,0.99781,0.00000,3
1.0,-5.0000,0.757000,1.08536e-06,0.000018,0.000060,0.000017,0.000005,1.002217,0.007718,0.001106,0.143580,0.99781,0.00000,3
1.0,-5.0000,0.758000,1.08865e-06,0.000018,0.000060,0.000017,0.000005,1.002224,0.007721,0.001109,0.143960,0.99780,0.00000,3
1.0,-5.0000,0.759000,1.09194e-06,0.000018,0.000060,0.000017,0.000005,1.002231,0.007724,0.001112,0.144342,0.99779,0.00000,3
1.0,-5.0000,0.760000,1.09524e-06,0.000018,0.000060,0.000017,0.000005,1.002238,0.007727,0.001116,0.144723,0.99779,0.00000,3
1.0,-5.0000,0.761000,1.09855e-06,0.000018,0.000060,0.000017,0.000005,1.002244,0.007730,0.001119,0.145105,0.99778,0.00000,3
1.0,-5.0000,0.762000,1.10186e-06,0.000018,0.000060,0.000017,0.000005,1.002251,0.007733,0.001123,0.145488,0.99777,0.00000,3
1.0,-5.0000,0.763000,1.10519e-06,0.000019,0.000060,0.000017,0.000005,1.002258,0.007736,0.001126,0.145871,0.99777,0.00000,3
1.0,-5.0000,0.764000,1.10851e-06,0.000019,0.000060,0.000017,0.000005,1.002265,0.007739,0.001129,0.146254,0.99776,0.00000,3
1.0,-5.0000,0.765000,1.11185e-06,0.000019,0.000060,0.000018,0.000005,1.002271,0.007742,0.001133,0.146639,0.99775,0.00000,3
1.0,-5.0000,0.766000,1.11519e-06,0.000019,0.000060,0.000018,0.000005,1.002278,0.007745,0.001136,0.147023,0.99775,0.00000,3
1.0,-5.0000,0.767000,1.11854e-06,0.000019,0.000060,0.000018,0.000006,1.002285,0.007748,0.001139,0.147408,0.99774,0.00000,3
1.0,-5.0000,0.768000,1.12189e-06,0.000019,0.000060,0.000018,0.000006,1.002292,0.007751,0.001143,0.147794,0.99773,0.00000,3
1.0,-5.0000,0.769000,1.12525e-06,0.000019,0.000060,0.000018,0.000006,1.002299,0.007754,0.001146,0.148180,0.99773,0.00000,3
1.0,-5.0000,0.770000,1.12862e-06,0.000019,0.000060,0.000018,0.000006,1.002306,0.007757,0.001150,0.148567,0.99772,0.00000,3
1.0,-5.0000,0.771000,1.13200e-06,0.000019,0.000060,0.000018,0.000006,1.002313,0.007760,0.001153,0.148954,0.99771,0.00000,3
1.0,-5.0000,0.772000,1.13538e-06,0.000019,0.000060,0.000018,0.000006,1.002320,0.007762,0.001157,0.149342,0.99770,0.00000,3
1.0,-5.0000,0.773000,1.13877e-06,0.000019,0.000060,0.000018,0.000006,1.002326,0.007765,0.001160,0.149730,0.99770,0.00000,3
1.0,-5.0000,0.774000,1.14217e-06,0.000019,0.000060,0.000018,0.000006,1.002333,0.007768,0.001163,0.150118,0.99769,0.00000,3
1.0,-5.0000,0.775000,1.14557e-06,0.000019,0.000060,0.000018,0.000006,1.002340,0.007771,0.001167,0.150508,0.99768,0.00000,3
1.0,-5.0000,0.776000,1.14898e-06,0.000019,0.000060,0.000018,0.000006,1.002347,0.007774,0.001170,0.150897,0.99768,0.00000,3
1.0,-5.0000,0.777000,1.15240e-06,0.000019,0.000060,0.000018,0.000006,1.002354,0.007777,0.001174,0.151288,0.99767,0.00000,3
1.0,-5.0000,0.778000,1.15582e-06,0.000019,0.000061,0.000018,0.000006,1.002361,0.007781,0.001177,0.151678,0.99766,0.00000,3
1.0,-5.0000,0.779000,1.15925e-06,0.000019,0.000061,0.000018,0.000006,1.002368,0.007784,0.001181,0.152070,0.99766,0.00000,3
1.0,-5.0000,0.780000,1.16269e-06,0.000020,0.000061,0.000018,0.000006,1.002375,0.007787,0.001184,0.152461,0.99765,0.00000,3
1.0,-5.0000,0.781000,1.16613e-06,0.000020,0.000061,0.000019,0.000006,1.002382,0.007790,0.001188,0.152854,0.99764,0.00000,3
1.0,-5.0000,0.782000,1.16958e-06,0.000020,0.000061,0.000019,0.000006,1.002389,0.007793,0.001191,0.153246,0.99764,0.00000,3
1.0,-5.0000,0.783000,1.17304e-06,0.000020,0.000061,0.000019,0.000006,1.002396,0.007796,0.001195,0.153640,0.99763,0.00000,3
1.0,-5.0000,0.784000,1.17651e-06,0.000020,0.000061,0.000019,0.000006,1.002404,0.007799,0.001198,0.154033,0.99762,0.00000,3
1.0,-5.0000,0.785000,1.17998e-06,0.000020,0.000061,0.000019,0.000006,1.002411,0.007802,0.001202,0.154428,0.99761,0.00000,3
1.0,-5.0000,0.786000,1.18346e-06,0.000020,0.000061,0.000019,0.000006,1.002418,0.007805,0.001205,0.154822,0.99761,0.00000,3
1.0,-5.0000,0.787000,1.18695e-06,0.000020,0.000061,0.000019,0.000006,1.002425,0.007808,0.001209,0.155218,0.99760,0.00000,3
1.0,-5.0000,0.788000,1.19044e-06,0.000020,0.000061,0.000019,0.000006,1.002432,0.007811,0.001213,0.155614,0.99759,0.00000,3
1.0,-5.0000,0.789000,1.19394e-06,0.000020,0.000061,0.000019,0.000006,1.002439,0.007814,0.001216,0.156010,0.99759,0.00000,3
1.0,-5.0000,0.790000,1.19745e-06,0.000020,0.000061,0.000019,0.000006,1.002446,0.007817,0.001220,0.156407,0.99758,0.00000,3
1.0,-5.0000,0.791000,1.20097e-06,0.000020,0.000061,0.000019,0.000006,1.002453,0.007820,0.001223,0.156804,0.99757,0.00000,3
1.0,-5.0000,0.792000,1.20449e-06,0.000020,0.000061,0.000019,0.000006,1.002461,0.007823,0.001227,0.157202,0.99757,0.00000,3
1.0,-5.0000,0.793000,1.20802e-06,0.000020,0.000061,0.000019,0.000006,1.002468,0.007826,0.001230,0.157600,0.99756,0.00000,3
1.0,-5.0000,0.794000,1.21155e-06,0.000020,0.000061,0.000019,0.000006,1.002475,0.007829,0.001234,0.157999,0.99755,0.00000,3
1.0,-5.0000,0.795000,1.21510e-06,0.000020,0.000061,0.000019,0.000006,1.002482,0.007833,0.001238,0.158398,0.99754,0.00000,3
1.0,-5.0000,0.796000,1.21865e-06,0.000021,0.000061,0.000019,0.000007,1.002490,0.007836,0.001241,0.158798,0.99754,0.00000,3
1.0,-5.0000,0.797000,1.22221e-06,0.000021,0.000061,0.000020,0.000007,1.002497,0.007839,0.001245,0.159199,0.99753,0.00000,3
1.0,-5.0000,0.798000,1.22577e-06,0.000021,0.000061,0.000020,0.000007,1.002504,0.007842,0.001248,0.159600,0.99752,0.00000,3
1.0,-5.0000,0.799000,1.22934e-06,0.000021,0.000062,0.000020,0.000007,1.002511,0.007845,0.001252,0.160001,0.99752,0.00000,3
1.0,-5.0000,0.800000,1.23292e-06,0.000021,0.000062,0.000020,0.000007,1.002519,0.007848,0.001256,0.160403,0.99751,0.00000,4
1.0,-5.0000,0.801000,1.23651e-06,0.000021,0.000062,0.000020,0.000007,1.002526,0.007851,0.001259,0.160805,0.99750,0.00000,4
1.0,-5.0000,0.802000,1.24010e-06,0.000021,0.000062,0.000020,0.000007,1.002533,0.007854,0.001263,0.161208,0.99749,0.00000,4
1.0,-5.0000,0.803000,1.24370e-06,0.000021,0.000062,0.000020,0.000007,1.002541,0.007858,0.001267,0.161612,0.99749,0.00000,4
1.0,-5.0000,0.804000,1.24731e-06,0.000021,0.000062,0.000020,0.000007,1.002548,0.007861,0.001270,0.162016,0.99748,0.00000,4
1.0,-5.0000,0.805000,1.25093e-06,0.000021,0.000062,0.000020,0.000007,1.002556,0.007864,0.001274,0.162420,0.99747,0.00000,4
1.0,-5.0000,0.806000,1.25455e-06,0.000021,0.000062,0.000020,0.000007,1.002563,0.007867,0.001278,0.162825,0.99746,0.00000,4
1.0,-5.0000,0.807000,1.25818e-06,0.000021,0.000062,0.000020,0.000007,1.002570,0.007870,0.001281,0.163231,0.99746,0.00000,4
1.0,-5.0000,0.808000,1.26182e-06,0.000021,0.000062,0.000020,0.000007,1.002578,0.007873,0.001285,0.163637,0.99745,0.00000,4
1.0,-5.0000,0.809000,1.26546e-06,0.000021,0.000062,0.000020,0.000007,1.002585,0.007877,0.001289,0.164043,0.99744,0.00000,4
1.0,-5.0000,0.810000,1.26912e-06,0.000021,0.000062,0.000020,0.000007,1.002593,0.007880,0.001292,0.164450,0.99744,0.00000,4
1.0,-5.0000,0.811000,1.27278e-06,0.000022,0.000062,0.000020,0.000007,1.002600,0.007883,0.001296,0.164858,0.99743,0.00000,4
1.0,-5.0000,0.812000,1.27644e-06,0.000022,0.000062,0.000021,0.000007,1.002608,0.007886,0.001300,0.165266,0.99742,0.00000,4
1.0,-5.0000,0.813000,1.28012e-06,0.000022,0.000062,0.000021,0.000007,1.002615,0.007889,0.001304,0.165674,0.99741,0.00000,4
1.0,-5.0000,0.814000,1.28380e-06,0.000022,0.000062,0.000021,0.000007,1.002623,0.007893,0.001307,0.166083,0.99741,0.00000,4
1.0,-5.0000,0.815000,1.28749e-06,0.000022,0.000062,0.000021,0.000007,1.002630,0.007896,0.001311,0.166493,0.99740,0.00000,4
1.0,-5.0000,0.816000,1.29118e-06,0.000022,0.000062,0.000021,0.000007,1.002638,0.007899,0.001315,0.166903,0.99739,0.00000,4
1.0,-5.0000,0.817000,1.29489e-06,0.000022,0.000062,0.000021,0.000007,1.002645,0.007902,0.001319,0.167314,0.99738,0.00001,4
1.0,-5.0000,0.818000,1.29860e-06,0.000022,0.000062,0.000021,0.000007,1.002653,0.007905,0.001322,0.167725,0.99738,0.00001,4
1.0,-5.0000,0.819000,1.30232e-06,0.000022,0.000063,0.000021,0.000007,1.002660,0.007909,0.001326,0.168136,0.99737,0.00001,4
1.0,-5.0000,0.820000,1.30604e-06,0.000022,0.000063,0.000021,0.000007,1.002668,0.007912,0.001330,0.168549,0.99736,0.00001,4
1.0,-5.0000,0.821000,1.30978e-06,0.000022,0.000063,0.000021,0.000007,1.002676,0.007915,0.001334,0.168961,0.99735,0.00001,4
1.0,-5.0000,0.822000,1.31352e-06,0.000022,0.000063,0.000021,0.000008,1.002683,0.007918,0.001338,0.169374,0.99735,0.00001,4
1.0,-5.0000,0.823000,1.31726e-06,0.000022,0.000063,0.000021,0.000008,1.002691,0.007922,0.001341,0.169788,0.99734,0.00001,4
1.0,-5.0000,0.824000,1.32102e-06,0.000022,0.000063,0.000021,0.000008,1.002699,0.007925,0.001345,0.170202,0.99733,0.00001,4
1.0,-5.0000,0.825000,1.32478e-06,0.000023,0.000063,0.000021,0.000008,1.002706,0.007928,0.001349,0.170617,0.99732,0.00001,4
1.0,-5.0000,0.826000,1.32855e-06,0.000023,0.000063,0.000021,0.000008,1.002714,0.007931,0.001353,0.171032,0.99732,0.00001,4
1.0,-5.0000,0.827000,1.33233e-06,0.000023,0.000063,0.000022,0.000008,1.002722,0.007935,0.001357,0.171448,0.99731,0.00001,4
1.0,-5.0000,0.828000,1.33612e-06,0.000023,0.000063,0.000022,0.000008,1.002729,0.007938,0.001361,0.171864,0.99730,0.00001,4
1.0,-5.0000,0.829000,1.33991e-06,0.000023,0.000063,0.000022,0.000008,1.002737,0.007941,0.001364,0.172281,0.99729,0.00001,4
1.0,-5.0000,0.830000,1.34371e-06,0.000023,0.000063,0.000022,0.000008,1.002745,0.007944,0.001368,0.172698,0.99729,0.00001,4
1.0,-5.0000,0.831000,1.34752e-06,0.000023,0.000063,0.000022,0.000008,1.002753,0.007948,0.001372,0.173115,0.99728,0.00001,4
1.0,-5.0000,0.832000,1.35134e-06,0.000023,0.000063,0.000022,0.000008,1.002761,0.007951,0.001376,0.173534,0.99727,0.00001,4
1.0,-5.0000,0.833000,1.35516e-06,0.000023,0.000063,0.000022,0.000008,1.002768,0.007954,0.001380,0.173952,0.99726,0.00001,4
1.0,-5.0000,0.834000,1.35899e-06,0.000023,0.000063,0.000022,0.000008,1.002776,0.007958,0.001384,0.174372,0.99725,0.00001,4
1.0,-5.0000,0.835000,1.36283e-06,0.000023,0.000063,0.000022,0.000008,1.002784,0.007961,0.001388,0.174792,0.99725,0.00001,4
1.0,-5.0000,0.836000,1.36668e-06,0.000023,0.000063,0.000022,0.000008,1.002792,0.007964,0.001392,0.175212,0.99724,0.00001,4
1.0,-5.0000,0.837000,1.37053e-06,0.000023,0.000063,0.000022,0.000008,1.002800,0.007968,0.001395,0.175633,0.99723,0.00001,4
1.0,-5.0000,0.838000,1.37440e-06,0.000023,0.000064,0.000022,0.000008,1.002808,0.007971,0.001399,0.176054,0.99722,0.00001,4
1.0,-5.0000,0.839000,1.37827e-06,0.000024,0.000064,0.000022,0.000008,1.002816,0.007974,0.001403,0.176476,0.99722,0.00001,4
1.0,-5.0000,0.840000,1.38214e-06,0.000024,0.000064,0.000022,0.000008,1.002823,0.007978,0.001407,0.176898,0.99721,0.00001,4
1.0,-5.0000,0.841000,1.38603e-06,0.000024,0.000064,0.000023,0.000008,1.002831,0.007981,0.001411,0.177321,0.99720,0.00001,4
1.0,-5.0000,0.842000,1.38992e-06,0.000024,0.000064,0.000023,0.000008,1.002839,0.007984,0.001415,0.177744,0.99719,0.00001,4
1.0,-5.0000,0.843000,1.39382e-06,0.000024,0.000064,0.000023,0.000008,1.002847,0.007988,0.001419,0.178168,0.99718,0.00001,4
1.0,-5.0000,0.844000,1.39773e-06,0.000024,0.000064,0.000023,0.000009,1.002855,0.007991,0.001423,0.178592,0.99718,0.00001,4
1.0,-5.0000,0.845000,1.40165e-06,0.000024,0.000064,0.000023,0.000009,1.002863,0.007994,0.001427,0.179017,0.99717,0.00001,4
1.0,-5.0000,0.846000,1.40557e-06,0.000024,0.000064,0.000023,0.000009,1.002871,0.007998,0.001431,0.179443,0.99716,0.00001,4
1.0,-5.0000,0.847000,1.40950e-06,0.000024,0.000064,0.000023,0.000009,1.002879,0.008001,0.001435,0.179869,0.99715,0.00001,4
1.0,-5.0000,0.848000,1.41344e-06,0.000024,0.000064,0.000023,0.000009,1.002887,0.008005,0.001439,0.180295,0.99714,0.00001,4
1.0,-5.0000,0.849000,1.41739e-06,0.000024,0.000064,0.000023,0.000009,1.002895,0.008008,0.001443,0.180722,0.99714,0.00001,4
1.0,-5.0000,0.850000,1.42135e-06,0.000024,0.000064,0.000023,0.000009,1.002904,0.008011,0.001447,0.181149,0.99713,0.00001,4
1.0,-5.0000,0.851000,1.42531e-06,0.000024,0.000064,0.000023,0.000009,1.002912,0.008015,0.001451,0.181577,0.99712,0.00001,4
1.0,-5.0000,0.852000,1.42928e-06,0.000024,0.000064,0.000023,0.000009,1.002920,0.008018,0.001455,0.182006,0.99711,0.00001,4
1.0,-5.0000,0.853000,1.43326e-06,0.000025,0.000064,0.000023,0.000009,1.002928,0.008022,0.001459,0.182435,0.99711,0.00001,4
1.0,-5.0000,0.854000,1.43725e-06,0.000025,0.000064,0.000023,0.000009,1.002936,0.008025,0.001463,0.182864,0.99710,0.00001,4
1.0,-5.0000,0.855000,1.44124e-06,0.000025,0.000064,0.000024,0.000009,1.002944,0.008028,0.001467,0.183294,0.99709,0.00001,4
1.0,-5.0000,0.856000,1.44524e-06,0.000025,0.000065,0.000024,0.000009,1.002952,0.008032,0.001471,0.183725,0.99708,0.00001,4
1.0,-5.0000,0.857000,1.44925e-06,0.000025,0.000065,0.000024,0.000009,1.002960,0.008035,0.001475,0.184156,0.99707,0.00001,4
1.0,-5.0000,0.858000,1.45327e-06,0.000025,0.000065,0.000024,0.000009,1.002969,0.008039,0.001479,0.184587,0.99706,0.00001,4
1.0,-5.0000,0.859000,1.45730e-06,0.000025,0.000065,0.000024,0.000009,1.002977,0.008042,0.001484,0.185019,0.99706,0.00001,4
1.0,-5.0000,0.860000,1.46133e-06,0.000025,0.000065,0.000024,0.000009,1.002985,0.008046,0.001488,0.185452,0.99705,0.00001,4
1.0,-5.0000,0.861000,1.46537e-06,0.000025,0.000065,0.000024,0.000009,1.002993,0.008049,0.001492,0.185885,0.99704,0.00001,4
1.0,-5.0000,0.862000,1.46943e-06,0.000025,0.000065,0.000024,0.000009,1.003002,0.008053,0.001496,0.186319,0.99703,0.00001,4
1.0,-5.0000,0.863000,1.47348e-06,0.000025,0.000065,0.000024,0.000009,1.003010,0.008056,0.001500,0.186753,0.99702,0.00001,4
1.0,-5.0000,0.864000,1.47755e-06,0.000025,0.000065,0.000024,0.000009,1.003018,0.008059,0.001504,0.187187,0.99702,0.00001,4
1.0,-5.0000,0.865000,1.48162e-06,0.000025,0.000065,0.000024,0.000010,1.003027,0.008063,0.001508,0.187622,0.99701,0.00001,4
1.0,-5.0000,0.866000,1.48571e-06,0.000026,0.000065,0.000024,0.000010,1.003035,0.008066,0.001512,0.188058,0.99700,0.00001,4
1.0,-5.0000,0.867000,1.48980e-06,0.000026,0.000065,0.000024,0.000010,1.003043,0.008070,0.001517,0.188494,0.99699,0.00001,4
1.0,-5.0000,0.868000,1.49390e-06,0.000026,0.000065,0.000025,0.000010,1.003052,0.008073,0.001521,0.188931,0.99698,0.00001,4
1.0,-5.0000,0.869000,1.49800e-06,0.000026,0.000065,0.000025,0.000010,1.003060,0.008077,0.001525,0.189368,0.99697,0.00001,4
1.0,-5.0000,0.870000,1.50212e-06,0.000026,0.000065,0.000025,0.000010,1.003068,0.008080,0.001529,0.189806,0.99697,0.00001,4
1.0,-5.0000,0.871000,1.50624e-06,0.000026,0.000065,0.000025,0.000010,1.003077,0.008084,0.001533,0.190244,0.99696,0.00001,4
1.0,-5.0000,0.872000,1.51037e-06,0.000026,0.000065,0.000025,0.000010,1.003085,0.008087,0.001537,0.190683,0.99695,0.00001,4
1.0,-5.0000,0.873000,1.51451e-06,0.000026,0.000065,0.000025,0.000010,1.003094,0.008091,0.001542,0.191122,0.99694,0.00001,4
1.0,-5.0000,0.874000,1.51866e-06,0.000026,0.000066,0.000025,0.000010,1.003102,0.008095,0.001546,0.191561,0.99693,0.00001,4
1.0,-5.0000,0.875000,1.52281e-06,0.000026,0.000066,0.000025,0.000010,1.003111,0.008098,0.001550,0.192002,0.99693,0.00001,4
1.0,-5.0000,0.876000,1.52698e-06,0.000026,0.000066,0.000025,0.000010,1.003119,0.008102,0.001554,0.192442,0.99692,0.00001,4
1.0,-5.0000,0.877000,1.53115e-06,0.000026,0.000066,0.000025,0.000010,1.003128,0.008105,0.001558,0.192884,0.99691,0.00001,4
1.0,-5.0000,0.878000,1.53533e-06,0.000027,0.000066,0.000025,0.000010,1.003136,0.008109,0.001563,0.193325,0.99690,0.00001,4
1.0,-5.0000,0.879000,1.53952e-06,0.000027,0.000066,0.000025,0.000010,1.003145,0.008112,0.001567,0.193768,0.99689,0.00001,4
1.0,-5.0000,0.880000,1.54372e-06,0.000027,0.000066,0.000026,0.000010,1.003153,0.008116,0.001571,0.194210,0.99688,0.00001,4
1.0,-5.0000,0.881000,1.54792e-06,0.000027,0.000066,0.000026,0.000010,1.003162,0.008119,0.001575,0.194654,0.99687,0.00001,4
1.0,-5.0000,0.882000,1.55213e-06,0.000027,0.000066,0.000026,0.000010,1.003171,0.008123,0.001580,0.195098,0.99687,0.00001,4
1.0,-5.0000,0.883000,1.55636e-06,0.000027,0.000066,0.000026,0.000010,1.003179,0.008127,0.001584,0.195542,0.99686,0.00001,4
1.0,-5.0000,0.884000,1.56059e-06,0.000027,0.000066,0.000026,0.000011,1.003188,0.008130,0.001588,0.195987,0.99685,0.00001,4
1.0,-5.0000,0.885000,1.56482e-06,0.000027,0.000066,0.000026,0.000011,1.003196,0.008134,0.001593,0.196432,0.99684,0.00001,4
1.0,-5.0000,0.886000,1.56907e-06,0.000027,0.000066,0.000026,0.000011,1.003205,0.008137,0.001597,0.196878,0.99683,0.00001,4
1.0,-5.0000,0.887000,1.57333e-06,0.000027,0.000066,0.000026,0.000011,1.003214,0.008141,0.001601,0.197324,0.99682,0.00001,4
1.0,-5.0000,0.888000,1.57759e-06,0.000027,0.000066,0.000026,0.000011,1.003223,0.008145,0.001606,0.197771,0.99681,0.00001,4
1.0,-5.0000,0.889000,1.58186e-06,0.000027,0.000066,0.000026,0.000011,1.003231,0.008148,0.001610,0.198219,0.99681,0.00001,4
1.0,-5.0000,0.890000,1.58614e-06,0.000027,0.000066,0.000026,0.000011,1.003240,0.008152,0.001614,0.198667,0.99680,0.00001,4
1.0,-5.0000,0.891000,1.59043e-06,0.000028,0.000067,0.000026,0.000011,1.003249,0.008155,0.001619,0.199115,0.99679,0.00001,4
1.0,-5.0000,0.892000,1.59473e-06,0.000028,0.000067,0.000026,0.000011,1.003258,0.008159,0.001623,0.199564,0.99678,0.00001,4
1.0,-5.0000,0.893000,1.59903e-06,0.000028,0.000067,0.000027,0.000011,1.003266,0.008163,0.001627,0.200013,0.99677,0.00001,4
1.0,-5.0000,0.894000,1.60335e-06,0.000028,0.000067,0.000027,0.000011,1.003275,0.008166,0.001632,0.200463,0.99676,0.00001,4
1.0,-5.0000,0.895000,1.60767e-06,0.000028,0.000067,0.000027,0.000011,1.003284,0.008170,0.001636,0.200914,0.99675,0.00001,4
1.0,-5.0000,0.896000,1.61200e-06,0.000028,0.000067,0.000027,0.000011,1.003293,0.008174,0.001640,0.201365,0.99675,0.00001,4
1.0,-5.0000,0.897000,1.61634e-06,0.000028,0.000067,0.000027,0.000011,1.003302,0.008177,0.001645,0.201816,0.99674,0.00001,4
1.0,-5.0000,0.898000,1.62069e-06,0.000028,0.000067,0.000027,0.000011,1.003310,0.008181,0.001649,0.202268,0.99673,0.00001,4
1.0,-5.0000,0.899000,1.62504e-06,0.000028,0.000067,0.000027,0.000011,1.003319,0.008185,0.001654,0.202721,0.99672,0.00001,4
1.0,-5.0000,0.900000,1.62941e-06,0.000028,0.000067,0.000027,0.000011,1.003328,0.008188,0.001658,0.203174,0.99671,0.00001,4
1.0,-5.0000,0.901000,1.63378e-06,0.000028,0.000067,0.000027,0.000012,1.003337,0.008192,0.001663,0.203628,0.99670,0.00001,4
1.0,-5.0000,0.902000,1.63816e-06,0.000029,0.000067,0.000027,0.000012,1.003346,0.008196,0.001667,0.204082,0.99669,0.00001,4
1.0,-5.0000,0.903000,1.64255e-06,0.000029,0.000067,0.000027,0.000012,1.003355,0.008199,0.001671,0.204536,0.99668,0.00001,4
1.0,-5.0000,0.904000,1.64695e-06,0.000029,0.000067,0.000027,0.000012,1.003364,0.008203,0.001676,0.204991,0.99668,0.00001,4
1.0,-5.0000,0.905000,1.65136e-06,0.000029,0.000067,0.000028,0.000012,1.003373,0.008207,0.001680,0.205447,0.99667,0.00001,4
1.0,-5.0000,0.906000,1.65578e-06,0.000029,0.000067,0.000028,0.000012,1.003382,0.008211,0.001685,0.205903,0.99666,0.00001,4
1.0,-5.0000,0.907000,1.66020e-06,0.000029,0.000067,0.000028,0.000012,1.003391,0.008214,0.001689,0.206360,0.99665,0.00001,4
1.0,-5.0000,0.908000,1.66464e-06,0.000029,0.000068,0.000028,0.000012,1.003400,0.008218,0.001694,0.206817,0.99664,0.00001,4
1.0,-5.0000,0.909000,1.66908e-06,0.000029,0.000068,0.000028,0.000012,1.003409,0.008222,0.001698,0.207275,0.99663,0.00001,4
1.0,-5.0000,0.910000,1.67353e-06,0.000029,0.000068,0.000028,0.000012,1.003418,0.008225,0.001703,0.207733,0.99662,0.00001,4
1.0,-5.0000,0.911000,1.67799e-06,0.000029,0.000068,0.000028,0.000012,1.003427,0.008229,0.001707,0.208191,0.99661,0.00001,4
1.0,-5.0000,0.912000,1.68246e-06,0.000029,0.000068,0.000028,0.000012,1.003437,0.008233,0.001712,0.208651,0.99660,0.00001,4
1.0,-5.0000,0.913000,1.68694e-06,0.000029,0.000068,0.000028,0.000012,1.003446,0.008237,0.001716,0.209110,0.99660,0.00001,4
1.0,-5.0000,0.914000,1.69142e-06,0.000030,0.000068,0.000028,0.000012,1.003455,0.008240,0.001721,0.209571,0.99659,0.00001,4
1.0,-5.0000,0.915000,1.69592e-06,0.000030,0.000068,0.000028,0.000012,1.003464,0.008244,0.001726,0.210031,0.99658,0.00001,4
1.0,-5.0000,0.916000,1.70042e-06,0.000030,0.000068,0.000029,0.000012,1.003473,0.008248,0.001730,0.210493,0.99657,0.00001,4
1.0,-5.0000,0.917000,1.70494e-06,0.000030,0.000068,0.000029,0.000013,1.003482,0.008252,0.001735,0.210954,0.99656,0.00001,4
1.0,-5.0000,0.918000,1.70946e-06,0.000030,0.000068,0.000029,0.000013,1.003492,0.008256,0.001739,0.211417,0.99655,0.00001,4
1.0,-5.0000,0.919000,1.71399e-06,0.000030,0.000068,0.000029,0.000013,1.003501,0.008259,0.001744,0.211879,0.99654,0.00001,4
1.0,-5.0000,0.920000,1.71853e-06,0.000030,0.000068,0.000029,0.000013,1.003510,0.008263,0.001748,0.212343,0.99653,0.00001,4
1.0,-5.0000,0.921000,1.72308e-06,0.000030,0.000068,0.000029,0.000013,1.003520,0.008267,0.001753,0.212807,0.99652,0.00001,4
1.0,-5.0000,0.922000,1.72763e-06,0.000030,0.000068,0.000029,0.000013,1.003529,0.008271,0.001758,0.213271,0.99651,0.00001,4
1.0,-5.0000,0.923000,1.73220e-06,0.000030,0.000068,0.000029,0.000013,1.003538,0.008275,0.001762,0.213736,0.99650,0.00001,4
1.0,-5.0000,0.924000,1.73677e-06,0.000030,0.000069,0.000029,0.000013,1.003547,0.008278,0.001767,0.214201,0.99650,0.00001,4
1.0,-5.0000,0.925000,1.74136e-06,0.000031,0.000069,0.000029,0.000013,1.003557,0.008282,0.001772,0.214667,0.99649,0.00001,4
1.0,-5.0000,0.926000,1.74595e-06,0.000031,0.000069,0.000029,0.000013,1.003566,0.008286,0.001776,0.215133,0.99648,0.00001,4
1.0,-5.0000,0.927000,1.75055e-06,0.000031,0.000069,0.000030,0.000013,1.003576,0.008290,0.001781,0.215600,0.99647,0.00001,4
1.0,-5.0000,0.928000,1.75516e-06,0.000031,0.000069,0.000030,0.000013,1.003585,0.008294,0.001786,0.216068,0.99646,0.00001,4
1.0,-5.0000,0.929000,1.75978e-06,0.000031,0.000069,0.000030,0.000013,1.003594,0.008298,0.001790,0.216536,0.99645,0.00001,4
1.0,-5.0000,0.930000,1.76441e-06,0.000031,0.000069,0.000030,0.000013,1.003604,0.008301,0.001795,0.217004,0.99644,0.00001,4
1.0,-5.0000,0.931000,1.76905e-06,0.000031,0.000069,0.000030,0.000013,1.003613,0.008305,0.001800,0.217473,0.99643,0.00001,4
1.0,-5.0000,0.932000,1.77370e-06,0.000031,0.000069,0.000030,0.000014,1.003623,0.008309,0.001804,0.217943,0.99642,0.00001,4
1.0,-5.0000,0.933000,1.77835e-06,0.000031,0.000069,0.000030,0.000014,1.003632,0.008313,0.001809,0.218413,0.99641,0.00001,4
1.0,-5.0000,0.934000,1.78302e-06,0.000031,0.000069,0.000030,0.000014,1.003642,0.008317,0.001814,0.218883,0.99640,0.00001,4
1.0,-5.0000,0.935000,1.78769e-06,0.000031,0.000069,0.000030,0.000014,1.003651,0.008321,0.001819,0.219354,0.99639,0.00001,4
1.0,-5.0000,0.936000,1.79237e-06,0.000032,0.000069,0.000030,0.000014,1.003661,0.008325,0.001823,0.219826,0.99638,0.00001,4
1.0,-5.0000,0.937000,1.79707e-06,0.000032,0.000069,0.000030,0.000014,1.003671,0.008329,0.001828,0.220298,0.99637,0.00001,4
1.0,-5.0000,0.938000,1.80177e-06,0.000032,0.000069,0.000031,0.000014,1.003680,0.008332,0.001833,0.220770,0.99636,0.00001,4
1.0,-5.0000,0.939000,1.80648e-06,0.000032,0.000069,0.000031,0.000014,1.003690,0.008336,0.001838,0.221244,0.99636,0.00001,4
1.0,-5.0000,0.940000,1.81120e-06,0.000032,0.000070,0.000031,0.000014,1.003699,0.008340,0.001842,0.221717,0.99635,0.00001,4
1.0,-5.0000,0.941000,1.81593e-06,0.000032,0.000070,0.000031,0.000014,1.003709,0.008344,0.001847,0.222191,0.99634,0.00001,4
1.0,-5.0000,0.942000,1.82067e-06,0.000032,0.000070,0.000031,0.000014,1.003719,0.008348,0.001852,0.222666,0.99633,0.00001,4
1.0,-5.0000,0.943000,1.82541e-06,0.000032,0.000070,0.000031,0.000014,1.003728,0.008352,0.001857,0.223141,0.99632,0.00001,4
1.0,-5.0000,0.944000,1.83017e-06,0.000032,0.000070,0.000031,0.000014,1.003738,0.008356,0.001862,0.223617,0.99631,0.00001,4
1.0,-5.0000,0.945000,1.83494e-06,0.000032,0.000070,0.000031,0.000014,1.003748,0.008360,0.001866,0.224093,0.99630,0.00001,4
1.0,-5.0000,0.946000,1.83971e-06,0.000033,0.000070,0.000031,0.000015,1.003758,0.008364,0.001871,0.224570,0.99629,0.00001,4
1.0,-5.0000,0.947000,1.84450e-06,0.000033,0.000070,0.000031,0.000015,1.003767,0.008368,0.001876,0.225047,0.99628,0.00001,4
1.0,-5.0000,0.948000,1.84929e-06,0.000033,0.000070,0.000031,0.000015,1.003777,0.008372,0.001881,0.225525,0.99627,0.00001,4
1.0,-5.0000,0.949000,1.85410e-06,0.000033,0.000070,0.000032,0.000015,1.003787,0.008376,0.001886,0.226003,0.99626,0.00001,4
1.0,-5.0000,0.950000,1.85891e-06,0.000033,0.000070,0.000032,0.000015,1.003797,0.008380,0.001891,0.226482,0.99625,0.00001,4
1.0,-5.0000,0.951000,1.86373e-06,0.000033,0.000070,0.000032,0.000015,1.003807,0.008384,0.001896,0.226961,0.99624,0.00001,4
1.0,-5.0000,0.952000,1.86856e-06,0.000033,0.000070,0.000032,0.000015,1.003816,0.008388,0.001900,0.227441,0.99623,0.00001,4
1.0,-5.0000,0.953000,1.87340e-06,0.000033,0.000070,0.000032,0.000015,1.003826,0.008392,0.001905,0.227921,0.99622,0.00001,4
1.0,-5.0000,0.954000,1.87825e-06,0.000033,0.000070,0.000032,0.000015,1.003836,0.008396,0.001910,0.228402,0.99621,0.00001,4
1.0,-5.0000,0.955000,1.88311e-06,0.000033,0.000071,0.000032,0.000015,1.003846,0.008400,0.001915,0.228883,0.99620,0.00001,4
1.0,-5.0000,0.956000,1.88798e-06,0.000034,0.000071,0.000032,0.000015,1.003856,0.008404,0.001920,0.229365,0.99619,0.00001,4
1.0,-5.0000,0.957000,1.89286e-06,0.000034,0.000071,0.000032,0.000015,1.003866,0.008408,0.001925,0.229847,0.99618,0.00001,4
1.0,-5.0000,0.958000,1.89775e-06,0.000034,0.000071,0.000032,0.000015,1.003876,0.008412,0.001930,0.230330,0.99617,0.00001,4
1.0,-5.0000,0.959000,1.90265e-06,0.000034,0.000071,0.000033,0.000016,1.003886,0.008416,0.001935,0.230814,0.99616,0.00001,4
1.0,-5.0000,0.960000,1.90755e-06,0.000034,0.000071,0.000033,0.000016,1.003896,0.008420,0.001940,0.231298,0.99615,0.00001,4
1.0,-5.0000,0.961000,1.91247e-06,0.000034,0.000071,0.000033,0.000016,1.003906,0.008424,0.001945,0.231782,0.99614,0.00001,4
1.0,-5.0000,0.962000,1.91740e-06,0.000034,0.000071,0.000033,0.000016,1.003916,0.008428,0.001950,0.232267,0.99613,0.00001,4
1.0,-5.0000,0.963000,1.92233e-06,0.000034,0.000071,0.000033,0.000016,1.003926,0.008432,0.001955,0.232753,0.99612,0.00001,4
1.0,-5.0000,0.964000,1.92728e-06,0.000034,0.000071,0.000033,0.000016,1.003936,0.008436,0.001960,0.233238,0.99611,0.00001,4
1.0,-5.0000,0.965000,1.93224e-06,0.000034,0.000071,0.000033,0.000016,1.003946,0.008440,0.001965,0.233725,0.99610,0.00001,4
1.0,-5.0000,0.966000,1.93720e-06,0.000035,0.000071,0.000033,0.000016,1.003956,0.008444,0.001970,0.234212,0.99609,0.00001,4
1.0,-5.0000,0.967000,1.94217e-06,0.000035,0.000071,0.000033,0.000016,1.003967,0.008448,0.001975,0.234700,0.99608,0.00001,4
1.0,-5.0000,0.968000,1.94716e-06,0.000035,0.000071,0.000033,0.000016,1.003977,0.008452,0.001980,0.235188,0.99607,0.00001,4
1.0,-5.0000,0.969000,1.95215e-06,0.000035,0.000072,0.000034,0.000016,1.003987,0.008457,0.001985,0.235676,0.99606,0.00001,4
1.0,-5.0000,0.970000,1.95716e-06,0.000035,0.000072,0.000034,0.000016,1.003997,0.008461,0.001990,0.236165,0.99605,0.00001,4
1.0,-5.0000,0.971000,1.96217e-06,0.000035,0.000072,0.000034,0.000017,1.004007,0.008465,0.001995,0.236655,0.99604,0.00001,4
1.0,-5.0000,0.972000,1.96719e-06,0.000035,0.000072,0.000034,0.000017,1.004018,0.008469,0.002000,0.237145,0.99603,0.00001,4
1.0,-5.0000,0.973000,1.97223e-06,0.000035,0.000072,0.000034,0.000017,1.004028,0.008473,0.002005,0.237636,0.99602,0.00001,4
1.0,-5.0000,0.974000,1.97727e-06,0.000035,0.000072,0.000034,0.000017,1.004038,0.008477,0.002011,0.238127,0.99601,0.00001,4
1.0,-5.0000,0.975000,1.98232e-06,0.000035,0.000072,0.000034,0.000017,1.004049,0.008481,0.002016,0.238618,0.99600,0.00001,4
1.0,-5.0000,0.976000,1.98738e-06,0.000036,0.000072,0.000034,0.000017,1.004059,0.008485,0.002021,0.239111,0.99599,0.00001,4
1.0,-5.0000,0.977000,1.99245e-06,0.000036,0.000072,0.000034,0.000017,1.004069,0.008490,0.002026,0.239603,0.99598,0.00001,4
1.0,-5.0000,0.978000,1.99754e-06,0.000036,0.000072,0.000035,0.000017,1.004080,0.008494,0.002031,0.240097,0.99597,0.00001,4
1.0,-5.0000,0.979000,2.00263e-06,0.000036,0.000072,0.000035,0.000017,1.004090,0.008498,0.002036,0.240590,0.99596,0.00001,4
1.0,-5.0000,0.980000,2.00773e-06,0.000036,0.000072,0.000035,0.000017,1.004100,0.008502,0.002041,0.241085,0.99595,0.00001,4
1.0,-5.0000,0.981000,2.01284e-06,0.000036,0.000072,0.000035,0.000017,1.004111,0.008506,0.002047,0.241579,0.99594,0.00001,4
1.0,-5.0000,0.982000,2.01796e-06,0.000036,0.000072,0.000035,0.000017,1.004121,0.008510,0.002052,0.242075,0.99593,0.00001,4
1.0,-5.0000,0.983000,2.02309e-06,0.000036,0.000072,0.000035,0.000018,1.004132,0.008515,0.002057,0.242570,0.99592,0.00001,4
1.0,-5.0000,0.984000,2.02824e-06,0.000036,0.000073,0.000035,0.000018,1.004142,0.008519,0.002062,0.243067,0.99591,0.00001,4
1.0,-5.0000,0.985000,2.03339e-06,0.000037,0.000073,0.000035,0.000018,1.004153,0.008523,0.002067,0.243564,0.99590,0.00001,4
1.0,-5.0000,0.986000,2.03855e-06,0.000037,0.000073,0.000035,0.000018,1.004163,0.008527,0.002073,0.244061,0.99589,0.00001,4
1.0,-5.0000,0.987000,2.04372e-06,0.000037,0.000073,0.000035,0.000018,1.004174,0.008531,0.002078,0.244559,0.99588,0.00001,4
1.0,-5.0000,0.988000,2.04890e-06,0.000037,0.000073,0.000036,0.000018,1.004184,0.008536,0.002083,0.245057,0.99587,0.00001,4
1.0,-5.0000,0.989000,2.05409e-06,0.000037,0.000073,0.000036,0.000018,1.004195,0.008540,0.002088,0.245556,0.99586,0.00001,4
1.0,-5.0000,0.990000,2.05929e-06,0.000037,0.000073,0.000036,0.000018,1.004206,0.008544,0.002093,0.246055,0.99585,0.00001,4
1.0,-5.0000,0.991000,2.06451e-06,0.000037,0.000073,0.000036,0.000018,1.004216,0.008548,0.002099,0.246555,0.99584,0.00001,4
1.0,-5.0000,0.992000,2.06973e-06,0.000037,0.000073,0.000036,0.000018,1.004227,0.008552,0.002104,0.247056,0.99583,0.00001,4
1.0,-5.0000,0.993000,2.07496e-06,0.000037,0.000073,0.000036,0.000018,1.004238,0.008557,0.002109,0.247557,0.99582,0.00001,4
1.0,-5.0000,0.994000,2.08020e-06,0.000038,0.000073,0.000036,0.000019,1.004248,0.008561,0.002115,0.248058,0.99581,0.00001,4
1.0,-5.0000,0.995000,2.08545e-06,0.000038,0.000073,0.000036,0.000019,1.004259,0.008565,0.002120,0.248560,0.99580,0.00001,4
1.0,-5.0000,0.996000,2.09072e-06,0.000038,0.000073,0.000036,0.000019,1.004270,0.008570,0.002125,0.249063,0.99579,0.00001,4
1.0,-5.0000,0.997000,2.09599e-06,0.000038,0.000074,0.000037,0.000019,1.004280,0.008574,0.002131,0.249566,0.99578,0.00001,4
1.0,-5.0000,0.998000,2.10127e-06,0.000038,0.000074,0.000037,0.000019,1.004291,0.008578,0.002136,0.250070,0.99576,0.00001,4
1.0,-5.0000,0.999000,2.10656e-06,0.000038,0.000074,0.000037,0.000019,1.004302,0.008582,0.002141,0.250574,0.99575,0.00001,4
1.0,-5.0000,1.000000,2.11187e-06,0.000038,0.000074,0.000037,0.000019,1.004313,0.008587,0.002147,0.251078,0.99574,0.00001,4
1.0,-5.0000,1.001000,2.11718e-06,0.000038,0.000074,0.000037,0.000019,1.004324,0.008591,0.002152,0.251583,0.99573,0.00001,4
1.0,-5.0000,1.002000,2.12251e-06,0.000038,0.000074,0.000037,0.000019,1.004335,0.008595,0.002157,0.252089,0.99572,0.00001,4
1.0,-5.0000,1.003000,2.12784e-06,0.000039,0.000074,0.000037,0.000019,1.004345,0.008600,0.002163,0.252595,0.99571,0.00001,4
1.0,-5.0000,1.004000,2.13318e-06,0.000039,0.000074,0.000037,0.000019,1.004356,0.008604,0.002168,0.253102,0.99570,0.00001,4
1.0,-5.0000,1.005000,2.13854e-06,0.000039,0.000074,0.000037,0.000020,1.004367,0.008608,0.002174,0.253609,0.99569,0.00001,4
1.0,-5.0000,1.006000,2.14390e-06,0.000039,0.000074,0.000038,0.000020,1.004378,0.008613,0.002179,0.254117,0.99568,0.00001,4
1.0,-5.0000,1.007000,2.14928e-06,0.000039,0.000074,0.000038,0.000020,1.004389,0.008617,0.002184,0.254625,0.99567,0.00001,4
1.0,-5.0000,1.008000,2.15467e-06,0.000039,0.000074,0.000038,0.000020,1.004400,0.008621,0.002190,0.255134,0.99566,0.00001,4
1.0,-5.0000,1.009000,2.16006e-06,0.000039,0.000074,0.000038,0.000020,1.004411,0.008626,0.002195,0.255643,0.99565,0.00001,4
1.0,-5.0000,1.010000,2.16547e-06,0.000039,0.000074,0.000038,0.000020,1.004422,0.008630,0.002201,0.256153,0.99564,0.00001,4
1.0,-5.0000,1.011000,2.17089e-06,0.000039,0.000075,0.000038,0.000020,1.004433,0.008634,0.002206,0.256663,0.99563,0.00001,4
1.0,-5.0000,1.012000,2.17632e-06,0.000040,0.000075,0.000038,0.000020,1.004444,0.008639,0.002212,0.257174,0.99561,0.00001,4
1.0,-5.0000,1.013000,2.18175e-06,0.000040,0.000075,0.000038,0.000020,1.004455,0.008643,0.002217,0.257685,0.99560,0.00001,4
1.0,-5.0000,1.014000,2.18720e-06,0.000040,0.000075,0.000038,0.000020,1.004467,0.008647,0.002223,0.258197,0.99559,0.00001,4
1.0,-5.0000,1.015000,2.19266e-06,0.000040,0.000075,0.000039,0.000021,1.004478,0.008652,0.002228,0.258709,0.99558,0.00001,4
1.0,-5.0000,1.016000,2.19813e-06,0.000040,0.000075,0.000039,0.000021,1.004489,0.008656,0.002234,0.259222,0.99557,0.00001,4
1.0,-5.0000,1.017000,2.20361e-06,0.000040,0.000075,0.000039,0.000021,1.004500,0.008661,0.002239,0.259736,0.99556,0.00001,4
1.0,-5.0000,1.018000,2.20911e-06,0.000040,0.000075,0.000039,0.000021,1.004511,0.008665,0.002245,0.260250,0.99555,0.00001,4
1.0,-5.0000,1.019000,2.21461e-06,0.000040,0.000075,0.000039,0.000021,1.004522,0.008670,0.002251,0.260764,0.99554,0.00001,4
1.0,-5.0000,1.020000,2.22012e-06,0.000041,0.000075,0.000039,0.000021,1.004534,0.008674,0.002256,0.261279,0.99553,0.00001,4
1.0,-5.0000,1.021000,2.22564e-06,0.000041,0.000075,0.000039,0.000021,1.004545,0.008678,0.002262,0.261795,0.99552,0.00001,4
1.0,-5.0000,1.022000,2.23118e-06,0.000041,0.000075,0.000039,0.000021,1.004556,0.008683,0.002267,0.262311,0.99550,0.00001,4
1.0,-5.0000,1.023000,2.23672e-06,0.000041,0.000075,0.000039,0.000021,1.004567,0.008687,0.002273,0.262827,0.99549,0.00001,4
1.0,-5.0000,1.024000,2.24228e-06,0.000041,0.000076,0.000040,0.000021,1.004579,0.008692,0.002278,0.263344,0.99548,0.00001,4
1.0,-5.0000,1.025000,2.24784e-06,0.000041,0.000076,0.000040,0.000022,1.004590,0.008696,0.002284,0.263862,0.99547,0.00001,4
1.0,-5.0000,1.026000,2.25342e-06,0.000041,0.000076,0.000040,0.000022,1.004602,0.008701,0.002290,0.264380,0.99546,0.00001,4
1.0,-5.0000,1.027000,2.25901e-06,0.000041,0.000076,0.000040,0.000022,1.004613,0.008705,0.002295,0.264899,0.99545,0.00001,4
1.0,-5.0000,1.028000,2.26461e-06,0.000041,0.000076,0.000040,0.000022,1.004624,0.008710,0.002301,0.265418,0.99544,0.00001,4
1.0,-5.0000,1.029000,2.27022e-06,0.000042,0.000076,0.000040,0.000022,1.004636,0.008714,0.002307,0.265937,0.99543,0.00001,4
1.0,-5.0000,1.030000,2.27584e-06,0.000042,0.000076,0.000040,0.000022,1.004647,0.008719,0.002312,0.266458,0.99542,0.00001,4
1.0,-5.0000,1.031000,2.28147e-06,0.000042,0.000076,0.000040,0.000022,1.004659,0.008723,0.002318,0.266978,0.99540,0.00001,4
1.0,-5.0000,1.032000,2.28711e-06,0.000042,0.000076,0.000041,0.000022,1.004670,0.008728,0.002324,0.267499,0.99539,0.00001,4
1.0,-5.0000,1.033000,2.29276e-06,0.000042,0.000076,0.000041,0.000022,1.004682,0.008732,0.002329,0.268021,0.99538,0.00001,4
1.0,-5.0000,1.034000,2.29843e-06,0.000042,0.000076,0.000041,0.000023,1.004693,0.008737,0.002335,0.268543,0.99537,0.00001,4
1.0,-5.0000,1.035000,2.30410e-06,0.000042,0.000076,0.000041,0.000023,1.004705,0.008741,0.002341,0.269066,0.99536,0.00001,4
1.0,-5.0000,1.036000,2.30979e-06,0.000042,0.000076,0.000041,0.000023,1.004716,0.008746,0.002347,0.269590,0.99535,0.00001,4
1.0,-5.0000,1.037000,2.31549e-06,0.000043,0.000077,0.000041,0.000023,1.004728,0.008750,0.002352,0.270113,0.99534,0.00001,4
1.0,-5.0000,1.038000,2.32119e-06,0.000043,0.000077,0.000041,0.000023,1.004740,0.008755,0.002358,0.270638,0.99532,0.00001,4
1.0,-5.0000,1.039000,2.32691e-06,0.000043,0.000077,0.000041,0.000023,1.004751,0.008759,0.002364,0.271163,0.99531,0.00001,4
1.0,-5.0000,1.040000,2.33264e-06,0.000043,0.000077,0.000042,0.000023,1.004763,0.008764,0.002370,0.271688,0.99530,0.00001,4
1.0,-5.0000,1.041000,2.33838e-06,0.000043,0.000077,0.000042,0.000023,1.004775,0.008768,0.002376,0.272214,0.99529,0.00001,4
1.0,-5.0000,1.042000,2.34414e-06,0.000043,0.000077,0.000042,0.000023,1.004787,0.008773,0.002381,0.272740,0.99528,0.00001,4
1.0,-5.0000,1.043000,2.34990e-06,0.000043,0.000077,0.000042,0.000024,1.004798,0.008778,0.002387,0.273267,0.99527,0.00001,4
1.0,-5.0000,1.044000,2.35567e-06,0.000043,0.000077,0.000042,0.000024,1.004810,0.008782,0.002393,0.273795,0.99526,0.00001,4
1.0,-5.0000,1.045000,2.36146e-06,0.000044,0.000077,0.000042,0.000024,1.004822,0.008787,0.002399,0.274323,0.99524,0.00001,4
1.0,-5.0000,1.046000,2.36726e-06,0.000044,0.000077,0.000042,0.000024,1.004834,0.008791,0.002405,0.274851,0.99523,0.00001,4
1.0,-5.0000,1.047000,2.37306e-06,0.000044,0.000077,0.000042,0.000024,1.004846,0.008796,0.002411,0.275380,0.99522,0.00001,4
1.0,-5.0000,1.048000,2.37888e-06,0.000044,0.000077,0.000043,0.000024,1.004857,0.008801,0.002416,0.275910,0.99521,0.00001,4
1.0,-5.0000,1.049000,2.38472e-06,0.000044,0.000078,0.000043,0.000024,1.004869,0.008805,0.002422,0.276440,0.99520,0.00001,4
1.0,-5.0000,1.050000,2.39056e-06,0.000044,0.000078,0.000043,0.000024,1.004881,0.008810,0.002428,0.276970,0.99519,0.00001,4
1.0,-5.0000,1.051000,2.39641e-06,0.000044,0.000078,0.000043,0.000024,1.004893,0.008815,0.002434,0.277501,0.99517,0.00001,4
1.0,-5.0000,1.052000,2.40227e-06,0.000044,0.000078,0.000043,0.000025,1.004905,0.008819,0.002440,0.278033,0.99516,0.00001,4
1.0,-5.0000,1.053000,2.40815e-06,0.000045,0.000078,0.000043,0.000025,1.004917,0.008824,0.002446,0.278565,0.99515,0.00001,4
1.0,-5.0000,1.054000,2.41404e-06,0.000045,0.000078,0.000043,0.000025,1.004929,0.008829,0.002452,0.279098,0.99514,0.00001,4
1.0,-5.0000,1.055000,2.41994e-06,0.000045,0.000078,0.000043,0.000025,1.004941,0.008833,0.002458,0.279631,0.99513,0.00001,4
1.0,-5.0000,1.056000,2.42585e-06,0.000045,0.000078,0.000044,0.000025,1.004953,0.008838,0.002464,0.280165,0.99512,0.00001,4
1.0,-5.0000,1.057000,2.43177e-06,0.000045,0.000078,0.000044,0.000025,1.004965,0.008843,0.002470,0.280699,0.99510,0.00001,4
1.0,-5.0000,1.058000,2.43770e-06,0.000045,0.000078,0.000044,0.000025,1.004977,0.008847,0.002476,0.281234,0.99509,0.00001,4
1.0,-5.0000,1.059000,2.44365e-06,0.000045,0.000078,0.000044,0.000025,1.004989,0.008852,0.002482,0.281769,0.99508,0.00001,4
1.0,-5.0000,1.060000,2.44960e-06,0.000046,0.000078,0.000044,0.000026,1.005002,0.008857,0.002488,0.282305,0.99507,0.00001,4
1.0,-5.0000,1.061000,2.45557e-06,0.000046,0.000079,0.000044,0.000026,1.005014,0.008861,0.002494,0.282841,0.99506,0.00001,4
1.0,-5.0000,1.062000,2.46155e-06,0.000046,0.000079,0.000044,0.000026,1.005026,0.008866,0.002500,0.283378,0.99504,0.00001,4
1.0,-5.0000,1.063000,2.46754e-06,0.000046,0.000079,0.000044,0.000026,1.005038,0.008871,0.002506,0.283915,0.99503,0.00001,4
1.0,-5.0000,1.064000,2.47354e-06,0.000046,0.000079,0.000045,0.000026,1.005050,0.008875,0.002512,0.284453,0.99502,0.00001,4
1.0,-5.0000,1.065000,2.47955e-06,0.000046,0.000079,0.000045,0.000026,1.005063,0.008880,0.002518,0.284992,0.99501,0.00001,4
1.0,-5.0000,1.066000,2.48558e-06,0.000046,0.000079,0.000045,0.000026,1.005075,0.008885,0.002524,0.285531,0.99500,0.00001,4
1.0,-5.0000,1.067000,2.49162e-06,0.000046,0.000079,0.000045,0.000026,1.005087,0.008890,0.002530,0.286070,0.99498,0.00001,4
1.0,-5.0000,1.068000,2.49767e-06,0.000047,0.000079,0.000045,0.000027,1.005099,0.008894,0.002536,0.286610,0.99497,0.00001,4
1.0,-5.0000,1.069000,2.50373e-06,0.000047,0.000079,0.000045,0.000027,1.005112,0.008899,0.002542,0.287151,0.99496,0.00001,4
1.0,-5.0000,1.070000,2.50980e-06,0.000047,0.000079,0.000045,0.000027,1.005124,0.008904,0.002549,0.287692,0.99495,0.00001,4
1.0,-5.0000,1.071000,2.51588e-06,0.000047,0.000079,0.000046,0.000027,1.005137,0.008909,0.002555,0.288233,0.99494,0.00001,4
1.0,-5.0000,1.072000,2.52198e-06,0.000047,0.000079,0.000046,0.000027,1.005149,0.008914,0.002561,0.288775,0.99492,0.00001,4
1.0,-5.0000,1.073000,2.52809e-06,0.000047,0.000080,0.000046,0.000027,1.005161,0.008918,0.002567,0.289318,0.99491,0.00001,4
1.0,-5.0000,1.074000,2.53421e-06,0.000047,0.000080,0.000046,0.000027,1.005174,0.008923,0.002573,0.289861,0.99490,0.00001,4
1.0,-5.0000,1.075000,2.54034e-06,0.000048,0.000080,0.000046,0.000027,1.005186,0.008928,0.002579,0.290405,0.99489,0.00001,4
1.0,-5.0000,1.076000,2.54648e-06,0.000048,0.000080,0.000046,0.000028,1.005199,0.008933,0.002586,0.290949,0.99488,0.00001,4
1.0,-5.0000,1.077000,2.55263e-06,0.000048,0.000080,0.000046,0.000028,1.005212,0.008938,0.002592,0.291493,0.99486,0.00001,4
1.0,-5.0000,1.078000,2.55880e-06,0.000048,0.000080,0.000046,0.000028,1.005224,0.008942,0.002598,0.292039,0.99485,0.00001,4
1.0,-5.0000,1.079000,2.56498e-06,0.000048,0.000080,0.000047,0.000028,1.005237,0.008947,0.002604,0.292584,0.99484,0.00001,4
1.0,-5.0000,1.080000,2.57117e-06,0.000048,0.000080,0.000047,0.000028,1.005249,0.008952,0.002610,0.293131,0.99483,0.00001,4
1.0,-5.0000,1.081000,2.57737e-06,0.000048,0.000080,0.000047,0.000028,1.005262,0.008957,0.002617,0.293677,0.99481,0.00001,4
1.0,-5.0000,1.082000,2.58359e-06,0.000049,0.000080,0.000047,0.000028,1.005275,0.008962,0.002623,0.294225,0.99480,0.00001,4
1.0,-5.0000,1.083000,2.58981e-06,0.000049,0.000080,0.000047,0.000029,1.005287,0.008967,0.002629,0.294773,0.99479,0.00001,4
1.0,-5.0000,1.084000,2.59605e-06,0.000049,0.000080,0.000047,0.000029,1.005300,0.008972,0.002636,0.295321,0.99478,0.00001,4
1.0,-5.0000,1.085000,2.60230e-06,0.000049,0.000081,0.000047,0.000029,1.005313,0.008976,0.002642,0.295870,0.99476,0.00001,4
1.0,-5.0000,1.086000,2.60857e-06,0.000049,0.000081,0.000048,0.000029,1.005325,0.008981,0.002648,0.296419,0.99475,0.00001,4
1.0,-5.0000,1.087000,2.61484e-06,0.000049,0.000081,0.000048,0.000029,1.005338,0.008986,0.002654,0.296969,0.99474,0.00001,4
1.0,-5.0000,1.088000,2.62113e-06,0.000049,0.000081,0.000048,0.000029,1.005351,0.008991,0.002661,0.297520,0.99473,0.00001,4
1.0,-5.0000,1.089000,2.62743e-06,0.000050,0.000081,0.000048,0.000029,1.005364,0.008996,0.002667,0.298071,0.99471,0.00001,4
1.0,-5.0000,1.090000,2.63374e-06,0.000050,0.000081,0.000048,0.000029,1.005377,0.009001,0.002674,0.298622,0.99470,0.00001,4
1.0,-5.0000,1.091000,2.64006e-06,0.000050,0.000081,0.000048,0.000030,1.005390,0.009006,0.002680,0.299174,0.99469,0.00001,4
1.0,-5.0000,1.092000,2.64640e-06,0.000050,0.000081,0.000048,0.000030,1.005403,0.009011,0.002686,0.299727,0.99468,0.00001,4
1.0,-5.0000,1.093000,2.65275e-06,0.000050,0.000081,0.000049,0.000030,1.005416,0.009016,0.002693,0.300280,0.99466,0.00001,4
1.0,-5.0000,1.094000,2.65911e-06,0.000050,0.000081,0.000049,0.000030,1.005428,0.009021,0.002699,0.300833,0.99465,0.00001,4
1.0,-5.0000,1.095000,2.66548e-06,0.000050,0.000081,0.000049,0.000030,1.005441,0.009026,0.002706,0.301387,0.99464,0.00001,4
1.0,-5.0000,1.096000,2.67187e-06,0.000051,0.000082,0.000049,0.000030,1.005454,0.009031,0.002712,0.301942,0.99463,0.00001,4
1.0,-5.0000,1.097000,2.67826e-06,0.000051,0.000082,0.000049,0.000030,1.005468,0.009036,0.002718,0.302497,0.99461,0.00001,4
1.0,-5.0000,1.098000,2.68467e-06,0.000051,0.000082,0.000049,0.000031,1.005481,0.009041,0.002725,0.303053,0.99460,0.00001,4
1.0,-5.0000,1.099000,2.69110e-06,0.000051,0.000082,0.000049,0.000031,1.005494,0.009046,0.002731,0.303609,0.99459,0.00001,4
1.0,-5.0000,1.100000,2.69753e-06,0.000051,0.000082,0.000050,0.000031,1.005507,0.009051,0.002738,0.304166,0.99457,0.00001,4
1.0,-5.0000,1.101000,2.70398e-06,0.000051,0.000082,0.000050,0.000031,1.005520,0.009056,0.002744,0.304723,0.99456,0.00001,4
1.0,-5.0000,1.102000,2.71044e-06,0.000051,0.000082,0.000050,0.000031,1.005533,0.009061,0.002751,0.305281,0.99455,0.00001,4
1.0,-5.0000,1.103000,2.71691e-06,0.000052,0.000082,0.000050,0.000031,1.005546,0.009066,0.002757,0.305839,0.99454,0.00001,4
1.0,-5.0000,1.104000,2.72339e-06,0.000052,0.000082,0.000050,0.000032,1.005559,0.009071,0.002764,0.306398,0.99452,0.00001,4
1.0,-5.0000,1.105000,2.72989e-06,0.000052,0.000082,0.000050,0.000032,1.005573,0.009076,0.002770,0.306957,0.99451,0.00001,4
1.0,-5.0000,1.106000,2.73640e-06,0.000052,0.000082,0.000050,0.000032,1.005586,0.009081,0.002777,0.307517,0.99450,0.00001,4
1.0,-5.0000,1.107000,2.74292e-06,0.000052,0.000083,0.000051,0.000032,1.005599,0.009086,0.002784,0.308078,0.99448,0.00001,4
1.0,-5.0000,1.108000,2.74946e-06,0.000052,0.000083,0.000051,0.000032,1.005613,0.009091,0.002790,0.308639,0.99447,0.00001,4
1.0,-5.0000,1.109000,2.75601e-06,0.000052,0.000083,0.000051,0.000032,1.005626,0.009096,0.002797,0.309200,0.99446,0.00001,4
1.0,-5.0000,1.110000,2.76257e-06,0.000053,0.000083,0.000051,0.000032,1.005639,0.009101,0.002803,0.309762,0.99444,0.00001,4
1.0,-5.0000,1.111000,2.76914e-06,0.000053,0.000083,0.000051,0.000033,1.005653,0.009106,0.002810,0.310325,0.99443,0.00001,4
1.0,-5.0000,1.112000,2.77573e-06,0.000053,0.000083,0.000051,0.000033,1.005666,0.009111,0.002817,0.310888,0.99442,0.00001,4
1.0,-5.0000,1.113000,2.78232e-06,0.000053,0.000083,0.000051,0.000033,1.005679,0.009116,0.002823,0.311451,0.99441,0.00001,4
1.0,-5.0000,1.114000,2.78894e-06,0.000053,0.000083,0.000052,0.000033,1.005693,0.009121,0.002830,0.312015,0.99439,0.00001,4
1.0,-5.0000,1.115000,2.79556e-06,0.000053,0.000083,0.000052,0.000033,1.005706,0.009126,0.002837,0.312580,0.99438,0.00001,4
1.0,-5.0000,1.116000,2.80220e-06,0.000054,0.000083,0.000052,0.000033,1.005720,0.009131,0.002843,0.313145,0.99437,0.00001,4
1.0,-5.0000,1.117000,2.80885e-06,0.000054,0.000083,0.000052,0.000033,1.005733,0.009137,0.002850,0.313711,0.99435,0.00001,4
1.0,-5.0000,1.118000,2.81551e-06,0.000054,0.000084,0.000052,0.000034,1.005747,0.009142,0.002857,0.314277,0.99434,0.00001,4
1.0,-5.0000,1.119000,2.82218e-06,0.000054,0.000084,0.000052,0.000034,1.005761,0.009147,0.002863,0.314844,0.99433,0.00001,4
1.0,-5.0000,1.120000,2.82887e-06,0.000054,0.000084,0.000053,0.000034,1.005774,0.009152,0.002870,0.315411,0.99431,0.00001,4
1.0,-5.0000,1.121000,2.83557e-06,0.000054,0.000084,0.000053,0.000034,1.005788,0.009157,0.002877,0.315979,0.99430,0.00001,4
1.0,-5.0000,1.122000,2.84229e-06,0.000054,0.000084,0.000053,0.000034,1.005802,0.009162,0.002884,0.316547,0.99429,0.00001,4
1.0,-5.0000,1.123000,2.84902e-06,0.000055,0.000084,0.000053,0.000034,1.005815,0.009167,0.002890,0.317116,0.99427,0.00001,4
1.0,-5.0000,1.124000,2.85576e-06,0.000055,0.000084,0.000053,0.000035,1.005829,0.009173,0.002897,0.317685,0.99426,0.00001,4
1.0,-5.0000,1.125000,2.86251e-06,0.000055,0.000084,0.000053,0.000035,1.005843,0.009178,0.002904,0.318255,0.99425,0.00001,4
1.0,-5.0000,1.126000,2.86928e-06,0.000055,0.000084,0.000053,0.000035,1.005857,0.009183,0.002911,0.318825,0.99423,0.00001,4
1.0,-5.0000,1.127000,2.87606e-06,0.000055,0.000084,0.000054,0.000035,1.005870,0.009188,0.002918,0.319396,0.99422,0.00001,4
1.0,-5.0000,1.128000,2.88285e-06,0.000055,0.000085,0.000054,0.000035,1.005884,0.009193,0.002924,0.319968,0.99420,0.00001,4
1.0,-5.0000,1.129000,2.88966e-06,0.000056,0.000085,0.000054,0.000035,1.005898,0.009199,0.002931,0.320540,0.99419,0.00001,4
1.0,-5.0000,1.130000,2.89647e-06,0.000056,0.000085,0.000054,0.000036,1.005912,0.009204,0.002938,0.321112,0.99418,0.00001,4
1.0,-5.0000,1.131000,2.90331e-06,0.000056,0.000085,0.000054,0.000036,1.005926,0.009209,0.002945,0.321685,0.99416,0.00001,4
1.0,-5.0000,1.132000,2.91015e-06,0.000056,0.000085,0.000054,0.000036,1.005940,0.009214,0.002952,0.322259,0.99415,0.00001,4
1.0,-5.0000,1.133000,2.91701e-06,0.000056,0.000085,0.000055,0.000036,1.005954,0.009220,0.002959,0.322833,0.99414,0.00001,4
1.0,-5.0000,1.134000,2.92388e-06,0.000056,0.000085,0.000055,0.000036,1.005968,0.009225,0.002966,0.323408,0.99412,0.00001,4
1.0,-5.0000,1.135000,2.93077e-06,0.000057,0.000085,0.000055,0.000036,1.005982,0.009230,0.002973,0.323983,0.99411,0.00001,4
1.0,-5.0000,1.136000,2.93767e-06,0.000057,0.000085,0.000055,0.000037,1.005996,0.009235,0.002980,0.324558,0.99410,0.00001,4
1.0,-5.0000,1.137000,2.94458e-06,0.000057,0.000085,0.000055,0.000037,1.006010,0.009241,0.002986,0.325135,0.99408,0.00001,4
1.0,-5.0000,1.138000,2.95151e-06,0.000057,0.000085,0.000055,0.000037,1.006024,0.009246,0.002993,0.325711,0.99407,0.00001,4
1.0,-5.0000,1.139000,2.95844e-06,0.000057,0.000086,0.000056,0.000037,1.006038,0.009251,0.003000,0.326289,0.99405,0.00001,4
1.0,-5.0000,1.140000,2.96540e-06,0.000057,0.000086,0.000056,0.000037,1.006052,0.009256,0.003007,0.326866,0.99404,0.00001,4
1.0,-5.0000,1.141000,2.97236e-06,0.000058,0.000086,0.000056,0.000037,1.006066,0.009262,0.003014,0.327445,0.99403,0.00001,4
1.0,-5.0000,1.142000,2.97934e-06,0.000058,0.000086,0.000056,0.000038,1.006081,0.009267,0.003021,0.328024,0.99401,0.00001,4
1.0,-5.0000,1.143000,2.98634e-06,0.000058,0.000086,0.000056,0.000038,1.006095,0.009272,0.003028,0.328603,0.99400,0.00001,4
1.0,-5.0000,1.144000,2.99334e-06,0.000058,0.000086,0.000056,0.000038,1.006109,0.009278,0.003036,0.329183,0.99399,0.00001,4
1.0,-5.0000,1.145000,3.00036e-06,0.000058,0.000086,0.000056,0.000038,1.006123,0.009283,0.003043,0.329763,0.99397,0.00001,4
1.0,-5.0000,1.146000,3.00740e-06,0.000058,0.000086,0.000057,0.000038,1.006138,0.009288,0.003050,0.330344,0.99396,0.00001,4
1.0,-5.0000,1.147000,3.01444e-06,0.000059,0.000086,0.000057,0.000038,1.006152,0.009294,0.003057,0.330926,0.99394,0.00001,4
1.0,-5.0000,1.148000,3.02151e-06,0.000059,0.000086,0.000057,0.000039,1.006166,0.009299,0.003064,0.331508,0.99393,0.00001,4
1.0,-5.0000,1.149000,3.02858e-06,0.000059,0.000087,0.000057,0.000039,1.006181,0.009304,0.003071,0.332090,0.99392,0.00001,4
1.0,-5.0000,1.150000,3.03567e-06,0.000059,0.000087,0.000057,0.000039,1.006195,0.009310,0.003078,0.332673,0.99390,0.00001,4
1.0,-5.0000,1.151000,3.04277e-06,0.000059,0.000087,0.000057,0.000039,1.006210,0.009315,0.003085,0.333257,0.99389,0.00001,4
1.0,-5.0000,1.152000,3.04989e-06,0.000059,0.000087,0.000058,0.000039,1.006224,0.009321,0.003092,0.333841,0.99387,0.00001,4
1.0,-5.0000,1.153000,3.05702e-06,0.000060,0.000087,0.000058,0.000040,1.006239,0.009326,0.003100,0.334426,0.99386,0.00001,4
1.0,-5.0000,1.154000,3.06416e-06,0.000060,0.000087,0.000058,0.000040,1.006253,0.009331,0.003107,0.335011,0.99384,0.00001,4
1.0,-5.0000,1.155000,3.07132e-06,0.000060,0.000087,0.000058,0.000040,1.006268,0.009337,0.003114,0.335597,0.99383,0.00001,4
1.0,-5.0000,1.156000,3.07849e-06,0.000060,0.000087,0.000058,0.000040,1.006282,0.009342,0.003121,0.336183,0.99382,0.00001,4
1.0,-5.0000,1.157000,3.08567e-06,0.000060,0.000087,0.000058,0.000040,1.006297,0.009348,0.003128,0.336770,0.99380,0.00001,4
1.0,-5.0000,1.158000,3.09287e-06,0.000060,0.000087,0.000059,0.000041,1.006312,0.009353,0.003136,0.337357,0.99379,0.00001,4
1.0,-5.0000,1.159000,3.10009e-06,0.000061,0.000088,0.000059,0.000041,1.006326,0.009359,0.003143,0.337945,0.99377,0.00001,4
1.0,-5.0000,1.160000,3.10731e-06,0.000061,0.000088,0.000059,0.000041,1.006341,0.009364,0.003150,0.338533,0.99376,0.00001,4
1.0,-5.0000,1.161000,3.11456e-06,0.000061,0.000088,0.000059,0.000041,1.006356,0.009370,0.003157,0.339122,0.99374,0.00001,4
1.0,-5.0000,1.162000,3.12181e-06,0.000061,0.000088,0.000059,0.000041,1.006371,0.009375,0.003165,0.339711,0.99373,0.00001,4
1.0,-5.0000,1.163000,3.12908e-06,0.000061,0.000088,0.000060,0.000041,1.006385,0.009380,0.003172,0.340301,0.99372,0.00001,4
1.0,-5.0000,1.164000,3.13636e-06,0.000061,0.000088,0.000060,0.000042,1.006400,0.009386,0.003179,0.340892,0.99370,0.00001,4
1.0,-5.0000,1.165000,3.14366e-06,0.000062,0.000088,0.000060,0.000042,1.006415,0.009391,0.003187,0.341483,0.99369,0.00001,4
1.0,-5.0000,1.166000,3.15097e-06,0.000062,0.000088,0.000060,0.000042,1.006430,0.009397,0.003194,0.342074,0.99367,0.00001,4
1.0,-5.0000,1.167000,3.15830e-06,0.000062,0.000088,0.000060,0.000042,1.006445,0.009402,0.003201,0.342667,0.99366,0.00001,4
1.0,-5.0000,1.168000,3.16564e-06,0.000062,0.000089,0.000060,0.000042,1.006460,0.009408,0.003209,0.343259,0.99364,0.00001,4
1.0,-5.0000,1.169000,3.17299e-06,0.000062,0.000089,0.000061,0.000043,1.006475,0.009414,0.003216,0.343852,0.99363,0.00001,4
1.0,-5.0000,1.170000,3.18036e-06,0.000063,0.000089,0.000061,0.000043,1.006490,0.009419,0.003223,0.344446,0.99361,0.00001,4
1.0,-5.0000,1.171000,3.18775e-06,0.000063,0.000089,0.000061,0.000043,1.006505,0.009425,0.003231,0.345040,0.99360,0.00001,4
1.0,-5.0000,1.172000,3.19514e-06,0.000063,0.000089,0.000061,0.000043,1.006520,0.009430,0.003238,0.345635,0.99358,0.00001,4
1.0,-5.0000,1.173000,3.20256e-06,0.000063,0.000089,0.000061,0.000043,1.006535,0.009436,0.003246,0.346230,0.99357,0.00001,4
1.0,-5.0000,1.174000,3.20998e-06,0.000063,0.000089,0.000061,0.000044,1.006550,0.009441,0.003253,0.346826,0.99356,0.00001,4
1.0,-5.0000,1.175000,3.21742e-06,0.000063,0.000089,0.000062,0.000044,1.006565,0.009447,0.003261,0.347422,0.99354,0.00001,4
1.0,-5.0000,1.176000,3.22488e-06,0.000064,0.000089,0.000062,0.000044,1.006580,0.009452,0.003268,0.348019,0.99353,0.00001,4
1.0,-5.0000,1.177000,3.23235e-06,0.000064,0.000089,0.000062,0.000044,1.006595,0.009458,0.003276,0.348616,0.99351,0.00001,4
1.0,-5.0000,1.178000,3.23983e-06,0.000064,0.000090,0.000062,0.000044,1.006611,0.009464,0.003283,0.349214,0.99350,0.00001,4
1.0,-5.0000,1.179000,3.24733e-06,0.000064,0.000090,0.000062,0.000045,1.006626,0.009469,0.003291,0.349813,0.99348,0.00001,4
1.0,-5.0000,1.180000,3.25484e-06,0.000064,0.000090,0.000063,0.000045,1.006641,0.009475,0.003298,0.350412,0.99347,0.00001,4
1.0,-5.0000,1.181000,3.26237e-06,0.000065,0.000090,0.000063,0.000045,1.006657,0.009481,0.003306,0.351011,0.99345,0.00001,4
1.0,-5.0000,1.182000,3.26992e-06,0.000065,0.000090,0.000063,0.000045,1.006672,0.009486,0.003313,0.351611,0.99344,0.00001,4
1.0,-5.0000,1.183000,3.27747e-06,0.000065,0.000090,0.000063,0.000045,1.006687,0.009492,0.003321,0.352212,0.99342,0.00001,4
1.0,-5.0000,1.184000,3.28504e-06,0.000065,0.000090,0.000063,0.000046,1.006703,0.009497,0.003329,0.352813,0.99341,0.00001,4
1.0,-5.0000,1.185000,3.29263e-06,0.000065,0.000090,0.000063,0.000046,1.006718,0.009503,0.003336,0.353415,0.99339,0.00001,4
1.0,-5.0000,1.186000,3.30023e-06,0.000065,0.000090,0.000064,0.000046,1.006734,0.009509,0.003344,0.354017,0.99338,0.00001,4
1.0,-5.0000,1.187000,3.30785e-06,0.000066,0.000091,0.000064,0.000046,1.006749,0.009514,0.003351,0.354620,0.99336,0.00001,4
1.0,-5.0000,1.188000,3.31548e-06,0.000066,0.000091,0.000064,0.000046,1.006765,0.009520,0.003359,0.355223,0.99335,0.00001,4
1.0,-5.0000,1.189000,3.32313e-06,0.000066,0.000091,0.000064,0.000047,1.006780,0.009526,0.003367,0.355827,0.99333,0.00001,4
1.0,-5.0000,1.190000,3.33079e-06,0.000066,0.000091,0.000064,0.000047,1.006796,0.009532,0.003374,0.356431,0.99332,0.00001,4
1.0,-5.0000,1.191000,3.33846e-06,0.000066,0.000091,0.000065,0.000047,1.006811,0.009537,0.003382,0.357036,0.99330,0.00001,4
1.0,-5.0000,1.192000,3.34615e-06,0.000067,0.000091,0.000065,0.000047,1.006827,0.009543,0.003390,0.357641,0.99329,0.00001,4
1.0,-5.0000,1.193000,3.35386e-06,0.000067,0.000091,0.000065,0.000048,1.006843,0.009549,0.003398,0.358247,0.99327,0.00001,4
1.0,-5.0000,1.194000,3.36158e-06,0.000067,0.000091,0.000065,0.000048,1.006858,0.009554,0.003405,0.358853,0.99325,0.00001,4
1.0,-5.0000,1.195000,3.36932e-06,0.000067,0.000091,0.000065,0.000048,1.006874,0.009560,0.003413,0.359460,0.99324,0.00001,4
1.0,-5.0000,1.196000,3.37707e-06,0.000067,0.000092,0.000065,0.000048,1.006890,0.009566,0.003421,0.360068,0.99322,0.00001,4
1.0,-5.0000,1.197000,3.38483e-06,0.000068,0.000092,0.000066,0.000048,1.006906,0.009572,0.003429,0.360676,0.99321,0.00001,4
1.0,-5.0000,1.198000,3.39261e-06,0.000068,0.000092,0.000066,0.000049,1.006921,0.009577,0.003436,0.361284,0.99319,0.00001,4
1.0,-5.0000,1.199000,3.40041e-06,0.000068,0.000092,0.000066,0.000049,1.006937,0.009583,0.003444,0.361893,0.99318,0.00001,4
1.0,-5.0000,1.200000,3.40822e-06,0.000068,0.000092,0.000066,0.000049,1.006953,0.009589,0.003452,0.362503,0.99316,0.00001,4
1.0,-5.0000,1.201000,3.41605e-06,0.000068,0.000092,0.000066,0.000049,1.006969,0.009595,0.003460,0.363113,0.99315,0.00001,4
1.0,-5.0000,1.202000,3.42389e-06,0.000069,0.000092,0.000067,0.000050,1.006985,0.009601,0.003468,0.363724,0.99313,0.00001,4
1.0,-5.0000,1.203000,3.43175e-06,0.000069,0.000092,0.000067,0.000050,1.007001,0.009606,0.003476,0.364335,0.99312,0.00001,4
1.0,-5.0000,1.204000,3.43962e-06,0.000069,0.000092,0.000067,0.000050,1.007017,0.009612,0.003484,0.364947,0.99310,0.00001,4
1.0,-5.0000,1.205000,3.44751e-06,0.000069,0.000093,0.000067,0.000050,1.007033,0.009618,0.003491,0.365559,0.99308,0.00001,4
1.0,-5.0000,1.206000,3.45541e-06,0.000069,0.000093,0.000067,0.000050,1.007049,0.009624,0.003499,0.366172,0.99307,0.00001,4
1.0,-5.0000,1.207000,3.46333e-06,0.000070,0.000093,0.000068,0.000051,1.007065,0.009630,0.003507,0.366785,0.99305,0.00001,4
1.0,-5.0000,1.208000,3.47126e-06,0.000070,0.000093,0.000068,0.000051,1.007081,0.009636,0.003515,0.367399,0.99304,0.00001,4
1.0,-5.0000,1.209000,3.47921e-06,0.000070,0.000093,0.000068,0.000051,1.007097,0.009642,0.003523,0.368014,0.99302,0.00001,4
1.0,-5.0000,1.210000,3.48718e-06,0.000070,0.000093,0.000068,0.000051,1.007114,0.009647,0.003531,0.368629,0.99301,0.00001,4
1.0,-5.0000,1.211000,3.49516e-06,0.000070,0.000093,0.000068,0.000052,1.007130,0.009653,0.003539,0.369244,0.99299,0.00001,4
1.0,-5.0000,1.212000,3.50315e-06,0.000071,0.000093,0.000069,0.000052,1.007146,0.009659,0.003547,0.369860,0.99297,0.00001,4
1.0,-5.0000,1.213000,3.51116e-06,0.000071,0.000093,0.000069,0.000052,1.007162,0.009665,0.003555,0.370477,0.99296,0.00001,4
1.0,-5.0000,1.214000,3.51919e-06,0.000071,0.000094,0.000069,0.000052,1.007179,0.009671,0.003563,0.371094,0.99294,0.00001,4
1.0,-5.0000,1.215000,3.52723e-06,0.000071,0.000094,0.000069,0.000052,1.007195,0.009677,0.003571,0.371712,0.99293,0.00001,4
1.0,-5.0000,1.216000,3.53529e-06,0.000071,0.000094,0.000069,0.000053,1.007211,0.009683,0.003579,0.372330,0.99291,0.00001,4
1.0,-5.0000,1.217000,3.54337e-06,0.000072,0.000094,0.000070,0.000053,1.007228,0.009689,0.003587,0.372949,0.99289,0.00001,4
1.0,-5.0000,1.218000,3.55146e-06,0.000072,0.000094,0.000070,0.000053,1.007244,0.009695,0.003596,0.373568,0.99288,0.00001,4
1.0,-5.0000,1.219000,3.55956e-06,0.000072,0.000094,0.000070,0.000053,1.007261,0.009701,0.003604,0.374188,0.99286,0.00001,4
1.0,-5.0000,1.220000,3.56769e-06,0.000072,0.000094,0.000070,0.000054,1.007277,0.009707,0.003612,0.374808,0.99285,0.00001,4
1.0,-5.0000,1.221000,3.57582e-06,0.000072,0.000094,0.000070,0.000054,1.007294,0.009713,0.003620,0.375429,0.99283,0.00001,4
1.0,-5.0000,1.222000,3.58398e-06,0.000073,0.000094,0.000071,0.000054,1.007310,0.009719,0.003628,0.376050,0.99281,0.00001,4
1.0,-5.0000,1.223000,3.59215e-06,0.000073,0.000095,0.000071,0.000054,1.007327,0.009725,0.003636,0.376672,0.99280,0.00001,4
1.0,-5.0000,1.224000,3.60033e-06,0.000073,0.000095,0.000071,0.000055,1.007344,0.009731,0.003645,0.377294,0.99278,0.00001,4
1.0,-5.0000,1.225000,3.60853e-06,0.000073,0.000095,0.000071,0.000055,1.007360,0.009737,0.003653,0.377917,0.99277,0.00001,4
1.0,-5.0000,1.226000,3.61675e-06,0.000073,0.000095,0.000071,0.000055,1.007377,0.009743,0.003661,0.378541,0.99275,0.00001,4
1.0,-5.0000,1.227000,3.62498e-06,0.000074,0.000095,0.000072,0.000055,1.007394,0.009749,0.003669,0.379165,0.99273,0.00001,4
1.0,-5.0000,1.228000,3.63323e-06,0.000074,0.000095,0.000072,0.000056,1.007410,0.009755,0.003677,0.379790,0.99272,0.00001,4
1.0,-5.0000,1.229000,3.64150e-06,0.000074,0.000095,0.000072,0.000056,1.007427,0.009761,0.003686,0.380415,0.99270,0.00001,4
1.0,-5.0000,1.230000,3.64978e-06,0.000074,0.000095,0.000072,0.000056,1.007444,0.009767,0.003694,0.381041,0.99268,0.00001,4
1.0,-5.0000,1.231000,3.65808e-06,0.000074,0.000096,0.000072,0.000056,1.007461,0.009773,0.003702,0.381667,0.99267,0.00001,4
1.0,-5.0000,1.232000,3.66639e-06,0.000075,0.000096,0.000073,0.000057,1.007478,0.009779,0.003711,0.382293,0.99265,0.00001,4
1.0,-5.0000,1.233000,3.67472e-06,0.000075,0.000096,0.000073,0.000057,1.007495,0.009785,0.003719,0.382921,0.99263,0.00001,4
1.0,-5.0000,1.234000,3.68307e-06,0.000075,0.000096,0.000073,0.000057,1.007512,0.009791,0.003727,0.383549,0.99262,0.00001,4
1.0,-5.0000,1.235000,3.69143e-06,0.000075,0.000096,0.000073,0.000057,1.007529,0.009797,0.003736,0.384177,0.99260,0.00001,4
1.0,-5.0000,1.236000,3.69981e-06,0.000076,0.000096,0.000073,0.000058,1.007546,0.009803,0.003744,0.384806,0.99259,0.00001,4
1.0,-5.0000,1.237000,3.70821e-06,0.000076,0.000096,0.000074,0.000058,1.007563,0.009809,0.003752,0.385435,0.99257,0.00001,4
1.0,-5.0000,1.238000,3.71662e-06,0.000076,0.000096,0.000074,0.000058,1.007580,0.009815,0.003761,0.386065,0.99255,0.00001,4
1.0,-5.0000,1.239000,3.72505e-06,0.000076,0.000096,0.000074,0.000058,1.007597,0.009822,0.003769,0.386696,0.99254,0.00001,4
1.0,-5.0000,1.240000,3.73350e-06,0.000076,0.000097,0.000074,0.000059,1.007614,0.009828,0.003778,0.387327,0.99252,0.00001,4
1.0,-5.0000,1.241000,3.74196e-06,0.000077,0.000097,0.000074,0.000059,1.007631,0.009834,0.003786,0.387958,0.99250,0.00001,4
1.0,-5.0000,1.242000,3.75044e-06,0.000077,0.000097,0.000075,0.000059,1.007648,0.009840,0.003795,0.388591,0.99249,0.00001,4
1.0,-5.0000,1.243000,3.75893e-06,0.000077,0.000097,0.000075,0.000060,1.007666,0.009846,0.003803,0.389223,0.99247,0.00001,4
1.0,-5.0000,1.244000,3.76744e-06,0.000077,0.000097,0.000075,0.000060,1.007683,0.009852,0.003812,0.389856,0.99245,0.00001,4
1.0,-5.0000,1.245000,3.77597e-06,0.000077,0.000097,0.000075,0.000060,1.007700,0.009859,0.003820,0.390490,0.99243,0.00001,4
1.0,-5.0000,1.246000,3.78452e-06,0.000078,0.000097,0.000076,0.000060,1.007718,0.009865,0.003829,0.391124,0.99242,0.00001,4
1.0,-5.0000,1.247000,3.79308e-06,0.000078,0.000097,0.000076,0.000061,1.007735,0.009871,0.003837,0.391759,0.99240,0.00001,4
1.0,-5.0000,1.248000,3.80166e-06,0.000078,0.000098,0.000076,0.000061,1.007752,0.009877,0.003846,0.392395,0.99238,0.00001,4
1.0,-5.0000,1.249000,3.81025e-06,0.000078,0.000098,0.000076,0.000061,1.007770,0.009883,0.003855,0.393031,0.99237,0.00001,4
1.0,-5.0000,1.250000,3.81886e-06,0.000079,0.000098,0.000076,0.000061,1.007787,0.009890,0.003863,0.393667,0.99235,0.00001,4
1.0,-5.0000,1.251000,3.82749e-06,0.000079,0.000098,0.000077,0.000062,1.007805,0.009896,0.003872,0.394304,0.99233,0.00001,4
1.0,-5.0000,1.252000,3.83614e-06,0.000079,0.000098,0.000077,0.000062,1.007822,0.009902,0.003880,0.394941,0.99232,0.00001,4
1.0,-5.0000,1.253000,3.84480e-06,0.000079,0.000098,0.000077,0.000062,1.007840,0.009908,0.003889,0.395579,0.99230,0.00001,4
1.0,-5.0000,1.254000,3.85348e-06,0.000080,0.000098,0.000077,0.000063,1.007858,0.009915,0.003898,0.396218,0.99228,0.00001,4
1.0,-5.0000,1.255000,3.86218e-06,0.000080,0.000098,0.000078,0.000063,1.007875,0.009921,0.003906,0.396857,0.99226,0.00001,4
1.0,-5.0000,1.256000,3.87089e-06,0.000080,0.000099,0.000078,0.000063,1.007893,0.009927,0.003915,0.397497,0.99225,0.00001,4
1.0,-5.0000,1.257000,3.87963e-06,0.000080,0.000099,0.000078,0.000063,1.007911,0.009933,0.003924,0.398137,0.99223,0.00001,4
1.0,-5.0000,1.258000,3.88837e-06,0.000080,0.000099,0.000078,0.000064,1.007928,0.009940,0.003933,0.398778,0.99221,0.00001,4
1.0,-5.0000,1.259000,3.89714e-06,0.000081,0.000099,0.000078,0.000064,1.007946,0.009946,0.003941,0.399419,0.99220,0.00001,4
1.0,-5.0000,1.260000,3.90592e-06,0.000081,0.000099,0.000079,0.000064,1.007964,0.009952,0.003950,0.400061,0.99218,0.00001,4
1.0,-5.0000,1.261000,3.91472e-06,0.000081,0.000099,0.000079,0.000064,1.007982,0.009959,0.003959,0.400703,0.99216,0.00001,4
1.0,-5.0000,1.262000,3.92354e-06,0.000081,0.000099,0.000079,0.000065,1.008000,0.009965,0.003968,0.401346,0.99214,0.00001,4
1.0,-5.0000,1.263000,3.93237e-06,0.000082,0.000099,0.000079,0.000065,1.008018,0.009971,0.003977,0.401990,0.99213,0.00001,4
1.0,-5.0000,1.264000,3.94123e-06,0.000082,0.000100,0.000080,0.000065,1.008036,0.009978,0.003985,0.402634,0.99211,0.00001,4
1.0,-5.0000,1.265000,3.95010e-06,0.000082,0.000100,0.000080,0.000066,1.008054,0.009984,0.003994,0.403278,0.99209,0.00001,4
1.0,-5.0000,1.266000,3.95898e-06,0.000082,0.000100,0.000080,0.000066,1.008072,0.009991,0.004003,0.403923,0.99207,0.00001,4
1.0,-5.0000,1.267000,3.96789e-06,0.000083,0.000100,0.000080,0.000066,1.008090,0.009997,0.004012,0.404569,0.99206,0.00001,4
1.0,-5.0000,1.268000,3.97681e-06,0.000083,0.000100,0.000080,0.000067,1.008108,0.010003,0.004021,0.405215,0.99204,0.00001,4
1.0,-5.0000,1.269000,3.98575e-06,0.000083,0.000100,0.000081,0.000067,1.008126,0.010010,0.004030,0.405862,0.99202,0.00001,4
1.0,-5.0000,1.270000,3.99470e-06,0.000083,0.000100,0.000081,0.000067,1.008144,0.010016,0.004039,0.406509,0.99200,0.00001,4
1.0,-5.0000,1.271000,4.00368e-06,0.000083,0.000100,0.000081,0.000067,1.008162,0.010023,0.004048,0.407157,0.99199,0.00001,4
1.0,-5.0000,1.272000,4.01267e-06,0.000084,0.000101,0.000081,0.000068,1.008181,0.010029,0.004057,0.407805,0.99197,0.00001,4
1.0,-5.0000,1.273000,4.02168e-06,0.000084,0.000101,0.000082,0.000068,1.008199,0.010035,0.004066,0.408454,0.99195,0.00001,4
1.0,-5.0000,1.274000,4.03071e-06,0.000084,0.000101,0.000082,0.000068,1.008217,0.010042,0.004075,0.409103,0.99193,0.00001,4
1.0,-5.0000,1.275000,4.03975e-06,0.000084,0.000101,0.000082,0.000069,1.008236,0.010048,0.004084,0.409753,0.99191,0.00001,4
1.0,-5.0000,1.276000,4.04882e-06,0.000085,0.000101,0.000082,0.000069,1.008254,0.010055,0.004093,0.410404,0.99190,0.00001,4
1.0,-5.0000,1.277000,4.05790e-06,0.000085,0.000101,0.000083,0.000069,1.008272,0.010061,0.004102,0.411055,0.99188,0.00001,4
1.0,-5.0000,1.278000,4.06700e-06,0.000085,0.000101,0.000083,0.000070,1.008291,0.010068,0.004111,0.411706,0.99186,0.00001,4
1.0,-5.0000,1.279000,4.07611e-06,0.000085,0.000101,0.000083,0.000070,1.008309,0.010074,0.004120,0.412358,0.99184,0.00001,4
1.0,-5.0000,1.280000,4.08525e-06,0.000086,0.000102,0.000083,0.000070,1.008328,0.010081,0.004129,0.413011,0.99183,0.00001,4
1.0,-5.0000,1.281000,4.09440e-06,0.000086,0.000102,0.000083,0.000070,1.008347,0.010087,0.004138,0.413664,0.99181,0.00001,4
1.0,-5.0000,1.282000,4.10357e-06,0.000086,0.000102,0.000084,0.000071,1.008365,0.010094,0.004147,0.414318,0.99179,0.00001,4
1.0,-5.0000,1.283000,4.11276e-06,0.000086,0.000102,0.000084,0.000071,1.008384,0.010100,0.004157,0.414972,0.99177,0.00001,4
1.0,-5.0000,1.284000,4.12197e-06,0.000087,0.000102,0.000084,0.000071,1.008402,0.010107,0.004166,0.415627,0.99175,0.00001,4
1.0,-5.0000,1.285000,4.13119e-06,0.000087,0.000102,0.000084,0.000072,1.008421,0.010114,0.004175,0.416283,0.99173,0.00001,4
1.0,-5.0000,1.286000,4.14044e-06,0.000087,0.000102,0.000085,0.000072,1.008440,0.010120,0.004184,0.416938,0.99172,0.00001,4
1.0,-5.0000,1.287000,4.14970e-06,0.000087,0.000103,0.000085,0.000072,1.008459,0.010127,0.004193,0.417595,0.99170,0.00001,4
1.0,-5.0000,1.288000,4.15898e-06,0.000088,0.000103,0.000085,0.000073,1.008477,0.010133,0.004203,0.418252,0.99168,0.00001,4
1.0,-5.0000,1.289000,4.16827e-06,0.000088,0.000103,0.000085,0.000073,1.008496,0.010140,0.004212,0.418909,0.99166,0.00001,4
1.0,-5.0000,1.290000,4.17759e-06,0.000088,0.000103,0.000086,0.000073,1.008515,0.010146,0.004221,0.419568,0.99164,0.00001,4
1.0,-5.0000,1.291000,4.18693e-06,0.000088,0.000103,0.000086,0.000074,1.008534,0.010153,0.004230,0.420226,0.99162,0.00001,4
1.0,-5.0000,1.292000,4.19628e-06,0.000089,0.000103,0.000086,0.000074,1.008553,0.010160,0.004240,0.420885,0.99161,0.00001,4
1.0,-5.0000,1.293000,4.20565e-06,0.000089,0.000103,0.000086,0.000074,1.008572,0.010166,0.004249,0.421545,0.99159,0.00001,4
1.0,-5.0000,1.294000,4.21504e-06,0.000089,0.000103,0.000087,0.000075,1.008591,0.010173,0.004258,0.422205,0.99157,0.00001,4
1.0,-5.0000,1.295000,4.22445e-06,0.000089,0.000104,0.000087,0.000075,1.008610,0.010180,0.004268,0.422866,0.99155,0.00001,4
1.0,-5.0000,1.296000,4.23388e-06,0.000090,0.000104,0.000087,0.000075,1.008629,0.010186,0.004277,0.423527,0.99153,0.00001,4
1.0,-5.0000,1.297000,4.24332e-06,0.000090,0.000104,0.000087,0.000076,1.008648,0.010193,0.004287,0.424189,0.99151,0.00001,4
1.0,-5.0000,1.298000,4.25279e-06,0.000090,0.000104,0.000088,0.000076,1.008668,0.010200,0.004296,0.424852,0.99150,0.00001,4
1.0,-5.0000,1.299000,4.26227e-06,0.000090,0.000104,0.000088,0.000076,1.008687,0.010206,0.004306,0.425515,0.99148,0.00001,4
1.0,-5.0000,1.300000,4.27177e-06,0.000091,0.000104,0.000088,0.000077,1.008706,0.010213,0.004315,0.426178,0.99146,0.00001,4
1.0,-5.0000,1.301000,4.28129e-06,0.000091,0.000104,0.000088,0.000077,1.008725,0.010220,0.004325,0.426842,0.99144,0.00001,4
1.0,-5.0000,1.302000,4.29083e-06,0.000091,0.000105,0.000089,0.000077,1.008745,0.010226,0.004334,0.427507,0.99142,0.00001,4
1.0,-5.0000,1.303000,4.30039e-06,0.000091,0.000105,0.000089,0.000078,1.008764,0.010233,0.004344,0.428172,0.99140,0.00001,4
1.0,-5.0000,1.304000,4.30997e-06,0.000092,0.000105,0.000089,0.000078,1.008784,0.010240,0.004353,0.428838,0.99138,0.00001,4
1.0,-5.0000,1.305000,4.31956e-06,0.000092,0.000105,0.000089,0.000078,1.008803,0.010247,0.004363,0.429504,0.99136,0.00001,4
1.0,-5.0000,1.306000,4.32918e-06,0.000092,0.000105,0.000090,0.000079,1.008822,0.010253,0.004372,0.430171,0.99135,0.00001,4
1.0,-5.0000,1.307000,4.33881e-06,0.000093,0.000105,0.000090,0.000079,1.008842,0.010260,0.004382,0.430838,0.99133,0.00001,4
1.0,-5.0000,1.308000,4.34847e-06,0.000093,0.000105,0.000090,0.000079,1.008862,0.010267,0.004391,0.431506,0.99131,0.00001,4
1.0,-5.0000,1.309000,4.35814e-06,0.000093,0.000106,0.000090,0.000080,1.008881,0.010274,0.004401,0.432175,0.99129,0.00001,4
1.0,-5.0000,1.310000,4.36783e-06,0.000093,0.000106,0.000091,0.000080,1.008901,0.010281,0.004411,0.432844,0.99127,0.00001,4
1.0,-5.0000,1.311000,4.37754e-06,0.000094,0.000106,0.000091,0.000080,1.008920,0.010287,0.004420,0.433513,0.99125,0.00001,4
1.0,-5.0000,1.312000,4.38727e-06,0.000094,0.000106,0.000091,0.000081,1.008940,0.010294,0.004430,0.434183,0.99123,0.00001,4
1.0,-5.0000,1.313000,4.39702e-06,0.000094,0.000106,0.000091,0.000081,1.008960,0.010301,0.004440,0.434854,0.99121,0.00001,4
1.0,-5.0000,1.314000,4.40679e-06,0.000094,0.000106,0.000092,0.000081,1.008980,0.010308,0.004449,0.435525,0.99119,0.00001,4
1.0,-5.0000,1.315000,4.41658e-06,0.000095,0.000106,0.000092,0.000082,1.009000,0.010315,0.004459,0.436197,0.99117,0.00001,4
1.0,-5.0000,1.316000,4.42639e-06,0.000095,0.000107,0.000092,0.000082,1.009019,0.010322,0.004469,0.436869,0.99115,0.00001,4
1.0,-5.0000,1.317000,4.43621e-06,0.000095,0.000107,0.000093,0.000083,1.009039,0.010329,0.004479,0.437542,0.99114,0.00001,4
1.0,-5.0000,1.318000,4.44606e-06,0.000095,0.000107,0.000093,0.000083,1.009059,0.010335,0.004488,0.438215,0.99112,0.00001,4
1.0,-5.0000,1.319000,4.45593e-06,0.000096,0.000107,0.000093,0.000083,1.009079,0.010342,0.004498,0.438889,0.99110,0.00001,4
1.0,-5.0000,1.320000,4.46581e-06,0.000096,0.000107,0.000093,0.000084,1.009099,0.010349,0.004508,0.439564,0.99108,0.00001,4
1.0,-5.0000,1.321000,4.47572e-06,0.000096,0.000107,0.000094,0.000084,1.009119,0.010356,0.004518,0.440239,0.99106,0.00001,4
1.0,-5.0000,1.322000,4.48564e-06,0.000097,0.000107,0.000094,0.000084,1.009139,0.010363,0.004528,0.440914,0.99104,0.00001,4
1.0,-5.0000,1.323000,4.49559e-06,0.000097,0.000108,0.000094,0.000085,1.009160,0.010370,0.004538,0.441590,0.99102,0.00001,4
1.0,-5.0000,1.324000,4.50555e-06,0.000097,0.000108,0.000094,0.000085,1.009180,0.010377,0.004548,0.442267,0.99100,0.00001,4
1.0,-5.0000,1.325000,4.51553e-06,0.000097,0.000108,0.000095,0.000086,1.009200,0.010384,0.004558,0.442944,0.99098,0.00001,4
1.0,-5.0000,1.326000,4.52554e-06,0.000098,0.000108,0.000095,0.000086,1.009220,0.010391,0.004568,0.443622,0.99096,0.00001,4
1.0,-5.0000,1.327000,4.53556e-06,0.000098,0.000108,0.000095,0.000086,1.009241,0.010398,0.004577,0.444300,0.99094,0.00001,4
1.0,-5.0000,1.328000,4.54560e-06,0.000098,0.000108,0.000095,0.000087,1.009261,0.010405,0.004587,0.444979,0.99092,0.00001,4
1.0,-5.0000,1.329000,4.55567e-06,0.000099,0.000108,0.000096,0.000087,1.009281,0.010412,0.004597,0.445658,0.99090,0.00001,4
1.0,-5.0000,1.330000,4.56575e-06,0.000099,0.000109,0.000096,0.000087,1.009302,0.010419,0.004607,0.446338,0.99088,0.00001,4
1.0,-5.0000,1.331000,4.57585e-06,0.000099,0.000109,0.000096,0.000088,1.009322,0.010426,0.004618,0.447019,0.99086,0.00001,4
1.0,-5.0000,1.332000,4.58598e-06,0.000099,0.000109,0.000097,0.000088,1.009343,0.010433,0.004628,0.447700,0.99084,0.00001,4
1.0,-5.0000,1.333000,4.59612e-06,0.000100,0.000109,0.000097,0.000089,1.009363,0.010440,0.004638,0.448382,0.99082,0.00001,4
1.0,-5.0000,1.334000,4.60629e-06,0.000100,0.000109,0.000097,0.000089,1.009384,0.010447,0.004648,0.449064,0.99080,0.00001,4
1.0,-5.0000,1.335000,4.61647e-06,0.000100,0.000109,0.000097,0.000089,1.009404,0.010454,0.004658,0.449746,0.99078,0.00001,4
1.0,-5.0000,1.336000,4.62667e-06,0.000101,0.000109,0.000098,0.000090,1.009425,0.010461,0.004668,0.450430,0.99076,0.00001,4
1.0,-5.0000,1.337000,4.63690e-06,0.000101,0.000110,0.000098,0.000090,1.009446,0.010468,0.004678,0.451113,0.99074,0.00001,4
1.0,-5.0000,1.338000,4.64714e-06,0.000101,0.000110,0.000098,0.000090,1.009466,0.010475,0.004688,0.451798,0.99072,0.00001,4
1.0,-5.0000,1.339000,4.65741e-06,0.000101,0.000110,0.000099,0.000091,1.009487,0.010482,0.004699,0.452483,0.99070,0.00001,4
1.0,-5.0000,1.340000,4.66770e-06,0.000102,0.000110,0.000099,0.000091,1.009508,0.010490,0.004709,0.453168,0.99068,0.00001,4
1.0,-5.0000,1.341000,4.67800e-06,0.000102,0.000110,0.000099,0.000092,1.009529,0.010497,0.004719,0.453854,0.99066,0.00000,4
1.0,-5.0000,1.342000,4.68833e-06,0.000102,0.000110,0.000099,0.000092,1.009550,0.010504,0.004729,0.454541,0.99064,0.00000,4
1.0,-5.0000,1.343000,4.69868e-06,0.000103,0.000110,0.000100,0.000092,1.009571,0.010511,0.004740,0.455228,0.99062,0.00000,4
1.0,-5.0000,1.344000,4.70904e-06,0.000103,0.000111,0.000100,0.000093,1.009592,0.010518,0.004750,0.455915,0.99060,0.00000,4
1.0,-5.0000,1.345000,4.71943e-06,0.000103,0.000111,0.000100,0.000093,1.009613,0.010525,0.004760,0.456604,0.99058,0.00000,4
1.0,-5.0000,1.346000,4.72984e-06,0.000103,0.000111,0.000100,0.000094,1.009634,0.010532,0.004770,0.457292,0.99056,0.00000,4
1.0,-5.0000,1.347000,4.74027e-06,0.000104,0.000111,0.000101,0.000094,1.009655,0.010540,0.004781,0.457982,0.99054,0.00000,4
1.0,-5.0000,1.348000,4.75072e-06,0.000104,0.000111,0.000101,0.000095,1.009676,0.010547,0.004791,0.458672,0.99052,0.00000,4
1.0,-5.0000,1.349000,4.76120e-06,0.000104,0.000111,0.000101,0.000095,1.009697,0.010554,0.004802,0.459362,0.99050,0.00000,4
1.0,-5.0000,1.350000,4.77169e-06,0.000105,0.000112,0.000102,0.000095,1.009718,0.010561,0.004812,0.460053,0.99048,0.00000,4
1.0,-5.0000,1.351000,4.78220e-06,0.000105,0.000112,0.000102,0.000096,1.009740,0.010568,0.004822,0.460744,0.99046,0.00000,4
1.0,-5.0000,1.352000,4.79274e-06,0.000105,0.000112,0.000102,0.000096,1.009761,0.010576,0.004833,0.461437,0.99044,0.00000,4
1.0,-5.0000,1.353000,4.80329e-06,0.000106,0.000112,0.000103,0.000097,1.009782,0.010583,0.004843,0.462129,0.99042,0.00000,4
1.0,-5.0000,1.354000,4.81387e-06,0.000106,0.000112,0.000103,0.000097,1.009804,0.010590,0.004854,0.462822,0.99040,0.00000,4
1.0,-5.0000,1.355000,4.82447e-06,0.000106,0.000112,0.000103,0.000097,1.009825,0.010597,0.004864,0.463516,0.99037,0.00000,4
1.0,-5.0000,1.356000,4.83509e-06,0.000106,0.000112,0.000103,0.000098,1.009847,0.010605,0.004875,0.464210,0.99035,0.00000,4
1.0,-5.0000,1.357000,4.84573e-06,0.000107,0.000113,0.000104,0.000098,1.009868,0.010612,0.004885,0.464905,0.99033,0.00000,4
1.0,-5.0000,1.358000,4.85639e-06,0.000107,0.000113,0.000104,0.000099,1.009890,0.010619,0.004896,0.465601,0.99031,0.00000,4
1.0,-5.0000,1.359000,4.86707e-06,0.000107,0.000113,0.000104,0.000099,1.009911,0.010627,0.004907,0.466297,0.99029,0.00000,4
1.0,-5.0000,1.360000,4.87778e-06,0.000108,0.000113,0.000105,0.000100,1.009933,0.010634,0.004917,0.466993,0.99027,0.00000,4
1.0,-5.0000,1.361000,4.88850e-06,0.000108,0.000113,0.000105,0.000100,1.009955,0.010641,0.004928,0.467690,0.99025,0.00000,4
1.0,-5.0000,1.362000,4.89925e-06,0.000108,0.000113,0.000105,0.000100,1.009976,0.010649,0.004938,0.468388,0.99023,0.00000,4
1.0,-5.0000,1.363000,4.91002e-06,0.000109,0.000114,0.000105,0.000101,1.009998,0.010656,0.004949,0.469086,0.99021,0.00000,4
1.0,-5.0000,1.364000,4.92081e-06,0.000109,0.000114,0.000106,0.000101,1.010020,0.010663,0.004960,0.469785,0.99019,0.00000,4
1.0,-5.0000,1.365000,4.93162e-06,0.000109,0.000114,0.000106,0.000102,1.010042,0.010671,0.004971,0.470484,0.99017,0.00000,4
1.0,-5.0000,1.366000,4.94246e-06,0.000110,0.000114,0.000106,0.000102,1.010064,0.010678,0.004981,0.471184,0.99014,0.00000,4
1.0,-5.0000,1.367000,4.95331e-06,0.000110,0.000114,0.000107,0.000103,1.010086,0.010686,0.004992,0.471884,0.99012,0.00000,4
1.0,-5.0000,1.368000,4.96419e-06,0.000110,0.000114,0.000107,0.000103,1.010108,0.010693,0.005003,0.472585,0.99010,0.00000,4
1.0,-5.0000,1.369000,4.97509e-06,0.000110,0.000115,0.000107,0.000104,1.010130,0.010700,0.005014,0.473286,0.99008,0.00000,4
1.0,-5.0000,1.370000,4.98601e-06,0.000111,0.000115,0.000108,0.000104,1.010152,0.010708,0.005024,0.473988,0.99006,0.00000,4
1.0,-5.0000,1.371000,4.99695e-06,0.000111,0.000115,0.000108,0.000104,1.010174,0.010715,0.005035,0.474691,0.99004,0.00000,4
1.0,-5.0000,1.372000,5.00791e-06,0.000111,0.000115,0.000108,0.000105,1.010196,0.010723,0.005046,0.475394,0.99002,0.00000,4
1.0,-5.0000,1.373000,5.01890e-06,0.000112,0.000115,0.000109,0.000105,1.010218,0.010730,0.005057,0.476098,0.98999,0.00000,4
1.0,-5.0000,1.374000,5.02991e-06,0.000112,0.000115,0.000109,0.000106,1.010240,0.010738,0.005068,0.476802,0.98997,0.00000,4
1.0,-5.0000,1.375000,5.04094e-06,0.000112,0.000115,0.000109,0.000106,1.010263,0.010745,0.005079,0.477507,0.98995,0.00000,4
1.0,-5.0000,1.376000,5.05199e-06,0.000113,0.000116,0.000109,0.000107,1.010285,0.010753,0.005090,0.478212,0.98993,0.00000,4
1.0,-5.0000,1.377000,5.06307e-06,0.000113,0.000116,0.000110,0.000107,1.010307,0.010760,0.005101,0.478918,0.98991,0.00000,4
1.0,-5.0000,1.378000,5.07417e-06,0.000113,0.000116,0.000110,0.000108,1.010330,0.010768,0.005112,0.479625,0.98989,0.00000,4
1.0,-5.0000,1.379000,5.08528e-06,0.000114,0.000116,0.000110,0.000108,1.010352,0.010775,0.005123,0.480332,0.98987,0.00000,4
1.0,-5.0000,1.380000,5.09643e-06,0.000114,0.000116,0.000111,0.000109,1.010375,0.010783,0.005134,0.481039,0.98984,0.00000,4
1.0,-5.0000,1.381000,5.10759e-06,0.000114,0.000116,0.000111,0.000109,1.010397,0.010790,0.005145,0.481748,0.98982,0.00000,4
1.0,-5.0000,1.382000,5.11878e-06,0.000115,0.000117,0.000111,0.000110,1.010420,0.010798,0.005156,0.482456,0.98980,0.00000,4
1.0,-5.0000,1.383000,5.12999e-06,0.000115,0.000117,0.000112,0.000110,1.010443,0.010806,0.005167,0.483166,0.98978,0.00000,4
1.0,-5.0000,1.384000,5.14122e-06,0.000115,0.000117,0.000112,0.000110,1.010465,0.010813,0.005178,0.483875,0.98976,0.00000,4
1.0,-5.0000,1.385000,5.15247e-06,0.000116,0.000117,0.000112,0.000111,1.010488,0.010821,0.005189,0.484586,0.98973,0.00000,4
1.0,-5.0000,1.386000,5.16375e-06,0.000116,0.000117,0.000113,0.000111,1.010511,0.010828,0.005200,0.485297,0.98971,0.00000,4
1.0,-5.0000,1.387000,5.17505e-06,0.000116,0.000117,0.000113,0.000112,1.010534,0.010836,0.005211,0.486008,0.98969,0.00000,4
1.0,-5.0000,1.388000,5.18637e-06,0.000117,0.000118,0.000113,0.000112,1.010557,0.010844,0.005223,0.486720,0.98967,0.00000,4
1.0,-5.0000,1.389000,5.19772e-06,0.000117,0.000118,0.000114,0.000113,1.010579,0.010851,0.005234,0.487433,0.98965,0.00000,4
1.0,-5.0000,1.390000,5.20909e-06,0.000117,0.000118,0.000114,0.000113,1.010602,0.010859,0.005245,0.488146,0.98962,0.00000,4
1.0,-5.0000,1.391000,5.22048e-06,0.000118,0.000118,0.000114,0.000114,1.010625,0.010867,0.005256,0.488860,0.98960,0.00000,4
1.0,-5.0000,1.392000,5.23189e-06,0.000118,0.000118,0.000115,0.000114,1.010648,0.010874,0.005268,0.489574,0.98958,0.00000,4
1.0,-5.0000,1.393000,5.24333e-06,0.000118,0.000118,0.000115,0.000115,1.010672,0.010882,0.005279,0.490289,0.98956,0.00000,4
1.0,-5.0000,1.394000,5.25479e-06,0.000119,0.000119,0.000115,0.000115,1.010695,0.010890,0.005290,0.491005,0.98953,0.00000,4
1.0,-5.0000,1.395000,5.26627e-06,0.000119,0.000119,0.000116,0.000116,1.010718,0.010897,0.005302,0.491721,0.98951,0.00000,4
1.0,-5.0000,1.396000,5.27778e-06,0.000119,0.000119,0.000116,0.000116,1.010741,0.010905,0.005313,0.492437,0.98949,0.00000,4
1.0,-5.0000,1.397000,5.28931e-06,0.000120,0.000119,0.000116,0.000117,1.010764,0.010913,0.005324,0.493154,0.98947,0.00000,4
1.0,-5.0000,1.398000,5.30086e-06,0.000120,0.000119,0.000117,0.000117,1.010788,0.010921,0.005336,0.493872,0.98944,0.00000,4
1.0,-5.0000,1.399000,5.31243e-06,0.000120,0.000119,0.000117,0.000118,1.010811,0.010928,0.005347,0.494590,0.98942,0.00000,4
1.0,-5.0000,1.400000,5.32403e-06,0.000121,0.000120,0.000117,0.000118,1.010834,0.010936,0.005359,0.495309,0.98940,0.00000,4
1.0,-5.0000,1.401000,5.33566e-06,0.000121,0.000120,0.000118,0.000119,1.010858,0.010944,0.005370,0.496028,0.98938,0.00000,4
1.0,-5.0000,1.402000,5.34730e-06,0.000121,0.000120,0.000118,0.000119,1.010881,0.010952,0.005382,0.496748,0.98935,0.00000,4
1.0,-5.0000,1.403000,5.35897e-06,0.000122,0.000120,0.000118,0.000120,1.010905,0.010959,0.005393,0.497469,0.98933,0.00000,4
1.0,-5.0000,1.404000,5.37067e-06,0.000122,0.000120,0.000119,0.000120,1.010929,0.010967,0.005405,0.498190,0.98931,0.00000,4
1.0,-5.0000,1.405000,5.38238e-06,0.000123,0.000120,0.000119,0.000121,1.010952,0.010975,0.005416,0.498911,0.98929,0.00000,4
1.0,-5.0000,1.406000,5.39412e-06,0.000123,0.000121,0.000119,0.000121,1.010976,0.010983,0.005428,0.499633,0.98926,0.00000,4
1.0,-5.0000,1.407000,5.40589e-06,0.000123,0.000121,0.000120,0.000122,1.011000,0.010991,0.005439,0.500356,0.98924,0.00000,4
1.0,-5.0000,1.408000,5.41768e-06,0.000124,0.000121,0.000120,0.000122,1.011023,0.010999,0.005451,0.501079,0.98922,0.00000,4
1.0,-5.0000,1.409000,5.42949e-06,0.000124,0.000121,0.000120,0.000123,1.011047,0.011007,0.005463,0.501803,0.98919,0.00000,4
1.0,-5.0000,1.410000,5.44132e-06,0.000124,0.000121,0.000121,0.000124,1.011071,0.011014,0.005474,0.502528,0.98917,0.00000,4
1.0,-5.0000,1.411000,5.45318e-06,0.000125,0.000122,0.000121,0.000124,1.011095,0.011022,0.005486,0.503253,0.98915,0.00000,4
1.0,-5.0000,1.412000,5.46507e-06,0.000125,0.000122,0.000121,0.000125,1.011119,0.011030,0.005498,0.503978,0.98913,0.00000,4
1.0,-5.0000,1.413000,5.47698e-06,0.000125,0.000122,0.000122,0.000125,1.011143,0.011038,0.005510,0.504704,0.98910,0.00000,4
1.0,-5.0000,1.414000,5.48891e-06,0.000126,0.000122,0.000122,0.000126,1.011167,0.011046,0.005521,0.505431,0.98908,0.00000,4
1.0,-5.0000,1.415000,5.50086e-06,0.000126,0.000122,0.000122,0.000126,1.011191,0.011054,0.005533,0.506158,0.98906,-0.00000,4
1.0,-5.0000,1.416000,5.51285e-06,0.000126,0.000122,0.000123,0.000127,1.011215,0.011062,0.005545,0.506886,0.98903,-0.00000,4
1.0,-5.0000,1.417000,5.52485e-06,0.000127,0.000123,0.000123,0.000127,1.011240,0.011070,0.005557,0.507614,0.98901,-0.00000,4
1.0,-5.0000,1.418000,5.53688e-06,0.000127,0.000123,0.000123,0.000128,1.011264,0.011078,0.005569,0.508343,0.98899,-0.00000,4
1.0,-5.0000,1.419000,5.54893e-06,0.000128,0.000123,0.000124,0.000128,1.011288,0.011086,0.005581,0.509073,0.98896,-0.00000,4
1.0,-5.0000,1.420000,5.56101e-06,0.000128,0.000123,0.000124,0.000129,1.011312,0.011094,0.005592,0.509803,0.98894,-0.00000,4
1.0,-5.0000,1.421000,5.57311e-06,0.000128,0.000123,0.000124,0.000130,1.011337,0.011102,0.005604,0.510533,0.98892,-0.00000,4
1.0,-5.0000,1.422000,5.58524e-06,0.000129,0.000123,0.000125,0.000130,1.011361,0.011110,0.005616,0.511264,0.98889,-0.00000,4
1.0,-5.0000,1.423000,5.59739e-06,0.000129,0.000124,0.000125,0.000131,1.011386,0.011118,0.005628,0.511996,0.98887,-0.00000,4
1.0,-5.0000,1.424000,5.60957e-06,0.000129,0.000124,0.000126,0.000131,1.011410,0.011126,0.005640,0.512728,0.98884,-0.00000,4
1.0,-5.0000,1.425000,5.62177e-06,0.000130,0.000124,0.000126,0.000132,1.011435,0.011134,0.005652,0.513461,0.98882,-0.00000,4
1.0,-5.0000,1.426000,5.63400e-06,0.000130,0.000124,0.000126,0.000132,1.011460,0.011142,0.005664,0.514195,0.98880,-0.00000,4
1.0,-5.0000,1.427000,5.64625e-06,0.000131,0.000124,0.000127,0.000133,1.011484,0.011150,0.005676,0.514929,0.98877,-0.00000,4
1.0,-5.0000,1.428000,5.65852e-06,0.000131,0.000125,0.000127,0.000133,1.011509,0.011158,0.005689,0.515663,0.98875,-0.00000,4
1.0,-5.0000,1.429000,5.67082e-06,0.000131,0.000125,0.000127,0.000134,1.011534,0.011167,0.005701,0.516398,0.98873,-0.00000,4
1.0,-5.0000,1.430000,5.68315e-06,0.000132,0.000125,0.000128,0.000135,1.011559,0.011175,0.005713,0.517134,0.98870,-0.00000,4
1.0,-5.0000,1.431000,5.69550e-06,0.000132,0.000125,0.000128,0.000135,1.011583,0.011183,0.005725,0.517870,0.98868,-0.00000,4
1.0,-5.0000,1.432000,5.70788e-06,0.000132,0.000125,0.000128,0.000136,1.011608,0.011191,0.005737,0.518607,0.98865,-0.00000,4
1.0,-5.0000,1.433000,5.72028e-06,0.000133,0.000125,0.000129,0.000136,1.011633,0.011199,0.005749,0.519344,0.98863,-0.00000,4
1.0,-5.0000,1.434000,5.73270e-06,0.000133,0.000126,0.000129,0.000137,1.011658,0.011207,0.005762,0.520082,0.98861,-0.00000,4
1.0,-5.0000,1.435000,5.74516e-06,0.000134,0.000126,0.000130,0.000138,1.011683,0.011215,0.005774,0.520821,0.98858,-0.00000,4
1.0,-5.0000,1.436000,5.75763e-06,0.000134,0.000126,0.000130,0.000138,1.011709,0.011224,0.005786,0.521560,0.98856,-0.00000,4
1.0,-5.0000,1.437000,5.77014e-06,0.000134,0.000126,0.000130,0.000139,1.011734,0.011232,0.005798,0.522300,0.98853,-0.00000,4
1.0,-5.0000,1.438000,5.78266e-06,0.000135,0.000126,0.000131,0.000139,1.011759,0.011240,0.005811,0.523040,0.98851,-0.00000,4
1.0,-5.0000,1.439000,5.79522e-06,0.000135,0.000127,0.000131,0.000140,1.011784,0.011248,0.005823,0.523781,0.98848,-0.00000,4
1.0,-5.0000,1.440000,5.80780e-06,0.000136,0.000127,0.000131,0.000140,1.011810,0.011257,0.005835,0.524522,0.98846,-0.00000,4
1.0,-5.0000,1.441000,5.82040e-06,0.000136,0.000127,0.000132,0.000141,1.011835,0.011265,0.005848,0.525264,0.98844,-0.00000,4
1.0,-5.0000,1.442000,5.83303e-06,0.000136,0.000127,0.000132,0.000142,1.011860,0.011273,0.005860,0.526007,0.98841,-0.00000,4
1.0,-5.0000,1.443000,5.84569e-06,0.000137,0.000127,0.000133,0.000142,1.011886,0.011281,0.005873,0.526750,0.98839,-0.00000,4
1.0,-5.0000,1.444000,5.85837e-06,0.000137,0.000127,0.000133,0.000143,1.011911,0.011290,0.005885,0.527493,0.98836,-0.00000,4
1.0,-5.0000,1.445000,5.87108e-06,0.000137,0.000128,0.000133,0.000144,1.011937,0.011298,0.005898,0.528237,0.98834,-0.00000,4
1.0,-5.0000,1.446000,5.88381e-06,0.000138,0.000128,0.000134,0.000144,1.011963,0.011306,0.005910,0.528982,0.98831,-0.00000,4
1.0,-5.0000,1.447000,5.89657e-06,0.000138,0.000128,0.000134,0.000145,1.011988,0.011315,0.005923,0.529728,0.98829,-0.00000,4
1.0,-5.0000,1.448000,5.90936e-06,0.000139,0.000128,0.000134,0.000145,1.012014,0.011323,0.005935,0.530473,0.98826,-0.00000,4
1.0,-5.0000,1.449000,5.92217e-06,0.000139,0.000128,0.000135,0.000146,1.012040,0.011331,0.005948,0.531220,0.98824,-0.00000,4
1.0,-5.0000,1.450000,5.93501e-06,0.000139,0.000129,0.000135,0.000147,1.012066,0.011340,0.005960,0.531967,0.98821,-0.00000,4
1.0,-5.0000,1.451000,5.94788e-06,0.000140,0.000129,0.000136,0.000147,1.012092,0.011348,0.005973,0.532715,0.98819,-0.00000,4
1.0,-5.0000,1.452000,5.96077e-06,0.000140,0.000129,0.000136,0.000148,1.012118,0.011357,0.005986,0.533463,0.98816,-0.00000,4
1.0,-5.0000,1.453000,5.97369e-06,0.000141,0.000129,0.000136,0.000149,1.012144,0.011365,0.005998,0.534212,0.98814,-0.00000,4
1.0,-5.0000,1.454000,5.98663e-06,0.000141,0.000129,0.000137,0.000149,1.012170,0.011373,0.006011,0.534961,0.98811,-0.00000,4
1.0,-5.0000,1.455000,5.99960e-06,0.000141,0.000130,0.000137,0.000150,1.012196,0.011382,0.006024,0.535711,0.98809,-0.00000,4
1.0,-5.0000,1.456000,6.01260e-06,0.000142,0.000130,0.000138,0.000150,1.012222,0.011390,0.006037,0.536461,0.98806,-0.00000,4
1.0,-5.0000,1.457000,6.02562e-06,0.000142,0.000130,0.000138,0.000151,1.012248,0.011399,0.006049,0.537212,0.98804,-0.00000,4
1.0,-5.0000,1.458000,6.03867e-06,0.000143,0.000130,0.000138,0.000152,1.012274,0.011407,0.006062,0.537964,0.98801,-0.00000,4
1.0,-5.0000,1.459000,6.05175e-06,0.000143,0.000130,0.000139,0.000152,1.012301,0.011416,0.006075,0.538716,0.98799,-0.00000,4
1.0,-5.0000,1.460000,6.06485e-06,0.000144,0.000131,0.000139,0.000153,1.012327,0.011424,0.006088,0.539469,0.98796,-0.00000,4
1.0,-5.0000,1.461000,6.07798e-06,0.000144,0.000131,0.000140,0.000154,1.012353,0.011433,0.006101,0.540222,0.98794,-0.00001,4
1.0,-5.0000,1.462000,6.09114e-06,0.000144,0.000131,0.000140,0.000154,1.012380,0.011441,0.006114,0.540976,0.98791,-0.00001,4
1.0,-5.0000,1.463000,6.10433e-06,0.000145,0.000131,0.000140,0.000155,1.012406,0.011450,0.006127,0.541731,0.98789,-0.00001,4
1.0,-5.0000,1.464000,6.11754e-06,0.000145,0.000131,0.000141,0.000156,1.012433,0.011458,0.006140,0.542486,0.98786,-0.00001,4
1.0,-5.0000,1.465000,6.13078e-06,0.000146,0.000132,0.000141,0.000156,1.012459,0.011467,0.006153,0.543241,0.98784,-0.00001,4
1.0,-5.0000,1.466000,6.14405e-06,0.000146,0.000132,0.000142,0.000157,1.012486,0.011475,0.006166,0.543998,0.98781,-0.00001,4
1.0,-5.0000,1.467000,6.15734e-06,0.000146,0.000132,0.000142,0.000158,1.012513,0.011484,0.006179,0.544754,0.98778,-0.00001,4
1.0,-5.0000,1.468000,6.17066e-06,0.000147,0.000132,0.000142,0.000158,1.012540,0.011493,0.006192,0.545512,0.98776,-0.00001,4
1.0,-5.0000,1.469000,6.18401e-06,0.000147,0.000132,0.000143,0.000159,1.012566,0.011501,0.006205,0.546270,0.98773,-0.00001,4
1.0,-5.0000,1.470000,6.19738e-06,0.000148,0.000132,0.000143,0.000160,1.012593,0.011510,0.006218,0.547028,0.98771,-0.00001,4
1.0,-5.0000,1.471000,6.21079e-06,0.000148,0.000133,0.000144,0.000160,1.012620,0.011519,0.006231,0.547787,0.98768,-0.00001,4
1.0,-5.0000,1.472000,6.22422e-06,0.000149,0.000133,0.000144,0.000161,1.012647,0.011527,0.006244,0.548547,0.98766,-0.00001,4
1.0,-5.0000,1.473000,6.23768e-06,0.000149,0.000133,0.000144,0.000162,1.012674,0.011536,0.006257,0.549307,0.98763,-0.00001,4
1.0,-5.0000,1.474000,6.25116e-06,0.000149,0.000133,0.000145,0.000162,1.012701,0.011545,0.006271,0.550068,0.98760,-0.00001,4
1.0,-5.0000,1.475000,6.26468e-06,0.000150,0.000133,0.000145,0.000163,1.012729,0.011553,0.006284,0.550829,0.98758,-0.00001,4
1.0,-5.0000,1.476000,6.27822e-06,0.000150,0.000134,0.000146,0.000164,1.012756,0.011562,0.006297,0.551591,0.98755,-0.00001,4
1.0,-5.0000,1.477000,6.29179e-06,0.000151,0.000134,0.000146,0.000164,1.012783,0.011571,0.006310,0.552354,0.98753,-0.00001,4
1.0,-5.0000,1.478000,6.30539e-06,0.000151,0.000134,0.000146,0.000165,1.012810,0.011579,0.006324,0.553117,0.98750,-0.00001,4
1.0,-5.0000,1.479000,6.31901e-06,0.000152,0.000134,0.000147,0.000166,1.012838,0.011588,0.006337,0.553881,0.98747,-0.00001,4
1.0,-5.0000,1.480000,6.33267e-06,0.000152,0.000135,0.000147,0.000167,1.012865,0.011597,0.006350,0.554645,0.98745,-0.00001,4
1.0,-5.0000,1.481000,6.34635e-06,0.000153,0.000135,0.000148,0.000167,1.012893,0.011606,0.006364,0.555410,0.98742,-0.00001,4
1.0,-5.0000,1.482000,6.36006e-06,0.000153,0.000135,0.000148,0.000168,1.012920,0.011614,0.006377,0.556175,0.98739,-0.00001,4
1.0,-5.0000,1.483000,6.37380e-06,0.000153,0.000135,0.000149,0.000169,1.012948,0.011623,0.006391,0.556941,0.98737,-0.00001,4
1.0,-5.0000,1.484000,6.38757e-06,0.000154,0.000135,0.000149,0.000169,1.012975,0.011632,0.006404,0.557708,0.98734,-0.00001,4
1.0,-5.0000,1.485000,6.40136e-06,0.000154,0.000136,0.000149,0.000170,1.013003,0.011641,0.006418,0.558475,0.98731,-0.00001,4
1.0,-5.0000,1.486000,6.41519e-06,0.000155,0.000136,0.000150,0.000171,1.013031,0.011650,0.006431,0.559243,0.98729,-0.00001,4
1.0,-5.0000,1.487000,6.42904e-06,0.000155,0.000136,0.000150,0.000172,1.013059,0.011659,0.006445,0.560011,0.98726,-0.00001,4
1.0,-5.0000,1.488000,6.44292e-06,0.000156,0.000136,0.000151,0.000172,1.013087,0.011667,0.006458,0.560780,0.98723,-0.00001,4
1.0,-5.0000,1.489000,6.45683e-06,0.000156,0.000136,0.000151,0.000173,1.013115,0.011676,0.006472,0.561549,0.98721,-0.00001,4
1.0,-5.0000,1.490000,6.47077e-06,0.000157,0.000137,0.000152,0.000174,1.013142,0.011685,0.006486,0.562319,0.98718,-0.00001,4
1.0,-5.0000,1.491000,6.48474e-06,0.000157,0.000137,0.000152,0.000175,1.013171,0.011694,0.006499,0.563090,0.98715,-0.00001,4
1.0,-5.0000,1.492000,6.49874e-06,0.000157,0.000137,0.000152,0.000175,1.013199,0.011703,0.006513,0.563861,0.98713,-0.00001,4
1.0,-5.0000,1.493000,6.51276e-06,0.000158,0.000137,0.000153,0.000176,1.013227,0.011712,0.006527,0.564633,0.98710,-0.00001,4
1.0,-5.0000,1.494000,6.52682e-06,0.000158,0.000137,0.000153,0.000177,1.013255,0.011721,0.006540,0.565405,0.98707,-0.00001,4
1.0,-5.0000,1.495000,6.54090e-06,0.000159,0.000138,0.000154,0.000178,1.013283,0.011730,0.006554,0.566178,0.98705,-0.00001,4
1.0,-5.0000,1.496000,6.55502e-06,0.000159,0.000138,0.000154,0.000178,1.013312,0.011739,0.006568,0.566952,0.98702,-0.00001,4
1.0,-5.0000,1.497000,6.56916e-06,0.000160,0.000138,0.000155,0.000179,1.013340,0.011748,0.006582,0.567726,0.98699,-0.00001,4
1.0,-5.0000,1.498000,6.58333e-06,0.000160,0.000138,0.000155,0.000180,1.013368,0.011757,0.006596,0.568501,0.98696,-0.00001,4
1.0,-5.0000,1.499000,6.59753e-06,0.000161,0.000138,0.000156,0.000181,1.013397,0.011766,0.006609,0.569276,0.98694,-0.00001,4
1.0,-5.0000,1.500000,6.61176e-06,0.000161,0.000139,0.000156,0.000181,1.013425,0.011775,0.006623,0.570052,0.98691,-0.00001,4
1.0,-5.0000,1.501000,6.62603e-06,0.000162,0.000139,0.000156,0.000182,1.013454,0.011784,0.006637,0.570828,0.98688,-0.00001,4
1.0,-5.0000,1.502000,6.64032e-06,0.000162,0.000139,0.000157,0.000183,1.013483,0.011793,0.006651,0.571605,0.98685,-0.00001,4
1.0,-5.0000,1.503000,6.65464e-06,0.000163,0.000139,0.000157,0.000184,1.013511,0.011802,0.006665,0.572383,0.98683,-0.00001,4
1.0,-5.0000,1.504000,6.66899e-06,0.000163,0.000140,0.000158,0.000184,1.013540,0.011811,0.006679,0.573161,0.98680,-0.00001,4
1.0,-5.0000,1.505000,6.68336e-06,0.000164,0.000140,0.000158,0.000185,1.013569,0.011820,0.006693,0.573940,0.98677,-0.00001,4
1.0,-5.0000,1.506000,6.69777e-06,0.000164,0.000140,0.000159,0.000186,1.013598,0.011829,0.006707,0.574719,0.98674,-0.00001,4
1.0,-5.0000,1.507000,6.71221e-06,0.000165,0.000140,0.000159,0.000187,1.013627,0.011838,0.006721,0.575499,0.98672,-0.00001,4
1.0,-5.0000,1.508000,6.72668e-06,0.000165,0.000140,0.000160,0.000188,1.013656,0.011847,0.006735,0.576280,0.98669,-0.00001,4
1.0,-5.0000,1.509000,6.74118e-06,0.000165,0.000141,0.000160,0.000188,1.013685,0.011857,0.006750,0.577061,0.98666,-0.00001,4
1.0,-5.0000,1.510000,6.75571e-06,0.000166,0.000141,0.000161,0.000189,1.013714,0.011866,0.006764,0.577842,0.98663,-0.00001,4
1.0,-5.0000,1.511000,6.77027e-06,0.000166,0.000141,0.000161,0.000190,1.013743,0.011875,0.006778,0.578625,0.98661,-0.00001,4
1.0,-5.0000,1.512000,6.78486e-06,0.000167,0.000141,0.000161,0.000191,1.013772,0.011884,0.006792,0.579407,0.98658,-0.00001,4
1.0,-5.0000,1.513000,6.79948e-06,0.000167,0.000141,0.000162,0.000192,1.013802,0.011893,0.006806,0.580191,0.98655,-0.00001,4
1.0,-5.0000,1.514000,6.81414e-06,0.000168,0.000142,0.000162,0.000192,1.013831,0.011903,0.006821,0.580975,0.98652,-0.00001,4
1.0,-5.0000,1.515000,6.82882e-06,0.000168,0.000142,0.000163,0.000193,1.013861,0.011912,0.006835,0.581759,0.98649,-0.00001,4
1.0,-5.0000,1.516000,6.84353e-06,0.000169,0.000142,0.000163,0.000194,1.013890,0.011921,0.006849,0.582545,0.98646,-0.00001,4
1.0,-5.0000,1.517000,6.85827e-06,0.000169,0.000142,0.000164,0.000195,1.013920,0.011930,0.006864,0.583330,0.98644,-0.00001,4
1.0,-5.0000,1.518000,6.87305e-06,0.000170,0.000143,0.000164,0.000196,1.013949,0.011940,0.006878,0.584117,0.98641,-0.00001,4
1.0,-5.0000,1.519000,6.88785e-06,0.000170,0.000143,0.000165,0.000197,1.013979,0.011949,0.006893,0.584904,0.98638,-0.00001,4
1.0,-5.0000,1.520000,6.90269e-06,0.000171,0.000143,0.000165,0.000197,1.014008,0.011958,0.006907,0.585691,0.98635,-0.00001,4
1.0,-5.0000,1.521000,6.91756e-06,0.000171,0.000143,0.000166,0.000198,1.014038,0.011967,0.006922,0.586479,0.98632,-0.00001,4
1.0,-5.0000,1.522000,6.93246e-06,0.000172,0.000143,0.000166,0.000199,1.014068,0.011977,0.006936,0.587268,0.98629,-0.00002,4
1.0,-5.0000,1.523000,6.94739e-06,0.000172,0.000144,0.000167,0.000200,1.014098,0.011986,0.006951,0.588057,0.98627,-0.00002,4
1.0,-5.0000,1.524000,6.96235e-06,0.000173,0.000144,0.000167,0.000201,1.014128,0.011996,0.006965,0.588847,0.98624,-0.00002,4
1.0,-5.0000,1.525000,6.97734e-06,0.000173,0.000144,0.000168,0.000202,1.014158,0.012005,0.006980,0.589638,0.98621,-0.00002,4
1.0,-5.0000,1.526000,6.99236e-06,0.000174,0.000144,0.000168,0.000202,1.014188,0.012014,0.006994,0.590429,0.98618,-0.00002,4
1.0,-5.0000,1.527000,7.00742e-06,0.000174,0.000145,0.000169,0.000203,1.014218,0.012024,0.007009,0.591220,0.98615,-0.00002,4
1.0,-5.0000,1.528000,7.02250e-06,0.000175,0.000145,0.000169,0.000204,1.014248,0.012033,0.007024,0.592013,0.98612,-0.00002,4
1.0,-5.0000,1.529000,7.03762e-06,0.000175,0.000145,0.000170,0.000205,1.014279,0.012043,0.007038,0.592806,0.98609,-0.00002,4
1.0,-5.0000,1.530000,7.05277e-06,0.000176,0.000145,0.000170,0.000206,1.014309,0.012052,0.007053,0.593599,0.98606,-0.00002,4
1.0,-5.0000,1.531000,7.06795e-06,0.000176,0.000146,0.000171,0.000207,1.014339,0.012061,0.007068,0.594393,0.98603,-0.00002,4
1.0,-5.0000,1.532000,7.08317e-06,0.000177,0.000146,0.000171,0.000208,1.014370,0.012071,0.007083,0.595188,0.98601,-0.00002,4
1.0,-5.0000,1.533000,7.09841e-06,0.000177,0.000146,0.000172,0.000209,1.014400,0.012080,0.007097,0.595983,0.98598,-0.00002,4
1.0,-5.0000,1.534000,7.11369e-06,0.000178,0.000146,0.000172,0.000209,1.014431,0.012090,0.007112,0.596779,0.98595,-0.00002,4
1.0,-5.0000,1.535000,7.12900e-06,0.000178,0.000146,0.000173,0.000210,1.014461,0.012099,0.007127,0.597575,0.98592,-0.00002,4
1.0,-5.0000,1.536000,7.14434e-06,0.000179,0.000147,0.000173,0.000211,1.014492,0.012109,0.007142,0.598372,0.98589,-0.00002,4
1.0,-5.0000,1.537000,7.15971e-06,0.000180,0.000147,0.000174,0.000212,1.014523,0.012118,0.007157,0.599169,0.98586,-0.00002,4
1.0,-5.0000,1.538000,7.17512e-06,0.000180,0.000147,0.000174,0.000213,1.014554,0.012128,0.007172,0.599967,0.98583,-0.00002,4
1.0,-5.0000,1.539000,7.19056e-06,0.000181,0.000147,0.000175,0.000214,1.014585,0.012138,0.007187,0.600766,0.98580,-0.00002,4
1.0,-5.0000,1.540000,7.20603e-06,0.000181,0.000148,0.000175,0.000215,1.014616,0.012147,0.007202,0.601566,0.98577,-0.00002,4
1.0,-5.0000,1.541000,7.22154e-06,0.000182,0.000148,0.000176,0.000216,1.014647,0.012157,0.007217,0.602365,0.98574,-0.00002,4
1.0,-5.0000,1.542000,7.23707e-06,0.000182,0.000148,0.000176,0.000217,1.014678,0.012166,0.007232,0.603166,0.98571,-0.00002,4
1.0,-5.0000,1.543000,7.25264e-06,0.000183,0.000148,0.000177,0.000218,1.014709,0.012176,0.007247,0.603967,0.98568,-0.00002,4
1.0,-5.0000,1.544000,7.26824e-06,0.000183,0.000149,0.000177,0.000218,1.014740,0.012186,0.007262,0.604769,0.98565,-0.00002,4
1.0,-5.0000,1.545000,7.28388e-06,0.000184,0.000149,0.000178,0.000219,1.014771,0.012195,0.007278,0.605571,0.98562,-0.00002,4
1.0,-5.0000,1.546000,7.29955e-06,0.000184,0.000149,0.000178,0.000220,1.014802,0.012205,0.007293,0.606374,0.98559,-0.00002,4
1.0,-5.0000,1.547000,7.31525e-06,0.000185,0.000149,0.000179,0.000221,1.014834,0.012215,0.007308,0.607177,0.98556,-0.00002,4
1.0,-5.0000,1.548000,7.33098e-06,0.000185,0.000149,0.000179,0.000222,1.014865,0.012224,0.007323,0.607981,0.98553,-0.00002,4
1.0,-5.0000,1.549000,7.34675e-06,0.000186,0.000150,0.000180,0.000223,1.014897,0.012234,0.007339,0.608786,0.98550,-0.00002,4
1.0,-5.0000,1.550000,7.36255e-06,0.000186,0.000150,0.000180,0.000224,1.014928,0.012244,0.007354,0.609591,0.98547,-0.00002,4
1.0,-5.0000,1.551000,7.37838e-06,0.000187,0.000150,0.000181,0.000225,1.014960,0.012254,0.007369,0.610397,0.98544,-0.00002,4
1.0,-5.0000,1.552000,7.39425e-06,0.000188,0.000150,0.000181,0.000226,1.014992,0.012263,0.007385,0.611204,0.98541,-0.00002,4
1.0,-5.0000,1.553000,7.41015e-06,0.000188,0.000151,0.000182,0.000227,1.015023,0.012273,0.007400,0.612011,0.98538,-0.00002,4
1.0,-5.0000,1.554000,7.42609e-06,0.000189,0.000151,0.000182,0.000228,1.015055,0.012283,0.007416,0.612818,0.98535,-0.00002,4
1.0,-5.0000,1.555000,7.44206e-06,0.000189,0.000151,0.000183,0.000229,1.015087,0.012293,0.007431,0.613627,0.98532,-0.00002,4
1.0,-5.0000,1.556000,7.45806e-06,0.000190,0.000151,0.000183,0.000230,1.015119,0.012303,0.007447,0.614435,0.98529,-0.00002,4
1.0,-5.0000,1.557000,7.47410e-06,0.000190,0.000152,0.000184,0.000231,1.015151,0.012312,0.007462,0.615245,0.98526,-0.00002,4
1.0,-5.0000,1.558000,7.49017e-06,0.000191,0.000152,0.000184,0.000232,1.015183,0.012322,0.007478,0.616055,0.98523,-0.00002,4
1.0,-5.0000,1.559000,7.50627e-06,0.000191,0.000152,0.000185,0.000233,1.015215,0.012332,0.007493,0.616865,0.98520,-0.00002,4
1.0,-5.0000,1.560000,7.52241e-06,0.000192,0.000152,0.000185,0.000234,1.015248,0.012342,0.007509,0.617677,0.98517,-0.00002,4
1.0,-5.0000,1.561000,7.53858e-06,0.000193,0.000153,0.000186,0.000235,1.015280,0.012352,0.007525,0.618488,0.98514,-0.00002,4
1.0,-5.0000,1.562000,7.55479e-06,0.000193,0.000153,0.000186,0.000236,1.015312,0.012362,0.007540,0.619301,0.98511,-0.00002,4
1.0,-5.0000,1.563000,7.57103e-06,0.000194,0.000153,0.000187,0.000237,1.015345,0.012372,0.007556,0.620114,0.98508,-0.00002,4
1.0,-5.0000,1.564000,7.58731e-06,0.000194,0.000153,0.000188,0.000238,1.015377,0.012382,0.007572,0.620928,0.98504,-0.00002,4
1.0,-5.0000,1.565000,7.60362e-06,0.000195,0.000154,0.000188,0.000239,1.015410,0.012392,0.007587,0.621742,0.98501,-0.00002,4
1.0,-5.0000,1.566000,7.61996e-06,0.000195,0.000154,0.000189,0.000240,1.015442,0.012402,0.007603,0.622557,0.98498,-0.00003,4
1.0,-5.0000,1.567000,7.63634e-06,0.000196,0.000154,0.000189,0.000241,1.015475,0.012412,0.007619,0.623372,0.98495,-0.00003,4
1.0,-5.0000,1.568000,7.65276e-06,0.000197,0.000154,0.000190,0.000242,1.015508,0.012422,0.007635,0.624188,0.98492,-0.00003,4
1.0,-5.0000,1.569000,7.66921e-06,0.000197,0.000155,0.000190,0.000243,1.015541,0.012432,0.007651,0.625005,0.98489,-0.00003,4
1.0,-5.0000,1.570000,7.68569e-06,0.000198,0.000155,0.000191,0.000244,1.015573,0.012442,0.007667,0.625822,0.98486,-0.00003,4
1.0,-5.0000,1.571000,7.70221e-06,0.000198,0.000155,0.000191,0.000245,1.015606,0.012452,0.007683,0.626640,0.98483,-0.00003,4
1.0,-5.0000,1.572000,7.71877e-06,0.000199,0.000155,0.000192,0.000246,1.015639,0.012462,0.007699,0.627458,0.98479,-0.00003,4
1.0,-5.0000,1.573000,7.73536e-06,0.000200,0.000156,0.000192,0.000247,1.015672,0.012472,0.007715,0.628277,0.98476,-0.00003,4
1.0,-5.0000,1.574000,7.75198e-06,0.000200,0.000156,0.000193,0.000248,1.015706,0.012482,0.007731,0.629097,0.98473,-0.00003,4
1.0,-5.0000,1.575000,7.76864e-06,0.000201,0.000156,0.000194,0.000249,1.015739,0.012492,0.007747,0.629917,0.98470,-0.00003,4
1.0,-5.0000,1.576000,7.78534e-06,0.000201,0.000156,0.000194,0.000250,1.015772,0.012502,0.007763,0.630738,0.98467,-0.00003,4
1.0,-5.0000,1.577000,7.80207e-06,0.000202,0.000157,0.000195,0.000251,1.015805,0.012512,0.007779,0.631559,0.98464,-0.00003,4
1.0,-5.0000,1.578000,7.81884e-06,0.000202,0.000157,0.000195,0.000252,1.015839,0.012523,0.007796,0.632381,0.98460,-0.00003,4
1.0,-5.0000,1.579000,7.83564e-06,0.000203,0.000157,0.000196,0.000253,1.015872,0.012533,0.007812,0.633204,0.98457,-0.00003,4
1.0,-5.0000,1.580000,7.85248e-06,0.000204,0.000157,0.000196,0.000254,1.015906,0.012543,0.007828,0.634027,0.98454,-0.00003,4
1.0,-5.0000,1.581000,7.86936e-06,0.000204,0.000158,0.000197,0.000255,1.015940,0.012553,0.007844,0.634851,0.98451,-0.00003,4
1.0,-5.0000,1.582000,7.88627e-06,0.000205,0.000158,0.000198,0.000256,1.015973,0.012563,0.007861,0.635675,0.98448,-0.00003,4
1.0,-5.0000,1.583000,7.90322e-06,0.000205,0.000158,0.000198,0.000257,1.016007,0.012574,0.007877,0.636500,0.98444,-0.00003,4
1.0,-5.0000,1.584000,7.92020e-06,0.000206,0.000158,0.000199,0.000259,1.016041,0.012584,0.007893,0.637326,0.98441,-0.00003,4
1.0,-5.0000,1.585000,7.93723e-06,0.000207,0.000159,0.000199,0.000260,1.016075,0.012594,0.007910,0.638152,0.98438,-0.00003,4
1.0,-5.0000,1.586000,7.95428e-06,0.000207,0.000159,0.000200,0.000261,1.016109,0.012604,0.007926,0.638979,0.98435,-0.00003,4
1.0,-5.0000,1.587000,7.97138e-06,0.000208,0.000159,0.000200,0.000262,1.016143,0.012615,0.007943,0.639806,0.98431,-0.00003,4
1.0,-5.0000,1.588000,7.98851e-06,0.000209,0.000159,0.000201,0.000263,1.016177,0.012625,0.007959,0.640634,0.98428,-0.00003,4
1.0,-5.0000,1.589000,8.00567e-06,0.000209,0.000160,0.000202,0.000264,1.016211,0.012635,0.007976,0.641463,0.98425,-0.00003,4
1.0,-5.0000,1.590000,8.02288e-06,0.000210,0.000160,0.000202,0.000265,1.016245,0.012646,0.007992,0.642292,0.98422,-0.00003,4
1.0,-5.0000,1.591000,8.04012e-06,0.000210,0.000160,0.000203,0.000266,1.016280,0.012656,0.008009,0.643122,0.98418,-0.00003,4
1.0,-5.0000,1.592000,8.05740e-06,0.000211,0.000160,0.000203,0.000267,1.016314,0.012666,0.008026,0.643953,0.98415,-0.00003,4
1.0,-5.0000,1.593000,8.07471e-06,0.000212,0.000161,0.000204,0.000269,1.016349,0.012677,0.008042,0.644784,0.98412,-0.00003,4
1.0,-5.0000,1.594000,8.09206e-06,0.000212,0.000161,0.000205,0.000270,1.016383,0.012687,0.008059,0.645616,0.98409,-0.00003,4
1.0,-5.0000,1.595000,8.10945e-06,0.000213,0.000161,0.000205,0.000271,1.016418,0.012698,0.008076,0.646448,0.98405,-0.00003,4
1.0,-5.0000,1.596000,8.12688e-06,0.000214,0.000162,0.000206,0.000272,1.016452,0.012708,0.008093,0.647281,0.98402,-0.00003,4
1.0,-5.0000,1.597000,8.14434e-06,0.000214,0.000162,0.000206,0.000273,1.016487,0.012719,0.008109,0.648114,0.98399,-0.00003,4
1.0,-5.0000,1.598000,8.16185e-06,0.000215,0.000162,0.000207,0.000274,1.016522,0.012729,0.008126,0.648949,0.98395,-0.00003,4
1.0,-5.0000,1.599000,8.17939e-06,0.000215,0.000162,0.000208,0.000275,1.016557,0.012740,0.008143,0.649783,0.98392,-0.00004,4
1.0,-5.0000,1.600000,8.19696e-06,0.000216,0.000163,0.000208,0.000277,1.016592,0.012750,0.008160,0.650619,0.98389,-0.00004,4
1.0,-5.0000,1.601000,8.21458e-06,0.000217,0.000163,0.000209,0.000278,1.016627,0.012761,0.008177,0.651455,0.98385,-0.00004,4
1.0,-5.0000,1.602000,8.23223e-06,0.000217,0.000163,0.000209,0.000279,1.016662,0.012771,0.008194,0.652291,0.98382,-0.00004,4
1.0,-5.0000,1.603000,8.24992e-06,0.000218,0.000163,0.000210,0.000280,1.016697,0.012782,0.008211,0.653128,0.98379,-0.00004,4
1.0,-5.0000,1.604000,8.26765e-06,0.000219,0.000164,0.000211,0.000281,1.016732,0.012792,0.008228,0.653966,0.98375,-0.00004,4
1.0,-5.0000,1.605000,8.28542e-06,0.000219,0.000164,0.000211,0.000282,1.016768,0.012803,0.008245,0.654805,0.98372,-0.00004,4
1.0,-5.0000,1.606000,8.30323e-06,0.000220,0.000164,0.000212,0.000284,1.016803,0.012813,0.008262,0.655644,0.98369,-0.00004,4
1.0,-5.0000,1.607000,8.32107e-06,0.000221,0.000165,0.000212,0.000285,1.016838,0.012824,0.008279,0.656483,0.98365,-0.00004,4
1.0,-5.0000,1.608000,8.33895e-06,0.000221,0.000165,0.000213,0.000286,1.016874,0.012835,0.008297,0.657324,0.98362,-0.00004,4
1.0,-5.0000,1.609000,8.35687e-06,0.000222,0.000165,0.000214,0.000287,1.016910,0.012845,0.008314,0.658164,0.98359,-0.00004,4
1.0,-5.0000,1.610000,8.37484e-06,0.000223,0.000165,0.000214,0.000288,1.016945,0.012856,0.008331,0.659006,0.98355,-0.00004,4
1.0,-5.0000,1.611000,8.39283e-06,0.000223,0.000166,0.000215,0.000290,1.016981,0.012867,0.008348,0.659848,0.98352,-0.00004,4
1.0,-5.0000,1.612000,8.41087e-06,0.000224,0.000166,0.000216,0.000291,1.017017,0.012877,0.008366,0.660691,0.98348,-0.00004,4
1.0,-5.0000,1.613000,8.42895e-06,0.000225,0.000166,0.000216,0.000292,1.017053,0.012888,0.008383,0.661534,0.98345,-0.00004,4
1.0,-5.0000,1.614000,8.44707e-06,0.000225,0.000166,0.000217,0.000293,1.017089,0.012899,0.008400,0.662378,0.98342,-0.00004,4
1.0,-5.0000,1.615000,8.46522e-06,0.000226,0.000167,0.000217,0.000295,1.017125,0.012910,0.008418,0.663223,0.98338,-0.00004,4
1.0,-5.0000,1.616000,8.48342e-06,0.000227,0.000167,0.000218,0.000296,1.017161,0.012920,0.008435,0.664068,0.98335,-0.00004,4
1.0,-5.0000,1.617000,8.50165e-06,0.000227,0.000167,0.000219,0.000297,1.017197,0.012931,0.008453,0.664914,0.98331,-0.00004,4
1.0,-5.0000,1.618000,8.51993e-06,0.000228,0.000168,0.000219,0.000298,1.017233,0.012942,0.008470,0.665760,0.98328,-0.00004,4
1.0,-5.0000,1.619000,8.53824e-06,0.000229,0.000168,0.000220,0.000300,1.017270,0.012953,0.008488,0.666607,0.98324,-0.00004,4
1.0,-5.0000,1.620000,8.55659e-06,0.000229,0.000168,0.000221,0.000301,1.017306,0.012964,0.008506,0.667455,0.98321,-0.00004,4
1.0,-5.0000,1.621000,8.57499e-06,0.000230,0.000168,0.000221,0.000302,1.017343,0.012975,0.008523,0.668303,0.98317,-0.00004,4
1.0,-5.0000,1.622000,8.59342e-06,0.000231,0.000169,0.000222,0.000303,1.017379,0.012985,0.008541,0.669152,0.98314,-0.00004,4
1.0,-5.0000,1.623000,8.61189e-06,0.000231,0.000169,0.000223,0.000305,1.017416,0.012996,0.008559,0.670001,0.98311,-0.00004,4
1.0,-5.0000,1.624000,8.63041e-06,0.000232,0.000169,0.000223,0.000306,1.017453,0.013007,0.008576,0.670851,0.98307,-0.00004,4
1.0,-5.0000,1.625000,8.64896e-06,0.000233,0.000170,0.000224,0.000307,1.017490,0.013018,0.008594,0.671702,0.98304,-0.00004,4
1.0,-5.0000,1.626000,8.66756e-06,0.000233,0.000170,0.000224,0.000308,1.017526,0.013029,0.008612,0.672553,0.98300,-0.00004,4
1.0,-5.0000,1.627000,8.68619e-06,0.000234,0.000170,0.000225,0.000310,1.017563,0.013040,0.008630,0.673405,0.98297,-0.00005,4
1.0,-5.0000,1.628000,8.70487e-06,0.000235,0.000170,0.000226,0.000311,1.017600,0.013051,0.008648,0.674258,0.98293,-0.00005,4
1.0,-5.0000,1.629000,8.72358e-06,0.000235,0.000171,0.000226,0.000312,1.017638,0.013062,0.008666,0.675111,0.98290,-0.00005,4
1.0,-5.0000,1.630000,8.74234e-06,0.000236,0.000171,0.000227,0.000314,1.017675,0.013073,0.008683,0.675965,0.98286,-0.00005,4
1.0,-5.0000,1.631000,8.76114e-06,0.000237,0.000171,0.000228,0.000315,1.017712,0.013084,0.008701,0.676819,0.98282,-0.00005,4
1.0,-5.0000,1.632000,8.77998e-06,0.000238,0.000172,0.000228,0.000316,1.017749,0.013095,0.008720,0.677674,0.98279,-0.00005,4
1.0,-5.0000,1.633000,8.79886e-06,0.000238,0.000172,0.000229,0.000318,1.017787,0.013106,0.008738,0.678530,0.98275,-0.00005,4
1.0,-5.0000,1.634000,8.81778e-06,0.000239,0.000172,0.000230,0.000319,1.017824,0.013117,0.008756,0.679386,0.98272,-0.00005,4
1.0,-5.0000,1.635000,8.83674e-06,0.000240,0.000172,0.000230,0.000320,1.017862,0.013128,0.008774,0.680243,0.98268,-0.00005,4
1.0,-5.0000,1.636000,8.85575e-06,0.000240,0.000173,0.000231,0.000322,1.017899,0.013140,0.008792,0.681101,0.98265,-0.00005,4
1.0,-5.0000,1.637000,8.87479e-06,0.000241,0.000173,0.000232,0.000323,1.017937,0.013151,0.008810,0.681959,0.98261,-0.00005,4
1.0,-5.0000,1.638000,8.89388e-06,0.000242,0.000173,0.000232,0.000324,1.017975,0.013162,0.008828,0.682818,0.98258,-0.00005,4
1.0,-5.0000,1.639000,8.91301e-06,0.000243,0.000174,0.000233,0.000326,1.018013,0.013173,0.008847,0.683677,0.98254,-0.00005,4
1.0,-5.0000,1.640000,8.93218e-06,0.000243,0.000174,0.000234,0.000327,1.018051,0.013184,0.008865,0.684537,0.98250,-0.00005,4
1.0,-5.0000,1.641000,8.95139e-06,0.000244,0.000174,0.000235,0.000329,1.018089,0.013195,0.008883,0.685398,0.98247,-0.00005,4
1.0,-5.0000,1.642000,8.97065e-06,0.000245,0.000174,0.000235,0.000330,1.018127,0.013207,0.008902,0.686259,0.98243,-0.00005,4
1.0,-5.0000,1.643000,8.98994e-06,0.000245,0.000175,0.000236,0.000331,1.018165,0.013218,0.008920,0.687121,0.98240,-0.00005,4
1.0,-5.0000,1.644000,9.00928e-06,0.000246,0.000175,0.000237,0.000333,1.018204,0.013229,0.008939,0.687984,0.98236,-0.00005,4
1.0,-5.0000,1.645000,9.02867e-06,0.000247,0.000175,0.000237,0.000334,1.018242,0.013240,0.008957,0.688847,0.98232,-0.00005,4
1.0,-5.0000,1.646000,9.04809e-06,0.000248,0.000176,0.000238,0.000335,1.018280,0.013252,0.008976,0.689711,0.98229,-0.00005,4
1.0,-5.0000,1.647000,9.06756e-06,0.000248,0.000176,0.000239,0.000337,1.018319,0.013263,0.008994,0.690575,0.98225,-0.00005,4
1.0,-5.0000,1.648000,9.08707e-06,0.000249,0.000176,0.000239,0.000338,1.018358,0.013274,0.009013,0.691440,0.98221,-0.00005,4
1.0,-5.0000,1.649000,9.10662e-06,0.000250,0.000177,0.000240,0.000340,1.018396,0.013286,0.009032,0.692306,0.98218,-0.00005,4
1.0,-5.0000,1.650000,9.12622e-06,0.000251,0.000177,0.000241,0.000341,1.018435,0.013297,0.009050,0.693172,0.98214,-0.00005,4
1.0,-5.0000,1.651000,9.14586e-06,0.000251,0.000177,0.000241,0.000343,1.018474,0.013308,0.009069,0.694039,0.98210,-0.00006,4
1.0,-5.0000,1.652000,9.16554e-06,0.000252,0.000177,0.000242,0.000344,1.018513,0.013320,0.009088,0.694907,0.98207,-0.00006,4
1.0,-5.0000,1.653000,9.18527e-06,0.000253,0.000178,0.000243,0.000345,1.018552,0.013331,0.009107,0.695775,0.98203,-0.00006,4
1.0,-5.0000,1.654000,9.20504e-06,0.000254,0.000178,0.000244,0.000347,1.018591,0.013343,0.009125,0.696644,0.98199,-0.00006,4
1.0,-5.0000,1.655000,9.22485e-06,0.000254,0.000178,0.000244,0.000348,1.018630,0.013354,0.009144,0.697513,0.98196,-0.00006,4
1.0,-5.0000,1.656000,9.24471e-06,0.000255,0.000179,0.000245,0.000350,1.018669,0.013366,0.009163,0.698383,0.98192,-0.00006,4
1.0,-5.0000,1.657000,9.26461e-06,0.000256,0.000179,0.000246,0.000351,1.018709,0.013377,0.009182,0.699254,0.98188,-0.00006,4
1.0,-5.0000,1.658000,9.28455e-06,0.000257,0.000179,0.000246,0.000353,1.018748,0.013389,0.009201,0.700125,0.98184,-0.00006,4
1.0,-5.0000,1.659000,9.30454e-06,0.000257,0.000180,0.000247,0.000354,1.018788,0.013400,0.009220,0.700997,0.98181,-0.00006,4
1.0,-5.0000,1.660000,9.32457e-06,0.000258,0.000180,0.000248,0.000356,1.018827,0.013412,0.009239,0.701870,0.98177,-0.00006,4
1.0,-5.0000,1.661000,9.34465e-06,0.000259,0.000180,0.000249,0.000357,1.018867,0.013423,0.009258,0.702743,0.98173,-0.00006,4
1.0,-5.0000,1.662000,9.36477e-06,0.000260,0.000181,0.000249,0.000359,1.018907,0.013435,0.009277,0.703617,0.98169,-0.00006,4
1.0,-5.0000,1.663000,9.38494e-06,0.000261,0.000181,0.000250,0.000360,1.018946,0.013446,0.009297,0.704492,0.98166,-0.00006,4
1.0,-5.0000,1.664000,9.40515e-06,0.000261,0.000181,0.000251,0.000362,1.018986,0.013458,0.009316,0.705367,0.98162,-0.00006,4
1.0,-5.0000,1.665000,9.42540e-06,0.000262,0.000181,0.000252,0.000363,1.019026,0.013470,0.009335,0.706243,0.98158,-0.00006,4
1.0,-5.0000,1.666000,9.44571e-06,0.000263,0.000182,0.000252,0.000365,1.019066,0.013481,0.009354,0.707119,0.98154,-0.00006,4
1.0,-5.0000,1.667000,9.46605e-06,0.000264,0.000182,0.000253,0.000366,1.019107,0.013493,0.009374,0.707996,0.98151,-0.00006,4
1.0,-5.0000,1.668000,9.48644e-06,0.000264,0.000182,0.000254,0.000368,1.019147,0.013505,0.009393,0.708874,0.98147,-0.00006,4
1.0,-5.0000,1.669000,9.50688e-06,0.000265,0.000183,0.000255,0.000369,1.019187,0.013516,0.009413,0.709752,0.98143,-0.00006,4
1.0,-5.0000,1.670000,9.52736e-06,0.000266,0.000183,0.000255,0.000371,1.019228,0.013528,0.009432,0.710631,0.98139,-0.00006,4
1.0,-5.0000,1.671000,9.54788e-06,0.000267,0.000183,0.000256,0.000373,1.019268,0.013540,0.009452,0.711511,0.98135,-0.00007,4
1.0,-5.0000,1.672000,9.56846e-06,0.000268,0.000184,0.000257,0.000374,1.019309,0.013551,0.009471,0.712391,0.98131,-0.00007,4
1.0,-5.0000,1.673000,9.58908e-06,0.000268,0.000184,0.000258,0.000376,1.019349,0.013563,0.009491,0.713272,0.98128,-0.00007,4
1.0,-5.0000,1.674000,9.60974e-06,0.000269,0.000184,0.000258,0.000377,1.019390,0.013575,0.009510,0.714153,0.98124,-0.00007,4
1.0,-5.0000,1.675000,9.63045e-06,0.000270,0.000185,0.000259,0.000379,1.019431,0.013587,0.009530,0.715035,0.98120,-0.00007,4
1.0,-5.0000,1.676000,9.65121e-06,0.000271,0.000185,0.000260,0.000381,1.019472,0.013599,0.009550,0.715918,0.98116,-0.00007,4
1.0,-5.0000,1.677000,9.67201e-06,0.000272,0.000185,0.000261,0.000382,1.019513,0.013611,0.009569,0.716801,0.98112,-0.00007,4
1.0,-5.0000,1.678000,9.69286e-06,0.000273,0.000186,0.000261,0.000384,1.019554,0.013622,0.009589,0.717685,0.98108,-0.00007,4
1.0,-5.0000,1.679000,9.71375e-06,0.000273,0.000186,0.000262,0.000385,1.019595,0.013634,0.009609,0.718570,0.98104,-0.00007,4
1.0,-5.0000,1.680000,9.73469e-06,0.000274,0.000186,0.000263,0.000387,1.019636,0.013646,0.009629,0.719455,0.98101,-0.00007,4
1.0,-5.0000,1.681000,9.75568e-06,0.000275,0.000187,0.000264,0.000389,1.019678,0.013658,0.009649,0.720341,0.98097,-0.00007,4
1.0,-5.0000,1.682000,9.77672e-06,0.000276,0.000187,0.000264,0.000390,1.019719,0.013670,0.009669,0.721228,0.98093,-0.00007,4
1.0,-5.0000,1.683000,9.79780e-06,0.000277,0.000187,0.000265,0.000392,1.019761,0.013682,0.009689,0.722115,0.98089,-0.00007,4
1.0,-5.0000,1.684000,9.81893e-06,0.000278,0.000188,0.000266,0.000394,1.019802,0.013694,0.009709,0.723003,0.98085,-0.00007,4
1.0,-5.0000,1.685000,9.84011e-06,0.000278,0.000188,0.000267,0.000395,1.019844,0.013706,0.009729,0.723892,0.98081,-0.00007,4
1.0,-5.0000,1.686000,9.86133e-06,0.000279,0.000188,0.000268,0.000397,1.019886,0.013718,0.009749,0.724781,0.98077,-0.00007,4
1.0,-5.0000,1.687000,9.88260e-06,0.000280,0.000189,0.000268,0.000398,1.019928,0.013730,0.009769,0.725671,0.98073,-0.00007,4
1.0,-5.0000,1.688000,9.90392e-06,0.000281,0.000189,0.000269,0.000400,1.019970,0.013742,0.009789,0.726561,0.98069,-0.00007,4
1.0,-5.0000,1.689000,9.92529e-06,0.000282,0.000189,0.000270,0.000402,1.020012,0.013754,0.009809,0.727452,0.98065,-0.00008,4
1.0,-5.0000,1.690000,9.94670e-06,0.000283,0.000190,0.000271,0.000404,1.020054,0.013766,0.009830,0.728344,0.98061,-0.00008,4
1.0,-5.0000,1.691000,9.96817e-06,0.000283,0.000190,0.000272,0.000405,1.020096,0.013779,0.009850,0.729237,0.98057,-0.00008,4
1.0,-5.0000,1.692000,9.98968e-06,0.000284,0.000190,0.000272,0.000407,1.020139,0.013791,0.009870,0.730130,0.98053,-0.00008,4
1.0,-5.0000,1.693000,1.00112e-05,0.000285,0.000191,0.000273,0.000409,1.020181,0.013803,0.009891,0.731023,0.98049,-0.00008,4
1.0,-5.0000,1.694000,1.00328e-05,0.000286,0.000191,0.000274,0.000410,1.020224,0.013815,0.009911,0.731918,0.98045,-0.00008,4
1.0,-5.0000,1.695000,1.00545e-05,0.000287,0.000191,0.000275,0.000412,1.020266,0.013827,0.009931,0.732813,0.98041,-0.00008,4
1.0,-5.0000,1.696000,1.00762e-05,0.000288,0.000192,0.000276,0.000414,1.020309,0.013839,0.009952,0.733708,0.98037,-0.00008,4
1.0,-5.0000,1.697000,1.00980e-05,0.000289,0.000192,0.000276,0.000416,1.020352,0.013852,0.009973,0.734604,0.98033,-0.00008,4
1.0,-5.0000,1.698000,1.01198e-05,0.000289,0.000192,0.000277,0.000417,1.020395,0.013864,0.009993,0.735501,0.98029,-0.00008,4
1.0,-5.0000,1.699000,1.01416e-05,0.000290,0.000193,0.000278,0.000419,1.020438,0.013876,0.010014,0.736399,0.98025,-0.00008,4
1.0,-5.0000,1.700000,1.01635e-05,0.000291,0.000193,0.000279,0.000421,1.020481,0.013888,0.010034,0.737297,0.98021,-0.00008,4
1.0,-5.0000,1.701000,1.01855e-05,0.000292,0.000193,0.000280,0.000423,1.020524,0.013901,0.010055,0.738196,0.98017,-0.00008,4
1.0,-5.0000,1.702000,1.02075e-05,0.000293,0.000194,0.000280,0.000424,1.020567,0.013913,0.010076,0.739096,0.98013,-0.00008,4
1.0,-5.0000,1.703000,1.02295e-05,0.000294,0.000194,0.000281,0.000426,1.020610,0.013925,0.010097,0.739996,0.98009,-0.00008,4
1.0,-5.0000,1.704000,1.02516e-05,0.000295,0.000194,0.000282,0.000428,1.020654,0.013938,0.010118,0.740897,0.98005,-0.00008,4
1.0,-5.0000,1.705000,1.02738e-05,0.000296,0.000195,0.000283,0.000430,1.020697,0.013950,0.010138,0.741798,0.98001,-0.00008,4
1.0,-5.0000,1.706000,1.02960e-05,0.000297,0.000195,0.000284,0.000432,1.020741,0.013963,0.010159,0.742700,0.97997,-0.00009,4
1.0,-5.0000,1.707000,1.03182e-05,0.000297,0.000195,0.000285,0.000433,1.020785,0.013975,0.010180,0.743603,0.97992,-0.00009,4
1.0,-5.0000,1.708000,1.03405e-05,0.000298,0.000196,0.000286,0.000435,1.020828,0.013988,0.010201,0.744506,0.97988,-0.00009,4
1.0,-5.0000,1.709000,1.03629e-05,0.000299,0.000196,0.000286,0.000437,1.020872,0.014000,0.010222,0.745411,0.97984,-0.00009,4
1.0,-5.0000,1.710000,1.03853e-05,0.000300,0.000196,0.000287,0.000439,1.020916,0.014013,0.010244,0.746315,0.97980,-0.00009,4
1.0,-5.0000,1.711000,1.04077e-05,0.000301,0.000197,0.000288,0.000441,1.020960,0.014025,0.010265,0.747221,0.97976,-0.00009,4
1.0,-5.0000,1.712000,1.04302e-05,0.000302,0.000197,0.000289,0.000443,1.021004,0.014038,0.010286,0.748127,0.97972,-0.00009,4
1.0,-5.0000,1.713000,1.04528e-05,0.000303,0.000197,0.000290,0.000444,1.021049,0.014050,0.010307,0.749033,0.97968,-0.00009,4
1.0,-5.0000,1.714000,1.04754e-05,0.000304,0.000198,0.000291,0.000446,1.021093,0.014063,0.010328,0.749941,0.97963,-0.00009,4
1.0,-5.0000,1.715000,1.04980e-05,0.000305,0.000198,0.000291,0.000448,1.021138,0.014075,0.010350,0.750849,0.97959,-0.00009,4
1.0,-5.0000,1.716000,1.05207e-05,0.000306,0.000199,0.000292,0.000450,1.021182,0.014088,0.010371,0.751757,0.97955,-0.00009,4
1.0,-5.0000,1.717000,1.05435e-05,0.000307,0.000199,0.000293,0.000452,1.021227,0.014101,0.010392,0.752667,0.97951,-0.00009,4
1.0,-5.0000,1.718000,1.05663e-05,0.000308,0.000199,0.000294,0.000454,1.021271,0.014113,0.010414,0.753577,0.97947,-0.00009,4
1.0,-5.0000,1.719000,1.05892e-05,0.000309,0.000200,0.000295,0.000456,1.021316,0.014126,0.010435,0.754487,0.97942,-0.00009,4
1.0,-5.0000,1.720000,1.06121e-05,0.000309,0.000200,0.000296,0.000458,1.021361,0.014139,0.010457,0.755399,0.97938,-0.00009,4
1.0,-5.0000,1.721000,1.06351e-05,0.000310,0.000200,0.000297,0.000460,1.021406,0.014151,0.010478,0.756311,0.97934,-0.00010,4
1.0,-5.0000,1.722000,1.06581e-05,0.000311,0.000201,0.000298,0.000462,1.021451,0.014164,0.010500,0.757223,0.97930,-0.00010,4
1.0,-5.0000,1.723000,1.06812e-05,0.000312,0.000201,0.000298,0.000464,1.021497,0.014177,0.010522,0.758137,0.97925,-0.00010,4
1.0,-5.0000,1.724000,1.07043e-05,0.000313,0.000201,0.000299,0.000465,1.021542,0.014190,0.010543,0.759051,0.97921,-0.00010,4
1.0,-5.0000,1.725000,1.07275e-05,0.000314,0.000202,0.000300,0.000467,1.021587,0.014202,0.010565,0.759965,0.97917,-0.00010,4
1.0,-5.0000,1.726000,1.07507e-05,0.000315,0.000202,0.000301,0.000469,1.021633,0.014215,0.010587,0.760880,0.97913,-0.00010,4
1.0,-5.0000,1.727000,1.07740e-05,0.000316,0.000203,0.000302,0.000471,1.021678,0.014228,0.010609,0.761796,0.97908,-0.00010,4
1.0,-5.0000,1.728000,1.07973e-05,0.000317,0.000203,0.000303,0.000473,1.021724,0.014241,0.010631,0.762713,0.97904,-0.00010,4
1.0,-5.0000,1.729000,1.08207e-05,0.000318,0.000203,0.000304,0.000475,1.021770,0.014254,0.010653,0.763630,0.97900,-0.00010,4
1.0,-5.0000,1.730000,1.08441e-05,0.000319,0.000204,0.000305,0.000477,1.021816,0.014267,0.010675,0.764548,0.97896,-0.00010,4
1.0,-5.0000,1.731000,1.08676e-05,0.000320,0.000204,0.000306,0.000479,1.021862,0.014280,0.010697,0.765467,0.97891,-0.00010,4
1.0,-5.0000,1.732000,1.08912e-05,0.000321,0.000204,0.000307,0.000481,1.021908,0.014293,0.010719,0.766386,0.97887,-0.00010,4
1.0,-5.0000,1.733000,1.09148e-05,0.000322,0.000205,0.000307,0.000483,1.021954,0.014306,0.010741,0.767306,0.97883,-0.00010,4
1.0,-5.0000,1.734000,1.09385e-05,0.000323,0.000205,0.000308,0.000485,1.022000,0.014318,0.010763,0.768226,0.97878,-0.00010,4
1.0,-5.0000,1.735000,1.09622e-05,0.000324,0.000205,0.000309,0.000488,1.022047,0.014332,0.010785,0.769148,0.97874,-0.00011,4
1.0,-5.0000,1.736000,1.09859e-05,0.000325,0.000206,0.000310,0.000490,1.022093,0.014345,0.010808,0.770070,0.97870,-0.00011,4
1.0,-5.0000,1.737000,1.10098e-05,0.000326,0.000206,0.000311,0.000492,1.022140,0.014358,0.010830,0.770992,0.97865,-0.00011,4
1.0,-5.0000,1.738000,1.10336e-05,0.000327,0.000207,0.000312,0.000494,1.022186,0.014371,0.010852,0.771915,0.97861,-0.00011,4
1.0,-5.0000,1.739000,1.10576e-05,0.000328,0.000207,0.000313,0.000496,1.022233,0.014384,0.010875,0.772839,0.97856,-0.00011,4
1.0,-5.0000,1.740000,1.10816e-05,0.000329,0.000207,0.000314,0.000498,1.022280,0.014397,0.010897,0.773764,0.97852,-0.00011,4
1.0,-5.0000,1.741000,1.11056e-05,0.000330,0.000208,0.000315,0.000500,1.022327,0.014410,0.010919,0.774689,0.97848,-0.00011,4
1.0,-5.0000,1.742000,1.11297e-05,0.000331,0.000208,0.000316,0.000502,1.022374,0.014423,0.010942,0.775615,0.97843,-0.00011,4
1.0,-5.0000,1.743000,1.11539e-05,0.000332,0.000209,0.000317,0.000504,1.022421,0.014436,0.010965,0.776542,0.97839,-0.00011,4
1.0,-5.0000,1.744000,1.11781e-05,0.000333,0.000209,0.000318,0.000506,1.022469,0.014450,0.010987,0.777469,0.97834,-0.00011,4
1.0,-5.0000,1.745000,1.12023e-05,0.000334,0.000209,0.000319,0.000508,1.022516,0.014463,0.011010,0.778397,0.97830,-0.00011,4
1.0,-5.0000,1.746000,1.12267e-05,0.000335,0.000210,0.000320,0.000511,1.022564,0.014476,0.011033,0.779325,0.97825,-0.00011,4
1.0,-5.0000,1.747000,1.12510e-05,0.000336,0.000210,0.000321,0.000513,1.022611,0.014489,0.011055,0.780255,0.97821,-0.00012,4
1.0,-5.0000,1.748000,1.12755e-05,0.000337,0.000210,0.000321,0.000515,1.022659,0.014503,0.011078,0.781185,0.97817,-0.00012,4
1.0,-5.0000,1.749000,1.13000e-05,0.000338,0.000211,0.000322,0.000517,1.022707,0.014516,0.011101,0.782115,0.97812,-0.00012,4
1.0,-5.0000,1.750000,1.13245e-05,0.000339,0.000211,0.000323,0.000519,1.022755,0.014529,0.011124,0.783046,0.97808,-0.00012,4
1.0,-5.0000,1.751000,1.13491e-05,0.000340,0.000212,0.000324,0.000521,1.022803,0.014543,0.011147,0.783978,0.97803,-0.00012,4
1.0,-5.0000,1.752000,1.13738e-05,0.000341,0.000212,0.000325,0.000524,1.022851,0.014556,0.011170,0.784911,0.97799,-0.00012,4
1.0,-5.0000,1.753000,1.13985e-05,0.000342,0.000212,0.000326,0.000526,1.022899,0.014569,0.011193,0.785844,0.97794,-0.00012,4
1.0,-5.0000,1.754000,1.14233e-05,0.000343,0.000213,0.000327,0.000528,1.022947,0.014583,0.011216,0.786778,0.97790,-0.00012,4
1.0,-5.0000,1.755000,1.14481e-05,0.000344,0.000213,0.000328,0.000530,1.022996,0.014596,0.011239,0.787713,0.97785,-0.00012,4
1.0,-5.0000,1.756000,1.14730e-05,0.000345,0.000214,0.000329,0.000533,1.023044,0.014610,0.011262,0.788648,0.97780,-0.00012,4
1.0,-5.0000,1.757000,1.14979e-05,0.000346,0.000214,0.000330,0.000535,1.023093,0.014623,0.011286,0.789584,0.97776,-0.00012,4
1.0,-5.0000,1.758000,1.15229e-05,0.000348,0.000214,0.000331,0.000537,1.023142,0.014637,0.011309,0.790521,0.97771,-0.00012,4
1.0,-5.0000,1.759000,1.15480e-05,0.000349,0.000215,0.000332,0.000539,1.023190,0.014650,0.011332,0.791459,0.97767,-0.00013,4
1.0,-5.0000,1.760000,1.15731e-05,0.000350,0.000215,0.000333,0.000542,1.023239,0.014664,0.011356,0.792397,0.97762,-0.00013,4
1.0,-5.0000,1.761000,1.15983e-05,0.000351,0.000216,0.000334,0.000544,1.023288,0.014677,0.011379,0.793335,0.97758,-0.00013,4
1.0,-5.0000,1.762000,1.16235e-05,0.000352,0.000216,0.000335,0.000546,1.023338,0.014691,0.011402,0.794275,0.97753,-0.00013,4
1.0,-5.0000,1.763000,1.16488e-05,0.000353,0.000216,0.000336,0.000548,1.023387,0.014704,0.011426,0.795215,0.97748,-0.00013,4
1.0,-5.0000,1.764000,1.16742e-05,0.000354,0.000217,0.000337,0.000551,1.023436,0.014718,0.011450,0.796156,0.97744,-0.00013,4
1.0,-5.0000,1.765000,1.16996e-05,0.000355,0.000217,0.000338,0.000553,1.023486,0.014732,0.011473,0.797097,0.97739,-0.00013,4
1.0,-5.0000,1.766000,1.17251e-05,0.000356,0.000218,0.000339,0.000555,1.023535,0.014745,0.011497,0.798039,0.97735,-0.00013,4
1.0,-5.0000,1.767000,1.17506e-05,0.000357,0.000218,0.000340,0.000558,1.023585,0.014759,0.011521,0.798982,0.97730,-0.00013,4
1.0,-5.0000,1.768000,1.17762e-05,0.000358,0.000218,0.000341,0.000560,1.023635,0.014773,0.011544,0.799926,0.97725,-0.00013,4
1.0,-5.0000,1.769000,1.18019e-05,0.000359,0.000219,0.000342,0.000562,1.023685,0.014787,0.011568,0.800870,0.97721,-0.00013,4
1.0,-5.0000,1.770000,1.18276e-05,0.000361,0.000219,0.000343,0.000565,1.023735,0.014800,0.011592,0.801815,0.97716,-0.00014,4
1.0,-5.0000,1.771000,1.18534e-05,0.000362,0.000220,0.000344,0.000567,1.023785,0.014814,0.011616,0.802760,0.97711,-0.00014,4
1.0,-5.0000,1.772000,1.18792e-05,0.000363,0.000220,0.000345,0.000570,1.023835,0.014828,0.011640,0.803706,0.97707,-0.00014,4
1.0,-5.0000,1.773000,1.19051e-05,0.000364,0.000220,0.000346,0.000572,1.023885,0.014842,0.011664,0.804653,0.97702,-0.00014,4
1.0,-5.0000,1.774000,1.19311e-05,0.000365,0.000221,0.000347,0.000574,1.023936,0.014856,0.011688,0.805601,0.97697,-0.00014,4
1.0,-5.0000,1.775000,1.19571e-05,0.000366,0.000221,0.000349,0.000577,1.023987,0.014870,0.011712,0.806549,0.97692,-0.00014,4
1.0,-5.0000,1.776000,1.19832e-05,0.000367,0.000222,0.000350,0.000579,1.024037,0.014883,0.011736,0.807498,0.97688,-0.00014,4
1.0,-5.0000,1.777000,1.20093e-05,0.000368,0.000222,0.000351,0.000582,1.024088,0.014897,0.011760,0.808448,0.97683,-0.00014,4
1.0,-5.0000,1.778000,1.20355e-05,0.000370,0.000222,0.000352,0.000584,1.024139,0.014911,0.011785,0.809398,0.97678,-0.00014,4
1.0,-5.0000,1.779000,1.20618e-05,0.000371,0.000223,0.000353,0.000587,1.024190,0.014925,0.011809,0.810350,0.97673,-0.00014,4
1.0,-5.0000,1.780000,1.20881e-05,0.000372,0.000223,0.000354,0.000589,1.024241,0.014939,0.011833,0.811301,0.97669,-0.00015,4
1.0,-5.0000,1.781000,1.21145e-05,0.000373,0.000224,0.000355,0.000592,1.024292,0.014953,0.011858,0.812254,0.97664,-0.00015,4
1.0,-5.0000,1.782000,1.21409e-05,0.000374,0.000224,0.000356,0.000594,1.024344,0.014967,0.011882,0.813207,0.97659,-0.00015,4
1.0,-5.0000,1.783000,1.21674e-05,0.000375,0.000225,0.000357,0.000597,1.024395,0.014981,0.011907,0.814161,0.97654,-0.00015,4
1.0,-5.0000,1.784000,1.21940e-05,0.000377,0.000225,0.000358,0.000599,1.024447,0.014996,0.011931,0.815115,0.97650,-0.00015,4
1.0,-5.0000,1.785000,1.22206e-05,0.000378,0.000225,0.000359,0.000602,1.024498,0.015010,0.011956,0.816071,0.97645,-0.00015,4
1.0,-5.0000,1.786000,1.22473e-05,0.000379,0.000226,0.000360,0.000604,1.024550,0.015024,0.011981,0.817026,0.97640,-0.00015,4
1.0,-5.0000,1.787000,1.22741e-05,0.000380,0.000226,0.000361,0.000607,1.024602,0.015038,0.012005,0.817983,0.97635,-0.00015,4
1.0,-5.0000,1.788000,1.23009e-05,0.000381,0.000227,0.000362,0.000609,1.024654,0.015052,0.012030,0.818940,0.97630,-0.00015,4
1.0,-5.0000,1.789000,1.23278e-05,0.000382,0.000227,0.000363,0.000612,1.024706,0.015066,0.012055,0.819898,0.97625,-0.00015,4
1.0,-5.0000,1.790000,1.23548e-05,0.000384,0.000228,0.000365,0.000615,1.024758,0.015081,0.012080,0.820857,0.97620,-0.00016,4
1.0,-5.0000,1.791000,1.23818e-05,0.000385,0.000228,0.000366,0.000617,1.024811,0.015095,0.012105,0.821817,0.97616,-0.00016,4
1.0,-5.0000,1.792000,1.24089e-05,0.000386,0.000228,0.000367,0.000620,1.024863,0.015109,0.012130,0.822777,0.97611,-0.00016,4
1.0,-5.0000,1.793000,1.24360e-05,0.000387,0.000229,0.000368,0.000622,1.024916,0.015123,0.012155,0.823737,0.97606,-0.00016,4
1.0,-5.0000,1.794000,1.24632e-05,0.000388,0.000229,0.000369,0.000625,1.024969,0.015138,0.012180,0.824699,0.97601,-0.00016,4
1.0,-5.0000,1.795000,1.24905e-05,0.000390,0.000230,0.000370,0.000628,1.025021,0.015152,0.012205,0.825661,0.97596,-0.00016,4
1.0,-5.0000,1.796000,1.25178e-05,0.000391,0.000230,0.000371,0.000630,1.025074,0.015166,0.012230,0.826624,0.97591,-0.00016,4
1.0,-5.0000,1.797000,1.25453e-05,0.000392,0.000231,0.000372,0.000633,1.025127,0.015181,0.012256,0.827588,0.97586,-0.00016,4
1.0,-5.0000,1.798000,1.25727e-05,0.000393,0.000231,0.000373,0.000636,1.025181,0.015195,0.012281,0.828552,0.97581,-0.00016,4
1.0,-5.0000,1.799000,1.26003e-05,0.000394,0.000231,0.000375,0.000638,1.025234,0.015210,0.012306,0.829517,0.97576,-0.00017,4
1.0,-5.0000,1.800000,1.26279e-05,0.000396,0.000232,0.000376,0.000641,1.025287,0.015224,0.012332,0.830483,0.97571,-0.00017,4
1.0,-5.0000,1.801000,1.26555e-05,0.000397,0.000232,0.000377,0.000644,1.025341,0.015239,0.012357,0.831449,0.97566,-0.00017,4
1.0,-5.0000,1.802000,1.26833e-05,0.000398,0.000233,0.000378,0.000646,1.025394,0.015253,0.012383,0.832416,0.97561,-0.00017,4
1.0,-5.0000,1.803000,1.27111e-05,0.000399,0.000233,0.000379,0.000649,1.025448,0.015268,0.012408,0.833384,0.97556,-0.00017,4
1.0,-5.0000,1.804000,1.27389e-05,0.000401,0.000234,0.000380,0.000652,1.025502,0.015282,0.012434,0.834353,0.97551,-0.00017,4
1.0,-5.0000,1.805000,1.27669e-05,0.000402,0.000234,0.000381,0.000655,1.025556,0.015297,0.012459,0.835322,0.97546,-0.00017,4
1.0,-5.0000,1.806000,1.27949e-05,0.000403,0.000235,0.000383,0.000657,1.025610,0.015312,0.012485,0.836292,0.97541,-0.00017,4
1.0,-5.0000,1.807000,1.28229e-05,0.000404,0.000235,0.000384,0.000660,1.025664,0.015326,0.012511,0.837262,0.97536,-0.00017,4
1.0,-5.0000,1.808000,1.28511e-05,0.000406,0.000235,0.000385,0.000663,1.025719,0.015341,0.012537,0.838234,0.97531,-0.00018,4
1.0,-5.0000,1.809000,1.28793e-05,0.000407,0.000236,0.000386,0.000666,1.025773,0.015356,0.012563,0.839206,0.97526,-0.00018,4
1.0,-5.0000,1.810000,1.29075e-05,0.000408,0.000236,0.000387,0.000669,1.025828,0.015370,0.012589,0.840179,0.97521,-0.00018,4
1.0,-5.0000,1.811000,1.29359e-05,0.000409,0.000237,0.000388,0.000671,1.025883,0.015385,0.012615,0.841152,0.97516,-0.00018,4
1.0,-5.0000,1.812000,1.29643e-05,0.000411,0.000237,0.000390,0.000674,1.025937,0.015400,0.012641,0.842126,0.97511,-0.00018,4
1.0,-5.0000,1.813000,1.29927e-05,0.000412,0.000238,0.000391,0.000677,1.025992,0.015415,0.012667,0.843101,0.97506,-0.00018,4
1.0,-5.0000,1.814000,1.30213e-05,0.000413,0.000238,0.000392,0.000680,1.026047,0.015429,0.012693,0.844077,0.97501,-0.00018,4
1.0,-5.0000,1.815000,1.30499e-05,0.000415,0.000239,0.000393,0.000683,1.026103,0.015444,0.012719,0.845053,0.97495,-0.00018,4
1.0,-5.0000,1.816000,1.30786e-05,0.000416,0.000239,0.000394,0.000686,1.026158,0.015459,0.012745,0.846030,0.97490,-0.00019,4
1.0,-5.0000,1.817000,1.31073e-05,0.000417,0.000240,0.000396,0.000689,1.026213,0.015474,0.012772,0.847008,0.97485,-0.00019,4
1.0,-5.0000,1.818000,1.31361e-05,0.000419,0.000240,0.000397,0.000692,1.026269,0.015489,0.012798,0.847987,0.97480,-0.00019,4
1.0,-5.0000,1.819000,1.31650e-05,0.000420,0.000241,0.000398,0.000695,1.026325,0.015504,0.012825,0.848966,0.97475,-0.00019,4
1.0,-5.0000,1.820000,1.31940e-05,0.000421,0.000241,0.000399,0.000698,1.026381,0.015519,0.012851,0.849946,0.97470,-0.00019,4
1.0,-5.0000,1.821000,1.32230e-05,0.000422,0.000241,0.000400,0.000700,1.026436,0.015534,0.012878,0.850926,0.97465,-0.00019,4
1.0,-5.0000,1.822000,1.32521e-05,0.000424,0.000242,0.000402,0.000703,1.026493,0.015549,0.012904,0.851908,0.97459,-0.00019,4
1.0,-5.0000,1.823000,1.32813e-05,0.000425,0.000242,0.000403,0.000706,1.026549,0.015564,0.012931,0.852890,0.97454,-0.00019,4
1.0,-5.0000,1.824000,1.33105e-05,0.000426,0.000243,0.000404,0.000709,1.026605,0.015579,0.012958,0.853873,0.97449,-0.00020,4
1.0,-5.0000,1.825000,1.33398e-05,0.000428,0.000243,0.000405,0.000712,1.026661,0.015594,0.012984,0.854856,0.97444,-0.00020,4
1.0,-5.0000,1.826000,1.33692e-05,0.000429,0.000244,0.000406,0.000715,1.026718,0.015609,0.013011,0.855840,0.97438,-0.00020,4
1.0,-5.0000,1.827000,1.33986e-05,0.000431,0.000244,0.000408,0.000718,1.026775,0.015624,0.013038,0.856825,0.97433,-0.00020,4
1.0,-5.0000,1.828000,1.34281e-05,0.000432,0.000245,0.000409,0.000722,1.026832,0.015639,0.013065,0.857811,0.97428,-0.00020,4
1.0,-5.0000,1.829000,1.34577e-05,0.000433,0.000245,0.000410,0.000725,1.026888,0.015655,0.013092,0.858797,0.97423,-0.00020,4
1.0,-5.0000,1.830000,1.34874e-05,0.000435,0.000246,0.000411,0.000728,1.026946,0.015670,0.013119,0.859784,0.97417,-0.00020,4
1.0,-5.0000,1.831000,1.35171e-05,0.000436,0.000246,0.000413,0.000731,1.027003,0.015685,0.013146,0.860772,0.97412,-0.00020,4
1.0,-5.0000,1.832000,1.35469e-05,0.000437,0.000247,0.000414,0.000734,1.027060,0.015700,0.013173,0.861761,0.97407,-0.00021,4
1.0,-5.0000,1.833000,1.35768e-05,0.000439,0.000247,0.000415,0.000737,1.027118,0.015716,0.013201,0.862750,0.97401,-0.00021,4
1.0,-5.0000,1.834000,1.36068e-05,0.000440,0.000248,0.000416,0.000740,1.027175,0.015731,0.013228,0.863740,0.97396,-0.00021,4
1.0,-5.0000,1.835000,1.36368e-05,0.000441,0.000248,0.000418,0.000743,1.027233,0.015746,0.013255,0.864731,0.97391,-0.00021,4
1.0,-5.0000,1.836000,1.36669e-05,0.000443,0.000249,0.000419,0.000746,1.027291,0.015762,0.013283,0.865722,0.97385,-0.00021,4
1.0,-5.0000,1.837000,1.36971e-05,0.000444,0.000249,0.000420,0.000750,1.027349,0.015777,0.013310,0.866715,0.97380,-0.00021,4
1.0,-5.0000,1.838000,1.37273e-05,0.000446,0.000250,0.000422,0.000753,1.027407,0.015792,0.013338,0.867708,0.97375,-0.00021,4
1.0,-5.0000,1.839000,1.37577e-05,0.000447,0.000250,0.000423,0.000756,1.027465,0.015808,0.013365,0.868701,0.97369,-0.00022,4
1.0,-5.0000,1.840000,1.37880e-05,0.000448,0.000251,0.000424,0.000759,1.027523,0.015823,0.013393,0.869696,0.97364,-0.00022,4
1.0,-5.0000,1.841000,1.38185e-05,0.000450,0.000251,0.000425,0.000762,1.027582,0.015839,0.013421,0.870691,0.97358,-0.00022,4
1.0,-5.0000,1.842000,1.38491e-05,0.000451,0.000252,0.000427,0.000766,1.027640,0.015854,0.013448,0.871687,0.97353,-0.00022,4
1.0,-5.0000,1.843000,1.38797e-05,0.000453,0.000252,0.000428,0.000769,1.027699,0.015870,0.013476,0.872683,0.97348,-0.00022,4
1.0,-5.0000,1.844000,1.39104e-05,0.000454,0.000253,0.000429,0.000772,1.027758,0.015886,0.013504,0.873681,0.97342,-0.00022,4
1.0,-5.0000,1.845000,1.39411e-05,0.000456,0.000253,0.000431,0.000775,1.027817,0.015901,0.013532,0.874679,0.97337,-0.00022,4
1.0,-5.0000,1.846000,1.39720e-05,0.000457,0.000254,0.000432,0.000779,1.027876,0.015917,0.013560,0.875678,0.97331,-0.00023,4
1.0,-5.0000,1.847000,1.40029e-05,0.000458,0.000254,0.000433,0.000782,1.027935,0.015932,0.013588,0.876677,0.97326,-0.00023,4
1.0,-5.0000,1.848000,1.40339e-05,0.000460,0.000255,0.000435,0.000785,1.027995,0.015948,0.013616,0.877677,0.97320,-0.00023,4
1.0,-5.0000,1.849000,1.40650e-05,0.000461,0.000255,0.000436,0.000789,1.028054,0.015964,0.013644,0.878678,0.97315,-0.00023,4
1.0,-5.0000,1.850000,1.40961e-05,0.000463,0.000256,0.000437,0.000792,1.028114,0.015980,0.013673,0.879680,0.97309,-0.00023,4
1.0,-5.0000,1.851000,1.41274e-05,0.000464,0.000256,0.000439,0.000795,1.028174,0.015995,0.013701,0.880683,0.97304,-0.00023,4
1.0,-5.0000,1.852000,1.41587e-05,0.000466,0.000257,0.000440,0.000799,1.028234,0.016011,0.013729,0.881686,0.97298,-0.00023,4
1.0,-5.0000,1.853000,1.41900e-05,0.000467,0.000257,0.000441,0.000802,1.028294,0.016027,0.013758,0.882690,0.97293,-0.00024,4
1.0,-5.0000,1.854000,1.42215e-05,0.000469,0.000258,0.000443,0.000806,1.028354,0.016043,0.013786,0.883695,0.97287,-0.00024,4
1.0,-5.0000,1.855000,1.42530e-05,0.000470,0.000258,0.000444,0.000809,1.028414,0.016059,0.013815,0.884700,0.97281,-0.00024,4
1.0,-5.0000,1.856000,1.42847e-05,0.000472,0.000259,0.000445,0.000812,1.028475,0.016075,0.013843,0.885706,0.97276,-0.00024,4
1.0,-5.0000,1.857000,1.43163e-05,0.000473,0.000259,0.000447,0.000816,1.028536,0.016091,0.013872,0.886713,0.97270,-0.00024,4
1.0,-5.0000,1.858000,1.43481e-05,0.000475,0.000260,0.000448,0.000819,1.028596,0.016107,0.013901,0.887721,0.97265,-0.00024,4
1.0,-5.0000,1.859000,1.43800e-05,0.000476,0.000260,0.000450,0.000823,1.028657,0.016123,0.013929,0.888729,0.97259,-0.00025,4
1.0,-5.0000,1.860000,1.44119e-05,0.000478,0.000261,0.000451,0.000826,1.028718,0.016139,0.013958,0.889738,0.97253,-0.00025,4
1.0,-5.0000,1.861000,1.44439e-05,0.000479,0.000261,0.000452,0.000830,1.028779,0.016155,0.013987,0.890748,0.97248,-0.00025,4
1.0,-5.0000,1.862000,1.44760e-05,0.000481,0.000262,0.000454,0.000833,1.028841,0.016171,0.014016,0.891759,0.97242,-0.00025,4
1.0,-5.0000,1.863000,1.45082e-05,0.000482,0.000262,0.000455,0.000837,1.028902,0.016187,0.014045,0.892770,0.97236,-0.00025,4
1.0,-5.0000,1.864000,1.45404e-05,0.000484,0.000263,0.000456,0.000841,1.028964,0.016203,0.014074,0.893783,0.97231,-0.00025,4
1.0,-5.0000,1.865000,1.45727e-05,0.000485,0.000263,0.000458,0.000844,1.029026,0.016219,0.014103,0.894796,0.97225,-0.00026,4
1.0,-5.0000,1.866000,1.46051e-05,0.000487,0.000264,0.000459,0.000848,1.029087,0.016235,0.014133,0.895809,0.97219,-0.00026,4
1.0,-5.0000,1.867000,1.46376e-05,0.000488,0.000264,0.000461,0.000851,1.029149,0.016251,0.014162,0.896824,0.97214,-0.00026,4
1.0,-5.0000,1.868000,1.46702e-05,0.000490,0.000265,0.000462,0.000855,1.029212,0.016268,0.014191,0.897839,0.97208,-0.00026,4
1.0,-5.0000,1.869000,1.47028e-05,0.000492,0.000265,0.000464,0.000859,1.029274,0.016284,0.014221,0.898855,0.97202,-0.00026,4
1.0,-5.0000,1.870000,1.47356e-05,0.000493,0.000266,0.000465,0.000862,1.029336,0.016300,0.014250,0.899871,0.97196,-0.00026,4
1.0,-5.0000,1.871000,1.47684e-05,0.000495,0.000266,0.000466,0.000866,1.029399,0.016317,0.014280,0.900889,0.97191,-0.00027,4
1.0,-5.0000,1.872000,1.48013e-05,0.000496,0.000267,0.000468,0.000870,1.029462,0.016333,0.014309,0.901907,0.97185,-0.00027,4
1.0,-5.0000,1.873000,1.48343e-05,0.000498,0.000268,0.000469,0.000873,1.029524,0.016349,0.014339,0.902926,0.97179,-0.00027,4
1.0,-5.0000,1.874000,1.48673e-05,0.000500,0.000268,0.000471,0.000877,1.029587,0.016366,0.014369,0.903946,0.97173,-0.00027,4
1.0,-5.0000,1.875000,1.49005e-05,0.000501,0.000269,0.000472,0.000881,1.029651,0.016382,0.014398,0.904966,0.97168,-0.00027,4
1.0,-5.0000,1.876000,1.49337e-05,0.000503,0.000269,0.000474,0.000885,1.029714,0.016399,0.014428,0.905988,0.97162,-0.00027,4
1.0,-5.0000,1.877000,1.49670e-05,0.000504,0.000270,0.000475,0.000888,1.029777,0.016415,0.014458,0.907010,0.97156,-0.00028,4
1.0,-5.0000,1.878000,1.50004e-05,0.000506,0.000270,0.000477,0.000892,1.029841,0.016432,0.014488,0.908032,0.97150,-0.00028,4
1.0,-5.0000,1.879000,1.50339e-05,0.000508,0.000271,0.000478,0.000896,1.029905,0.016448,0.014518,0.909056,0.97144,-0.00028,4
1.0,-5.0000,1.880000,1.50674e-05,0.000509,0.000271,0.000479,0.000900,1.029968,0.016465,0.014548,0.910080,0.97138,-0.00028,4
1.0,-5.0000,1.881000,1.51011e-05,0.000511,0.000272,0.000481,0.000904,1.030032,0.016481,0.014578,0.911105,0.97132,-0.00028,4
1.0,-5.0000,1.882000,1.51348e-05,0.000512,0.000272,0.000482,0.000908,1.030097,0.016498,0.014609,0.912131,0.97127,-0.00028,4
1.0,-5.0000,1.883000,1.51686e-05,0.000514,0.000273,0.000484,0.000911,1.030161,0.016515,0.014639,0.913158,0.97121,-0.00029,4
1.0,-5.0000,1.884000,1.52025e-05,0.000516,0.000274,0.000485,0.000915,1.030225,0.016531,0.014669,0.914185,0.97115,-0.00029,4
1.0,-5.0000,1.885000,1.52365e-05,0.000517,0.000274,0.000487,0.000919,1.030290,0.016548,0.014700,0.915213,0.97109,-0.00029,4
1.0,-5.0000,1.886000,1.52706e-05,0.000519,0.000275,0.000488,0.000923,1.030355,0.016565,0.014730,0.916242,0.97103,-0.00029,4
1.0,-5.0000,1.887000,1.53047e-05,0.000521,0.000275,0.000490,0.000927,1.030420,0.016582,0.014761,0.917271,0.97097,-0.00029,4
1.0,-5.0000,1.888000,1.53390e-05,0.000522,0.000276,0.000491,0.000931,1.030485,0.016598,0.014791,0.918302,0.97091,-0.00030,4
1.0,-5.0000,1.889000,1.53733e-05,0.000524,0.000276,0.000493,0.000935,1.030550,0.016615,0.014822,0.919333,0.97085,-0.00030,4
1.0,-5.0000,1.890000,1.54077e-05,0.000526,0.000277,0.000495,0.000939,1.030615,0.016632,0.014853,0.920365,0.97079,-0.00030,4
1.0,-5.0000,1.891000,1.54422e-05,0.000527,0.000277,0.000496,0.000943,1.030681,0.016649,0.014884,0.921398,0.97073,-0.00030,4
1.0,-5.0000,1.892000,1.54768e-05,0.000529,0.000278,0.000498,0.000947,1.030746,0.016666,0.014915,0.922431,0.97067,-0.00030,4
1.0,-5.0000,1.893000,1.55115e-05,0.000531,0.000279,0.000499,0.000951,1.030812,0.016683,0.014946,0.923466,0.97061,-0.00031,4
1.0,-5.0000,1.894000,1.55463e-05,0.000533,0.000279,0.000501,0.000955,1.030878,0.016700,0.014977,0.924501,0.97055,-0.00031,4
1.0,-5.0000,1.895000,1.55812e-05,0.000534,0.000280,0.000502,0.000959,1.030944,0.016717,0.015008,0.925536,0.97049,-0.00031,4
1.0,-5.0000,1.896000,1.56161e-05,0.000536,0.000280,0.000504,0.000963,1.031010,0.016734,0.015039,0.926573,0.97043,-0.00031,4
1.0,-5.0000,1.897000,1.56511e-05,0.000538,0.000281,0.000505,0.000968,1.031077,0.016751,0.015070,0.927610,0.97037,-0.00031,4
1.0,-5.0000,1.898000,1.56863e-05,0.000539,0.000281,0.000507,0.000972,1.031143,0.016768,0.015101,0.928649,0.97030,-0.00032,4
1.0,-5.0000,1.899000,1.57215e-05,0.000541,0.000282,0.000508,0.000976,1.031210,0.016785,0.015133,0.929688,0.97024,-0.00032,4
1.0,-5.0000,1.900000,1.57568e-05,0.000543,0.000283,0.000510,0.000980,1.031277,0.016802,0.015164,0.930727,0.97018,-0.00032,4
1.0,-5.0000,1.901000,1.57922e-05,0.000545,0.000283,0.000512,0.000984,1.031344,0.016820,0.015196,0.931768,0.97012,-0.00032,4
1.0,-5.0000,1.902000,1.58277e-05,0.000546,0.000284,0.000513,0.000988,1.031411,0.016837,0.015227,0.932809,0.97006,-0.00032,4
1.0,-5.0000,1.903000,1.58632e-05,0.000548,0.000284,0.000515,0.000993,1.031478,0.016854,0.015259,0.933851,0.97000,-0.00033,4
1.0,-5.0000,1.904000,1.58989e-05,0.000550,0.000285,0.000516,0.000997,1.031546,0.016871,0.015291,0.934894,0.96994,-0.00033,4
1.0,-5.0000,1.905000,1.59347e-05,0.000552,0.000286,0.000518,0.001001,1.031613,0.016889,0.015322,0.935938,0.96987,-0.00033,4
1.0,-5.0000,1.906000,1.59705e-05,0.000554,0.000286,0.000520,0.001005,1.031681,0.016906,0.015354,0.936982,0.96981,-0.00033,4
1.0,-5.0000,1.907000,1.60065e-05,0.000555,0.000287,0.000521,0.001010,1.031750,0.016923,0.015386,0.938028,0.96975,-0.00033,5
1.0,-5.0000,1.908000,1.60425e-05,0.000557,0.000287,0.000523,0.001014,1.031818,0.016941,0.015418,0.939074,0.96969,-0.00034,5
1.0,-5.0000,1.909000,1.60786e-05,0.000559,0.000288,0.000525,0.001019,1.031886,0.016958,0.015450,0.940121,0.96962,-0.00034,5
1.0,-5.0000,1.910000,1.61149e-05,0.000561,0.000288,0.000526,0.001023,1.031955,0.016976,0.015482,0.941169,0.96956,-0.00034,5
1.0,-5.0000,1.911000,1.61512e-05,0.000563,0.000289,0.000528,0.001027,1.032023,0.016993,0.015514,0.942217,0.96950,-0.00034,5
1.0,-5.0000,1.912000,1.61876e-05,0.000564,0.000290,0.000529,0.001032,1.032092,0.017011,0.015547,0.943266,0.96944,-0.00034,5
1.0,-5.0000,1.913000,1.62241e-05,0.000566,0.000290,0.000531,0.001036,1.032161,0.017028,0.015579,0.944316,0.96937,-0.00035,5
1.0,-5.0000,1.914000,1.62607e-05,0.000568,0.000291,0.000533,0.001041,1.032230,0.017046,0.015611,0.945367,0.96931,-0.00035,5
1.0,-5.0000,1.915000,1.62974e-05,0.000570,0.000291,0.000534,0.001045,1.032299,0.017064,0.015644,0.946418,0.96925,-0.00035,5
1.0,-5.0000,1.916000,1.63341e-05,0.000572,0.000292,0.000536,0.001050,1.032369,0.017081,0.015677,0.947471,0.96918,-0.00035,5
1.0,-5.0000,1.917000,1.63710e-05,0.000574,0.000293,0.000538,0.001054,1.032438,0.017099,0.015709,0.948524,0.96912,-0.00036,5
1.0,-5.0000,1.918000,1.64080e-05,0.000576,0.000293,0.000539,0.001059,1.032508,0.017117,0.015742,0.949578,0.96906,-0.00036,5
1.0,-5.0000,1.919000,1.64451e-05,0.000577,0.000294,0.000541,0.001063,1.032578,0.017134,0.015775,0.950633,0.96899,-0.00036,5
1.0,-5.0000,1.920000,1.64822e-05,0.000579,0.000295,0.000543,0.001068,1.032648,0.017152,0.015807,0.951688,0.96893,-0.00036,6
1.0,-5.0000,1.921000,1.65195e-05,0.000581,0.000295,0.000545,0.001072,1.032718,0.017170,0.015840,0.952744,0.96886,-0.00036,6
1.0,-5.0000,1.922000,1.65569e-05,0.000583,0.000296,0.000546,0.001077,1.032788,0.017188,0.015873,0.953802,0.96880,-0.00037,6
1.0,-5.0000,1.923000,1.65943e-05,0.000585,0.000296,0.000548,0.001082,1.032859,0.017206,0.015906,0.954860,0.96874,-0.00037,6
1.0,-5.0000,1.924000,1.66319e-05,0.000587,0.000297,0.000550,0.001086,1.032929,0.017224,0.015939,0.955918,0.96867,-0.00037,6
1.0,-5.0000,1.925000,1.66695e-05,0.000589,0.000298,0.000551,0.001091,1.033000,0.017242,0.015973,0.956978,0.96861,-0.00037,6
1.0,-5.0000,1.926000,1.67073e-05,0.000591,0.000298,0.000553,0.001096,1.033071,0.017260,0.016006,0.958038,0.96854,-0.00038,6
1.0,-5.0000,1.927000,1.67451e-05,0.000593,0.000299,0.000555,0.001100,1.033142,0.017278,0.016039,0.959099,0.96848,-0.00038,6
1.0,-5.0000,1.928000,1.67831e-05,0.000595,0.000299,0.000557,0.001105,1.033214,0.017296,0.016073,0.960161,0.96841,-0.00038,6
1.0,-5.0000,1.929000,1.68211e-05,0.000596,0.000300,0.000558,0.001110,1.033285,0.017314,0.016106,0.961224,0.96835,-0.00038,6
1.0,-5.0000,1.930000,1.68593e-05,0.000598,0.000301,0.000560,0.001115,1.033357,0.017332,0.016140,0.962288,0.96828,-0.00039,6
1.0,-5.0000,1.931000,1.68975e-05,0.000600,0.000301,0.000562,0.001119,1.033429,0.017350,0.016173,0.963352,0.96822,-0.00039,6
1.0,-5.0000,1.932000,1.69359e-05,0.000602,0.000302,0.000564,0.001124,1.033501,0.017368,0.016207,0.964417,0.96815,-0.00039,6
1.0,-5.0000,1.933000,1.69743e-05,0.000604,0.000303,0.000565,0.001129,1.033573,0.017386,0.016241,0.965483,0.96808,-0.00039,6
1.0,-5.0000,1.934000,1.70129e-05,0.000606,0.000303,0.000567,0.001134,1.033645,0.017404,0.016275,0.966550,0.96802,-0.00040,6
1.0,-5.0000,1.935000,1.70515e-05,0.000608,0.000304,0.000569,0.001139,1.033718,0.017423,0.016309,0.967618,0.96795,-0.00040,6
1.0,-5.0000,1.936000,1.70903e-05,0.000610,0.000305,0.000571,0.001144,1.033790,0.017441,0.016343,0.968686,0.96789,-0.00040,6
1.0,-5.0000,1.937000,1.71291e-05,0.000612,0.000305,0.000572,0.001149,1.033863,0.017459,0.016377,0.969756,0.96782,-0.00040,6
1.0,-5.0000,1.938000,1.71681e-05,0.000614,0.000306,0.000574,0.001154,1.033936,0.017478,0.016411,0.970826,0.96775,-0.00040,6
1.0,-5.0000,1.939000,1.72071e-05,0.000616,0.000306,0.000576,0.001159,1.034010,0.017496,0.016445,0.971897,0.96769,-0.00041,6
1.0,-5.0000,1.940000,1.72463e-05,0.000618,0.000307,0.000578,0.001164,1.034083,0.017515,0.016479,0.972969,0.96762,-0.00041,6
1.0,-5.0000,1.941000,1.72856e-05,0.000620,0.000308,0.000580,0.001169,1.034156,0.017533,0.016514,0.974041,0.96755,-0.00041,6
1.0,-5.0000,1.942000,1.73249e-05,0.000622,0.000308,0.000582,0.001174,1.034230,0.017552,0.016548,0.975115,0.96748,-0.00042,6
1.0,-5.0000,1.943000,1.73644e-05,0.000624,0.000309,0.000583,0.001179,1.034304,0.017570,0.016583,0.976189,0.96742,-0.00042,6
1.0,-5.0000,1.944000,1.74040e-05,0.000626,0.000310,0.000585,0.001184,1.034378,0.017589,0.016617,0.977264,0.96735,-0.00042,6
1.0,-5.0000,1.945000,1.74437e-05,0.000629,0.000310,0.000587,0.001189,1.034452,0.017607,0.016652,0.978340,0.96728,-0.00042,6
1.0,-5.0000,1.946000,1.74834e-05,0.000631,0.000311,0.000589,0.001194,1.034527,0.017626,0.016687,0.979416,0.96722,-0.00043,6
1.0,-5.0000,1.947000,1.75233e-05,0.000633,0.000312,0.000591,0.001199,1.034601,0.017645,0.016722,0.980494,0.96715,-0.00043,6
1.0,-5.0000,1.948000,1.75633e-05,0.000635,0.000312,0.000593,0.001204,1.034676,0.017663,0.016757,0.981572,0.96708,-0.00043,6
1.0,-5.0000,1.949000,1.76034e-05,0.000637,0.000313,0.000595,0.001210,1.034751,0.017682,0.016792,0.982652,0.96701,-0.00043,6
1.0,-5.0000,1.950000,1.76437e-05,0.000639,0.000314,0.000596,0.001215,1.034826,0.017701,0.016827,0.983732,0.96694,-0.00044,6
1.0,-5.0000,1.951000,1.76840e-05,0.000641,0.000314,0.000598,0.001220,1.034901,0.017720,0.016862,0.984812,0.96687,-0.00044,6
1.0,-5.0000,1.952000,1.77244e-05,0.000643,0.000315,0.000600,0.001225,1.034977,0.017738,0.016897,0.985894,0.96681,-0.00044,6
1.0,-5.0000,1.953000,1.77649e-05,0.000645,0.000316,0.000602,0.001231,1.035053,0.017757,0.016932,0.986977,0.96674,-0.00044,6
1.0,-5.0000,1.954000,1.78056e-05,0.000647,0.000316,0.000604,0.001236,1.035128,0.017776,0.016968,0.988060,0.96667,-0.00045,6
1.0,-5.0000,1.955000,1.78463e-05,0.000650,0.000317,0.000606,0.001241,1.035204,0.017795,0.017003,0.989144,0.96660,-0.00045,6
1.0,-5.0000,1.956000,1.78872e-05,0.000652,0.000318,0.000608,0.001247,1.035281,0.017814,0.017039,0.990229,0.96653,-0.00045,6
1.0,-5.0000,1.957000,1.79281e-05,0.000654,0.000318,0.000610,0.001252,1.035357,0.017833,0.017074,0.991315,0.96646,-0.00046,6
1.0,-5.0000,1.958000,1.79692e-05,0.000656,0.000319,0.000612,0.001257,1.035434,0.017852,0.017110,0.992402,0.96639,-0.00046,6
1.0,-5.0000,1.959000,1.80104e-05,0.000658,0.000320,0.000614,0.001263,1.035510,0.017871,0.017146,0.993490,0.96632,-0.00046,6
1.0,-5.0000,1.960000,1.80517e-05,0.000660,0.000320,0.000616,0.001268,1.035587,0.017890,0.017182,0.994578,0.96625,-0.00046,6
1.0,-5.0000,1.961000,1.80931e-05,0.000663,0.000321,0.000617,0.001274,1.035664,0.017909,0.017218,0.995667,0.96618,-0.00047,6
1.0,-5.0000,1.962000,1.81346e-05,0.000665,0.000322,0.000619,0.001279,1.035742,0.017929,0.017254,0.996757,0.96611,-0.00047,6
1.0,-5.0000,1.963000,1.81763e-05,0.000667,0.000323,0.000621,0.001285,1.035819,0.017948,0.017290,0.997848,0.96604,-0.00047,6
1.0,-5.0000,1.964000,1.82180e-05,0.000669,0.000323,0.000623,0.001291,1.035897,0.017967,0.017326,0.998940,0.96597,-0.00048,6
1.0,-5.0000,1.965000,1.82599e-05,0.000671,0.000324,0.000625,0.001296,1.035974,0.017986,0.017362,1.000033,0.96590,-0.00048,6
1.0,-5.0000,1.966000,1.83018e-05,0.000674,0.000325,0.000627,0.001302,1.036053,0.018006,0.017399,1.001126,0.96583,-0.00048,6
1.0,-5.0000,1.967000,1.83439e-05,0.000676,0.000325,0.000629,0.001307,1.036131,0.018025,0.017435,1.002220,0.96576,-0.00048,6
1.0,-5.0000,1.968000,1.83861e-05,0.000678,0.000326,0.000631,0.001313,1.036209,0.018044,0.017472,1.003316,0.96569,-0.00049,6
1.0,-5.0000,1.969000,1.84284e-05,0.000680,0.000327,0.000633,0.001319,1.036288,0.018064,0.017508,1.004412,0.96562,-0.00049,6
1.0,-5.0000,1.970000,1.84709e-05,0.000683,0.000327,0.000635,0.001325,1.036366,0.018083,0.017545,1.005509,0.96555,-0.00049,6
1.0,-5.0000,1.971000,1.85134e-05,0.000685,0.000328,0.000637,0.001330,1.036445,0.018103,0.017582,1.006606,0.96547,-0.00050,6
1.0,-5.0000,1.972000,1.85561e-05,0.000687,0.000329,0.000639,0.001336,1.036525,0.018122,0.017619,1.007705,0.96540,-0.00050,6
1.0,-5.0000,1.973000,1.85988e-05,0.000689,0.000330,0.000641,0.001342,1.036604,0.018142,0.017655,1.008805,0.96533,-0.00050,6
1.0,-5.0000,1.974000,1.86417e-05,0.000692,0.000330,0.000643,0.001348,1.036683,0.018162,0.017692,1.009905,0.96526,-0.00051,6
1.0,-5.0000,1.975000,1.86847e-05,0.000694,0.000331,0.000646,0.001354,1.036763,0.018181,0.017730,1.011006,0.96519,-0.00051,6
1.0,-5.0000,1.976000,1.87278e-05,0.000696,0.000332,0.000648,0.001359,1.036843,0.018201,0.017767,1.012108,0.96511,-0.00051,6
1.0,-5.0000,1.977000,1.87711e-05,0.000699,0.000332,0.000650,0.001365,1.036923,0.018221,0.017804,1.013211,0.96504,-0.00052,6
1.0,-5.0000,1.978000,1.88144e-05,0.000701,0.000333,0.000652,0.001371,1.037003,0.018240,0.017841,1.014315,0.96497,-0.00052,6
1.0,-5.0000,1.979000,1.88579e-05,0.000703,0.000334,0.000654,0.001377,1.037084,0.018260,0.017879,1.015420,0.96490,-0.00052,6
1.0,-5.0000,1.980000,1.89015e-05,0.000706,0.000335,0.000656,0.001383,1.037165,0.018280,0.017916,1.016525,0.96482,-0.00053,6
1.0,-5.0000,1.981000,1.89452e-05,0.000708,0.000335,0.000658,0.001389,1.037245,0.018300,0.017954,1.017631,0.96475,-0.00053,6
1.0,-5.0000,1.982000,1.89890e-05,0.000710,0.000336,0.000660,0.001395,1.037327,0.018320,0.017991,1.018739,0.96468,-0.00053,6
1.0,-5.0000,1.983000,1.90330e-05,0.000713,0.000337,0.000662,0.001401,1.037408,0.018340,0.018029,1.019847,0.96460,-0.00053,6
1.0,-5.0000,1.984000,1.90771e-05,0.000715,0.000338,0.000664,0.001407,1.037489,0.018360,0.018067,1.020956,0.96453,-0.00054,6
1.0,-5.0000,1.985000,1.91213e-05,0.000718,0.000338,0.000666,0.001414,1.037571,0.018380,0.018105,1.022066,0.96446,-0.00054,6
1.0,-5.0000,1.986000,1.91656e-05,0.000720,0.000339,0.000669,0.001420,1.037653,0.018400,0.018143,1.023176,0.96438,-0.00054,6
1.0,-5.0000,1.987000,1.92100e-05,0.000722,0.000340,0.000671,0.001426,1.037735,0.018420,0.018181,1.024288,0.96431,-0.00055,6
1.0,-5.0000,1.988000,1.92546e-05,0.000725,0.000340,0.000673,0.001432,1.037817,0.018440,0.018219,1.025401,0.96423,-0.00055,6
1.0,-5.0000,1.989000,1.92992e-05,0.000727,0.000341,0.000675,0.001438,1.037900,0.018460,0.018258,1.026514,0.96416,-0.00055,6
1.0,-5.0000,1.990000,1.93440e-05,0.000730,0.000342,0.000677,0.001445,1.037982,0.018480,0.018296,1.027628,0.96409,-0.00056,6
1.0,-5.0000,1.991000,1.93890e-05,0.000732,0.000343,0.000679,0.001451,1.038065,0.018501,0.018334,1.028743,0.96401,-0.00056,6
1.0,-5.0000,1.992000,1.94340e-05,0.000735,0.000344,0.000682,0.001457,1.038148,0.018521,0.018373,1.029860,0.96394,-0.00057,6
1.0,-5.0000,1.993000,1.94792e-05,0.000737,0.000344,0.000684,0.001464,1.038231,0.018541,0.018412,1.030976,0.96386,-0.00057,6
1.0,-5.0000,1.994000,1.95245e-05,0.000739,0.000345,0.000686,0.001470,1.038315,0.018561,0.018450,1.032094,0.96379,-0.00057,6
1.0,-5.0000,1.995000,1.95699e-05,0.000742,0.000346,0.000688,0.001477,1.038398,0.018582,0.018489,1.033213,0.96371,-0.00058,6
1.0,-5.0000,1.996000,1.96155e-05,0.000744,0.000347,0.000690,0.001483,1.038482,0.018602,0.018528,1.034333,0.96363,-0.00058,6
1.0,-5.0000,1.997000,1.96612e-05,0.000747,0.000347,0.000693,0.001489,1.038566,0.018623,0.018567,1.035453,0.96356,-0.00058,6
1.0,-5.0000,1.998000,1.97070e-05,0.000749,0.000348,0.000695,0.001496,1.038651,0.018643,0.018606,1.036574,0.96348,-0.00059,6
1.0,-5.0000,1.999000,1.97529e-05,0.000752,0.000349,0.000697,0.001503,1.038735,0.018664,0.018645,1.037697,0.96341,-0.00059,6
1.0,-5.0000,2.000000,1.97990e-05,0.000755,0.000350,0.000699,0.001509,1.038820,0.018684,0.018684,1.038820,0.96333,-0.00059,6
1.0,-5.0000,2.001000,1.98451e-05,0.000757,0.000350,0.000701,0.001516,1.038905,0.018705,0.018724,1.039944,0.96325,-0.00060,6
1.0,-5.0000,2.002000,1.98915e-05,0.000760,0.000351,0.000704,0.001522,1.038990,0.018726,0.018763,1.041069,0.96318,-0.00060,6
1.0,-5.0000,2.003000,1.99379e-05,0.000762,0.000352,0.000706,0.001529,1.039075,0.018746,0.018803,1.042195,0.96310,-0.00060,6
1.0,-5.0000,2.004000,1.99845e-05,0.000765,0.000353,0.000708,0.001536,1.039161,0.018767,0.018842,1.043321,0.96302,-0.00061,6
1.0,-5.0000,2.005000,2.00312e-05,0.000767,0.000354,0.000711,0.001542,1.039246,0.018788,0.018882,1.044449,0.96295,-0.00061,6
1.0,-5.0000,2.006000,2.00780e-05,0.000770,0.000354,0.000713,0.001549,1.039332,0.018809,0.018922,1.045578,0.96287,-0.00062,6
1.0,-5.0000,2.007000,2.01250e-05,0.000773,0.000355,0.000715,0.001556,1.039418,0.018829,0.018962,1.046707,0.96279,-0.00062,6
1.0,-5.0000,2.008000,2.01721e-05,0.000775,0.000356,0.000717,0.001563,1.039505,0.018850,0.019001,1.047837,0.96271,-0.00062,6
1.0,-5.0000,2.009000,2.02193e-05,0.000778,0.000357,0.000720,0.001570,1.039591,0.018871,0.019042,1.048969,0.96264,-0.00063,6
1.0,-5.0000,2.010000,2.02667e-05,0.000780,0.000357,0.000722,0.001577,1.039678,0.018892,0.019082,1.050101,0.96256,-0.00063,6
1.0,-5.0000,2.011000,2.03142e-05,0.000783,0.000358,0.000724,0.001583,1.039765,0.018913,0.019122,1.051234,0.96248,-0.00063,6
1.0,-5.0000,2.012000,2.03618e-05,0.000786,0.000359,0.000727,0.001590,1.039852,0.018934,0.019162,1.052368,0.96240,-0.00064,6
1.0,-5.0000,2.013000,2.04096e-05,0.000788,0.000360,0.000729,0.001597,1.039940,0.018955,0.019203,1.053503,0.96232,-0.00064,6
1.0,-5.0000,2.014000,2.04575e-05,0.000791,0.000361,0.000731,0.001604,1.040027,0.018977,0.019243,1.054639,0.96225,-0.00065,6
1.0,-5.0000,2.015000,2.05055e-05,0.000794,0.000361,0.000734,0.001611,1.040115,0.018998,0.019284,1.055775,0.96217,-0.00065,6
1.0,-5.0000,2.016000,2.05537e-05,0.000796,0.000362,0.000736,0.001618,1.040203,0.019019,0.019324,1.056913,0.96209,-0.00065,6
1.0,-5.0000,2.017000,2.06020e-05,0.000799,0.000363,0.000739,0.001626,1.040291,0.019040,0.019365,1.058051,0.96201,-0.00066,6
1.0,-5.0000,2.018000,2.06505e-05,0.000802,0.000364,0.000741,0.001633,1.040380,0.019061,0.019406,1.059191,0.96193,-0.00066,6
1.0,-5.0000,2.019000,2.06991e-05,0.000805,0.000365,0.000743,0.001640,1.040469,0.019083,0.019447,1.060331,0.96185,-0.00067,6
1.0,-5.0000,2.020000,2.07478e-05,0.000807,0.000366,0.000746,0.001647,1.040558,0.019104,0.019488,1.061473,0.96177,-0.00067,6
1.0,-5.0000,2.021000,2.07966e-05,0.000810,0.000366,0.000748,0.001654,1.040647,0.019126,0.019529,1.062615,0.96169,-0.00067,6
1.0,-5.0000,2.022000,2.08456e-05,0.000813,0.000367,0.000751,0.001662,1.040736,0.019147,0.019571,1.063758,0.96161,-0.00068,6
1.0,-5.0000,2.023000,2.08948e-05,0.000816,0.000368,0.000753,0.001669,1.040826,0.019169,0.019612,1.064902,0.96153,-0.00068,6
1.0,-5.0000,2.024000,2.09440e-05,0.000818,0.000369,0.000756,0.001676,1.040915,0.019190,0.019653,1.066047,0.96145,-0.00069,6
1.0,-5.0000,2.025000,2.09935e-05,0.000821,0.000370,0.000758,0.001684,1.041005,0.019212,0.019695,1.067193,0.96137,-0.00069,6
1.0,-5.0000,2.026000,2.10430e-05,0.000824,0.000371,0.000760,0.001691,1.041096,0.019233,0.019737,1.068340,0.96129,-0.00070,6
1.0,-5.0000,2.027000,2.10927e-05,0.000827,0.000371,0.000763,0.001699,1.041186,0.019255,0.019778,1.069488,0.96121,-0.00070,6
1.0,-5.0000,2.028000,2.11426e-05,0.000830,0.000372,0.000765,0.001706,1.041277,0.019277,0.019820,1.070637,0.96113,-0.00070,6
1.0,-5.0000,2.029000,2.11925e-05,0.000832,0.000373,0.000768,0.001714,1.041368,0.019298,0.019862,1.071786,0.96104,-0.00071,6
1.0,-5.0000,2.030000,2.12427e-05,0.000835,0.000374,0.000770,0.001721,1.041459,0.019320,0.019904,1.072937,0.96096,-0.00071,6
1.0,-5.0000,2.031000,2.12930e-05,0.000838,0.000375,0.000773,0.001729,1.041550,0.019342,0.019946,1.074089,0.96088,-0.00072,6
1.0,-5.0000,2.032000,2.13434e-05,0.000841,0.000376,0.000775,0.001736,1.041642,0.019364,0.019988,1.075241,0.96080,-0.00072,6
1.0,-5.0000,2.033000,2.13939e-05,0.000844,0.000376,0.000778,0.001744,1.041734,0.019386,0.020031,1.076395,0.96072,-0.00073,6
1.0,-5.0000,2.034000,2.14446e-05,0.000847,0.000377,0.000780,0.001752,1.041826,0.019408,0.020073,1.077549,0.96063,-0.00073,6
1.0,-5.0000,2.035000,2.14955e-05,0.000850,0.000378,0.000783,0.001759,1.041918,0.019430,0.020116,1.078704,0.96055,-0.00073,6
1.0,-5.0000,2.036000,2.15465e-05,0.000853,0.000379,0.000786,0.001767,1.042011,0.019452,0.020158,1.079861,0.96047,-0.00074,6
1.0,-5.0000,2.037000,2.15976e-05,0.000856,0.000380,0.000788,0.001775,1.042103,0.019474,0.020201,1.081018,0.96039,-0.00074,6
1.0,-5.0000,2.038000,2.16489e-05,0.000859,0.000381,0.000791,0.001783,1.042196,0.019496,0.020244,1.082176,0.96030,-0.00075,6
1.0,-5.0000,2.039000,2.17004e-05,0.000861,0.000382,0.000793,0.001791,1.042290,0.019518,0.020287,1.083335,0.96022,-0.00075,6
1.0,-5.0000,2.040000,2.17520e-05,0.000864,0.000382,0.000796,0.001799,1.042383,0.019540,0.020330,1.084495,0.96014,-0.00076,6
1.0,-5.0000,2.041000,2.18037e-05,0.000867,0.000383,0.000798,0.001807,1.042477,0.019563,0.020373,1.085656,0.96005,-0.00076,6
1.0,-5.0000,2.042000,2.18556e-05,0.000870,0.000384,0.000801,0.001815,1.042571,0.019585,0.020416,1.086818,0.95997,-0.00077,6
1.0,-5.0000,2.043000,2.19077e-05,0.000873,0.000385,0.000804,0.001823,1.042665,0.019607,0.020459,1.087981,0.95988,-0.00077,6
1.0,-5.0000,2.044000,2.19598e-05,0.000876,0.000386,0.000806,0.001831,1.042759,0.019630,0.020503,1.089145,0.95980,-0.00078,6
1.0,-5.0000,2.045000,2.20122e-05,0.000879,0.000387,0.000809,0.001839,1.042854,0.019652,0.020546,1.090310,0.95972,-0.00078,6
1.0,-5.0000,2.046000,2.20647e-05,0.000882,0.000388,0.000812,0.001847,1.042949,0.019675,0.020590,1.091476,0.95963,-0.00079,6
1.0,-5.0000,2.047000,2.21173e-05,0.000885,0.000389,0.000814,0.001855,1.043044,0.019697,0.020634,1.092643,0.95955,-0.00079,6
1.0,-5.0000,2.048000,2.21702e-05,0.000889,0.000390,0.000817,0.001863,1.043139,0.019720,0.020677,1.093811,0.95946,-0.00080,6
1.0,-5.0000,2.049000,2.22231e-05,0.000892,0.000390,0.000820,0.001872,1.043235,0.019742,0.020721,1.094980,0.95938,-0.00080,6
1.0,-5.0000,2.050000,2.22762e-05,0.000895,0.000391,0.000822,0.001880,1.043331,0.019765,0.020765,1.096149,0.95929,-0.00080,6
1.0,-5.0000,2.051000,2.23295e-05,0.000898,0.000392,0.000825,0.001888,1.043427,0.019788,0.020810,1.097320,0.95921,-0.00081,6
1.0,-5.0000,2.052000,2.23829e-05,0.000901,0.000393,0.000828,0.001897,1.043523,0.019810,0.020854,1.098492,0.95912,-0.00081,6
1.0,-5.0000,2.053000,2.24365e-05,0.000904,0.000394,0.000830,0.001905,1.043620,0.019833,0.020898,1.099664,0.95903,-0.00082,6
1.0,-5.0000,2.054000,2.24903e-05,0.000907,0.000395,0.000833,0.001914,1.043716,0.019856,0.020943,1.100838,0.95895,-0.00082,6
1.0,-5.0000,2.055000,2.25442e-05,0.000910,0.000396,0.000836,0.001922,1.043813,0.019879,0.020987,1.102013,0.95886,-0.00083,6
1.0,-5.0000,2.056000,2.25982e-05,0.000913,0.000397,0.000839,0.001931,1.043911,0.019902,0.021032,1.103188,0.95878,-0.00083,6
1.0,-5.0000,2.057000,2.26524e-05,0.000917,0.000398,0.000841,0.001939,1.044008,0.019925,0.021076,1.104365,0.95869,-0.00084,6
1.0,-5.0000,2.058000,2.27068e-05,0.000920,0.000399,0.000844,0.001948,1.044106,0.019948,0.021121,1.105542,0.95860,-0.00084,6
1.0,-5.0000,2.059000,2.27614e-05,0.000923,0.000400,0.000847,0.001956,1.044204,0.019971,0.021166,1.106721,0.95851,-0.00085,6
1.0,-5.0000,2.060000,2.28161e-05,0.000926,0.000401,0.000850,0.001965,1.044302,0.019994,0.021211,1.107900,0.95843,-0.00086,6
1.0,-5.0000,2.061000,2.28709e-05,0.000929,0.000401,0.000853,0.001974,1.044401,0.020017,0.021257,1.109081,0.95834,-0.00086,6
1.0,-5.0000,2.062000,2.29259e-05,0.000933,0.000402,0.000855,0.001983,1.044500,0.020040,0.021302,1.110262,0.95825,-0.00087,6
1.0,-5.0000,2.063000,2.29811e-05,0.000936,0.000403,0.000858,0.001992,1.044599,0.020063,0.021347,1.111445,0.95816,-0.00087,6
1.0,-5.0000,2.064000,2.30365e-05,0.000939,0.000404,0.000861,0.002000,1.044698,0.020087,0.021393,1.112628,0.95808,-0.00088,6
1.0,-5.0000,2.065000,2.30920e-05,0.000942,0.000405,0.000864,0.002009,1.044797,0.020110,0.021438,1.113813,0.95799,-0.00088,6
1.0,-5.0000,2.066000,2.31477e-05,0.000946,0.000406,0.000867,0.002018,1.044897,0.020133,0.021484,1.114998,0.95790,-0.00089,6
1.0,-5.0000,2.067000,2.32035e-05,0.000949,0.000407,0.000870,0.002027,1.044997,0.020157,0.021530,1.116185,0.95781,-0.00089,6
1.0,-5.0000,2.068000,2.32596e-05,0.000952,0.000408,0.000873,0.002036,1.045098,0.020180,0.021576,1.117372,0.95772,-0.00090,6
1.0,-5.0000,2.069000,2.33157e-05,0.000956,0.000409,0.000875,0.002045,1.045198,0.020204,0.021622,1.118561,0.95763,-0.00090,6
1.0,-5.0000,2.070000,2.33721e-05,0.000959,0.000410,0.000878,0.002055,1.045299,0.020227,0.021668,1.119750,0.95754,-0.00091,6
1.0,-5.0000,2.071000,2.34286e-05,0.000962,0.000411,0.000881,0.002064,1.045400,0.020251,0.021714,1.120941,0.95745,-0.00091,6
1.0,-5.0000,2.072000,2.34853e-05,0.000966,0.000412,0.000884,0.002073,1.045501,0.020274,0.021761,1.122132,0.95736,-0.00092,6
1.0,-5.0000,2.073000,2.35422e-05,0.000969,0.000413,0.000887,0.002082,1.045603,0.020298,0.021807,1.123325,0.95727,-0.00093,6
1.0,-5.0000,2.074000,2.35992e-05,0.000972,0.000414,0.000890,0.002092,1.045705,0.020322,0.021854,1.124519,0.95718,-0.00093,6
1.0,-5.0000,2.075000,2.36564e-05,0.000976,0.000415,0.000893,0.002101,1.045807,0.020346,0.021900,1.125713,0.95709,-0.00094,6
1.0,-5.0000,2.076000,2.37138e-05,0.000979,0.000416,0.000896,0.002110,1.045909,0.020370,0.021947,1.126909,0.95700,-0.00094,6
1.0,-5.0000,2.077000,2.37713e-05,0.000983,0.000417,0.000899,0.002120,1.046012,0.020393,0.021994,1.128105,0.95691,-0.00095,6
1.0,-5.0000,2.078000,2.38290e-05,0.000986,0.000418,0.000902,0.002129,1.046115,0.020417,0.022041,1.129303,0.95682,-0.00095,6
1.0,-5.0000,2.079000,2.38869e-05,0.000990,0.000419,0.000905,0.002139,1.046218,0.020441,0.022088,1.130502,0.95673,-0.00096,6
1.0,-5.0000,2.080000,2.39450e-05,0.000993,0.000420,0.000908,0.002148,1.046321,0.020465,0.022135,1.131701,0.95664,-0.00097,6
1.0,-5.0000,2.081000,2.40033e-05,0.000997,0.000421,0.000911,0.002158,1.046425,0.020489,0.022183,1.132902,0.95655,-0.00097,6
1.0,-5.0000,2.082000,2.40617e-05,0.001000,0.000422,0.000914,0.002168,1.046529,0.020514,0.022230,1.134104,0.95645,-0.00098,6
1.0,-5.0000,2.083000,2.41203e-05,0.001004,0.000423,0.000917,0.002177,1.046633,0.020538,0.022278,1.135306,0.95636,-0.00098,6
1.0,-5.0000,2.084000,2.41791e-05,0.001007,0.000424,0.000920,0.002187,1.046738,0.020562,0.022325,1.136510,0.95627,-0.00099,6
1.0,-5.0000,2.085000,2.42380e-05,0.001011,0.000425,0.000923,0.002197,1.046843,0.020586,0.022373,1.137715,0.95618,-0.00100,6
1.0,-5.0000,2.086000,2.42972e-05,0.001014,0.000426,0.000926,0.002207,1.046948,0.020611,0.022421,1.138921,0.95608,-0.00100,6
1.0,-5.0000,2.087000,2.43565e-05,0.001018,0.000427,0.000929,0.002217,1.047053,0.020635,0.022469,1.140128,0.95599,-0.00101,6
1.0,-5.0000,2.088000,2.44160e-05,0.001021,0.000428,0.000932,0.002227,1.047159,0.020659,0.022517,1.141336,0.95590,-0.00101,6
1.0,-5.0000,2.089000,2.44757e-05,0.001025,0.000429,0.000935,0.002237,1.047264,0.020684,0.022566,1.142545,0.95580,-0.00102,6
1.0,-5.0000,2.090000,2.45355e-05,0.001029,0.000430,0.000939,0.002247,1.047371,0.020708,0.022614,1.143755,0.95571,-0.00103,6
1.0,-5.0000,2.091000,2.45956e-05,0.001032,0.000431,0.000942,0.002257,1.047477,0.020733,0.022663,1.144966,0.95562,-0.00103,6
1.0,-5.0000,2.092000,2.46558e-05,0.001036,0.000432,0.000945,0.002267,1.047584,0.020758,0.022711,1.146178,0.95552,-0.00104,6
1.0,-5.0000,2.093000,2.47162e-05,0.001040,0.000433,0.000948,0.002277,1.047691,0.020782,0.022760,1.147391,0.95543,-0.00104,6
1.0,-5.0000,2.094000,2.47768e-05,0.001043,0.000434,0.000951,0.002287,1.047798,0.020807,0.022809,1.148605,0.95533,-0.00105,6
1.0,-5.0000,2.095000,2.48376e-05,0.001047,0.000435,0.000954,0.002298,1.047905,0.020832,0.022858,1.149821,0.95524,-0.00106,6
1.0,-5.0000,2.096000,2.48986e-05,0.001051,0.000436,0.000958,0.002308,1.048013,0.020857,0.022907,1.151037,0.95514,-0.00106,6
1.0,-5.0000,2.097000,2.49598e-05,0.001055,0.000437,0.000961,0.002319,1.048121,0.020881,0.022956,1.152254,0.95505,-0.00107,6
1.0,-5.0000,2.098000,2.50211e-05,0.001058,0.000438,0.000964,0.002329,1.048230,0.020906,0.023005,1.153473,0.95495,-0.00108,6
1.0,-5.0000,2.099000,2.50827e-05,0.001062,0.000439,0.000967,0.002340,1.048338,0.020931,0.023055,1.154692,0.95486,-0.00108,6
1.0,-5.0000,2.100000,2.51444e-05,0.001066,0.000440,0.000971,0.002350,1.048447,0.020956,0.023104,1.155913,0.95476,-0.00109,6
1.0,-5.0000,2.101000,2.52064e-05,0.001070,0.000441,0.000974,0.002361,1.048556,0.020981,0.023154,1.157135,0.95467,-0.00110,6
1.0,-5.0000,2.102000,2.52685e-05,0.001073,0.000442,0.000977,0.002371,1.048666,0.021007,0.023204,1.158357,0.95457,-0.00110,6
1.0,-5.0000,2.103000,2.53308e-05,0.001077,0.000443,0.000980,0.002382,1.048776,0.021032,0.023254,1.159581,0.95447,-0.00111,6
1.0,-5.0000,2.104000,2.53933e-05,0.001081,0.000444,0.000984,0.002393,1.048886,0.021057,0.023304,1.160806,0.95438,-0.00112,6
1.0,-5.0000,2.105000,2.54560e-05,0.001085,0.000445,0.000987,0.002404,1.048996,0.021082,0.023354,1.162032,0.95428,-0.00112,6
1.0,-5.0000,2.106000,2.55189e-05,0.001089,0.000447,0.000990,0.002414,1.049107,0.021108,0.023404,1.163259,0.95418,-0.00113,6
1.0,-5.0000,2.107000,2.55820e-05,0.001093,0.000448,0.000994,0.002425,1.049218,0.021133,0.023455,1.164487,0.95408,-0.00114,6
1.0,-5.0000,2.108000,2.56453e-05,0.001097,0.000449,0.000997,0.002436,1.049329,0.021158,0.023505,1.165716,0.95399,-0.00114,6
1.0,-5.0000,2.109000,2.57088e-05,0.001100,0.000450,0.001000,0.002447,1.049441,0.021184,0.023556,1.166947,0.95389,-0.00115,6
1.0,-5.0000,2.110000,2.57725e-05,0.001104,0.000451,0.001004,0.002459,1.049552,0.021209,0.023607,1.168178,0.95379,-0.00116,6
1.0,-5.0000,2.111000,2.58364e-05,0.001108,0.000452,0.001007,0.002470,1.049665,0.021235,0.023657,1.169411,0.95369,-0.00116,6
1.0,-5.0000,2.112000,2.59005e-05,0.001112,0.000453,0.001011,0.002481,1.049777,0.021261,0.023708,1.170644,0.95359,-0.00117,6
1.0,-5.0000,2.113000,2.59648e-05,0.001116,0.000454,0.001014,0.002492,1.049890,0.021286,0.023760,1.171879,0.95349,-0.00118,6
1.0,-5.0000,2.114000,2.60293e-05,0.001120,0.000455,0.001017,0.002503,1.050003,0.021312,0.023811,1.173115,0.95340,-0.00119,6
1.0,-5.0000,2.115000,2.60940e-05,0.001124,0.000456,0.001021,0.002515,1.050116,0.021338,0.023862,1.174351,0.95330,-0.00119,6
1.0,-5.0000,2.116000,2.61589e-05,0.001128,0.000458,0.001024,0.002526,1.050230,0.021364,0.023914,1.175589,0.95320,-0.00120,6
1.0,-5.0000,2.117000,2.62240e-05,0.001132,0.000459,0.001028,0.002538,1.050344,0.021390,0.023965,1.176828,0.95310,-0.00121,6
1.0,-5.0000,2.118000,2.62893e-05,0.001137,0.000460,0.001031,0.002549,1.050458,0.021416,0.024017,1.178069,0.95300,-0.00122,6
1.0,-5.0000,2.119000,2.63548e-05,0.001141,0.000461,0.001035,0.002561,1.050572,0.021442,0.024069,1.179310,0.95290,-0.00122,6
1.0,-5.0000,2.120000,2.64205e-05,0.001145,0.000462,0.001038,0.002572,1.050687,0.021468,0.024121,1.180552,0.95280,-0.00123,6
1.0,-5.0000,2.121000,2.64865e-05,0.001149,0.000463,0.001042,0.002584,1.050802,0.021494,0.024173,1.181796,0.95270,-0.00124,6
1.0,-5.0000,2.122000,2.65526e-05,0.001153,0.000464,0.001045,0.002596,1.050918,0.021520,0.024226,1.183040,0.95259,-0.00125,6
1.0,-5.0000,2.123000,2.66190e-05,0.001157,0.000465,0.001049,0.002608,1.051034,0.021546,0.024278,1.184286,0.95249,-0.00125,6
1.0,-5.0000,2.124000,2.66856e-05,0.001161,0.000467,0.001052,0.002620,1.051150,0.021573,0.024330,1.185533,0.95239,-0.00126,6
1.0,-5.0000,2.125000,2.67524e-05,0.001166,0.000468,0.001056,0.002631,1.051266,0.021599,0.024383,1.186781,0.95229,-0.00127,6
1.0,-5.0000,2.126000,2.68194e-05,0.001170,0.000469,0.001060,0.002643,1.051383,0.021625,0.024436,1.188030,0.95219,-0.00128,6
1.0,-5.0000,2.127000,2.68866e-05,0.001174,0.000470,0.001063,0.002656,1.051500,0.021652,0.024489,1.189280,0.95209,-0.00128,6
1.0,-5.0000,2.128000,2.69540e-05,0.001178,0.000471,0.001067,0.002668,1.051617,0.021678,0.024542,1.190531,0.95198,-0.00129,6
1.0,-5.0000,2.129000,2.70217e-05,0.001182,0.000472,0.001070,0.002680,1.051735,0.021705,0.024595,1.191784,0.95188,-0.00130,6
1.0,-5.0000,2.130000,2.70895e-05,0.001187,0.000473,0.001074,0.002692,1.051853,0.021732,0.024648,1.193037,0.95178,-0.00131,6
1.0,-5.0000,2.131000,2.71576e-05,0.001191,0.000475,0.001078,0.002704,1.051971,0.021758,0.024702,1.194292,0.95167,-0.00132,6
1.0,-5.0000,2.132000,2.72259e-05,0.001195,0.000476,0.001081,0.002717,1.052089,0.021785,0.024755,1.195548,0.95157,-0.00132,6
1.0,-5.0000,2.133000,2.72945e-05,0.001200,0.000477,0.001085,0.002729,1.052208,0.021812,0.024809,1.196805,0.95147,-0.00133,6
1.0,-5.0000,2.134000,2.73632e-05,0.001204,0.000478,0.001089,0.002742,1.052328,0.021839,0.024863,1.198063,0.95136,-0.00134,6
1.0,-5.0000,2.135000,2.74322e-05,0.001208,0.000479,0.001093,0.002754,1.052447,0.021865,0.024917,1.199323,0.95126,-0.00135,6
1.0,-5.0000,2.136000,2.75014e-05,0.001213,0.000481,0.001096,0.002767,1.052567,0.021892,0.024971,1.200583,0.95115,-0.00136,6
1.0,-5.0000,2.137000,2.75708e-05,0.001217,0.000482,0.001100,0.002779,1.052687,0.021919,0.025025,1.201845,0.95105,-0.00136,6
1.0,-5.0000,2.138000,2.76404e-05,0.001222,0.000483,0.001104,0.002792,1.052808,0.021947,0.025080,1.203107,0.95094,-0.00137,6
1.0,-5.0000,2.139000,2.77103e-05,0.001226,0.000484,0.001108,0.002805,1.052928,0.021974,0.025134,1.204371,0.95084,-0.00138,6
1.0,-5.0000,2.140000,2.77804e-05,0.001231,0.000485,0.001111,0.002818,1.053050,0.022001,0.025189,1.205636,0.95073,-0.00139,6
1.0,-5.0000,2.141000,2.78507e-05,0.001235,0.000487,0.001115,0.002831,1.053171,0.022028,0.025244,1.206903,0.95063,-0.00140,6
1.0,-5.0000,2.142000,2.79213e-05,0.001240,0.000488,0.001119,0.002844,1.053293,0.022055,0.025299,1.208170,0.95052,-0.00141,6
1.0,-5.0000,2.143000,2.79921e-05,0.001244,0.000489,0.001123,0.002857,1.053415,0.022083,0.025354,1.209439,0.95042,-0.00141,6
1.0,-5.0000,2.144000,2.80631e-05,0.001249,0.000490,0.001127,0.002870,1.053538,0.022110,0.025409,1.210709,0.95031,-0.00142,6
1.0,-5.0000,2.145000,2.81344e-05,0.001253,0.000491,0.001131,0.002883,1.053660,0.022138,0.025464,1.211979,0.95020,-0.00143,6
1.0,-5.0000,2.146000,2.82059e-05,0.001258,0.000493,0.001134,0.002896,1.053784,0.022165,0.025520,1.213252,0.95010,-0.00144,6
1.0,-5.0000,2.147000,2.82776e-05,0.001262,0.000494,0.001138,0.002910,1.053907,0.022193,0.025575,1.214525,0.94999,-0.00145,6
1.0,-5.0000,2.148000,2.83495e-05,0.001267,0.000495,0.001142,0.002923,1.054031,0.022221,0.025631,1.215799,0.94988,-0.00146,6
1.0,-5.0000,2.149000,2.84217e-05,0.001272,0.000496,0.001146,0.002937,1.054155,0.022248,0.025687,1.217075,0.94977,-0.00147,6
1.0,-5.0000,2.150000,2.84942e-05,0.001276,0.000498,0.001150,0.002950,1.054280,0.022276,0.025743,1.218352,0.94966,-0.00148,6
1.0,-5.0000,2.151000,2.85669e-05,0.001281,0.000499,0.001154,0.002964,1.054404,0.022304,0.025799,1.219630,0.94956,-0.00148,6
1.0,-5.0000,2.152000,2.86398e-05,0.001286,0.000500,0.001158,0.002977,1.054530,0.022332,0.025855,1.220909,0.94945,-0.00149,6
1.0,-5.0000,2.153000,2.87129e-05,0.001291,0.000501,0.001162,0.002991,1.054655,0.022360,0.025912,1.222189,0.94934,-0.00150,6
1.0,-5.0000,2.154000,2.87863e-05,0.001295,0.000503,0.001166,0.003005,1.054781,0.022388,0.025968,1.223471,0.94923,-0.00151,6
1.0,-5.0000,2.155000,2.88600e-05,0.001300,0.000504,0.001170,0.003019,1.054907,0.022416,0.026025,1.224754,0.94912,-0.00152,6
1.0,-5.0000,2.156000,2.89339e-05,0.001305,0.000505,0.001174,0.003033,1.055034,0.022444,0.026082,1.226038,0.94901,-0.00153,6
1.0,-5.0000,2.157000,2.90080e-05,0.001310,0.000506,0.001178,0.003047,1.055161,0.022472,0.026139,1.227323,0.94890,-0.00154,6
1.0,-5.0000,2.158000,2.90824e-05,0.001314,0.000508,0.001182,0.003061,1.055288,0.022501,0.026196,1.228609,0.94879,-0.00155,6
1.0,-5.0000,2.159000,2.91571e-05,0.001319,0.000509,0.001186,0.003075,1.055416,0.022529,0.026253,1.229897,0.94868,-0.00156,6
1.0,-5.0000,2.160000,2.92319e-05,0.001324,0.000510,0.001191,0.003089,1.055543,0.022557,0.026311,1.231186,0.94857,-0.00157,6
1.0,-5.0000,2.161000,2.93071e-05,0.001329,0.000512,0.001195,0.003103,1.055672,0.022586,0.026368,1.232476,0.94846,-0.00158,6
1.0,-5.0000,2.162000,2.93825e-05,0.001334,0.000513,0.001199,0.003118,1.055800,0.022614,0.026426,1.233767,0.94835,-0.00159,6
1.0,-5.0000,2.163000,2.94581e-05,0.001339,0.000514,0.001203,0.003132,1.055930,0.022643,0.026484,1.235060,0.94824,-0.00160,6
1.0,-5.0000,2.164000,2.95340e-05,0.001344,0.000516,0.001207,0.003147,1.056059,0.022671,0.026542,1.236354,0.94812,-0.00161,6
1.0,-5.0000,2.165000,2.96102e-05,0.001349,0.000517,0.001211,0.003161,1.056189,0.022700,0.026600,1.237648,0.94801,-0.00162,6
1.0,-5.0000,2.166000,2.96866e-05,0.001354,0.000518,0.001216,0.003176,1.056319,0.022729,0.026658,1.238945,0.94790,-0.00163,6
1.0,-5.0000,2.167000,2.97633e-05,0.001359,0.000519,0.001220,0.003191,1.056449,0.022758,0.026717,1.240242,0.94779,-0.00164,6
1.0,-5.0000,2.168000,2.98402e-05,0.001364,0.000521,0.001224,0.003206,1.056580,0.022787,0.026776,1.241541,0.94767,-0.00165,6
1.0,-5.0000,2.169000,2.99174e-05,0.001369,0.000522,0.001228,0.003220,1.056711,0.022816,0.026834,1.242841,0.94756,-0.00166,6
1.0,-5.0000,2.170000,2.99949e-05,0.001374,0.000523,0.001233,0.003235,1.056843,0.022845,0.026893,1.244142,0.94745,-0.00167,6
1.0,-5.0000,2.171000,3.00726e-05,0.001379,0.000525,0.001237,0.003250,1.056975,0.022874,0.026952,1.245444,0.94733,-0.00168,6
1.0,-5.0000,2.172000,3.01506e-05,0.001384,0.000526,0.001241,0.003266,1.057107,0.022903,0.027011,1.246748,0.94722,-0.00169,6
1.0,-5.0000,2.173000,3.02288e-05,0.001390,0.000528,0.001245,0.003281,1.057240,0.022932,0.027071,1.248053,0.94710,-0.00170,6
1.0,-5.0000,2.174000,3.03073e-05,0.001395,0.000529,0.001250,0.003296,1.057373,0.022961,0.027130,1.249359,0.94699,-0.00171,6
1.0,-5.0000,2.175000,3.03861e-05,0.001400,0.000530,0.001254,0.003311,1.057506,0.022991,0.027190,1.250666,0.94687,-0.00172,6
1.0,-5.0000,2.176000,3.04652e-05,0.001405,0.000532,0.001259,0.003327,1.057640,0.023020,0.027250,1.251975,0.94676,-0.00173,6
1.0,-5.0000,2.177000,3.05445e-05,0.001410,0.000533,0.001263,0.003342,1.057774,0.023049,0.027310,1.253285,0.94664,-0.00174,6
1.0,-5.0000,2.178000,3.06241e-05,0.001416,0.000534,0.001267,0.003358,1.057909,0.023079,0.027370,1.254596,0.94653,-0.00175,6
1.0,-5.0000,2.179000,3.07040e-05,0.001421,0.000536,0.001272,0.003374,1.058044,0.023109,0.027430,1.255909,0.94641,-0.00176,6
1.0,-5.0000,2.180000,3.07842e-05,0.001426,0.000537,0.001276,0.003389,1.058179,0.023138,0.027491,1.257222,0.94630,-0.00177,6
1.0,-5.0000,2.181000,3.08646e-05,0.001432,0.000539,0.001281,0.003405,1.058315,0.023168,0.027551,1.258537,0.94618,-0.00178,6
1.0,-5.0000,2.182000,3.09453e-05,0.001437,0.000540,0.001285,0.003421,1.058451,0.023198,0.027612,1.259854,0.94606,-0.00179,6
1.0,-5.0000,2.183000,3.10263e-05,0.001442,0.000541,0.001290,0.003437,1.058587,0.023228,0.027673,1.261171,0.94594,-0.00180,6
1.0,-5.0000,2.184000,3.11076e-05,0.001448,0.000543,0.001294,0.003453,1.058724,0.023258,0.027734,1.262490,0.94583,-0.00182,6
1.0,-5.0000,2.185000,3.11891e-05,0.001453,0.000544,0.001299,0.003469,1.058861,0.023288,0.027795,1.263810,0.94571,-0.00183,6
1.0,-5.0000,2.186000,3.12710e-05,0.001459,0.000546,0.001303,0.003486,1.058999,0.023318,0.027856,1.265132,0.94559,-0.00184,6
1.0,-5.0000,2.187000,3.13531e-05,0.001464,0.000547,0.001308,0.003502,1.059137,0.023348,0.027918,1.266454,0.94547,-0.00185,6
1.0,-5.0000,2.188000,3.14355e-05,0.001470,0.000548,0.001313,0.003518,1.059275,0.023378,0.027980,1.267778,0.94535,-0.00186,6
1.0,-5.0000,2.189000,3.15182e-05,0.001475,0.000550,0.001317,0.003535,1.059414,0.023408,0.028041,1.269104,0.94523,-0.00187,6
1.0,-5.0000,2.190000,3.16012e-05,0.001481,0.000551,0.001322,0.003551,1.059553,0.023439,0.028103,1.270430,0.94511,-0.00188,6
1.0,-5.0000,2.191000,3.16845e-05,0.001487,0.000553,0.001327,0.003568,1.059693,0.023469,0.028166,1.271758,0.94500,-0.00190,6
1.0,-5.0000,2.192000,3.17680e-05,0.001492,0.000554,0.001331,0.003585,1.059832,0.023499,0.028228,1.273088,0.94488,-0.00191,6
1.0,-5.0000,2.193000,3.18519e-05,0.001498,0.000556,0.001336,0.003602,1.059973,0.023530,0.028290,1.274418,0.94476,-0.00192,6
1.0,-5.0000,2.194000,3.19361e-05,0.001504,0.000557,0.001341,0.003619,1.060114,0.023561,0.028353,1.275750,0.94463,-0.00193,6
1.0,-5.0000,2.195000,3.20205e-05,0.001509,0.000558,0.001345,0.003636,1.060255,0.023591,0.028416,1.277084,0.94451,-0.00194,6
1.0,-5.0000,2.196000,3.21053e-05,0.001515,0.000560,0.001350,0.003653,1.060396,0.023622,0.028479,1.278418,0.94439,-0.00195,6
1.0,-5.0000,2.197000,3.21904e-05,0.001521,0.000561,0.001355,0.003670,1.060538,0.023653,0.028542,1.279754,0.94427,-0.00197,6
1.0,-5.0000,2.198000,3.22757e-05,0.001526,0.000563,0.001360,0.003687,1.060681,0.023684,0.028605,1.281091,0.94415,-0.00198,6
1.0,-5.0000,2.199000,3.23614e-05,0.001532,0.000564,0.001365,0.003705,1.060824,0.023715,0.028669,1.282430,0.94403,-0.00199,6
1.0,-5.0000,2.200000,3.24474e-05,0.001538,0.000566,0.001369,0.003722,1.060967,0.023746,0.028732,1.283770,0.94390,-0.00200,6
1.0,-5.0000,2.201000,3.25336e-05,0.001544,0.000567,0.001374,0.003740,1.061110,0.023777,0.028796,1.285111,0.94378,-0.00202,6
1.0,-5.0000,2.202000,3.26202e-05,0.001550,0.000569,0.001379,0.003757,1.061254,0.023808,0.028860,1.286454,0.94366,-0.00203,6
1.0,-5.0000,2.203000,3.27071e-05,0.001556,0.000570,0.001384,0.003775,1.061399,0.023839,0.028924,1.287798,0.94354,-0.00204,6
1.0,-5.0000,2.204000,3.27943e-05,0.001562,0.000572,0.001389,0.003793,1.061544,0.023871,0.028989,1.289143,0.94341,-0.00205,6
1.0,-5.0000,2.205000,3.28818e-05,0.001568,0.000573,0.001394,0.003811,1.061689,0.023902,0.029053,1.290490,0.94329,-0.00207,6
1.0,-5.0000,2.206000,3.29697e-05,0.001574,0.000575,0.001399,0.003829,1.061835,0.023933,0.029118,1.291838,0.94316,-0.00208,6
1.0,-5.0000,2.207000,3.30578e-05,0.001580,0.000576,0.001404,0.003847,1.061981,0.023965,0.029182,1.293187,0.94304,-0.00209,6
1.0,-5.0000,2.208000,3.31463e-05,0.001586,0.000578,0.001409,0.003865,1.062127,0.023997,0.029247,1.294538,0.94291,-0.00210,6
1.0,-5.0000,2.209000,3.32351e-05,0.001592,0.000579,0.001414,0.003884,1.062274,0.024028,0.029313,1.295890,0.94279,-0.00212,6
1.0,-5.0000,2.210000,3.33242e-05,0.001598,0.000581,0.001419,0.003902,1.062422,0.024060,0.029378,1.297243,0.94266,-0.00213,6
1.0,-5.0000,2.211000,3.34136e-05,0.001604,0.000583,0.001424,0.003921,1.062569,0.024092,0.029443,1.298598,0.94254,-0.00214,6
1.0,-5.0000,2.212000,3.35033e-05,0.001610,0.000584,0.001429,0.003939,1.062718,0.024124,0.029509,1.299955,0.94241,-0.00216,6
1.0,-5.0000,2.213000,3.35934e-05,0.001616,0.000586,0.001434,0.003958,1.062866,0.024156,0.029575,1.301312,0.94228,-0.00217,6
1.0,-5.0000,2.214000,3.36838e-05,0.001623,0.000587,0.001439,0.003977,1.063016,0.024188,0.029641,1.302671,0.94216,-0.00218,6
1.0,-5.0000,2.215000,3.37746e-05,0.001629,0.000589,0.001444,0.003996,1.063165,0.024220,0.029707,1.304032,0.94203,-0.00220,6
1.0,-5.0000,2.216000,3.38656e-05,0.001635,0.000590,0.001450,0.004015,1.063315,0.024252,0.029773,1.305394,0.94190,-0.00221,6
1.0,-5.0000,2.217000,3.39570e-05,0.001641,0.000592,0.001455,0.004034,1.063466,0.024284,0.029840,1.306757,0.94178,-0.00222,6
1.0,-5.0000,2.218000,3.40488e-05,0.001648,0.000594,0.001460,0.004053,1.063616,0.024317,0.029907,1.308122,0.94165,-0.00224,6
1.0,-5.0000,2.219000,3.41408e-05,0.001654,0.000595,0.001465,0.004072,1.063768,0.024349,0.029973,1.309488,0.94152,-0.00225,6
1.0,-5.0000,2.220000,3.42332e-05,0.001660,0.000597,0.001471,0.004092,1.063919,0.024382,0.030040,1.310855,0.94139,-0.00226,6
1.0,-5.0000,2.221000,3.43260e-05,0.001667,0.000598,0.001476,0.004111,1.064072,0.024414,0.030108,1.312224,0.94126,-0.00228,6
1.0,-5.0000,2.222000,3.44191e-05,0.001673,0.000600,0.001481,0.004131,1.064224,0.024447,0.030175,1.313594,0.94113,-0.00229,6
1.0,-5.0000,2.223000,3.45125e-05,0.001680,0.000602,0.001487,0.004151,1.064377,0.024479,0.030243,1.314966,0.94100,-0.00231,6
1.0,-5.0000,2.224000,3.46063e-05,0.001686,0.000603,0.001492,0.004171,1.064531,0.024512,0.030311,1.316339,0.94087,-0.00232,6
1.0,-5.0000,2.225000,3.47004e-05,0.001693,0.000605,0.001497,0.004190,1.064685,0.024545,0.030378,1.317714,0.94074,-0.00234,6
1.0,-5.0000,2.226000,3.47949e-05,0.001699,0.000607,0.001503,0.004211,1.064839,0.024578,0.030447,1.319090,0.94061,-0.00235,6
1.0,-5.0000,2.227000,3.48897e-05,0.001706,0.000608,0.001508,0.004231,1.064994,0.024611,0.030515,1.320468,0.94048,-0.00236,6
1.0,-5.0000,2.228000,3.49849e-05,0.001713,0.000610,0.001514,0.004251,1.065150,0.024644,0.030583,1.321847,0.94035,-0.00238,6
1.0,-5.0000,2.229000,3.50805e-05,0.001719,0.000611,0.001519,0.004271,1.065306,0.024677,0.030652,1.323227,0.94021,-0.00239,6
1.0,-5.0000,2.230000,3.51763e-05,0.001726,0.000613,0.001524,0.004292,1.065462,0.024711,0.030721,1.324609,0.94008,-0.00241,6
1.0,-5.0000,2.231000,3.52726e-05,0.001733,0.000615,0.001530,0.004312,1.065619,0.024744,0.030790,1.325992,0.93995,-0.00242,6
1.0,-5.0000,2.232000,3.53692e-05,0.001740,0.000616,0.001536,0.004333,1.065776,0.024777,0.030859,1.327377,0.93982,-0.00244,6
1.0,-5.0000,2.233000,3.54662e-05,0.001746,0.000618,0.001541,0.004354,1.065934,0.024811,0.030929,1.328763,0.93968,-0.00245,6
1.0,-5.0000,2.234000,3.55635e-05,0.001753,0.000620,0.001547,0.004375,1.066092,0.024845,0.030998,1.330151,0.93955,-0.00247,6
1.0,-5.0000,2.235000,3.56612e-05,0.001760,0.000622,0.001552,0.004396,1.066250,0.024878,0.031068,1.331540,0.93942,-0.00248,6
1.0,-5.0000,2.236000,3.57593e-05,0.001767,0.000623,0.001558,0.004417,1.066410,0.024912,0.031138,1.332931,0.93928,-0.00250,6
1.0,-5.0000,2.237000,3.58578e-05,0.001774,0.000625,0.001564,0.004438,1.066569,0.024946,0.031208,1.334323,0.93915,-0.00252,6
1.0,-5.0000,2.238000,3.59566e-05,0.001781,0.000627,0.001569,0.004460,1.066729,0.024980,0.031279,1.335717,0.93901,-0.00253,6
1.0,-5.0000,2.239000,3.60558e-05,0.001788,0.000628,0.001575,0.004481,1.066890,0.025014,0.031349,1.337112,0.93888,-0.00255,6
1.0,-5.0000,2.240000,3.61554e-05,0.001795,0.000630,0.001581,0.004503,1.067051,0.025048,0.031420,1.338509,0.93874,-0.00256,6
1.0,-5.0000,2.241000,3.62553e-05,0.001802,0.000632,0.001587,0.004525,1.067212,0.025082,0.031491,1.339907,0.93860,-0.00258,6
1.0,-5.0000,2.242000,3.63557e-05,0.001809,0.000634,0.001592,0.004547,1.067374,0.025116,0.031562,1.341306,0.93847,-0.00260,6
1.0,-5.0000,2.243000,3.64564e-05,0.001816,0.000635,0.001598,0.004569,1.067537,0.025150,0.031633,1.342708,0.93833,-0.00261,6
1.0,-5.0000,2.244000,3.65575e-05,0.001823,0.000637,0.001604,0.004591,1.067700,0.025185,0.031705,1.344110,0.93819,-0.00263,6
1.0,-5.0000,2.245000,3.66590e-05,0.001831,0.000639,0.001610,0.004613,1.067863,0.025219,0.031776,1.345515,0.93806,-0.00264,6
1.0,-5.0000,2.246000,3.67608e-05,0.001838,0.000641,0.001616,0.004635,1.068027,0.025254,0.031848,1.346920,0.93792,-0.00266,6
1.0,-5.0000,2.247000,3.68631e-05,0.001845,0.000642,0.001622,0.004658,1.068192,0.025289,0.031920,1.348328,0.93778,-0.00268,6
1.0,-5.0000,2.248000,3.69658e-05,0.001852,0.000644,0.001628,0.004680,1.068357,0.025323,0.031993,1.349736,0.93764,-0.00269,6
1.0,-5.0000,2.249000,3.70689e-05,0.001860,0.000646,0.001634,0.004703,1.068522,0.025358,0.032065,1.351147,0.93750,-0.00271,6
1.0,-5.0000,2.250000,3.71723e-05,0.001867,0.000648,0.001639,0.004726,1.068688,0.025393,0.032138,1.352559,0.93736,-0.00273,6
1.0,-5.0000,2.251000,3.72762e-05,0.001874,0.000650,0.001646,0.004749,1.068855,0.025428,0.032211,1.353972,0.93722,-0.00274,6
1.0,-5.0000,2.252000,3.73805e-05,0.001882,0.000651,0.001652,0.004772,1.069022,0.025463,0.032284,1.355387,0.93708,-0.00276,6
1.0,-5.0000,2.253000,3.74851e-05,0.001889,0.000653,0.001658,0.004795,1.069189,0.025498,0.032357,1.356804,0.93694,-0.00278,6
1.0,-5.0000,2.254000,3.75902e-05,0.001897,0.000655,0.001664,0.004819,1.069357,0.025533,0.032431,1.358222,0.93680,-0.00280,6
1.0,-5.0000,2.255000,3.76957e-05,0.001904,0.000657,0.001670,0.004842,1.069526,0.025569,0.032504,1.359641,0.93666,-0.00281,6
1.0,-5.0000,2.256000,3.78016e-05,0.001912,0.000659,0.001676,0.004866,1.069695,0.025604,0.032578,1.361063,0.93652,-0.00283,6
1.0,-5.0000,2.257000,3.79079e-05,0.001920,0.000660,0.001682,0.004889,1.069864,0.025640,0.032652,1.362486,0.93638,-0.00285,6
1.0,-5.0000,2.258000,3.80147e-05,0.001927,0.000662,0.001688,0.004913,1.070035,0.025675,0.032727,1.363910,0.93623,-0.00287,6
1.0,-5.0000,2.259000,3.81218e-05,0.001935,0.000664,0.001695,0.004937,1.070205,0.025711,0.032801,1.365336,0.93609,-0.00289,6
1.0,-5.0000,2.260000,3.82294e-05,0.001943,0.000666,0.001701,0.004961,1.070376,0.025747,0.032876,1.366764,0.93595,-0.00290,6
1.0,-5.0000,2.261000,3.83374e-05,0.001951,0.000668,0.001707,0.004986,1.070548,0.025783,0.032951,1.368193,0.93581,-0.00292,6
1.0,-5.0000,2.262000,3.84458e-05,0.001958,0.000670,0.001713,0.005010,1.070720,0.025818,0.033026,1.369624,0.93566,-0.00294,6
1.0,-5.0000,2.263000,3.85547e-05,0.001966,0.000672,0.001720,0.005035,1.070893,0.025855,0.033101,1.371056,0.93552,-0.00296,6
1.0,-5.0000,2.264000,3.86640e-05,0.001974,0.000674,0.001726,0.005059,1.071066,0.025891,0.033177,1.372490,0.93537,-0.00298,6
1.0,-5.0000,2.265000,3.87737e-05,0.001982,0.000675,0.001733,0.005084,1.071240,0.025927,0.033253,1.373926,0.93523,-0.00300,6
1.0,-5.0000,2.266000,3.88839e-05,0.001990,0.000677,0.001739,0.005109,1.071414,0.025963,0.033329,1.375363,0.93508,-0.00301,6
1.0,-5.0000,2.267000,3.89945e-05,0.001998,0.000679,0.001745,0.005134,1.071589,0.026000,0.033405,1.376802,0.93494,-0.00303,6
1.0,-5.0000,2.268000,3.91055e-05,0.002006,0.000681,0.001752,0.005159,1.071765,0.026036,0.033481,1.378242,0.93479,-0.00305,6
1.0,-5.0000,2.269000,3.92170e-05,0.002014,0.000683,0.001759,0.005185,1.071941,0.026073,0.033558,1.379684,0.93464,-0.00307,6
1.0,-5.0000,2.270000,3.93290e-05,0.002022,0.000685,0.001765,0.005210,1.072117,0.026109,0.033635,1.381128,0.93450,-0.00309,6
1.0,-5.0000,2.271000,3.94414e-05,0.002030,0.000687,0.001772,0.005236,1.072294,0.026146,0.033712,1.382574,0.93435,-0.00311,6
1.0,-5.0000,2.272000,3.95542e-05,0.002039,0.000689,0.001778,0.005262,1.072472,0.026183,0.033789,1.384021,0.93420,-0.00313,6
1.0,-5.0000,2.273000,3.96675e-05,0.002047,0.000691,0.001785,0.005288,1.072650,0.026220,0.033866,1.385469,0.93405,-0.00315,6
1.0,-5.0000,2.274000,3.97813e-05,0.002055,0.000693,0.001792,0.005314,1.072829,0.026257,0.033944,1.386920,0.93390,-0.00317,6
1.0,-5.0000,2.275000,3.98955e-05,0.002064,0.000695,0.001798,0.005340,1.073008,0.026294,0.034022,1.388372,0.93375,-0.00319,6
1.0,-5.0000,2.276000,4.00102e-05,0.002072,0.000697,0.001805,0.005366,1.073188,0.026331,0.034100,1.389826,0.93360,-0.00321,6
1.0,-5.0000,2.277000,4.01253e-05,0.002080,0.000699,0.001812,0.005393,1.073368,0.026369,0.034178,1.391281,0.93345,-0.00323,6
1.0,-5.0000,2.278000,4.02410e-05,0.002089,0.000701,0.001818,0.005420,1.073549,0.026406,0.034257,1.392738,0.93330,-0.00325,6
1.0,-5.0000,2.279000,4.03570e-05,0.002097,0.000703,0.001825,0.005446,1.073731,0.026443,0.034336,1.394197,0.93315,-0.00327,6
1.0,-5.0000,2.280000,4.04736e-05,0.002106,0.000705,0.001832,0.005473,1.073913,0.026481,0.034415,1.395658,0.93300,-0.00329,6
1.0,-5.0000,2.281000,4.05907e-05,0.002114,0.000707,0.001839,0.005501,1.074096,0.026519,0.034494,1.397120,0.93285,-0.00331,6
1.0,-5.0000,2.282000,4.07082e-05,0.002123,0.000709,0.001846,0.005528,1.074279,0.026557,0.034573,1.398584,0.93270,-0.00333,6
1.0,-5.0000,2.283000,4.08262e-05,0.002132,0.000711,0.001853,0.005555,1.074463,0.026594,0.034653,1.400049,0.93255,-0.00336,6
1.0,-5.0000,2.284000,4.09447e-05,0.002140,0.000713,0.001860,0.005583,1.074648,0.026632,0.034733,1.401517,0.93239,-0.00338,6
1.0,-5.0000,2.285000,4.10637e-05,0.002149,0.000715,0.001867,0.005611,1.074833,0.026670,0.034813,1.402986,0.93224,-0.00340,6
1.0,-5.0000,2.286000,4.11832e-05,0.002158,0.000717,0.001874,0.005639,1.075018,0.026709,0.034894,1.404457,0.93209,-0.00342,6
1.0,-5.0000,2.287000,4.13031e-05,0.002167,0.000719,0.001881,0.005667,1.075205,0.026747,0.034974,1.405929,0.93193,-0.00344,6
1.0,-5.0000,2.288000,4.14236e-05,0.002176,0.000721,0.001888,0.005695,1.075392,0.026785,0.035055,1.407404,0.93178,-0.00346,6
1.0,-5.0000,2.289000,4.15446e-05,0.002185,0.000723,0.001895,0.005723,1.075579,0.026824,0.035136,1.408880,0.93162,-0.00348,6
1.0,-5.0000,2.290000,4.16662e-05,0.002194,0.000726,0.001902,0.005752,1.075768,0.026862,0.035217,1.410359,0.93147,-0.00351,8
1.0,-5.0000,2.291000,4.17882e-05,0.002203,0.000728,0.001910,0.005781,1.075957,0.026901,0.035299,1.411839,0.93131,-0.00353,8
1.0,-5.0000,2.292000,4.19107e-05,0.002212,0.000730,0.001917,0.005810,1.076146,0.026940,0.035381,1.413320,0.93116,-0.00355,8
1.0,-5.0000,2.293000,4.20337e-05,0.002221,0.000732,0.001924,0.005839,1.076336,0.026979,0.035463,1.414803,0.93100,-0.00357,8
1.0,-5.0000,2.294000,4.21572e-05,0.002230,0.000734,0.001931,0.005868,1.076527,0.027018,0.035545,1.416288,0.93084,-0.00360,8
1.0,-5.0000,2.295000,4.22813e-05,0.002239,0.000736,0.001939,0.005897,1.076718,0.027057,0.035627,1.417775,0.93068,-0.00362,8
1.0,-5.0000,2.296000,4.24059e-05,0.002249,0.000738,0.001946,0.005927,1.076909,0.027096,0.035710,1.419263,0.93053,-0.00364,8
1.0,-5.0000,2.297000,4.25310e-05,0.002258,0.000740,0.001953,0.005957,1.077102,0.027135,0.035793,1.420754,0.93037,-0.00367,8
1.0,-5.0000,2.298000,4.26566e-05,0.002267,0.000743,0.001961,0.005987,1.077295,0.027175,0.035876,1.422246,0.93021,-0.00369,8
1.0,-5.0000,2.299000,4.27828e-05,0.002277,0.000745,0.001968,0.006017,1.077488,0.027214,0.035959,1.423740,0.93005,-0.00371,8
1.0,-5.0000,2.300000,4.29095e-05,0.002286,0.000747,0.001976,0.006047,1.077683,0.027254,0.036043,1.425235,0.92989,-0.00374,8
1.0,-5.0000,2.301000,4.30368e-05,0.002296,0.000749,0.001983,0.006078,1.077877,0.027294,0.036127,1.426733,0.92973,-0.00376,8
1.0,-5.0000,2.302000,4.31646e-05,0.002305,0.000751,0.001991,0.006108,1.078073,0.027333,0.036211,1.428232,0.92957,-0.00379,8
1.0,-5.0000,2.303000,4.32929e-05,0.002315,0.000754,0.001999,0.006139,1.078269,0.027373,0.036296,1.429733,0.92941,-0.00381,8
1.0,-5.0000,2.304000,4.34218e-05,0.002325,0.000756,0.002006,0.006170,1.078466,0.027413,0.036380,1.431236,0.92925,-0.00383,8
1.0,-5.0000,2.305000,4.35513e-05,0.002334,0.000758,0.002014,0.006201,1.078663,0.027453,0.036465,1.432741,0.92908,-0.00386,8
1.0,-5.0000,2.306000,4.36813e-05,0.002344,0.000760,0.002022,0.006232,1.078861,0.027494,0.036550,1.434248,0.92892,-0.00388,8
1.0,-5.0000,2.307000,4.38119e-05,0.002354,0.000763,0.002029,0.006264,1.079060,0.027534,0.036636,1.435757,0.92876,-0.00391,8
1.0,-5.0000,2.308000,4.39430e-05,0.002364,0.000765,0.002037,0.006296,1.079260,0.027574,0.036721,1.437267,0.92859,-0.00393,8
1.0,-5.0000,2.309000,4.40747e-05,0.002374,0.000767,0.002045,0.006327,1.079460,0.027615,0.036807,1.438780,0.92843,-0.00396,8
1.0,-5.0000,2.310000,4.42070e-05,0.002384,0.000769,0.002053,0.006360,1.079660,0.027656,0.036893,1.440294,0.92827,-0.00398,8
1.0,-5.0000,2.311000,4.43399e-05,0.002394,0.000772,0.002061,0.006392,1.079862,0.027696,0.036980,1.441810,0.92810,-0.00401,8
1.0,-5.0000,2.312000,4.44733e-05,0.002404,0.000774,0.002069,0.006424,1.080064,0.027737,0.037066,1.443328,0.92794,-0.00404,8
1.0,-5.0000,2.313000,4.46074e-05,0.002414,0.000776,0.002077,0.006457,1.080267,0.027778,0.037153,1.444848,0.92777,-0.00406,8
1.0,-5.0000,2.314000,4.47420e-05,0.002424,0.000779,0.002085,0.006490,1.080470,0.027819,0.037240,1.446370,0.92760,-0.00409,8
1.0,-5.0000,2.315000,4.48772e-05,0.002434,0.000781,0.002093,0.006523,1.080674,0.027861,0.037328,1.447894,0.92744,-0.00411,8
1.0,-5.0000,2.316000,4.50130e-05,0.002445,0.000783,0.002101,0.006556,1.080879,0.027902,0.037415,1.449419,0.92727,-0.00414,8
1.0,-5.0000,2.317000,4.51494e-05,0.002455,0.000786,0.002109,0.006589,1.081084,0.027943,0.037503,1.450947,0.92710,-0.00417,8
1.0,-5.0000,2.318000,4.52864e-05,0.002465,0.000788,0.002117,0.006623,1.081290,0.027985,0.037591,1.452477,0.92693,-0.00419,8
1.0,-5.0000,2.319000,4.54241e-05,0.002476,0.000790,0.002125,0.006657,1.081497,0.028026,0.037680,1.454008,0.92677,-0.00422,8
1.0,-5.0000,2.320000,4.55623e-05,0.002486,0.000793,0.002134,0.006691,1.081705,0.028068,0.037769,1.455542,0.92660,-0.00425,8
1.0,-5.0000,2.321000,4.57012e-05,0.002497,0.000795,0.002142,0.006725,1.081913,0.028110,0.037858,1.457077,0.92643,-0.00428,8
1.0,-5.0000,2.322000,4.58406e-05,0.002507,0.000798,0.002150,0.006760,1.082122,0.028152,0.037947,1.458615,0.92626,-0.00430,8
1.0,-5.0000,2.323000,4.59807e-05,0.002518,0.000800,0.002159,0.006794,1.082331,0.028194,0.038036,1.460154,0.92609,-0.00433,8
1.0,-5.0000,2.324000,4.61215e-05,0.002529,0.000802,0.002167,0.006829,1.082542,0.028236,0.038126,1.461695,0.92591,-0.00436,8
1.0,-5.0000,2.325000,4.62628e-05,0.002540,0.000805,0.002175,0.006864,1.082753,0.028279,0.038216,1.463239,0.92574,-0.00439,8
1.0,-5.0000,2.326000,4.64048e-05,0.002550,0.000807,0.002184,0.006899,1.082964,0.028321,0.038306,1.464784,0.92557,-0.00442,8
1.0,-5.0000,2.327000,4.65475e-05,0.002561,0.000810,0.002192,0.006935,1.083177,0.028364,0.038397,1.466332,0.92540,-0.00444,8
1.0,-5.0000,2.328000,4.66907e-05,0.002572,0.000812,0.002201,0.006971,1.083390,0.028407,0.038488,1.467881,0.92523,-0.00447,8
1.0,-5.0000,2.329000,4.68347e-05,0.002583,0.000815,0.002210,0.007006,1.083604,0.028449,0.038579,1.469432,0.92505,-0.00450,8
1.0,-5.0000,2.330000,4.69793e-05,0.002594,0.000817,0.002218,0.007043,1.083819,0.028492,0.038670,1.470986,0.92488,-0.00453,8
1.0,-5.0000,2.331000,4.71245e-05,0.002606,0.000820,0.002227,0.007079,1.084034,0.028535,0.038762,1.472541,0.92470,-0.00456,8
1.0,-5.0000,2.332000,4.72704e-05,0.002617,0.000822,0.002236,0.007115,1.084250,0.028579,0.038854,1.474099,0.92453,-0.00459,8
1.0,-5.0000,2.333000,4.74170e-05,0.002628,0.000825,0.002245,0.007152,1.084467,0.028622,0.038946,1.475658,0.92435,-0.00462,8
1.0,-5.0000,2.334000,4.75643e-05,0.002639,0.000827,0.002253,0.007189,1.084685,0.028665,0.039039,1.477220,0.92418,-0.00465,8
1.0,-5.0000,2.335000,4.77122e-05,0.002651,0.000830,0.002262,0.007226,1.084903,0.028709,0.039132,1.478784,0.92400,-0.00468,8
1.0,-5.0000,2.336000,4.78608e-05,0.002662,0.000832,0.002271,0.007264,1.085122,0.028752,0.039225,1.480350,0.92382,-0.00471,8
1.0,-5.0000,2.337000,4.80102e-05,0.002674,0.000835,0.002280,0.007302,1.085342,0.028796,0.039318,1.481917,0.92364,-0.00474,8
1.0,-5.0000,2.338000,4.81602e-05,0.002685,0.000838,0.002289,0.007339,1.085563,0.028840,0.039412,1.483487,0.92347,-0.00477,8
1.0,-5.0000,2.339000,4.83109e-05,0.002697,0.000840,0.002298,0.007378,1.085784,0.028884,0.039506,1.485059,0.92329,-0.00481,8
1.0,-5.0000,2.340000,4.84623e-05,0.002709,0.000843,0.002307,0.007416,1.086006,0.028928,0.039600,1.486634,0.92311,-0.00484,8
1.0,-5.0000,2.341000,4.86144e-05,0.002720,0.000845,0.002316,0.007455,1.086229,0.028973,0.039694,1.488210,0.92293,-0.00487,8
1.0,-5.0000,2.342000,4.87672e-05,0.002732,0.000848,0.002325,0.007493,1.086453,0.029017,0.039789,1.489788,0.92275,-0.00490,8
1.0,-5.0000,2.343000,4.89207e-05,0.002744,0.000851,0.002335,0.007532,1.086677,0.029061,0.039884,1.491369,0.92257,-0.00493,8
1.0,-5.0000,2.344000,4.90750e-05,0.002756,0.000853,0.002344,0.007572,1.086902,0.029106,0.039980,1.492952,0.92238,-0.00496,8
1.0,-5.0000,2.345000,4.92300e-05,0.002768,0.000856,0.002353,0.007611,1.087128,0.029151,0.040075,1.494537,0.92220,-0.00500,8
1.0,-5.0000,2.346000,4.93857e-05,0.002780,0.000859,0.002363,0.007651,1.087355,0.029196,0.040171,1.496124,0.92202,-0.00503,8
1.0,-5.0000,2.347000,4.95421e-05,0.002792,0.000861,0.002372,0.007691,1.087583,0.029241,0.040268,1.497713,0.92184,-0.00506,8
1.0,-5.0000,2.348000,4.96993e-05,0.002805,0.000864,0.002381,0.007731,1.087811,0.029286,0.040364,1.499304,0.92165,-0.00510,8
1.0,-5.0000,2.349000,4.98573e-05,0.002817,0.000867,0.002391,0.007772,1.088041,0.029331,0.040461,1.500898,0.92147,-0.00513,8
1.0,-5.0000,2.350000,5.00160e-05,0.002829,0.000869,0.002401,0.007813,1.088271,0.029377,0.040558,1.502494,0.92128,-0.00516,8
1.0,-5.0000,2.351000,5.01754e-05,0.002842,0.000872,0.002410,0.007854,1.088502,0.029422,0.040656,1.504092,0.92110,-0.00520,8
1.0,-5.0000,2.352000,5.03357e-05,0.002854,0.000875,0.002420,0.007895,1.088733,0.029468,0.040753,1.505692,0.92091,-0.00523,8
1.0,-5.0000,2.353000,5.04967e-05,0.002867,0.000878,0.002429,0.007937,1.088966,0.029514,0.040852,1.507294,0.92073,-0.00527,8
1.0,-5.0000,2.354000,5.06584e-05,0.002880,0.000880,0.002439,0.007978,1.089199,0.029560,0.040950,1.508899,0.92054,-0.00530,8
1.0,-5.0000,2.355000,5.08210e-05,0.002892,0.000883,0.002449,0.008020,1.089433,0.029606,0.041049,1.510506,0.92035,-0.00534,8
1.0,-5.0000,2.356000,5.09843e-05,0.002905,0.000886,0.002459,0.008063,1.089668,0.029652,0.041148,1.512115,0.92016,-0.00537,8
1.0,-5.0000,2.357000,5.11485e-05,0.002918,0.000889,0.002469,0.008105,1.089904,0.029698,0.041247,1.513727,0.91997,-0.00541,8
1.0,-5.0000,2.358000,5.13134e-05,0.002931,0.000892,0.002479,0.008148,1.090141,0.029745,0.041347,1.515340,0.91979,-0.00544,8
1.0,-5.0000,2.359000,5.14792e-05,0.002944,0.000894,0.002489,0.008191,1.090378,0.029791,0.041446,1.516956,0.91960,-0.00548,8
1.0,-5.0000,2.360000,5.16457e-05,0.002957,0.000897,0.002499,0.008235,1.090617,0.029838,0.041547,1.518575,0.91941,-0.00552,8
1.0,-5.0000,2.361000,5.18131e-05,0.002970,0.000900,0.002509,0.008279,1.090856,0.029885,0.041647,1.520195,0.91921,-0.00555,8
1.0,-5.0000,2.362000,5.19813e-05,0.002983,0.000903,0.002519,0.008322,1.091096,0.029932,0.041748,1.521818,0.91902,-0.00559,8
1.0,-5.0000,2.363000,5.21503e-05,0.002997,0.000906,0.002529,0.008367,1.091337,0.029979,0.041849,1.523443,0.91883,-0.00563,8
1.0,-5.0000,2.364000,5.23201e-05,0.003010,0.000909,0.002539,0.008411,1.091579,0.030027,0.041951,1.525071,0.91864,-0.00566,8
1.0,-5.0000,2.365000,5.24908e-05,0.003024,0.000912,0.002550,0.008456,1.091821,0.030074,0.042053,1.526701,0.91844,-0.00570,8
1.0,-5.0000,2.366000,5.26624e-05,0.003037,0.000915,0.002560,0.008501,1.092065,0.030122,0.042155,1.528333,0.91825,-0.00574,8
1.0,-5.0000,2.367000,5.28348e-05,0.003051,0.000918,0.002570,0.008546,1.092310,0.030169,0.042258,1.529968,0.91806,-0.00578,8
1.0,-5.0000,2.368000,5.30080e-05,0.003065,0.000920,0.002581,0.008592,1.092555,0.030217,0.042360,1.531605,0.91786,-0.00582,8
1.0,-5.0000,2.369000,5.31822e-05,0.003078,0.000923,0.002591,0.008638,1.092801,0.030265,0.042464,1.533244,0.91766,-0.00586,8
1.0,-5.0000,2.370000,5.33572e-05,0.003092,0.000926,0.002602,0.008684,1.093048,0.030314,0.042567,1.534886,0.91747,-0.00590,8
1.0,-5.0000,2.371000,5.35331e-05,0.003106,0.000929,0.002612,0.008731,1.093296,0.030362,0.042671,1.536530,0.91727,-0.00594,8
1.0,-5.0000,2.372000,5.37098e-05,0.003120,0.000932,0.002623,0.008778,1.093545,0.030410,0.042775,1.538177,0.91707,-0.00598,8
1.0,-5.0000,2.373000,5.38875e-05,0.003134,0.000935,0.002634,0.008825,1.093795,0.030459,0.042880,1.539826,0.91687,-0.00602,8
1.0,-5.0000,2.374000,5.40661e-05,0.003148,0.000939,0.002645,0.008872,1.094046,0.030508,0.042984,1.541477,0.91668,-0.00606,8
1.0,-5.0000,2.375000,5.42456e-05,0.003163,0.000942,0.002655,0.008920,1.094298,0.030557,0.043090,1.543131,0.91648,-0.00610,8
1.0,-5.0000,2.376000,5.44259e-05,0.003177,0.000945,0.002666,0.008968,1.094551,0.030606,0.043195,1.544787,0.91628,-0.00614,8
1.0,-5.0000,2.377000,5.46073e-05,0.003192,0.000948,0.002677,0.009016,1.094804,0.030655,0.043301,1.546446,0.91608,-0.00618,8
1.0,-5.0000,2.378000,5.47895e-05,0.003206,0.000951,0.002688,0.009065,1.095059,0.030704,0.043407,1.548108,0.91587,-0.00622,8
1.0,-5.0000,2.379000,5.49727e-05,0.003221,0.000954,0.002699,0.009114,1.095314,0.030754,0.043514,1.549771,0.91567,-0.00626,8
1.0,-5.0000,2.380000,5.51568e-05,0.003235,0.000957,0.002711,0.009163,1.095571,0.030803,0.043621,1.551438,0.91547,-0.00630,8
1.0,-5.0000,2.381000,5.53419e-05,0.003250,0.000960,0.002722,0.009213,1.095828,0.030853,0.043728,1.553107,0.91527,-0.00635,8
1.0,-5.0000,2.382000,5.55279e-05,0.003265,0.000963,0.002733,0.009263,1.096087,0.030903,0.043835,1.554778,0.91506,-0.00639,8
1.0,-5.0000,2.383000,5.57150e-05,0.003280,0.000967,0.002744,0.009313,1.096346,0.030953,0.043943,1.556452,0.91486,-0.00643,8
1.0,-5.0000,2.384000,5.59029e-05,0.003295,0.000970,0.002756,0.009364,1.096606,0.031003,0.044052,1.558128,0.91465,-0.00648,8
1.0,-5.0000,2.385000,5.60919e-05,0.003310,0.000973,0.002767,0.009414,1.096868,0.031054,0.044160,1.559807,0.91445,-0.00652,8
1.0,-5.0000,2.386000,5.62819e-05,0.003325,0.000976,0.002779,0.009466,1.097130,0.031104,0.044269,1.561489,0.91424,-0.00656,8
1.0,-5.0000,2.387000,5.64728e-05,0.003341,0.000979,0.002790,0.009517,1.097393,0.031155,0.044379,1.563173,0.91403,-0.00661,8
1.0,-5.0000,2.388000,5.66648e-05,0.003356,0.000983,0.002802,0.009569,1.097657,0.031206,0.044488,1.564860,0.91382,-0.00665,8
1.0,-5.0000,2.389000,5.68577e-05,0.003372,0.000986,0.002813,0.009621,1.097923,0.031257,0.044599,1.566549,0.91362,-0.00670,8
1.0,-5.0000,2.390000,5.70517e-05,0.003387,0.000989,0.002825,0.009674,1.098189,0.031308,0.044709,1.568241,0.91341,-0.00675,8
1.0,-5.0000,2.391000,5.72468e-05,0.003403,0.000992,0.002837,0.009727,1.098456,0.031360,0.044820,1.569936,0.91320,-0.00679,8
1.0,-5.0000,2.392000,5.74429e-05,0.003419,0.000996,0.002849,0.009780,1.098725,0.031411,0.044931,1.571633,0.91299,-0.00684,8
1.0,-5.0000,2.393000,5.76400e-05,0.003435,0.000999,0.002861,0.009834,1.098994,0.031463,0.045043,1.573333,0.91278,-0.00688,8
1.0,-5.0000,2.394000,5.78382e-05,0.003451,0.001002,0.002873,0.009888,1.099265,0.031515,0.045155,1.575036,0.91256,-0.00693,8
1.0,-5.0000,2.395000,5.80374e-05,0.003467,0.001006,0.002885,0.009942,1.099536,0.031567,0.045267,1.576741,0.91235,-0.00698,8
1.0,-5.0000,2.396000,5.82377e-05,0.003483,0.001009,0.002897,0.009997,1.099808,0.031619,0.045380,1.578449,0.91214,-0.00703,8
1.0,-5.0000,2.397000,5.84391e-05,0.003499,0.001013,0.002909,0.010052,1.100082,0.031671,0.045493,1.580160,0.91192,-0.00707,8
1.0,-5.0000,2.398000,5.86416e-05,0.003515,0.001016,0.002921,0.010108,1.100357,0.031724,0.045606,1.581874,0.91171,-0.00712,8
1.0,-5.0000,2.399000,5.88452e-05,0.003532,0.001019,0.002933,0.010164,1.100632,0.031777,0.045720,1.583590,0.91149,-0.00717,8
1.0,-5.0000,2.400000,5.90499e-05,0.003549,0.001023,0.002946,0.010220,1.100909,0.031829,0.045834,1.585309,0.91128,-0.00722,8
1.0,-5.0000,2.401000,5.92557e-05,0.003565,0.001026,0.002958,0.010276,1.101187,0.031882,0.045949,1.587031,0.91106,-0.00727,8
1.0,-5.0000,2.402000,5.94627e-05,0.003582,0.001030,0.002971,0.010333,1.101466,0.031936,0.046064,1.588755,0.91084,-0.00732,8
1.0,-5.0000,2.403000,5.96708e-05,0.003599,0.001033,0.002983,0.010391,1.101746,0.031989,0.046179,1.590483,0.91062,-0.00737,8
1.0,-5.0000,2.404000,5.98800e-05,0.003616,0.001037,0.002996,0.010448,1.102027,0.032043,0.046295,1.592213,0.91041,-0.00742,8
1.0,-5.0000,2.405000,6.00904e-05,0.003633,0.001040,0.003009,0.010507,1.102309,0.032096,0.046411,1.593946,0.91019,-0.00747,8
1.0,-5.0000,2.406000,6.03020e-05,0.003650,0.001044,0.003021,0.010565,1.102592,0.032150,0.046528,1.595682,0.90997,-0.00753,8
1.0,-5.0000,2.407000,6.05148e-05,0.003667,0.001047,0.003034,0.010624,1.102877,0.032204,0.046645,1.597420,0.90974,-0.00758,8
1.0,-5.0000,2.408000,6.07287e-05,0.003685,0.001051,0.003047,0.010683,1.103162,0.032258,0.046762,1.599162,0.90952,-0.00763,8
1.0,-5.0000,2.409000,6.09438e-05,0.003702,0.001055,0.003060,0.010743,1.103449,0.032313,0.046880,1.600906,0.90930,-0.00768,8
1.0,-5.0000,2.410000,6.11602e-05,0.003720,0.001058,0.003073,0.010803,1.103737,0.032367,0.046998,1.602653,0.90908,-0.00774,8
1.0,-5.0000,2.411000,6.13777e-05,0.003738,0.001062,0.003086,0.010864,1.104026,0.032422,0.047117,1.604404,0.90885,-0.00779,8
1.0,-5.0000,2.412000,6.15965e-05,0.003756,0.001066,0.003100,0.010925,1.104316,0.032477,0.047236,1.606157,0.90863,-0.00784,8
1.0,-5.0000,2.413000,6.18166e-05,0.003774,0.001069,0.003113,0.010986,1.104607,0.032532,0.047355,1.607913,0.90840,-0.00790,8
1.0,-5.0000,2.414000,6.20379e-05,0.003792,0.001073,0.003126,0.011048,1.104900,0.032588,0.047475,1.609672,0.90818,-0.00795,8
1.0,-5.0000,2.415000,6.22604e-05,0.003810,0.001077,0.003140,0.011110,1.105193,0.032643,0.047596,1.611434,0.90795,-0.00801,8
1.0,-5.0000,2.416000,6.24843e-05,0.003828,0.001080,0.003153,0.011173,1.105488,0.032699,0.047716,1.613199,0.90772,-0.00807,8
1.0,-5.0000,2.417000,6.27094e-05,0.003847,0.001084,0.003167,0.011236,1.105784,0.032755,0.047837,1.614967,0.90749,-0.00812,8
1.0,-5.0000,2.418000,6.29358e-05,0.003865,0.001088,0.003181,0.011299,1.106081,0.032811,0.047959,1.616738,0.90726,-0.00818,8
1.0,-5.0000,2.419000,6.31635e-05,0.003884,0.001092,0.003194,0.011363,1.106380,0.032867,0.048081,1.618512,0.90703,-0.00824,8
1.0,-5.0000,2.420000,6.33926e-05,0.003903,0.001096,0.003208,0.011428,1.106679,0.032924,0.048203,1.620289,0.90680,-0.00829,8
1.0,-5.0000,2.421000,6.36229e-05,0.003922,0.001099,0.003222,0.011492,1.106980,0.032980,0.048326,1.622069,0.90657,-0.00835,8
1.0,-5.0000,2.422000,6.38547e-05,0.003941,0.001103,0.003236,0.011558,1.107282,0.033037,0.048449,1.623853,0.90634,-0.00841,8
1.0,-5.0000,2.423000,6.40877e-05,0.003960,0.001107,0.003250,0.011624,1.107585,0.033094,0.048573,1.625639,0.90610,-0.00847,8
1.0,-5.0000,2.424000,6.43222e-05,0.003979,0.001111,0.003264,0.011690,1.107890,0.033151,0.048697,1.627428,0.90587,-0.00853,8
1.0,-5.0000,2.425000,6.45580e-05,0.003998,0.001115,0.003278,0.011756,1.108196,0.033209,0.048822,1.629221,0.90563,-0.00859,8
1.0,-5.0000,2.426000,6.47952e-05,0.004018,0.001119,0.003293,0.011824,1.108503,0.033266,0.048947,1.631017,0.90540,-0.00865,8
1.0,-5.0000,2.427000,6.50338e-05,0.004038,0.001123,0.003307,0.011891,1.108811,0.033324,0.049072,1.632816,0.90516,-0.00871,8
1.0,-5.0000,2.428000,6.52739e-05,0.004057,0.001127,0.003322,0.011959,1.109121,0.033382,0.049198,1.634618,0.90492,-0.00877,8
1.0,-5.0000,2.429000,6.55154e-05,0.004077,0.001131,0.003336,0.012028,1.109432,0.033440,0.049325,1.636423,0.90469,-0.00884,8
1.0,-5.0000,2.430000,6.57583e-05,0.004097,0.001135,0.003351,0.012097,1.109744,0.033499,0.049452,1.638232,0.90445,-0.00890,8
1.0,-5.0000,2.431000,6.60027e-05,0.004117,0.001139,0.003365,0.012167,1.110057,0.033557,0.049579,1.640043,0.90421,-0.00896,8
1.0,-5.0000,2.432000,6.62485e-05,0.004138,0.001143,0.003380,0.012237,1.110372,0.033616,0.049707,1.641858,0.90397,-0.00903,8
1.0,-5.0000,2.433000,6.64959e-05,0.004158,0.001147,0.003395,0.012307,1.110688,0.033675,0.049835,1.643677,0.90373,-0.00909,8
1.0,-5.0000,2.434000,6.67447e-05,0.004179,0.001151,0.003410,0.012378,1.111006,0.033734,0.049964,1.645498,0.90348,-0.00915,8
1.0,-5.0000,2.435000,6.69951e-05,0.004199,0.001155,0.003425,0.012450,1.111324,0.033794,0.050093,1.647323,0.90324,-0.00922,8
1.0,-5.0000,2.436000,6.72470e-05,0.004220,0.001160,0.003440,0.012522,1.111645,0.033853,0.050222,1.649151,0.90300,-0.00929,8
1.0,-5.0000,2.437000,6.75004e-05,0.004241,0.001164,0.003456,0.012595,1.111966,0.033913,0.050352,1.650983,0.90275,-0.00935,8
1.0,-5.0000,2.438000,6.77554e-05,0.004262,0.001168,0.003471,0.012668,1.112289,0.033973,0.050483,1.652818,0.90250,-0.00942,8
1.0,-5.0000,2.439000,6.80120e-05,0.004284,0.001172,0.003486,0.012741,1.112613,0.034034,0.050614,1.654656,0.90226,-0.00949,8
1.0,-5.0000,2.440000,6.82702e-05,0.004305,0.001176,0.003502,0.012816,1.112939,0.034094,0.050746,1.656498,0.90201,-0.00955,8
1.0,-5.0000,2.441000,6.85299e-05,0.004327,0.001181,0.003517,0.012890,1.113266,0.034155,0.050878,1.658343,0.90176,-0.00962,8
1.0,-5.0000,2.442000,6.87913e-05,0.004348,0.001185,0.003533,0.012966,1.113594,0.034216,0.051010,1.660192,0.90151,-0.00969,8
1.0,-5.0000,2.443000,6.90543e-05,0.004370,0.001189,0.003549,0.013041,1.113924,0.034277,0.051143,1.662044,0.90126,-0.00976,8
1.0,-5.0000,2.444000,6.93190e-05,0.004392,0.001194,0.003565,0.013118,1.114255,0.034338,0.051277,1.663900,0.90101,-0.00983,8
1.0,-5.0000,2.445000,6.95854e-05,0.004414,0.001198,0.003581,0.013195,1.114588,0.034400,0.051411,1.665759,0.90076,-0.00990,8
1.0,-5.0000,2.446000,6.98534e-05,0.004437,0.001202,0.003597,0.013272,1.114922,0.034462,0.051545,1.667621,0.90051,-0.00998,8
1.0,-5.0000,2.447000,7.01231e-05,0.004459,0.001207,0.003613,0.013350,1.115258,0.034524,0.051680,1.669487,0.90025,-0.01005,8
1.0,-5.0000,2.448000,7.03947e-05,0.004482,0.001211,0.003629,0.013429,1.115596,0.034586,0.051816,1.671359,0.90000,-0.01012,10
1.0,-5.0000,2.449000,7.06679e-05,0.004505,0.001216,0.003646,0.013508,1.115934,0.034648,0.051952,1.673232,0.89974,-0.01019,10
1.0,-5.0000,2.450000,7.09429e-05,0.004528,0.001220,0.003662,0.013588,1.116274,0.034711,0.052088,1.675109,0.89949,-0.01027,10
1.0,-5.0000,2.451000,7.12196e-05,0.004551,0.001225,0.003679,0.013669,1.116616,0.034774,0.052226,1.676990,0.89923,-0.01034,10
1.0,-5.0000,2.452000,7.14981e-05,0.004574,0.001229,0.003695,0.013750,1.116959,0.034837,0.052363,1.678874,0.89897,-0.01042,10
1.0,-5.0000,2.453000,7.17784e-05,0.004597,0.001234,0.003712,0.013831,1.117303,0.034901,0.052501,1.680762,0.89871,-0.01049,10
1.0,-5.0000,2.454000,7.20605e-05,0.004621,0.001238,0.003729,0.013913,1.117649,0.034964,0.052640,1.682654,0.89845,-0.01057,10
1.0,-5.0000,2.455000,7.23445e-05,0.004645,0.001243,0.003746,0.013996,1.117997,0.035028,0.052779,1.684549,0.89819,-0.01065,10
1.0,-5.0000,2.456000,7.26303e-05,0.004668,0.001248,0.003763,0.014080,1.118346,0.035092,0.052919,1.686448,0.89793,-0.01073,10
1.0,-5.0000,2.457000,7.29180e-05,0.004692,0.001252,0.003780,0.014164,1.118697,0.035157,0.053059,1.688351,0.89766,-0.01081,10
1.0,-5.0000,2.458000,7.32076e-05,0.004717,0.001257,0.003797,0.014249,1.119049,0.035221,0.053200,1.690258,0.89740,-0.01089,10
1.0,-5.0000,2.459000,7.34992e-05,0.004741,0.001262,0.003815,0.014334,1.119403,0.035286,0.053341,1.692168,0.89713,-0.01097,10
1.0,-5.0000,2.460000,7.37926e-05,0.004766,0.001267,0.003832,0.014420,1.119758,0.035351,0.053483,1.694083,0.89687,-0.01105,10
1.0,-5.0000,2.461000,7.40881e-05,0.004790,0.001271,0.003850,0.014507,1.120115,0.035417,0.053625,1.696001,0.89660,-0.01113,10
1.0,-5.0000,2.462000,7.43855e-05,0.004815,0.001276,0.003868,0.014594,1.120474,0.035482,0.053768,1.697923,0.89633,-0.01121,10
1.0,-5.0000,2.463000,7.46849e-05,0.004840,0.001281,0.003886,0.014682,1.120834,0.035548,0.053912,1.699849,0.89606,-0.01129,10
1.0,-5.0000,2.464000,7.49863e-05,0.004866,0.001286,0.003903,0.014771,1.121196,0.035614,0.054056,1.701779,0.89579,-0.01138,10
1.0,-5.0000,2.465000,7.52898e-05,0.004891,0.001291,0.003922,0.014860,1.121560,0.035680,0.054201,1.703713,0.89552,-0.01146,10
1.0,-5.0000,2.466000,7.55954e-05,0.004917,0.001296,0.003940,0.014950,1.121925,0.035747,0.054346,1.705651,0.89525,-0.01155,10
1.0,-5.0000,2.467000,7.59030e-05,0.004943,0.001301,0.003958,0.015041,1.122292,0.035814,0.054492,1.707593,0.89497,-0.01163,10
1.0,-5.0000,2.468000,7.62128e-05,0.004969,0.001306,0.003976,0.015132,1.122661,0.035881,0.054638,1.709538,0.89470,-0.01172,10
1.0,-5.0000,2.469000,7.65247e-05,0.004995,0.001311,0.003995,0.015224,1.123031,0.035948,0.054785,1.711489,0.89443,-0.01181,10
1.0,-5.0000,2.470000,7.68387e-05,0.005021,0.001316,0.004014,0.015317,1.123403,0.036016,0.054932,1.713443,0.89415,-0.01189,10
1.0,-5.0000,2.471000,7.71549e-05,0.005048,0.001321,0.004032,0.015411,1.123777,0.036084,0.055081,1.715401,0.89387,-0.01198,10
1.0,-5.0000,2.472000,7.74734e-05,0.005075,0.001326,0.004051,0.015505,1.124152,0.036152,0.055229,1.717363,0.89359,-0.01207,10
1.0,-5.0000,2.473000,7.77940e-05,0.005102,0.001331,0.004070,0.015600,1.124530,0.036220,0.055379,1.719330,0.89331,-0.01216,10
1.0,-5.0000,2.474000,7.81169e-05,0.005129,0.001336,0.004089,0.015696,1.124909,0.036289,0.055528,1.721301,0.89303,-0.01226,10
1.0,-5.0000,2.475000,7.84421e-05,0.005156,0.001341,0.004108,0.015792,1.125290,0.036358,0.055679,1.723276,0.89275,-0.01235,10
1.0,-5.0000,2.476000,7.87696e-05,0.005184,0.001347,0.004128,0.015890,1.125672,0.036427,0.055830,1.725255,0.89247,-0.01244,10
1.0,-5.0000,2.477000,7.90995e-05,0.005211,0.001352,0.004147,0.015988,1.126057,0.036497,0.055982,1.727238,0.89218,-0.01253,10
1.0,-5.0000,2.478000,7.94316e-05,0.005239,0.001357,0.004167,0.016086,1.126443,0.036567,0.056134,1.729226,0.89190,-0.01263,10
1.0,-5.0000,2.479000,7.97662e-05,0.005268,0.001363,0.004187,0.016186,1.126831,0.036637,0.056287,1.731219,0.89161,-0.01273,10
1.0,-5.0000,2.480000,8.01032e-05,0.005296,0.001368,0.004207,0.016286,1.127221,0.036707,0.056441,1.733215,0.89132,-0.01282,10
1.0,-5.0000,2.481000,8.04426e-05,0.005325,0.001373,0.004227,0.016388,1.127613,0.036778,0.056595,1.735216,0.89104,-0.01292,10
1.0,-5.0000,2.482000,8.07844e-05,0.005354,0.001379,0.004247,0.016490,1.128007,0.036849,0.056750,1.737222,0.89075,-0.01302,10
1.0,-5.0000,2.483000,8.11288e-05,0.005383,0.001384,0.004267,0.016593,1.128402,0.036920,0.056905,1.739232,0.89046,-0.01312,10
1.0,-5.0000,2.484000,8.14757e-05,0.005412,0.001390,0.004287,0.016696,1.128800,0.036991,0.057062,1.741246,0.89016,-0.01322,10
1.0,-5.0000,2.485000,8.18251e-05,0.005441,0.001395,0.004308,0.016801,1.129199,0.037063,0.057218,1.743265,0.88987,-0.01332,10
1.0,-5.0000,2.486000,8.21771e-05,0.005471,0.001401,0.004329,0.016906,1.129601,0.037135,0.057376,1.745288,0.88958,-0.01342,10
1.0,-5.0000,2.487000,8.25318e-05,0.005501,0.001406,0.004349,0.017012,1.130004,0.037208,0.057534,1.747317,0.88928,-0.01352,10
1.0,-5.0000,2.488000,8.28890e-05,0.005531,0.001412,0.004370,0.017119,1.130409,0.037280,0.057693,1.749349,0.88898,-0.01363,10
1.0,-5.0000,2.489000,8.32490e-05,0.005562,0.001418,0.004391,0.017227,1.130817,0.037353,0.057852,1.751387,0.88869,-0.01373,10
1.0,-5.0000,2.490000,8.36116e-05,0.005592,0.001423,0.004413,0.017336,1.131226,0.037427,0.058012,1.753429,0.88839,-0.01384,10
1.0,-5.0000,2.491000,8.39770e-05,0.005623,0.001429,0.004434,0.017446,1.131638,0.037500,0.058173,1.755476,0.88809,-0.01395,10
1.0,-5.0000,2.492000,8.43451e-05,0.005654,0.001435,0.004455,0.017557,1.132051,0.037574,0.058335,1.757527,0.88779,-0.01405,10
1.0,-5.0000,2.493000,8.47161e-05,0.005686,0.001441,0.004477,0.017668,1.132467,0.037648,0.058497,1.759584,0.88748,-0.01416,10
1.0,-5.0000,2.494000,8.50899e-05,0.005717,0.001447,0.004499,0.017781,1.132884,0.037723,0.058660,1.761645,0.88718,-0.01427,10
1.0,-5.0000,2.495000,8.54665e-05,0.005749,0.001452,0.004521,0.017894,1.133304,0.037798,0.058823,1.763711,0.88687,-0.01438,10
1.0,-5.0000,2.496000,8.58461e-05,0.005781,0.001458,0.004543,0.018008,1.133726,0.037873,0.058987,1.765782,0.88657,-0.01450,10
1.0,-5.0000,2.497000,8.62286e-05,0.005813,0.001464,0.004565,0.018124,1.134150,0.037949,0.059152,1.767858,0.88626,-0.01461,10
1.0,-5.0000,2.498000,8.66141e-05,0.005846,0.001470,0.004588,0.018240,1.134576,0.038024,0.059318,1.769939,0.88595,-0.01472,10
1.0,-5.0000,2.499000,8.70026e-05,0.005879,0.001476,0.004610,0.018357,1.135004,0.038101,0.059485,1.772025,0.88564,-0.01484,10
1.0,-5.0000,2.500000,8.73941e-05,0.005912,0.001483,0.004633,0.018475,1.135434,0.038177,0.059652,1.774116,0.88533,-0.01495,10
1.0,-5.0000,2.501000,8.77887e-05,0.005946,0.001489,0.004656,0.018595,1.135867,0.038254,0.059820,1.776212,0.88502,-0.01507,10
1.0,-5.0000,2.502000,8.81865e-05,0.005979,0.001495,0.004679,0.018715,1.136302,0.038331,0.059988,1.778313,0.88470,-0.01519,10
1.0,-5.0000,2.503000,8.85874e-05,0.006013,0.001501,0.004702,0.018836,1.136739,0.038409,0.060157,1.780420,0.88439,-0.01531,10
1.0,-5.0000,2.504000,8.89916e-05,0.006047,0.001507,0.004726,0.018958,1.137178,0.038486,0.060328,1.782532,0.88407,-0.01543,10
1.0,-5.0000,2.505000,8.93989e-05,0.006082,0.001514,0.004749,0.019082,1.137620,0.038565,0.060498,1.784648,0.88375,-0.01555,10
1.0,-5.0000,2.506000,8.98096e-05,0.006117,0.001520,0.004773,0.019206,1.138064,0.038643,0.060670,1.786771,0.88343,-0.01568,10
1.0,-5.0000,2.507000,9.02236e-05,0.006152,0.001526,0.004797,0.019332,1.138510,0.038722,0.060842,1.788898,0.88311,-0.01580,10
1.0,-5.0000,2.508000,9.06410e-05,0.006187,0.001533,0.004821,0.019458,1.138959,0.038801,0.061015,1.791031,0.88279,-0.01593,10
1.0,-5.0000,2.509000,9.10618e-05,0.006223,0.001539,0.004845,0.019586,1.139410,0.038881,0.061189,1.793169,0.88247,-0.01606,10
1.0,-5.0000,2.510000,9.14861e-05,0.006258,0.001546,0.004869,0.019715,1.139863,0.038961,0.061364,1.795313,0.88214,-0.01618,10
1.0,-5.0000,2.511000,9.19138e-05,0.006295,0.001552,0.004894,0.019844,1.140319,0.039041,0.061540,1.797462,0.88181,-0.01631,10
1.0,-5.0000,2.512000,9.23452e-05,0.006331,0.001559,0.004919,0.019975,1.140777,0.039122,0.061716,1.799617,0.88149,-0.01644,10
1.0,-5.0000,2.513000,9.27801e-05,0.006368,0.001566,0.004943,0.020108,1.141238,0.039203,0.061893,1.801778,0.88116,-0.01658,10
1.0,-5.0000,2.514000,9.32187e-05,0.006405,0.001572,0.004969,0.020241,1.141701,0.039284,0.062071,1.803944,0.88083,-0.01671,10
1.0,-5.0000,2.515000,9.36609e-05,0.006443,0.001579,0.004994,0.020375,1.142167,0.039366,0.062249,1.806116,0.88049,-0.01685,10
1.0,-5.0000,2.516000,9.41070e-05,0.006480,0.001586,0.005019,0.020511,1.142635,0.039448,0.062429,1.808293,0.88016,-0.01698,10
1.0,-5.0000,2.517000,9.45568e-05,0.006518,0.001593,0.005045,0.020648,1.143106,0.039531,0.062609,1.810476,0.87983,-0.01712,10
1.0,-5.0000,2.518000,9.50105e-05,0.006557,0.001600,0.005071,0.020786,1.143579,0.039613,0.062791,1.812666,0.87949,-0.01726,10
1.0,-5.0000,2.519000,9.54681e-05,0.006596,0.001606,0.005097,0.020926,1.144055,0.039697,0.062973,1.814861,0.87915,-0.01740,10
1.0,-5.0000,2.520000,9.59296e-05,0.006635,0.001613,0.005123,0.021066,1.144534,0.039780,0.063156,1.817062,0.87881,-0.01754,10
1.0,-5.0000,2.521000,9.63951e-05,0.006674,0.001620,0.005149,0.021208,1.145015,0.039865,0.063339,1.819268,0.87847,-0.01768,10
1.0,-5.0000,2.522000,9.68648e-05,0.006714,0.001628,0.005176,0.021351,1.145499,0.039949,0.063524,1.821481,0.87813,-0.01783,10
1.0,-5.0000,2.523000,9.73385e-05,0.006754,0.001635,0.005203,0.021496,1.145985,0.040034,0.063709,1.823700,0.87778,-0.01798,10
1.0,-5.0000,2.524000,9.78164e-05,0.006794,0.001642,0.005230,0.021641,1.146474,0.040119,0.063896,1.825926,0.87744,-0.01812,10
1.0,-5.0000,2.525000,9.82986e-05,0.006835,0.001649,0.005257,0.021789,1.146966,0.040205,0.064083,1.828157,0.87709,-0.01827,10
1.0,-5.0000,2.526000,9.87851e-05,0.006876,0.001656,0.005285,0.021937,1.147461,0.040291,0.064271,1.830395,0.87674,-0.01842,10
1.0,-5.0000,2.527000,9.92759e-05,0.006918,0.001664,0.005312,0.022087,1.147959,0.040378,0.064460,1.832638,0.87639,-0.01858,10
1.0,-5.0000,2.528000,9.97712e-05,0.006959,0.001671,0.005340,0.022238,1.148459,0.040465,0.064650,1.834889,0.87604,-0.01873,10
1.0,-5.0000,2.529000,1.00271e-04,0.007002,0.001679,0.005368,0.022391,1.148963,0.040552,0.064841,1.837145,0.87569,-0.01889,10
1.0,-5.0000,2.530000,1.00776e-04,0.007044,0.001686,0.005396,0.022545,1.149470,0.040640,0.065033,1.839411,0.87533,-0.01904,12
1.0,-5.0000,2.531000,1.01285e-04,0.007087,0.001694,0.005425,0.022700,1.149979,0.040728,0.065226,1.841680,0.87497,-0.01920,12
1.0,-5.0000,2.532000,1.01798e-04,0.007131,0.001701,0.005454,0.022857,1.150491,0.040817,0.065420,1.843957,0.87461,-0.01936,12
1.0,-5.0000,2.533000,1.02317e-04,0.007174,0.001709,0.005483,0.023016,1.151006,0.040906,0.065614,1.846239,0.87425,-0.01953,12
1.0,-5.0000,2.534000,1.02840e-04,0.007219,0.001717,0.005512,0.023176,1.151524,0.040996,0.065810,1.848529,0.87389,-0.01969,12
1.0,-5.0000,2.535000,1.03368e-04,0.007263,0.001725,0.005541,0.023337,1.152045,0.041086,0.066006,1.850826,0.87353,-0.01986,12
1.0,-5.0000,2.536000,1.03901e-04,0.007308,0.001732,0.005571,0.023500,1.152569,0.041176,0.066204,1.853129,0.87316,-0.02003,12
1.0,-5.0000,2.537000,1.04439e-04,0.007353,0.001740,0.005601,0.023665,1.153097,0.041267,0.066402,1.855439,0.87280,-0.02019,12
1.0,-5.0000,2.538000,1.04983e-04,0.007399,0.001748,0.005631,0.023831,1.153627,0.041358,0.066602,1.857756,0.87243,-0.02037,12
1.0,-5.0000,2.539000,1.05531e-04,0.007445,0.001756,0.005661,0.023998,1.154161,0.041450,0.066803,1.860080,0.87206,-0.02054,12
1.0,-5.0000,2.540000,1.06085e-04,0.007492,0.001764,0.005692,0.024168,1.154697,0.041543,0.067004,1.862411,0.87168,-0.02072,12
1.0,-5.0000,2.541000,1.06644e-04,0.007539,0.001773,0.005723,0.024339,1.155237,0.041636,0.067207,1.864750,0.87131,-0.02089,12
1.0,-5.0000,2.542000,1.07209e-04,0.007587,0.001781,0.005754,0.024511,1.155780,0.041729,0.067410,1.867095,0.87093,-0.02107,12
1.0,-5.0000,2.543000,1.07779e-04,0.007634,0.001789,0.005785,0.024685,1.156327,0.041823,0.067615,1.869448,0.87055,-0.02125,12
1.0,-5.0000,2.544000,1.08355e-04,0.007683,0.001797,0.005817,0.024861,1.156877,0.041917,0.067821,1.871808,0.87017,-0.02144,12
1.0,-5.0000,2.545000,1.08936e-04,0.007732,0.001806,0.005848,0.025039,1.157430,0.042012,0.068028,1.874176,0.86979,-0.02162,12
1.0,-5.0000,2.546000,1.09523e-04,0.007781,0.001814,0.005880,0.025219,1.157987,0.042107,0.068236,1.876551,0.86941,-0.02181,12
1.0,-5.0000,2.547000,1.10117e-04,0.007831,0.001823,0.005913,0.025400,1.158547,0.042203,0.068445,1.878934,0.86902,-0.02200,12
1.0,-5.0000,2.548000,1.10716e-04,0.007881,0.001832,0.005946,0.025583,1.159110,0.042299,0.068655,1.881324,0.86864,-0.02219,12
1.0,-5.0000,2.549000,1.11321e-04,0.007932,0.001840,0.005978,0.025768,1.159678,0.042396,0.068866,1.883722,0.86825,-0.02238,12
1.0,-5.0000,2.550000,1.11933e-04,0.007983,0.001849,0.006012,0.025955,1.160248,0.042493,0.069078,1.886128,0.86786,-0.02258,12
1.0,-5.0000,2.551000,1.12550e-04,0.008035,0.001858,0.006045,0.026143,1.160822,0.042591,0.069292,1.888542,0.86746,-0.02278,12
1.0,-5.0000,2.552000,1.13175e-04,0.008087,0.001867,0.006079,0.026334,1.161400,0.042690,0.069506,1.890964,0.86707,-0.02298,12
1.0,-5.0000,2.553000,1.13805e-04,0.008140,0.001876,0.006113,0.026526,1.161982,0.042789,0.069722,1.893394,0.86667,-0.02318,12
1.0,-5.0000,2.554000,1.14443e-04,0.008193,0.001885,0.006147,0.026721,1.162567,0.042888,0.069939,1.895832,0.86627,-0.02339,12
1.0,-5.0000,2.555000,1.15087e-04,0.008247,0.001894,0.006182,0.026917,1.163156,0.042988,0.070157,1.898279,0.86587,-0.02359,12
1.0,-5.0000,2.556000,1.15738e-04,0.008301,0.001903,0.006217,0.027116,1.163749,0.043089,0.070376,1.900733,0.86546,-0.02380,12
1.0,-5.0000,2.557000,1.16396e-04,0.008356,0.001912,0.006252,0.027317,1.164346,0.043190,0.070597,1.903196,0.86506,-0.02402,12
1.0,-5.0000,2.558000,1.17061e-04,0.008411,0.001922,0.006288,0.027519,1.164947,0.043292,0.070818,1.905668,0.86465,-0.02423,12
1.0,-5.0000,2.559000,1.17733e-04,0.008467,0.001931,0.006323,0.027724,1.165551,0.043394,0.071041,1.908148,0.86424,-0.02445,12
1.0,-5.0000,2.560000,1.18412e-04,0.008524,0.001941,0.006360,0.027931,1.166160,0.043497,0.071265,1.910637,0.86383,-0.02467,12
1.0,-5.0000,2.561000,1.19099e-04,0.008581,0.001950,0.006396,0.028140,1.166773,0.043600,0.071491,1.913134,0.86341,-0.02489,12
1.0,-5.0000,2.562000,1.19794e-04,0.008639,0.001960,0.006433,0.028351,1.167389,0.043705,0.071717,1.915640,0.86300,-0.02512,12
1.0,-5.0000,2.563000,1.20496e-04,0.008697,0.001970,0.006470,0.028565,1.168010,0.043809,0.071945,1.918156,0.86258,-0.02534,12
1.0,-5.0000,2.564000,1.21206e-04,0.008756,0.001980,0.006507,0.028781,1.168635,0.043915,0.072175,1.920680,0.86216,-0.02557,12
1.0,-5.0000,2.565000,1.21925e-04,0.008815,0.001990,0.006545,0.028999,1.169265,0.044021,0.072405,1.923214,0.86173,-0.02581,12
1.0,-5.0000,2.566000,1.22651e-04,0.008875,0.002000,0.006583,0.029220,1.169898,0.044127,0.072637,1.925757,0.86131,-0.02604,12
1.0,-5.0000,2.567000,1.23386e-04,0.008936,0.002010,0.006622,0.029442,1.170536,0.044234,0.072870,1.928309,0.86088,-0.02628,12
1.0,-5.0000,2.568000,1.24129e-04,0.008998,0.002020,0.006661,0.029668,1.171179,0.044342,0.073105,1.930871,0.86045,-0.02652,12
1.0,-5.0000,2.569000,1.24880e-04,0.009060,0.002030,0.006700,0.029896,1.171826,0.044451,0.073341,1.933442,0.86002,-0.02677,12
1.0,-5.0000,2.570000,1.25641e-04,0.009122,0.002041,0.006739,0.030126,1.172477,0.044560,0.073578,1.936023,0.85958,-0.02702,12
1.0,-5.0000,2.571000,1.26411e-04,0.009186,0.002051,0.006779,0.030359,1.173133,0.044670,0.073817,1.938614,0.85914,-0.02727,12
1.0,-5.0000,2.572000,1.27189e-04,0.009250,0.002062,0.006820,0.030594,1.173793,0.044780,0.074057,1.941215,0.85870,-0.02752,12
1.0,-5.0000,2.573000,1.27977e-04,0.009315,0.002072,0.006860,0.030833,1.174459,0.044891,0.074299,1.943826,0.85826,-0.02778,12
1.0,-5.0000,2.574000,1.28775e-04,0.009380,0.002083,0.006901,0.031073,1.175129,0.045003,0.074542,1.946447,0.85782,-0.02804,12
1.0,-5.0000,2.575000,1.29582e-04,0.009446,0.002094,0.006943,0.031317,1.175804,0.045116,0.074787,1.949078,0.85737,-0.02831,12
1.0,-5.0000,2.576000,1.30399e-04,0.009513,0.002105,0.006985,0.031563,1.176483,0.045229,0.075033,1.951720,0.85692,-0.02857,12
1.0,-5.0000,2.577000,1.31226e-04,0.009581,0.002116,0.007027,0.031812,1.177168,0.045343,0.075280,1.954372,0.85647,-0.02885,12
1.0,-5.0000,2.578000,1.32063e-04,0.009649,0.002127,0.007070,0.032065,1.177859,0.045458,0.075530,1.957037,0.85601,-0.02912,14
1.0,-5.0000,2.579000,1.32911e-04,0.009718,0.002139,0.007113,0.032320,1.178554,0.045574,0.075780,1.959711,0.85555,-0.02940,14
1.0,-5.0000,2.580000,1.33770e-04,0.009788,0.002150,0.007156,0.032578,1.179254,0.045690,0.076032,1.962396,0.85509,-0.02968,14
1.0,-5.0000,2.581000,1.34639e-04,0.009859,0.002162,0.007200,0.032839,1.179959,0.045807,0.076286,1.965092,0.85463,-0.02997,14
1.0,-5.0000,2.582000,1.35519e-04,0.009931,0.002173,0.007244,0.033103,1.180669,0.045925,0.076542,1.967799,0.85416,-0.03025,14
1.0,-5.0000,2.583000,1.36411e-04,0.010003,0.002185,0.007289,0.033370,1.181385,0.046043,0.076799,1.970518,0.85369,-0.03055,14
1.0,-5.0000,2.584000,1.37315e-04,0.010076,0.002197,0.007334,0.033640,1.182107,0.046162,0.077057,1.973248,0.85322,-0.03084,14
1.0,-5.0000,2.585000,1.38230e-04,0.010150,0.002209,0.007380,0.033913,1.182833,0.046283,0.077318,1.975990,0.85275,-0.03115,14
1.0,-5.0000,2.586000,1.39157e-04,0.010225,0.002221,0.007426,0.034190,1.183566,0.046403,0.077580,1.978743,0.85227,-0.03145,14
1.0,-5.0000,2.587000,1.40097e-04,0.010301,0.002233,0.007473,0.034470,1.184304,0.046525,0.077843,1.981509,0.85179,-0.03176,14
1.0,-5.0000,2.588000,1.41049e-04,0.010378,0.002246,0.007520,0.034754,1.185048,0.046648,0.078109,1.984287,0.85130,-0.03207,14
1.0,-5.0000,2.589000,1.42014e-04,0.010455,0.002258,0.007568,0.035041,1.185797,0.046771,0.078376,1.987077,0.85082,-0.03239,14
1.0,-5.0000,2.590000,1.42993e-04,0.010534,0.002271,0.007616,0.035331,1.186553,0.046895,0.078645,1.989879,0.85033,-0.03271,14
1.0,-5.0000,2.591000,1.43985e-04,0.010613,0.002283,0.007664,0.035625,1.187315,0.047021,0.078916,1.992694,0.84983,-0.03304,14
1.0,-5.0000,2.592000,1.44990e-04,0.010694,0.002296,0.007713,0.035923,1.188083,0.047147,0.079188,1.995522,0.84934,-0.03337,14
1.0,-5.0000,2.593000,1.46010e-04,0.010775,0.002309,0.007763,0.036224,1.188857,0.047274,0.079463,1.998364,0.84884,-0.03370,14
1.0,-5.0000,2.594000,1.47044e-04,0.010858,0.002322,0.007813,0.036530,1.189637,0.047401,0.079739,2.001218,0.84833,-0.03404,14
1.0,-5.0000,2.595000,1.48093e-04,0.010941,0.002335,0.007864,0.036839,1.190424,0.047530,0.080017,2.004086,0.84783,-0.03439,14
1.0,-5.0000,2.596000,1.49157e-04,0.011026,0.002349,0.007915,0.037152,1.191217,0.047660,0.080298,2.006967,0.84732,-0.03474,14
1.0,-5.0000,2.597000,1.50237e-04,0.011111,0.002362,0.007967,0.037469,1.192017,0.047790,0.080580,2.009862,0.84681,-0.03509,14
1.0,-5.0000,2.598000,1.51332e-04,0.011198,0.002376,0.008019,0.037790,1.192823,0.047922,0.080864,2.012771,0.84629,-0.03545,14
1.0,-5.0000,2.599000,1.52444e-04,0.011285,0.002390,0.008072,0.038115,1.193636,0.048055,0.081150,2.015694,0.84577,-0.03582,14
1.0,-5.0000,2.600000,1.53572e-04,0.011374,0.002404,0.008125,0.038445,1.194457,0.048188,0.081438,2.018632,0.84525,-0.03619,14
1.0,-5.0000,2.601000,1.54717e-04,0.011464,0.002418,0.008179,0.038779,1.195284,0.048323,0.081728,2.021584,0.84472,-0.03657,14
1.0,-5.0000,2.602000,1.55880e-04,0.011555,0.002432,0.008234,0.039117,1.196118,0.048458,0.082021,2.024551,0.84419,-0.03695,14
1.0,-5.0000,2.603000,1.57060e-04,0.011648,0.002447,0.008290,0.039460,1.196960,0.048595,0.082315,2.027533,0.84366,-0.03734,14
1.0,-5.0000,2.604000,1.58259e-04,0.011741,0.002461,0.008345,0.039808,1.197809,0.048733,0.082612,2.030531,0.84312,-0.03773,14
1.0,-5.0000,2.605000,1.59476e-04,0.011836,0.002476,0.008402,0.040160,1.198666,0.048872,0.082911,2.033544,0.84258,-0.03813,14
1.0,-5.0000,2.606000,1.60713e-04,0.011932,0.002491,0.008459,0.040517,1.199530,0.049011,0.083212,2.036573,0.84204,-0.03853,14
1.0,-5.0000,2.607000,1.61970e-04,0.012030,0.002506,0.008517,0.040879,1.200402,0.049152,0.083515,2.039618,0.84149,-0.03894,14
1.0,-5.0000,2.608000,1.63247e-04,0.012128,0.002522,0.008576,0.041247,1.201283,0.049295,0.083821,2.042682,0.84093,-0.03936,16
1.0,-5.0000,2.609000,1.64545e-04,0.012229,0.002537,0.008635,0.041619,1.202171,0.049438,0.084130,2.045760,0.84038,-0.03979,16
1.0,-5.0000,2.610000,1.65864e-04,0.012330,0.002553,0.008695,0.041997,1.203068,0.049582,0.084440,2.048854,0.83982,-0.04022,16
1.0,-5.0000,2.611000,1.67205e-04,0.012433,0.002569,0.008756,0.042379,1.203972,0.049728,0.084753,2.051966,0.83925,-0.04066,16
1.0,-5.0000,2.612000,1.68568e-04,0.012537,0.002585,0.008817,0.042767,1.204885,0.049875,0.085068,2.055096,0.83868,-0.04110,16
1.0,-5.0000,2.613000,1.69955e-04,0.012643,0.002601,0.008880,0.043161,1.205807,0.050023,0.085386,2.058243,0.83811,-0.04155,16
1.0,-5.0000,2.614000,1.71366e-04,0.012750,0.002618,0.008943,0.043561,1.206738,0.050172,0.085707,2.061408,0.83753,-0.04201,16
1.0,-5.0000,2.615000,1.72801e-04,0.012859,0.002634,0.009006,0.043966,1.207677,0.050323,0.086030,2.064592,0.83695,-0.04248,16
1.0,-5.0000,2.616000,1.74261e-04,0.012969,0.002651,0.009071,0.044377,1.208626,0.050475,0.086355,2.067795,0.83636,-0.04295,16
1.0,-5.0000,2.617000,1.75748e-04,0.013081,0.002668,0.009136,0.044795,1.209584,0.050628,0.086684,2.071016,0.83577,-0.04343,16
1.0,-5.0000,2.618000,1.77261e-04,0.013195,0.002685,0.009203,0.045219,1.210551,0.050783,0.087015,2.074257,0.83517,-0.04392,16
1.0,-5.0000,2.619000,1.78801e-04,0.013310,0.002703,0.009270,0.045649,1.211529,0.050939,0.087349,2.077517,0.83457,-0.04442,16
1.0,-5.0000,2.620000,1.80370e-04,0.013427,0.002721,0.009338,0.046085,1.212516,0.051096,0.087686,2.080798,0.83397,-0.04493,16
1.0,-5.0000,2.621000,1.81968e-04,0.013546,0.002739,0.009407,0.046529,1.213513,0.051255,0.088025,2.084099,0.83336,-0.04544,16
1.0,-5.0000,2.622000,1.83596e-04,0.013667,0.002757,0.009476,0.046979,1.214520,0.051415,0.088368,2.087421,0.83274,-0.04597,16
1.0,-5.0000,2.623000,1.85256e-04,0.013789,0.002775,0.009547,0.047436,1.215538,0.051577,0.088713,2.090764,0.83212,-0.04650,16
1.0,-5.0000,2.624000,1.86947e-04,0.013914,0.002794,0.009619,0.047901,1.216567,0.051740,0.089062,2.094129,0.83149,-0.04704,16
1.0,-5.0000,2.625000,1.88671e-04,0.014040,0.002813,0.009691,0.048372,1.217606,0.051905,0.089414,2.097517,0.83086,-0.04759,16
1.0,-5.0000,2.626000,1.90429e-04,0.014168,0.002832,0.009765,0.048852,1.218657,0.052071,0.089769,2.100926,0.83023,-0.04816,16
1.0,-5.0000,2.627000,1.92223e-04,0.014299,0.002852,0.009840,0.049339,1.219719,0.052239,0.090127,2.104359,0.82959,-0.04873,16
1.0,-5.0000,2.628000,1.94053e-04,0.014431,0.002871,0.009915,0.049834,1.220792,0.052409,0.090488,2.107815,0.82894,-0.04931,16
1.0,-5.0000,2.629000,1.95922e-04,0.014566,0.002891,0.009992,0.050338,1.221879,0.052580,0.090854,2.111298,0.82829,-0.04990,18
1.0,-5.0000,2.630000,1.97828e-04,0.014703,0.002912,0.010070,0.050850,1.222977,0.052753,0.091222,2.114803,0.82763,-0.05051,18
1.0,-5.0000,2.631000,1.99775e-04,0.014842,0.002932,0.010149,0.051371,1.224088,0.052928,0.091594,2.118333,0.82696,-0.05112,18
1.0,-5.0000,2.632000,2.01764e-04,0.014984,0.002953,0.010229,0.051900,1.225211,0.053104,0.091969,2.121888,0.82629,-0.05175,18
1.0,-5.0000,2.633000,2.03795e-04,0.015128,0.002975,0.010311,0.052438,1.226347,0.053283,0.092348,2.125470,0.82561,-0.05239,18
1.0,-5.0000,2.634000,2.05872e-04,0.015274,0.002996,0.010393,0.052986,1.227496,0.053463,0.092731,2.129078,0.82493,-0.05304,18
1.0,-5.0000,2.635000,2.07994e-04,0.015423,0.003018,0.010477,0.053544,1.228659,0.053645,0.093118,2.132714,0.82424,-0.05370,18
1.0,-5.0000,2.636000,2.10165e-04,0.015575,0.003040,0.010562,0.054111,1.229836,0.053829,0.093508,2.136378,0.82355,-0.05438,18
1.0,-5.0000,2.637000,2.12386e-04,0.015729,0.003063,0.010649,0.054688,1.231027,0.054016,0.093903,2.140070,0.82284,-0.05507,18
1.0,-5.0000,2.638000,2.14658e-04,0.015886,0.003086,0.010737,0.055276,1.232233,0.054204,0.094302,2.143791,0.82213,-0.05577,18
1.0,-5.0000,2.639000,2.16984e-04,0.016046,0.003109,0.010826,0.055875,1.233454,0.054394,0.094705,2.147543,0.82142,-0.05649,18
1.0,-5.0000,2.640000,2.19366e-04,0.016209,0.003133,0.010916,0.056485,1.234691,0.054587,0.095112,2.151325,0.82069,-0.05722,18
1.0,-5.0000,2.641000,2.21807e-04,0.016375,0.003157,0.011009,0.057107,1.235943,0.054781,0.095523,2.155139,0.81996,-0.05797,18
1.0,-5.0000,2.642000,2.24308e-04,0.016544,0.003181,0.011102,0.057740,1.237212,0.054978,0.095939,2.158985,0.81922,-0.05873,18
1.0,-5.0000,2.643000,2.26873e-04,0.016716,0.003206,0.011197,0.058386,1.238498,0.055178,0.096361,2.162867,0.81848,-0.05951,20
1.0,-5.0000,2.644000,2.29503e-04,0.016892,0.003231,0.011294,0.059044,1.239801,0.055380,0.096786,2.166780,0.81772,-0.06030,20
1.0,-5.0000,2.645000,2.32201e-04,0.017071,0.003257,0.011393,0.059715,1.241121,0.055584,0.097216,2.170728,0.81696,-0.06112,20
1.0,-5.0000,2.646000,2.34971e-04,0.017254,0.003283,0.011493,0.060399,1.242459,0.055791,0.097652,2.174712,0.81619,-0.06195,20
1.0,-5.0000,2.647000,2.37815e-04,0.017440,0.003310,0.011595,0.061098,1.243816,0.056000,0.098092,2.178733,0.81541,-0.06280,20
1.0,-5.0000,2.648000,2.40738e-04,0.017630,0.003337,0.011699,0.061810,1.245192,0.056212,0.098538,2.182791,0.81462,-0.06367,20
1.0,-5.0000,2.649000,2.43742e-04,0.017824,0.003364,0.011804,0.062538,1.246587,0.056427,0.098989,2.186889,0.81383,-0.06455,20
1.0,-5.0000,2.650000,2.46832e-04,0.018022,0.003392,0.011912,0.063280,1.248003,0.056644,0.099446,2.191026,0.81302,-0.06546,20
1.0,-5.0000,2.651000,2.50011e-04,0.018224,0.003421,0.012021,0.064039,1.249440,0.056865,0.099908,2.195205,0.81220,-0.06639,20
1.0,-5.0000,2.652000,2.53285e-04,0.018431,0.003450,0.012133,0.064814,1.250899,0.057088,0.100377,2.199426,0.81138,-0.06734,20
1.0,-5.0000,2.653000,2.56656e-04,0.018642,0.003480,0.012247,0.065606,1.252380,0.057315,0.100851,2.203691,0.81054,-0.06832,20
1.0,-5.0000,2.654000,2.60134e-04,0.018859,0.003510,0.012363,0.066417,1.253886,0.057545,0.101332,2.208003,0.80970,-0.06932,22
1.0,-5.0000,2.655000,2.63718e-04,0.019079,0.003541,0.012481,0.067245,1.255413,0.057778,0.101819,2.212360,0.80884,-0.07034,22
1.0,-5.0000,2.656000,2.67418e-04,0.019305,0.003573,0.012602,0.068093,1.256966,0.058014,0.102313,2.216765,0.80798,-0.07139,22
1.0,-5.0000,2.657000,2.71238e-04,0.019536,0.003605,0.012725,0.068960,1.258544,0.058254,0.102814,2.221219,0.80710,-0.07247,22
1.0,-5.0000,2.658000,2.75186e-04,0.019773,0.003638,0.012851,0.069848,1.260148,0.058498,0.103322,2.225725,0.80621,-0.07357,22
1.0,-5.0000,2.659000,2.79269e-04,0.020016,0.003672,0.012979,0.070758,1.261780,0.058746,0.103837,2.230284,0.80531,-0.07470,22
1.0,-5.0000,2.660000,2.83494e-04,0.020264,0.003706,0.013111,0.071690,1.263439,0.058997,0.104360,2.234898,0.80439,-0.07587,22
1.0,-5.0000,2.661000,2.87871e-04,0.020518,0.003741,0.013245,0.072645,1.265129,0.059252,0.104891,2.239569,0.80346,-0.07706,22
1.0,-5.0000,2.662000,2.92410e-04,0.020780,0.003777,0.013382,0.073625,1.266850,0.059512,0.105430,2.244302,0.80252,-0.07829,24
1.0,-5.0000,2.663000,2.97116e-04,0.021048,0.003814,0.013522,0.074631,1.268601,0.059776,0.105977,2.249094,0.80157,-0.07956,24
1.0,-5.0000,2.664000,3.02004e-04,0.021323,0.003851,0.013666,0.075663,1.270386,0.060045,0.106533,2.253949,0.80060,-0.08086,24
1.0,-5.0000,2.665000,3.07084e-04,0.021605,0.003890,0.013813,0.076723,1.272205,0.060318,0.107099,2.258871,0.79962,-0.08220,24
1.0,-5.0000,2.666000,3.12370e-04,0.021895,0.003929,0.013964,0.077812,1.274059,0.060597,0.107673,2.263862,0.79862,-0.08357,24
1.0,-5.0000,2.667000,3.17876e-04,0.022194,0.003970,0.014118,0.078932,1.275951,0.060880,0.108258,2.268925,0.79760,-0.08499,24
1.0,-5.0000,2.668000,3.23620e-04,0.022501,0.004011,0.014277,0.080085,1.277884,0.061169,0.108853,2.274065,0.79657,-0.08646,26
1.0,-5.0000,2.669000,3.29613e-04,0.022817,0.004054,0.014439,0.081271,1.279855,0.061463,0.109459,2.279282,0.79552,-0.08797,26
1.0,-5.0000,2.670000,3.35879e-04,0.023143,0.004098,0.014606,0.082493,1.281870,0.061764,0.110076,2.284581,0.79445,-0.08953,26
1.0,-5.0000,2.671000,3.42436e-04,0.023479,0.004143,0.014777,0.083752,1.283929,0.062070,0.110705,2.289965,0.79337,-0.09115,26
1.0,-5.0000,2.672000,3.49309e-04,0.023825,0.004189,0.014954,0.085052,1.286036,0.062383,0.111347,2.295440,0.79226,-0.09281,26
1.0,-5.0000,2.673000,3.56527e-04,0.024183,0.004237,0.015135,0.086394,1.288193,0.062703,0.112001,2.301012,0.79113,-0.09454,28
1.0,-5.0000,2.674000,3.64113e-04,0.024553,0.004286,0.015322,0.087780,1.290402,0.063029,0.112669,2.306682,0.78998,-0.09633,28
1.0,-5.0000,2.675000,3.72103e-04,0.024935,0.004336,0.015514,0.089214,1.292665,0.063364,0.113352,2.312456,0.78881,-0.09819,28
1.0,-5.0000,2.676000,3.80533e-04,0.025331,0.004389,0.015713,0.090698,1.294986,0.063706,0.114049,2.318341,0.78762,-0.10011,28
1.0,-5.0000,2.677000,3.89449e-04,0.025742,0.004442,0.015918,0.092237,1.297370,0.064057,0.114763,2.324346,0.78639,-0.10211,30
1.0,-5.0000,2.678000,3.98892e-04,0.026167,0.004498,0.016130,0.093832,1.299819,0.064416,0.115493,2.330473,0.78514,-0.10419,30
1.0,-5.0000,2.679000,4.08920e-04,0.026609,0.004556,0.016349,0.095488,1.302337,0.064785,0.116242,2.336731,0.78387,-0.10636,30
1.0,-5.0000,2.680000,4.19599e-04,0.027069,0.004616,0.016576,0.097212,1.304930,0.065165,0.117010,2.343133,0.78256,-0.10862,32
1.0,-5.0000,2.681000,4.30994e-04,0.027548,0.004678,0.016812,0.099005,1.307602,0.065555,0.117798,2.349683,0.78122,-0.11098,32
1.0,-5.0000,2.682000,4.43193e-04,0.028048,0.004742,0.017056,0.100875,1.310358,0.065956,0.118607,2.356393,0.77984,-0.11345,32
1.0,-5.0000,2.683000,4.56301e-04,0.028570,0.004810,0.017311,0.102830,1.313208,0.066370,0.119441,2.363279,0.77843,-0.11604,34
1.0,-5.0000,2.684000,4.70424e-04,0.029116,0.004880,0.017576,0.104873,1.316155,0.066797,0.120300,2.370348,0.77698,-0.11875,34
1.0,-5.0000,2.685000,4.85712e-04,0.029689,0.004953,0.017853,0.107016,1.319211,0.067239,0.121186,2.377621,0.77548,-0.12161,36
1.0,-5.0000,2.686000,5.02323e-04,0.030290,0.005029,0.018142,0.109265,1.322381,0.067697,0.122102,2.385111,0.77394,-0.12461,36
1.0,-5.0000,2.687000,5.20470e-04,0.030924,0.005110,0.018446,0.111635,1.325680,0.068172,0.123050,2.392843,0.77235,-0.12779,38
1.0,-5.0000,2.688000,5.40393e-04,0.031593,0.005194,0.018765,0.114135,1.329118,0.068666,0.124034,2.400834,0.77070,-0.13116,38
1.0,-5.0000,2.689000,5.62415e-04,0.032302,0.005283,0.019101,0.116783,1.332712,0.069181,0.125057,2.409118,0.76899,-0.13474,40
1.0,-5.0000,2.690000,5.86924e-04,0.033055,0.005377,0.019456,0.119596,1.336479,0.069719,0.126123,2.417724,0.76721,-0.13855,42
1.0,-5.0000,2.691000,6.14427e-04,0.033859,0.005478,0.019833,0.122595,1.340439,0.070283,0.127238,2.426690,0.76536,-0.14263,44
1.0,-5.0000,2.692000,6.45584e-04,0.034720,0.005584,0.020234,0.125806,1.344617,0.070876,0.128408,2.436065,0.76342,-0.14703,46
1.0,-5.0000,2.693000,6.81286e-04,0.035648,0.005699,0.020664,0.129262,1.349047,0.071504,0.129641,2.445906,0.76138,-0.15177,48
1.0,-5.0000,2.694000,7.22756e-04,0.036653,0.005822,0.021127,0.133005,1.353766,0.072170,0.130946,2.456285,0.75924,-0.15693,50
1.0,-5.0000,2.695000,7.71747e-04,0.037750,0.005956,0.021629,0.137090,1.358828,0.072882,0.132336,2.467301,0.75696,-0.16260,54
1.0,-5.0000,2.696000,8.30830e-04,0.038959,0.006103,0.022179,0.141587,1.364300,0.073649,0.133828,2.479075,0.75452,-0.16886,58
1.0,-5.0000,2.697000,9.04027e-04,0.040307,0.006265,0.022787,0.146594,1.370275,0.074483,0.135445,2.491779,0.75190,-0.17587,62
1.0,-5.0000,2.698000,9.98051e-04,0.041833,0.006448,0.023470,0.152257,1.376888,0.075403,0.137219,2.505662,0.74903,-0.18385,68
1.0,-5.0000,2.699000,1.12512e-03,0.043598,0.006659,0.024252,0.158797,1.384347,0.076436,0.139201,2.521104,0.74585,-0.19313,76
1.0,-5.0000,2.700000,1.31062e-03,0.045704,0.006907,0.025177,0.166590,1.393000,0.077627,0.141475,2.538743,0.74223,-0.20426,88
1.0,-5.0000,2.701000,1.61969e-03,0.048351,0.007217,0.026327,0.176368,1.403523,0.079067,0.144207,2.559815,0.73791,-0.21836,106
1.0,-5.0000,2.702000,2.30569e-03,0.052055,0.007647,0.027913,0.190023,1.417645,0.080985,0.147815,2.587487,0.73228,-0.23825,146
1.0,-5.0000,2.703000,1.29734e-02,0.060671,0.008627,0.031516,0.221638,1.448138,0.085072,0.155389,2.645100,0.72074,-0.28523,568
1.0,-5.0000,2.704000,9.28585e-06,1.424917,0.139245,0.509054,5.209223,3.097981,0.249288,0.455674,5.662812,0.59771,-18.23764,160
1.0,-5.0000,2.705000,9.64618e-06,1.434819,0.140108,0.512588,5.249302,3.107888,0.250070,0.457442,5.685124,0.59770,-18.46943,56
1.0,-5.0000,2.706000,9.99301e-06,1.444675,0.140966,0.516107,5.289272,3.117748,0.250847,0.459202,5.707377,0.59770,-18.70201,49
1.0,-5.0000,2.707000,1.03272e-05,1.454473,0.141817,0.519608,5.329080,3.127545,0.251617,0.460952,5.729544,0.59770,-18.93509,49
1.0,-5.0000,2.708000,1.06494e-05,1.464214,0.142662,0.523090,5.368732,3.137281,0.252380,0.462693,5.751628,0.59770,-19.16868,55
1.0,-5.0000,2.709000,1.09602e-05,1.473907,0.143502,0.526557,5.408265,3.146968,0.253138,0.464425,5.773648,0.59771,-19.40297,55
1.0,-5.0000,2.710000,1.12599e-05,1.483554,0.144336,0.530010,5.447685,3.156606,0.253891,0.466150,5.795608,0.59771,-19.63799,48
1.0,-5.0000,2.711000,1.15494e-05,1.493148,0.145164,0.533445,5.486960,3.166187,0.254637,0.467865,5.817490,0.59771,-19.87356,48
1.0,-5.0000,2.712000,1.18291e-05,1.502689,0.145987,0.536863,5.526098,3.175714,0.255377,0.469572,5.839299,0.59772,-20.10969,54
1.0,-5.0000,2.713000,1.20993e-05,1.512189,0.146805,0.540269,5.565133,3.185195,0.256113,0.471271,5.861053,0.59773,-20.34657,54
1.0,-5.0000,2.714000,1.23603e-05,1.521647,0.147618,0.543661,5.604071,3.194634,0.256843,0.472964,5.882756,0.59773,-20.58424,47
1.0,-5.0000,2.715000,1.26129e-05,1.531057,0.148425,0.547037,5.642881,3.204021,0.257568,0.474648,5.904390,0.59774,-20.82249,47
1.0,-5.0000,2.716000,1.28574e-05,1.540418,0.149227,0.550399,5.681568,3.213357,0.258287,0.476324,5.925958,0.59775,-21.06135,53
1.0,-5.0000,2.717000,1.30939e-05,1.549742,0.150025,0.553749,5.720168,3.222654,0.259002,0.477994,5.947480,0.59776,-21.30102,53
1.0,-5.0000,2.718000,1.33230e-05,1.559025,0.150818,0.557085,5.758667,3.231907,0.259712,0.479657,5.968948,0.59777,-21.54141,53
1.0,-5.0000,2.719000,1.35447e-05,1.568272,0.151606,0.560410,5.797085,3.241122,0.260417,0.481314,5.990373,0.59778,-21.78263,46
1.0,-5.0000,2.720000,1.37596e-05,1.577474,0.152390,0.563722,5.835393,3.250291,0.261118,0.482964,6.011738,0.59779,-22.02449,46
1.0,-5.0000,2.721000,1.39681e-05,1.586634,0.153169,0.567019,5.873592,3.259415,0.261813,0.484606,6.033047,0.59781,-22.26701,52
1.0,-5.0000,2.722000,1.41701e-05,1.595760,0.153944,0.570307,5.911720,3.268503,0.262505,0.486243,6.054317,0.59782,-22.51038,52
1.0,-5.0000,2.723000,1.43660e-05,1.604849,0.154714,0.573582,5.949762,3.277552,0.263192,0.487874,6.075541,0.59783,-22.75452,51
1.0,-5.0000,2.724000,1.45560e-05,1.613907,0.155481,0.576848,5.987737,3.286569,0.263875,0.489499,6.096729,0.59785,-22.99954,45
1.0,-5.0000,2.725000,1.47404e-05,1.622924,0.156243,0.580102,6.025614,3.295542,0.264553,0.491118,6.117866,0.59787,-23.24524,45
1.0,-5.0000,2.726000,1.49197e-05,1.631903,0.157001,0.583343,6.063398,3.304475,0.265227,0.492731,6.138952,0.59788,-23.49164,51
1.0,-5.0000,2.727000,1.50936e-05,1.640852,0.157755,0.586575,6.101122,3.313377,0.265897,0.494338,6.160007,0.59790,-23.73893,51
1.0,-5.0000,2.728000,1.52625e-05,1.649768,0.158505,0.589796,6.138772,3.322244,0.266563,0.495940,6.181022,0.59792,-23.98704,50
1.0,-5.0000,2.729000,1.54265e-05,1.658655,0.159252,0.593009,6.176367,3.331081,0.267226,0.497538,6.202008,0.59793,-24.23607,44
1.0,-5.0000,2.730000,1.55860e-05,1.667506,0.159994,0.596211,6.213876,3.339880,0.267884,0.499129,6.222948,0.59795,-24.48582,44
1.0,-5.0000,2.731000,1.57412e-05,1.676321,0.160733,0.599401,6.251303,3.348641,0.268539,0.500715,6.243843,0.59797,-24.73630,50
1.0,-5.0000,2.732000,1.58920e-05,1.685109,0.161468,0.602583,6.288680,3.357375,0.269190,0.502296,6.264713,0.59799,-24.98772,50
1.0,-5.0000,2.733000,1.60386e-05,1.693868,0.162199,0.605756,6.325994,3.366076,0.269837,0.503872,6.285549,0.59801,-25.23998,49
1.0,-5.0000,2.734000,1.61813e-05,1.702596,0.162927,0.608920,6.363247,3.374747,0.270480,0.505444,6.306352,0.59803,-25.49310,49
1.0,-5.0000,2.735000,1.63200e-05,1.711300,0.163652,0.612076,6.400456,3.383392,0.271121,0.507011,6.327133,0.59805,-25.74719,43
1.0,-5.0000,2.736000,1.64550e-05,1.719971,0.164373,0.615223,6.437591,3.392001,0.271758,0.508574,6.347873,0.59808,-26.00204,43
1.0,-5.0000,2.737000,1.65867e-05,1.728610,0.165090,0.618359,6.474655,3.400578,0.272390,0.510131,6.368575,0.59810,-26.25765,49
1.0,-5.0000,2.738000,1.67147e-05,1.737225,0.165804,0.621488,6.511680,3.409129,0.273020,0.511684,6.389257,0.59812,-26.51425,49
1.0,-5.0000,2.739000,1.68394e-05,1.745814,0.166515,0.624609,6.548652,3.417653,0.273647,0.513233,6.409911,0.59814,-26.77173,48
1.0,-5.0000,2.740000,1.69609e-05,1.754375,0.167223,0.627722,6.585573,3.426148,0.274270,0.514777,6.430537,0.59817,-27.03010,48
1.0,-5.0000,2.741000,1.70792e-05,1.762911,0.167928,0.630827,6.622445,3.434616,0.274890,0.516318,6.451137,0.59819,-27.28938,48
1.0,-5.0000,2.742000,1.71943e-05,1.771425,0.168629,0.633925,6.659285,3.443062,0.275507,0.517855,6.471720,0.59822,-27.54966,42
1.0,-5.0000,2.743000,1.73067e-05,1.779909,0.169328,0.637014,6.696061,3.451476,0.276121,0.519387,6.492269,0.59824,-27.81075,42
1.0,-5.0000,2.744000,1.74164e-05,1.788364,0.170022,0.640095,6.732777,3.459861,0.276731,0.520914,6.512786,0.59827,-28.07265,48
1.0,-5.0000,2.745000,1.75231e-05,1.796799,0.170715,0.643170,6.769464,3.468224,0.277339,0.522439,6.533288,0.59829,-28.33557,47
1.0,-5.0000,2.746000,1.76272e-05,1.805210,0.171404,0.646237,6.806109,3.476562,0.277943,0.523959,6.553767,0.59832,-28.59941,47
1.0,-5.0000,2.747000,1.77288e-05,1.813598,0.172090,0.649297,6.842713,3.484875,0.278545,0.525476,6.574224,0.59834,-28.86420,47
1.0,-5.0000,2.748000,1.78278e-05,1.821962,0.172774,0.652350,6.879277,3.493164,0.279144,0.526989,6.594660,0.59837,-29.12992,47
1.0,-5.0000,2.749000,1.79243e-05,1.830307,0.173455,0.655398,6.915817,3.501433,0.279740,0.528499,6.615083,0.59840,-29.39669,41
1.0,-5.0000,2.750000,1.80186e-05,1.838626,0.174132,0.658438,6.952304,3.509674,0.280333,0.530005,6.635478,0.59843,-29.66430,41
1.0,-5.0000,2.751000,1.81107e-05,1.846918,0.174807,0.661470,6.988740,3.517888,0.280924,0.531507,6.655845,0.59845,-29.93276,47
1.0,-5.0000,2.752000,1.82004e-05,1.855193,0.175479,0.664496,7.025155,3.526083,0.281511,0.533006,6.676201,0.59848,-30.20227,46
1.0,-5.0000,2.753000,1.82881e-05,1.863446,0.176149,0.667516,7.061536,3.534256,0.282096,0.534502,6.696540,0.59851,-30.47276,46
1.0,-5.0000,2.754000,1.83736e-05,1.871678,0.176816,0.670530,7.097884,3.542407,0.282678,0.535995,6.716860,0.59854,-30.74422,46
1.0,-5.0000,2.755000,1.84571e-05,1.879889,0.177480,0.673538,7.134201,3.550536,0.283258,0.537484,6.737164,0.59857,-31.01665,46
1.0,-5.0000,2.756000,1.85387e-05,1.888079,0.178141,0.676539,7.170486,3.558643,0.283835,0.538970,6.757451,0.59860,-31.29006,46
1.0,-5.0000,2.757000,1.86182e-05,1.896253,0.178801,0.679536,7.206756,3.566734,0.284410,0.540453,6.777730,0.59863,-31.56456,40
1.0,-5.0000,2.758000,1.86960e-05,1.904403,0.179457,0.682526,7.242982,3.574799,0.284982,0.541933,6.797985,0.59866,-31.83994,40
1.0,-5.0000,2.759000,1.87720e-05,1.912533,0.180111,0.685510,7.279180,3.582844,0.285551,0.543409,6.818225,0.59869,-32.11631,40
1.0,-5.0000,2.760000,1.88463e-05,1.920640,0.180762,0.688487,7.315335,3.590865,0.286118,0.544883,6.838443,0.59872,-32.39357,45
1.0,-5.0000,2.761000,1.89188e-05,1.928732,0.181411,0.691460,7.351480,3.598870,0.286682,0.546353,6.858655,0.59875,-32.67195,45
1.0,-5.0000,2.762000,1.89897e-05,1.936805,0.182058,0.694427,7.387599,3.606855,0.287244,0.547821,6.878853,0.59878,-32.95133,45
1.0,-5.0000,2.763000,1.90589e-05,1.944860,0.182702,0.697389,7.423694,3.614821,0.287804,0.549286,6.899038,0.59882,-33.23173,45
1.0,-5.0000,2.764000,1.91266e-05,1.952896,0.183344,0.700345,7.459765,3.622767,0.288361,0.550749,6.919210,0.59885,-33.51314,45
1.0,-5.0000,2.765000,1.91928e-05,1.960914,0.183983,0.703297,7.495813,3.630695,0.288917,0.552208,6.939371,0.59888,-33.79557,45
1.0,-5.0000,2.766000,1.92573e-05,1.968918,0.184621,0.706244,7.531855,3.638609,0.289470,0.553665,6.959527,0.59891,-34.07915,39
1.0,-5.0000,2.767000,1.93205e-05,1.976900,0.185256,0.709185,7.567860,3.646500,0.290020,0.555119,6.979664,0.59895,-34.36363,39
1.0,-5.0000,2.768000,1.93823e-05,1.984865,0.185888,0.712121,7.603844,3.654373,0.290568,0.556571,6.999790,0.59898,-34.64916,39
1.0,-5.0000,2.769000,1.94428e-05,1.992809,0.186518,0.715051,7.639795,3.662224,0.291114,0.558019,7.019898,0.59901,-34.93561,44
1.0,-5.0000,2.770000,1.95019e-05,2.000740,0.187146,0.717977,7.675741,3.670061,0.291658,0.559466,7.040003,0.59905,-35.22321,44
1.0,-5.0000,2.771000,1.95596e-05,2.008655,0.187772,0.720899,7.711669,3.677881,0.292200,0.560909,7.060099,0.59908,-35.51187,44
1.0,-5.0000,2.772000,1.96161e-05,2.016553,0.188396,0.723815,7.747580,3.685685,0.292739,0.562351,7.080185,0.59911,-35.80158,44
1.0,-5.0000,2.773000,1.96714e-05,2.024435,0.189017,0.726728,7.783474,3.693471,0.293277,0.563790,7.100263,0.59915,-36.09234,44
1.0,-5.0000,2.774000,1.97254e-05,2.032300,0.189637,0.729635,7.819352,3.701240,0.293812,0.565226,7.120332,0.59918,-36.38417,44
1.0,-5.0000,2.775000,1.97782e-05,2.040150,0.190254,0.732538,7.855214,3.708993,0.294345,0.566660,7.140392,0.59922,-36.67705,43
1.0,-5.0000,2.776000,1.98298e-05,2.047988,0.190870,0.735438,7.891078,3.716734,0.294877,0.568093,7.160452,0.59925,-36.97113,38
1.0,-5.0000,2.777000,1.98804e-05,2.055806,0.191483,0.738332,7.926911,3.724455,0.295406,0.569522,7.180497,0.59929,-37.26616,38
1.0,-5.0000,2.778000,1.99300e-05,2.063606,0.192094,0.741221,7.962717,3.732156,0.295933,0.570949,7.200527,0.59932,-37.56216,43
1.0,-5.0000,2.779000,1.99784e-05,2.071394,0.192703,0.744107,7.998524,3.739845,0.296458,0.572374,7.220558,0.59936,-37.85935,43
1.0,-5.0000,2.780000,2.00258e-05,2.079168,0.193310,0.746988,8.034320,3.747519,0.296981,0.573797,7.240582,0.59939,-38.15763,43
1.0,-5.0000,2.781000,2.00721e-05,2.086926,0.193915,0.749866,8.070104,3.755178,0.297502,0.575218,7.260600,0.59943,-38.45700,43
1.0,-5.0000,2.782000,2.01175e-05,2.094671,0.194518,0.752739,8.105877,3.762821,0.298022,0.576637,7.280612,0.59947,-38.75746,43
1.0,-5.0000,2.783000,2.01618e-05,2.102401,0.195119,0.755609,8.141640,3.770450,0.298539,0.578053,7.300618,0.59950,-39.05902,43
1.0,-5.0000,2.784000,2.02053e-05,2.110116,0.195719,0.758474,8.177392,3.778064,0.299055,0.579468,7.320619,0.59954,-39.36169,43
1.0,-5.0000,2.785000,2.02477e-05,2.117818,0.196316,0.761336,8.213135,3.785663,0.299568,0.580880,7.340614,0.59958,-39.66545,42
1.0,-5.0000,2.786000,2.02892e-05,2.125509,0.196912,0.764195,8.248885,3.793253,0.300081,0.582291,7.360614,0.59961,-39.97046,37
1.0,-5.0000,2.787000,2.03299e-05,2.133183,0.197505,0.767049,8.284611,3.800824,0.300591,0.583699,7.380600,0.59965,-40.27645,37
1.0,-5.0000,2.788000,2.03697e-05,2.140844,0.198097,0.769899,8.320330,3.808381,0.301099,0.585106,7.400582,0.59969,-40.58357,37
1.0,-5.0000,2.789000,2.04087e-05,2.148491,0.198687,0.772745,8.356041,3.815924,0.301605,0.586510,7.420560,0.59972,-40.89180,37
1.0,-5.0000,2.790000,2.04470e-05,2.156121,0.199275,0.775587,8.391731,3.823449,0.302109,0.587913,7.440527,0.59976,-41.20105,42
1.0,-5.0000,2.791000,2.04843e-05,2.163742,0.199861,0.778426,8.427430,3.830965,0.302612,0.589313,7.460499,0.59980,-41.51154,42
1.0,-5.0000,2.792000,2.05208e-05,2.171350,0.200445,0.781262,8.463123,3.838468,0.303113,0.590712,7.480467,0.59984,-41.82317,42
1.0,-5.0000,2.793000,2.05566e-05,2.178945,0.201028,0.784095,8.498811,3.845957,0.303613,0.592109,7.500432,0.59988,-42.13593,42
1.0,-5.0000,2.794000,2.05916e-05,2.186528,0.201609,0.786923,8.534494,3.853433,0.304110,0.593505,7.520395,0.59991,-42.44984,42
1.0,-5.0000,2.795000,2.06259e-05,2.194097,0.202188,0.789749,8.570172,3.860896,0.304606,0.594898,7.540354,0.59995,-42.76489,41
1.0,-5.0000,2.796000,2.06594e-05,2.201655,0.202765,0.792571,8.605847,3.868347,0.305101,0.596290,7.560312,0.59999,-43.08110,41
1.0,-5.0000,2.797000,2.06923e-05,2.209200,0.203341,0.795390,8.641518,3.875785,0.305593,0.597680,7.580268,0.60003,-43.39845,41
1.0,-5.0000,2.798000,2.07244e-05,2.216734,0.203915,0.798206,8.677187,3.883210,0.306084,0.599069,7.600222,0.60007,-43.71697,41
1.0,-5.0000,2.799000,2.07558e-05,2.224259,0.204488,0.801019,8.712868,3.890627,0.306574,0.600456,7.620183,0.60011,-44.03677,36
1.0,-5.0000,2.800000,2.07865e-05,2.231768,0.205058,0.803828,8.748532,3.898028,0.307062,0.601841,7.640134,0.60015,-44.35761,36
1.0,-5.0000,2.801000,2.08167e-05,2.239266,0.205627,0.806634,8.784194,3.905416,0.307548,0.603224,7.660084,0.60019,-44.67963,36
1.0,-5.0000,2.802000,2.08463e-05,2.246749,0.206194,0.809436,8.819841,3.912789,0.308032,0.604605,7.680027,0.60023,-45.00269,41
1.0,-5.0000,2.803000,2.08751e-05,2.254223,0.206760,0.812236,8.855501,3.920154,0.308515,0.605986,7.699976,0.60026,-45.32705,41
1.0,-5.0000,2.804000,2.09034e-05,2.261687,0.207324,0.815033,8.891161,3.927507,0.308996,0.607364,7.719924,0.60030,-45.65260,41
1.0,-5.0000,2.805000,2.09311e-05,2.269139,0.207886,0.817827,8.926820,3.934849,0.309476,0.608741,7.739873,0.60034,-45.97933,41
1.0,-5.0000,2.806000,2.09581e-05,2.276580,0.208447,0.820618,8.962480,3.942179,0.309954,0.610117,7.759821,0.60038,-46.30724,41
1.0,-5.0000,2.807000,2.09846e-05,2.284010,0.209006,0.823407,8.998141,3.949498,0.310431,0.611491,7.779770,0.60042,-46.63635,41
1.0,-5.0000,2.808000,2.10105e-05,2.291429,0.209564,0.826192,9.033803,3.956805,0.310906,0.612864,7.799718,0.60046,-46.96665,40
1.0,-5.0000,2.809000,2.10359e-05,2.298837,0.210120,0.828974,9.069466,3.964102,0.311380,0.614235,7.819668,0.60051,-47.29815,40
1.0,-5.0000,2.810000,2.10607e-05,2.306235,0.210675,0.831754,9.105131,3.971388,0.311852,0.615604,7.839618,0.60055,-47.63086,40
1.0,-5.0000,2.811000,2.10850e-05,2.313622,0.211228,0.834531,9.140798,3.978662,0.312323,0.616972,7.859570,0.60059,-47.96478,40
1.0,-5.0000,2.812000,2.11087e-05,2.321002,0.211779,0.837306,9.176482,3.985930,0.312793,0.618340,7.879530,0.60063,-48.30003,35
1.0,-5.0000,2.813000,2.11320e-05,2.328369,0.212329,0.840078,9.212155,3.993183,0.313260,0.619705,7.899484,0.60067,-48.63637,35
1.0,-5.0000,2.814000,2.11547e-05,2.335725,0.212878,0.842847,9.247830,4.000426,0.313727,0.621069,7.919439,0.60071,-48.97393,35
1.0,-5.0000,2.815000,2.11770e-05,2.343071,0.213425,0.845613,9.283510,4.007658,0.314192,0.622432,7.939396,0.60075,-49.31271,35
1.0,-5.0000,2.816000,2.11988e-05,2.350407,0.213970,0.848377,9.319193,4.014880,0.314655,0.623793,7.959355,0.60079,-49.65272,35
1.0,-5.0000,2.817000,2.12202e-05,2.357729,0.214514,0.851137,9.354867,4.022088,0.315117,0.625153,7.979309,0.60083,-49.99384,40
1.0,-5.0000,2.818000,2.12410e-05,2.365045,0.215057,0.853896,9.390559,4.029289,0.315578,0.626511,7.999272,0.60087,-50.33631,40
1.0,-5.0000,2.819000,2.12614e-05,2.372352,0.215598,0.856652,9.426255,4.036481,0.316037,0.627869,8.019237,0.60091,-50.68002,40
1.0,-5.0000,2.820000,2.12814e-05,2.379648,0.216137,0.859406,9.461957,4.043662,0.316495,0.629225,8.039205,0.60096,-51.02497,39
1.0,-5.0000,2.821000,2.13009e-05,2.386935,0.216676,0.862157,9.497664,4.050834,0.316952,0.630579,8.059176,0.60100,-51.37116,39
1.0,-5.0000,2.822000,2.13199e-05,2.394213,0.217212,0.864906,9.533377,4.057996,0.317407,0.631933,8.079149,0.60104,-51.71861,39
1.0,-5.0000,2.823000,2.13386e-05,2.401481,0.217748,0.867652,9.569096,4.065148,0.317861,0.633285,8.099126,0.60108,-52.06730,39
1.0,-5.0000,2.824000,2.13568e-05,2.408740,0.218282,0.870396,9.604822,4.072291,0.318314,0.634636,8.119106,0.60112,-52.41726,39
1.0,-5.0000,2.825000,2.13747e-05,2.415990,0.218815,0.873138,9.640554,4.079424,0.318765,0.635986,8.139089,0.60117,-52.76847,39
1.0,-5.0000,2.826000,2.13921e-05,2.423230,0.219346,0.875878,9.676293,4.086548,0.319215,0.637335,8.159076,0.60121,-53.12095,39
1.0,-5.0000,2.827000,2.14091e-05,2.430462,0.219876,0.878615,9.712039,4.093663,0.319664,0.638683,8.179066,0.60125,-53.47469,39
1.0,-5.0000,2.828000,2.14257e-05,2.437688,0.220404,0.881351,9.747807,4.100772,0.320111,0.640029,8.199067,0.60129,-53.82984,34
1.0,-5.0000,2.829000,2.14420e-05,2.444901,0.220932,0.884084,9.783568,4.107868,0.320557,0.641375,8.219065,0.60133,-54.18612,34
1.0,-5.0000,2.830000,2.14579e-05,2.452106,0.221457,0.886815,9.819337,4.114956,0.321002,0.642719,8.239067,0.60138,-54.54369,34
1.0,-5.0000,2.831000,2.14734e-05,2.459302,0.221982,0.889544,9.855115,4.122034,0.321446,0.644062,8.259073,0.60142,-54.90254,34
1.0,-5.0000,2.832000,2.14887e-05,2.466487,0.222505,0.892269,9.890888,4.129100,0.321888,0.645403,8.279077,0.60146,-55.26255,39
1.0,-5.0000,2.833000,2.15035e-05,2.473666,0.223027,0.894993,9.926683,4.136161,0.322329,0.646744,8.299092,0.60151,-55.62398,39
1.0,-5.0000,2.834000,2.15180e-05,2.480836,0.223547,0.897716,9.962488,4.143213,0.322769,0.648084,8.319111,0.60155,-55.98670,39
1.0,-5.0000,2.835000,2.15321e-05,2.487998,0.224066,0.900436,9.998301,4.150256,0.323207,0.649422,8.339135,0.60159,-56.35071,38
1.0,-5.0000,2.836000,2.15459e-05,2.495152,0.224584,0.903154,10.034124,4.157291,0.323645,0.650760,8.359164,0.60163,-56.71602,38
1.0,-5.0000,2.837000,2.15594e-05,2.502297,0.225101,0.905870,10.069957,4.164317,0.324081,0.652096,8.379199,0.60168,-57.08265,38
1.0,-5.0000,2.838000,2.15726e-05,2.509435,0.225616,0.908585,10.105800,4.171335,0.324516,0.653432,8.399238,0.60172,-57.45058,38
1.0,-5.0000,2.839000,2.15854e-05,2.516564,0.226130,0.911297,10.141653,4.178345,0.324949,0.654766,8.419282,0.60176,-57.81982,38
1.0,-5.0000,2.840000,2.15979e-05,2.523685,0.226643,0.914007,10.177517,4.185346,0.325382,0.656100,8.439332,0.60181,-58.19038,38
1.0,-5.0000,2.841000,2.16101e-05,2.530798,0.227155,0.916716,10.213392,4.192340,0.325813,0.657432,8.459388,0.60185,-58.56225,38
1.0,-5.0000,2.842000,2.16221e-05,2.537903,0.227665,0.919422,10.249277,4.199325,0.326243,0.658764,8.479449,0.60189,-58.93545,38
1.0,-5.0000,2.843000,2.16337e-05,2.545001,0.228174,0.922127,10.285174,4.206302,0.326672,0.660095,8.499516,0.60194,-59.30998,38
1.0,-5.0000,2.844000,2.16450e-05,2.552090,0.228682,0.924830,10.321083,4.213271,0.327100,0.661424,8.519588,0.60198,-59.68584,38
1.0,-5.0000,2.845000,2.16560e-05,2.559176,0.229189,0.927532,10.357016,4.220236,0.327527,0.662753,8.539674,0.60203,-60.06316,33
1.0,-5.0000,2.846000,2.16668e-05,2.566250,0.229695,0.930231,10.392948,4.227190,0.327953,0.664081,8.559759,0.60207,-60.44169,33
1.0,-5.0000,2.847000,2.16772e-05,2.573317,0.230199,0.932928,10.428892,4.234135,0.328377,0.665408,8.579850,0.60211,-60.82156,33
1.0,-5.0000,2.848000,2.16875e-05,2.580376,0.230702,0.935624,10.464848,4.241073,0.328800,0.666734,8.599947,0.60216,-61.20278,33
1.0,-5.0000,2.849000,2.16974e-05,2.587428,0.231204,0.938318,10.500817,4.248004,0.329223,0.668059,8.620050,0.60220,-61.58534,33
1.0,-5.0000,2.850000,2.17071e-05,2.594469,0.231704,0.941009,10.536786,4.254923,0.329643,0.669382,8.640153,0.60224,-61.96913,37
1.0,-5.0000,2.851000,2.17166e-05,2.601506,0.232204,0.943700,10.572780,4.261839,0.330063,0.670706,8.660270,0.60229,-62.35441,37
1.0,-5.0000,2.852000,2.17257e-05,2.608535,0.232702,0.946389,10.608788,4.268747,0.330482,0.672028,8.680394,0.60233,-62.74104,37
1.0,-5.0000,2.853000,2.17347e-05,2.615558,0.233199,0.949076,10.644810,4.275647,0.330900,0.673349,8.700524,0.60238,-63.12904,37
1.0,-5.0000,2.854000,2.17433e-05,2.622573,0.233695,0.951761,10.680845,4.282541,0.331317,0.674670,8.720662,0.60242,-63.51841,37
1.0,-5.0000,2.855000,2.17518e-05,2.629582,0.234190,0.954445,10.716893,4.289427,0.331732,0.675990,8.740806,0.60247,-63.90915,37
1.0,-5.0000,2.856000,2.17600e-05,2.636583,0.234684,0.957128,10.752956,4.296306,0.332147,0.677309,8.760958,0.60251,-64.30127,37
1.0,-5.0000,2.857000,2.17679e-05,2.643577,0.235177,0.959808,10.789033,4.303178,0.332560,0.678627,8.781117,0.60255,-64.69476,37
1.0,-5.0000,2.858000,2.17756e-05,2.650565,0.235668,0.962488,10.825124,4.310042,0.332973,0.679944,8.801283,0.60260,-65.08964,37
1.0,-5.0000,2.859000,2.17831e-05,2.657545,0.236158,0.965165,10.861230,4.316900,0.333384,0.681261,8.821457,0.60264,-65.48590,37
1.0,-5.0000,2.860000,2.17904e-05,2.664519,0.236648,0.967841,10.897350,4.323751,0.333795,0.682576,8.841639,0.60269,-65.88356,37
1.0,-5.0000,2.861000,2.17975e-05,2.671486,0.237136,0.970516,10.933486,4.330595,0.334204,0.683891,8.861828,0.60273,-66.28260,37
1.0,-5.0000,2.862000,2.18043e-05,2.678446,0.237623,0.973189,10.969636,4.337432,0.334612,0.685206,8.882025,0.60278,-66.68305,37
1.0,-5.0000,2.863000,2.18109e-05,2.685400,0.238109,0.975861,11.005802,4.344263,0.335019,0.686519,8.902229,0.60282,-67.08490,37
1.0,-5.0000,2.864000,2.18173e-05,2.692347,0.238593,0.978531,11.041984,4.351086,0.335426,0.687832,8.922442,0.60287,-67.48815,37
1.0,-5.0000,2.865000,2.18235e-05,2.699288,0.239077,0.981199,11.078181,4.357903,0.335831,0.689143,8.942663,0.60291,-67.89282,37
1.0,-5.0000,2.866000,2.18295e-05,2.706225,0.239560,0.983868,11.114406,4.364717,0.336235,0.690455,8.962898,0.60296,-68.29903,32
1.0,-5.0000,2.867000,2.18353e-05,2.713153,0.240042,0.986533,11.150635,4.371521,0.336638,0.691765,8.983135,0.60300,-68.70652,32
1.0,-5.0000,2.868000,2.18409e-05,2.720074,0.240522,0.989198,11.186880,4.378318,0.337040,0.693075,9.003381,0.60305,-69.11543,32
1.0,-5.0000,2.869000,2.18463e-05,2.726989,0.241001,0.991861,11.223141,4.385109,0.337442,0.694384,9.023634,0.60309,-69.52576,32
1.0,-5.0000,2.870000,2.18516e-05,2.733894,0.241480,0.994522,11.259406,4.391890,0.337842,0.695692,9.043890,0.60314,-69.93739,36
1.0,-5.0000,2.871000,2.18566e-05,2.740796,0.241957,0.997182,11.295700,4.398668,0.338241,0.697000,9.064161,0.60318,-70.35059,36
1.0,-5.0000,2.872000,2.18614e-05,2.747693,0.242433,0.999841,11.332012,4.405440,0.338639,0.698306,9.084440,0.60323,-70.76522,36
1.0,-5.0000,2.873000,2.18661e-05,2.754583,0.242908,1.002499,11.368340,4.412206,0.339036,0.699613,9.104729,0.60327,-71.18129,36
1.0,-5.0000,2.874000,2.18706e-05,2.761467,0.243383,1.005155,11.404686,4.418965,0.339433,0.700918,9.125026,0.60332,-71.59881,36
1.0,-5.0000,2.875000,2.18749e-05,2.768344,0.243856,1.007810,11.441049,4.425718,0.339828,0.702223,9.145332,0.60336,-72.01777,36
1.0,-5.0000,2.876000,2.18790e-05,2.775216,0.244328,1.010464,11.477429,4.432465,0.340223,0.703527,9.165647,0.60341,-72.43818,36
1.0,-5.0000,2.877000,2.18830e-05,2.782082,0.244799,1.013117,11.513827,4.439206,0.340616,0.704831,9.185971,0.60346,-72.86005,36
1.0,-5.0000,2.878000,2.18867e-05,2.788942,0.245269,1.015768,11.550243,4.445942,0.341009,0.706134,9.206305,0.60350,-73.28338,36
1.0,-5.0000,2.879000,2.18904e-05,2.795796,0.245738,1.018418,11.586677,4.452671,0.341400,0.707436,9.226647,0.60355,-73.70817,36
1.0,-5.0000,2.880000,2.18938e-05,2.802645,0.246206,1.021067,11.623128,4.459394,0.341791,0.708738,9.246999,0.60359,-74.13442,36
1.0,-5.0000,2.881000,2.18971e-05,2.809487,0.246673,1.023714,11.659599,4.466111,0.342181,0.710039,9.267361,0.60364,-74.56215,36
1.0,-5.0000,2.882000,2.19002e-05,2.816324,0.247139,1.026361,11.696087,4.472823,0.342569,0.711339,9.287731,0.60368,-74.99135,36
1.0,-5.0000,2.883000,2.19032e-05,2.823155,0.247605,1.029006,11.732594,4.479528,0.342957,0.712639,9.308112,0.60373,-75.42202,36
1.0,-5.0000,2.884000,2.19060e-05,2.829981,0.248069,1.031650,11.769120,4.486228,0.343344,0.713938,9.328502,0.60377,-75.85418,36
1.0,-5.0000,2.885000,2.19087e-05,2.836801,0.248532,1.034293,11.805665,4.492923,0.343730,0.715237,9.348902,0.60382,-76.28782,36
1.0,-5.0000,2.886000,2.19112e-05,2.843615,0.248994,1.036935,11.842228,4.499611,0.344116,0.716535,9.369311,0.60387,-76.72296,36
1.0,-5.0000,2.887000,2.19135e-05,2.850427,0.249455,1.039577,11.878823,4.506298,0.344500,0.717832,9.389737,0.60391,-77.15972,31
1.0,-5.0000,2.888000,2.19157e-05,2.857230,0.249916,1.042216,11.915425,4.512975,0.344884,0.719129,9.410166,0.60396,-77.59784,31
1.0,-5.0000,2.889000,2.19178e-05,2.864028,0.250375,1.044855,11.952047,4.519647,0.345266,0.720425,9.430606,0.60400,-78.03746,31
1.0,-5.0000,2.890000,2.19197e-05,2.870820,0.250833,1.047492,11.988687,4.526313,0.345648,0.721721,9.451055,0.60405,-78.47859,31
1.0,-5.0000,2.891000,2.19215e-05,2.877607,0.251291,1.050128,12.025348,4.532974,0.346029,0.723016,9.471514,0.60410,-78.92122,31
1.0,-5.0000,2.892000,2.19231e-05,2.884389,0.251747,1.052764,12.062028,4.539630,0.346408,0.724311,9.491984,0.60414,-79.36537,31
1.0,-5.0000,2.893000,2.19246e-05,2.891165,0.252202,1.055398,12.098728,4.546280,0.346787,0.725605,9.512464,0.60419,-79.81103,31
1.0,-5.0000,2.894000,2.19261e-05,2.897933,0.252657,1.058030,12.135436,4.552921,0.347165,0.726898,9.532948,0.60423,-80.25807,35
1.0,-5.0000,2.895000,2.19273e-05,2.904699,0.253110,1.060662,12.172177,4.559561,0.347543,0.728191,9.553449,0.60428,-80.70678,35
1.0,-5.0000,2.896000,2.19284e-05,2.911460,0.253563,1.063293,12.208938,4.566195,0.347919,0.729484,9.573960,0.60433,-81.15702,35
1.0,-5.0000,2.897000,2.19294e-05,2.918215,0.254015,1.065923,12.245720,4.572825,0.348295,0.730776,9.594482,0.60437,-81.60879,35
1.0,-5.0000,2.898000,2.19303e-05,2.924966,0.254466,1.068552,12.282522,4.579449,0.348670,0.732067,9.615015,0.60442,-82.06209,35
1.0,-5.0000,2.899000,2.19310e-05,2.931711,0.254915,1.071181,12.319345,4.586067,0.349043,0.733358,9.635558,0.60446,-82.51693,35
1.0,-5.0000,2.900000,2.19316e-05,2.938452,0.255364,1.073808,12.356189,4.592681,0.349417,0.734648,9.656112,0.60451,-82.97332,35
1.0,-5.0000,2.901000,2.19321e-05,2.945187,0.255813,1.076434,12.393053,4.599290,0.349789,0.735938,9.676677,0.60456,-83.43125,35
1.0,-5.0000,2.902000,2.19325e-05,2.951917,0.256260,1.079059,12.429939,4.605894,0.350160,0.737228,9.697253,0.60460,-83.89074,35
1.0,-5.0000,2.903000,2.19327e-05,2.958643,0.256706,1.081683,12.466846,4.612492,0.350531,0.738517,9.717840,0.60465,-84.35178,35
1.0,-5.0000,2.904000,2.19328e-05,2.965363,0.257151,1.084307,12.503775,4.619086,0.350901,0.739805,9.738438,0.60470,-84.81438,35
1.0,-5.0000,2.905000,2.19328e-05,2.972079,0.257596,1.086929,12.540725,4.625675,0.351270,0.741093,9.759046,0.60474,-85.27854,35
1.0,-5.0000,2.906000,2.19327e-05,2.978790,0.258040,1.089551,12.577696,4.632259,0.351638,0.742381,9.779666,0.60479,-85.74427,35
1.0,-5.0000,2.907000,2.19325e-05,2.985496,0.258482,1.092171,12.614690,4.638838,0.352005,0.743668,9.800298,0.60484,-86.21157,35
1.0,-5.0000,2.908000,2.19322e-05,2.992197,0.258924,1.094791,12.651705,4.645412,0.352372,0.744955,9.820940,0.60488,-86.68045,35
1.0,-5.0000,2.909000,2.19318e-05,2.998894,0.259365,1.097410,12.688742,4.651982,0.352737,0.746241,9.841594,0.60493,-87.15091,35
1.0,-5.0000,2.910000,2.19312e-05,3.005586,0.259805,1.100028,12.725801,4.658547,0.353102,0.747527,9.862259,0.60498,-87.62294,35
1.0,-5.0000,2.911000,2.19306e-05,3.012273,0.260244,1.102645,12.762883,4.665107,0.353467,0.748812,9.882936,0.60502,-88.09657,35
1.0,-5.0000,2.912000,2.19298e-05,3.018956,0.260683,1.105262,12.799986,4.671662,0.353830,0.750097,9.903624,0.60507,-88.57179,35
1.0,-5.0000,2.913000,2.19290e-05,3.025634,0.261120,1.107877,12.837112,4.678212,0.354192,0.751381,9.924324,0.60511,-89.04859,34
1.0,-5.0000,2.914000,2.19279e-05,3.032310,0.261557,1.110493,12.874273,4.684762,0.354554,0.752666,9.945042,0.60516,-89.52715,30
1.0,-5.0000,2.915000,2.19269e-05,3.038979,0.261993,1.113106,12.911444,4.691303,0.354915,0.753949,9.965765,0.60521,-90.00716,30
1.0,-5.0000,2.916000,2.19257e-05,3.045643,0.262428,1.115720,12.948638,4.697840,0.355276,0.755232,9.986500,0.60525,-90.48877,30
1.0,-5.0000,2.917000,2.19245e-05,3.052303,0.262862,1.118332,12.985854,4.704373,0.355635,0.756515,10.007246,0.60530,-90.97200,30
1.0,-5.0000,2.918000,2.19231e-05,3.058959,0.263295,1.120943,13.023094,4.710901,0.355994,0.757797,10.028005,0.60535,-91.45685,30
1.0,-5.0000,2.919000,2.19217e-05,3.065607,0.263727,1.123553,13.060345,4.717421,0.356352,0.759079,10.048769,0.60539,-91.94316,34
1.0,-5.0000,2.920000,2.19202e-05,3.072254,0.264159,1.126163,13.097631,4.723940,0.356709,0.760361,10.069551,0.60544,-92.43125,34
1.0,-5.0000,2.921000,2.19185e-05,3.078896,0.264590,1.128772,13.134941,4.730455,0.357065,0.761642,10.090346,0.60549,-92.92096,34
1.0,-5.0000,2.922000,2.19168e-05,3.085534,0.265020,1.131380,13.172273,4.736966,0.357421,0.762923,10.111152,0.60554,-93.41231,34
1.0,-5.0000,2.923000,2.19150e-05,3.092167,0.265449,1.133988,13.209630,4.743472,0.357776,0.764203,10.131971,0.60558,-93.90529,34
1.0,-5.0000,2.924000,2.19131e-05,3.098797,0.265877,1.136595,13.247010,4.749973,0.358130,0.765483,10.152802,0.60563,-94.39991,34
1.0,-5.0000,2.925000,2.19111e-05,3.105422,0.266305,1.139201,13.284413,4.756471,0.358484,0.766763,10.173645,0.60568,-94.89617,34
1.0,-5.0000,2.926000,2.19090e-05,3.112043,0.266731,1.141807,13.321841,4.762964,0.358836,0.768042,10.194501,0.60572,-95.39408,34
1.0,-5.0000,2.927000,2.19068e-05,3.118660,0.267157,1.144411,13.359292,4.769453,0.359188,0.769321,10.215369,0.60577,-95.89364,34
1.0,-5.0000,2.928000,2.19045e-05,3.125272,0.267582,1.147016,13.396768,4.775938,0.359540,0.770600,10.236249,0.60582,-96.39485,34
1.0,-5.0000,2.929000,2.19022e-05,3.131881,0.268006,1.149619,13.434267,4.782419,0.359890,0.771878,10.257141,0.60586,-96.89773,34
1.0,-5.0000,2.930000,2.18998e-05,3.138485,0.268430,1.152222,13.471791,4.788895,0.360240,0.773156,10.278047,0.60591,-97.40227,34
1.0,-5.0000,2.931000,2.18973e-05,3.145086,0.268852,1.154824,13.509339,4.795368,0.360589,0.774433,10.298964,0.60596,-97.90847,34
1.0,-5.0000,2.932000,2.18947e-05,3.151682,0.269274,1.157425,13.546911,4.801836,0.360937,0.775711,10.319895,0.60600,-98.41635,34
1.0,-5.0000,2.933000,2.18920e-05,3.158274,0.269695,1.160026,13.584508,4.808300,0.361285,0.776987,10.340838,0.60605,-98.92590,34
1.0,-5.0000,2.934000,2.18893e-05,3.164862,0.270116,1.162626,13.622130,4.814761,0.361632,0.778264,10.361794,0.60610,-99.43714,34
1.0,-5.0000,2.935000,2.18865e-05,3.171446,0.270535,1.165225,13.659776,4.821217,0.361978,0.779540,10.382762,0.60614,-99.95005,34
1.0,-5.0000,2.936000,2.18835e-05,3.178026,0.270954,1.167824,13.697447,4.827669,0.362324,0.780816,10.403743,0.60619,-100.46465,33
1.0,-5.0000,2.937000,2.18806e-05,3.184603,0.271372,1.170422,13.735143,4.834118,0.362668,0.782092,10.424737,0.60624,-100.98094,33
1.0,-5.0000,2.938000,2.18775e-05,3.191175,0.271789,1.173020,13.772864,4.840562,0.363013,0.783367,10.445744,0.60629,-101.49893,33
1.0,-5.0000,2.939000,2.18744e-05,3.197744,0.272205,1.175617,13.810610,4.847003,0.363356,0.784642,10.466764,0.60633,-102.01863,33
1.0,-5.0000,2.940000,2.18712e-05,3.204309,0.272621,1.178213,13.848381,4.853439,0.363699,0.785916,10.487797,0.60638,-102.54003,33
1.0,-5.0000,2.941000,2.18679e-05,3.210870,0.273036,1.180809,13.886177,4.859872,0.364041,0.787191,10.508843,0.60643,-103.06313,33
1.0,-5.0000,2.942000,2.18646e-05,3.217427,0.273450,1.183404,13.923999,4.866301,0.364382,0.788465,10.529903,0.60647,-103.58795,33
1.0,-5.0000,2.943000,2.18611e-05,3.223983,0.273863,1.185999,13.961859,4.872730,0.364723,0.789739,10.550982,0.60652,-104.11465,29
1.0,-5.0000,2.944000,2.18576e-05,3.230532,0.274276,1.188593,13.999732,4.879151,0.365063,0.791012,10.572067,0.60657,-104.64291,29
1.0,-5.0000,2.945000,2.18541e-05,3.237078,0.274688,1.191186,14.037630,4.885569,0.365402,0.792285,10.593166,0.60662,-105.17289,29
1.0,-5.0000,2.946000,2.18505e-05,3.243620,0.275099,1.193779,14.075555,4.891983,0.365741,0.793558,10.614278,0.60666,-105.70461,29
1.0,-5.0000,2.947000,2.18468e-05,3.250159,0.275509,1.196372,14.113505,4.898394,0.366079,0.794831,10.635403,0.60671,-106.23805,29
1.0,-5.0000,2.948000,2.18430e-05,3.256694,0.275919,1.198963,14.151480,4.904800,0.366416,0.796103,10.656542,0.60676,-106.77324,29
1.0,-5.0000,2.949000,2.18392e-05,3.263225,0.276327,1.201555,14.189482,4.911203,0.366753,0.797375,10.677694,0.60680,-107.31016,29
1.0,-5.0000,2.950000,2.18354e-05,3.269752,0.276735,1.204145,14.227510,4.917603,0.367089,0.798647,10.698860,0.60685,-107.84883,29
1.0,-5.0000,2.951000,2.18314e-05,3.276276,0.277143,1.206735,14.265564,4.923999,0.367424,0.799918,10.720039,0.60690,-108.38926,29
1.0,-5.0000,2.952000,2.18275e-05,3.282794,0.277549,1.209324,14.303633,4.930388,0.367758,0.801189,10.741226,0.60695,-108.93128,33
1.0,-5.0000,2.953000,2.18234e-05,3.289311,0.277955,1.211913,14.341740,4.936777,0.368092,0.802460,10.762432,0.60699,-109.47522,33
1.0,-5.0000,2.954000,2.18193e-05,3.295824,0.278360,1.214502,14.379873,4.943162,0.368426,0.803731,10.783652,0.60704,-110.02092,33
1.0,-5.0000,2.955000,2.18151e-05,3.302334,0.278765,1.217090,14.418033,4.949544,0.368758,0.805002,10.804886,0.60709,-110.56839,33
1.0,-5.0000,2.956000,2.18108e-05,3.308841,0.279168,1.219678,14.456219,4.955923,0.369090,0.806272,10.826134,0.60713,-111.11763,33
1.0,-5.0000,2.957000,2.18065e-05,3.315344,0.279571,1.222265,14.494432,4.962297,0.369422,0.807542,10.847395,0.60718,-111.66865,33
1.0,-5.0000,2.958000,2.18021e-05,3.321843,0.279974,1.224852,14.532672,4.968669,0.369752,0.808811,10.868670,0.60723,-112.22145,33
1.0,-5.0000,2.959000,2.17977e-05,3.328339,0.280375,1.227438,14.570938,4.975037,0.370082,0.810081,10.889959,0.60728,-112.77603,33
1.0,-5.0000,2.960000,2.17932e-05,3.334832,0.280776,1.230024,14.609232,4.981401,0.370412,0.811350,10.911262,0.60732,-113.33240,33
1.0,-5.0000,2.961000,2.17887e-05,3.341321,0.281176,1.232609,14.647552,4.987763,0.370741,0.812619,10.932579,0.60737,-113.89057,33
1.0,-5.0000,2.962000,2.17841e-05,3.347807,0.281576,1.235194,14.685900,4.994121,0.371069,0.813888,10.953910,0.60742,-114.45053,33
1.0,-5.0000,2.963000,2.17795e-05,3.354290,0.281974,1.237778,14.724275,5.000475,0.371396,0.815157,10.975254,0.60746,-115.01229,33
1.0,-5.0000,2.964000,2.17748e-05,3.360769,0.282372,1.240362,14.762676,5.006827,0.371723,0.816425,10.996613,0.60751,-115.57586,33
1.0,-5.0000,2.965000,2.17700e-05,3.367245,0.282770,1.242946,14.801106,5.013175,0.372050,0.817693,11.017986,0.60756,-116.14124,33
1.0,-5.0000,2.966000,2.17652e-05,3.373718,0.283166,1.245529,14.839562,5.019519,0.372375,0.818961,11.039374,0.60761,-116.70843,33
1.0,-5.0000,2.967000,2.17603e-05,3.380188,0.283562,1.248111,14.878047,5.025861,0.372700,0.820229,11.060775,0.60765,-117.27745,33
1.0,-5.0000,2.968000,2.17554e-05,3.386654,0.283957,1.250694,14.916558,5.032199,0.373025,0.821496,11.082191,0.60770,-117.84829,33
1.0,-5.0000,2.969000,2.17505e-05,3.393117,0.284352,1.253275,14.955097,5.038534,0.373349,0.822763,11.103620,0.60775,-118.42094,32
1.0,-5.0000,2.970000,2.17455e-05,3.399577,0.284746,1.255857,14.993664,5.044866,0.373672,0.824030,11.125064,0.60780,-118.99543,32
1.0,-5.0000,2.971000,2.17404e-05,3.406034,0.285139,1.258438,15.032259,5.051195,0.373994,0.825297,11.146523,0.60784,-119.57176,32
1.0,-5.0000,2.972000,2.17353e-05,3.412487,0.285531,1.261019,15.070881,5.057520,0.374316,0.826564,11.167996,0.60789,-120.14994,32
1.0,-5.0000,2.973000,2.17301e-05,3.418938,0.285923,1.263599,15.109532,5.063843,0.374638,0.827831,11.189483,0.60794,-120.72996,32
1.0,-5.0000,2.974000,2.17249e-05,3.425385,0.286314,1.266179,15.148210,5.070162,0.374959,0.829097,11.210985,0.60799,-121.31182,32
1.0,-5.0000,2.975000,2.17197e-05,3.431829,0.286705,1.268758,15.186917,5.076478,0.375279,0.830363,11.232501,0.60803,-121.89555,32
1.0,-5.0000,2.976000,2.17144e-05,3.438271,0.287095,1.271337,15.225652,5.082792,0.375598,0.831629,11.254032,0.60808,-122.48113,32
1.0,-5.0000,2.977000,2.17090e-05,3.444709,0.287484,1.273916,15.264415,5.089102,0.375917,0.832895,11.275578,0.60813,-123.06857,32
1.0,-5.0000,2.978000,2.17036e-05,3.451144,0.287872,1.276495,15.303207,5.095409,0.376236,0.834160,11.297138,0.60817,-123.65788,32
1.0,-5.0000,2.979000,2.16981e-05,3.457578,0.288260,1.279074,15.342038,5.101716,0.376554,0.835426,11.318719,0.60822,-124.24922,28
1.0,-5.0000,2.980000,2.16926e-05,3.464008,0.288647,1.281651,15.380886,5.108017,0.376871,0.836691,11.340309,0.60827,-124.84228,28
1.0,-5.0000,2.981000,2.16871e-05,3.470434,0.289034,1.284229,15.419763,5.114315,0.377188,0.837956,11.361913,0.60832,-125.43721,28
1.0,-5.0000,2.982000,2.16815e-05,3.476857,0.289419,1.286806,15.458668,5.120610,0.377504,0.839221,11.383532,0.60836,-126.03403,28
1.0,-5.0000,2.983000,2.16759e-05,3.483277,0.289805,1.289382,15.497602,5.126903,0.377819,0.840486,11.405165,0.60841,-126.63274,28
1.0,-5.0000,2.984000,2.16703e-05,3.489692,0.290189,1.291958,15.536554,5.133190,0.378134,0.841750,11.426808,0.60846,-127.23319,32
1.0,-5.0000,2.985000,2.16646e-05,3.496106,0.290573,1.294534,15.575545,5.139476,0.378448,0.843014,11.448472,0.60851,-127.83569,32
1.0,-5.0000,2.986000,2.16589e-05,3.502517,0.290956,1.297110,15.614566,5.145760,0.378762,0.844278,11.470151,0.60855,-128.44010,32
1.0,-5.0000,2.987000,2.16531e-05,3.508926,0.291338,1.299685,15.653615,5.152041,0.379075,0.845543,11.491844,0.60860,-129.04641,32
1.0,-5.0000,2.988000,2.16473e-05,3.515332,0.291720,1.302260,15.692694,5.158319,0.379387,0.846806,11.513553,0.60865,-129.65463,32
1.0,-5.0000,2.989000,2.16414e-05,3.521735,0.292102,1.304835,15.731802,5.164594,0.379699,0.848070,11.535276,0.60869,-130.26477,32
1.0,-5.0000,2.990000,2.16355e-05,3.528135,0.292482,1.307410,15.770938,5.170866,0.380011,0.849334,11.557015,0.60874,-130.87683,32
1.0,-5.0000,2.991000,2.16296e-05,3.534532,0.292862,1.309984,15.810104,5.177136,0.380322,0.850597,11.578769,0.60879,-131.49082,32
1.0,-5.0000,2.992000,2.16236e-05,3.540926,0.293241,1.312558,15.849300,5.183402,0.380632,0.851861,11.600537,0.60884,-132.10673,32
1.0,-5.0000,2.993000,2.16176e-05,3.547318,0.293620,1.315132,15.888524,5.189666,0.380942,0.853124,11.622321,0.60888,-132.72458,32
1.0,-5.0000,2.994000,2.16115e-05,3.553707,0.293998,1.317705,15.927779,5.195928,0.381251,0.854387,11.644121,0.60893,-133.34437,32
1.0,-5.0000,2.995000,2.16054e-05,3.560093,0.294376,1.320278,15.967062,5.202186,0.381560,0.855650,11.665935,0.60898,-133.96610,32
1.0,-5.0000,2.996000,2.15993e-05,3.566477,0.294752,1.322851,16.006375,5.208442,0.381868,0.856913,11.687765,0.60903,-134.58977,32
1.0,-5.0000,2.997000,2.15931e-05,3.572857,0.295129,1.325424,16.045718,5.214695,0.382175,0.858175,11.709610,0.60907,-135.21540,32
1.0,-5.0000,2.998000,2.15869e-05,3.579235,0.295504,1.327996,16.085090,5.220945,0.382482,0.859438,11.731470,0.60912,-135.84297,31
1.0,-5.0000,2.999000,2.15807e-05,3.585610,0.295879,1.330568,16.124492,5.227193,0.382789,0.860700,11.753345,0.60917,-136.47252,31
1.0,-5.0000,3.000000,2.15744e-05,3.591983,0.296253,1.333140,16.163924,5.233438,0.383094,0.861962,11.775237,0.60922,-137.10403,31
1.0,-5.0000,3.001000,2.15681e-05,3.598353,0.296627,1.335712,16.203386,5.239681,0.383400,0.863224,11.797143,0.60926,-137.73751,31
1.0,-5.0000,3.002000,2.15617e-05,3.604721,0.297000,1.338283,16.242878,5.245921,0.383704,0.864487,11.819065,0.60931,-138.37297,31
1.0,-5.0000,3.003000,2.15553e-05,3.611085,0.297373,1.340854,16.282400,5.252158,0.384009,0.865748,11.841003,0.60936,-139.01041,31
1.0,-5.0000,3.004000,2.15489e-05,3.617448,0.297744,1.343425,16.321952,5.258393,0.384312,0.867010,11.862956,0.60940,-139.64983,31
1.0,-5.0000,3.005000,2.15425e-05,3.623807,0.298116,1.345996,16.361535,5.264626,0.384616,0.868272,11.884925,0.60945,-140.29124,31
1.0,-5.0000,3.006000,2.15360e-05,3.630164,0.298486,1.348566,16.401147,5.270855,0.384918,0.869534,11.906909,0.60950,-140.93464,31
1.0,-5.0000,3.007000,2.15295e-05,3.636519,0.298856,1.351137,16.440790,5.277082,0.385220,0.870795,11.928910,0.60955,-141.58004,31
1.0,-5.0000,3.008000,2.15230e-05,3.642871,0.299226,1.353707,16.480463,5.283307,0.385522,0.872056,11.950925,0.60959,-142.22744,31
1.0,-5.0000,3.009000,2.15164e-05,3.649220,0.299595,1.356277,16.520167,5.289529,0.385823,0.873318,11.972957,0.60964,-142.87686,31
1.0,-5.0000,3.010000,2.15098e-05,3.655567,0.299963,1.358846,16.559901,5.295749,0.386123,0.874579,11.995004,0.60969,-143.52828,31
1.0,-5.0000,3.011000,2.15031e-05,3.661911,0.300330,1.361416,16.599666,5.301966,0.386423,0.875840,12.017067,0.60974,-144.18172,31
1.0,-5.0000,3.012000,2.14965e-05,3.668253,0.300697,1.363985,16.639461,5.308181,0.386723,0.877101,12.039146,0.60978,-144.83718,31
1.0,-5.0000,3.013000,2.14898e-05,3.674593,0.301064,1.366554,16.679287,5.314393,0.387022,0.878362,12.061240,0.60983,-145.49466,31
1.0,-5.0000,3.014000,2.14831e-05,3.680930,0.301430,1.369123,16.719144,5.320603,0.387320,0.879623,12.083351,0.60988,-146.15418,31
1.0,-5.0000,3.015000,2.14763e-05,3.687264,0.301795,1.371691,16.759031,5.326811,0.387618,0.880883,12.105477,0.60992,-146.81573,31
1.0,-5.0000,3.016000,2.14695e-05,3.693596,0.302159,1.374260,16.798949,5.333016,0.387915,0.882144,12.127620,0.60997,-147.47932,31
1.0,-5.0000,3.017000,2.14627e-05,3.699929,0.302524,1.376829,16.838911,5.339222,0.388212,0.883405,12.149784,0.61002,-148.14514,27
1.0,-5.0000,3.018000,2.14558e-05,3.706256,0.302887,1.379397,16.878891,5.345422,0.388509,0.884665,12.171959,0.61007,-148.81282,27
1.0,-5.0000,3.019000,2.14489e-05,3.712581,0.303250,1.381965,16.918902,5.351620,0.388804,0.885926,12.194149,0.61011,-149.48256,27
1.0,-5.0000,3.020000,2.14420e-05,3.718904,0.303612,1.384533,16.958944,5.357816,0.389100,0.887186,12.216355,0.61016,-150.15436,27
1.0,-5.0000,3.021000,2.14351e-05,3.725224,0.303974,1.387101,16.999018,5.364009,0.389394,0.888446,12.238578,0.61021,-150.82821,27
1.0,-5.0000,3.022000,2.14282e-05,3.731542,0.304335,1.389668,17.039122,5.370200,0.389689,0.889706,12.260816,0.61026,-151.50414,27
1.0,-5.0000,3.023000,2.14212e-05,3.737857,0.304696,1.392236,17.079258,5.376389,0.389982,0.890967,12.283071,0.61030,-152.18214,27
1.0,-5.0000,3.024000,2.14142e-05,3.744170,0.305056,1.394803,17.119425,5.382575,0.390276,0.892227,12.305342,0.61035,-152.86222,27
1.0,-5.0000,3.025000,2.14071e-05,3.750481,0.305415,1.397370,17.159624,5.388759,0.390569,0.893486,12.327629,0.61040,-153.54438,27
1.0,-5.0000,3.026000,2.14001e-05,3.756790,0.305774,1.399937,17.199854,5.394941,0.390861,0.894746,12.349933,0.61044,-154.22863,27
1.0,-5.0000,3.027000,2.13930e-05,3.763096,0.306132,1.402504,17.240116,5.401121,0.391153,0.896006,12.372252,0.61049,-154.91497,27
1.0,-5.0000,3.028000,2.13859e-05,3.769400,0.306490,1.405071,17.280409,5.407299,0.391444,0.897266,12.394588,0.61054,-155.60340,27
1.0,-5.0000,3.029000,2.13788e-05,3.775700,0.306847,1.407636,17.320723,5.413471,0.391734,0.898525,12.416935,0.61059,-156.29377,31
1.0,-5.0000,3.030000,2.13716e-05,3.781999,0.307204,1.410203,17.361080,5.419645,0.392025,0.899785,12.439304,0.61063,-156.98641,31
1.0,-5.0000,3.031000,2.13644e-05,3.788297,0.307560,1.412769,17.401468,5.425815,0.392315,0.901045,12.461689,0.61068,-157.68117,31
1.0,-5.0000,3.032000,2.13572e-05,3.794592,0.307915,1.415335,17.441888,5.431984,0.392604,0.902304,12.484090,0.61073,-158.37804,31
1.0,-5.0000,3.033000,2.13500e-05,3.800885,0.308270,1.417902,17.482340,5.438151,0.392893,0.903564,12.506508,0.61077,-159.07703,31
1.0,-5.0000,3.034000,2.13427e-05,3.807176,0.308624,1.420468,17.522824,5.444315,0.393181,0.904823,12.528943,0.61082,-159.77815,31
1.0,-5.0000,3.035000,2.13354e-05,3.813465,0.308978,1.423033,17.563340,5.450478,0.393469,0.906082,12.551394,0.61087,-160.48140,31
1.0,-5.0000,3.036000,2.13281e-05,3.819751,0.309331,1.425599,17.603888,5.456638,0.393756,0.907342,12.573862,0.61092,-161.18678,31
1.0,-5.0000,3.037000,2.13208e-05,3.826035,0.309684,1.428165,17.644468,5.462796,0.394043,0.908601,12.596346,0.61096,-161.89431,31
1.0,-5.0000,3.038000,2.13135e-05,3.832318,0.310036,1.430731,17.685080,5.468952,0.394329,0.909860,12.618846,0.61101,-162.60398,31
1.0,-5.0000,3.039000,2.13061e-05,3.838598,0.310388,1.433296,17.725725,5.475106,0.394615,0.911120,12.641364,0.61106,-163.31579,31
1.0,-5.0000,3.040000,2.12987e-05,3.844876,0.310739,1.435862,17.766401,5.481258,0.394901,0.912379,12.663898,0.61110,-164.02977,31
1.0,-5.0000,3.041000,2.12913e-05,3.851151,0.311089,1.438427,17.807110,5.487408,0.395186,0.913638,12.686449,0.61115,-164.74590,31
1.0,-5.0000,3.042000,2.12838e-05,3.857425,0.311439,1.440992,17.847850,5.493555,0.395470,0.914897,12.709015,0.61120,-165.46418,30
1.0,-5.0000,3.043000,2.12764e-05,3.863697,0.311789,1.443557,17.888624,5.499701,0.395754,0.916156,12.731599,0.61125,-166.18464,30
1.0,-5.0000,3.044000,2.12689e-05,3.869966,0.312137,1.446122,17.929430,5.505844,0.396038,0.917415,12.754200,0.61129,-166.90728,30
1.0,-5.0000,3.045000,2.12614e-05,3.876234,0.312486,1.448687,17.970269,5.511986,0.396321,0.918674,12.776818,0.61134,-167.63210,30
1.0,-5.0000,3.046000,2.12539e-05,3.882500,0.312833,1.451252,18.011140,5.518126,0.396603,0.919933,12.799453,0.61139,-168.35911,30
1.0,-5.0000,3.047000,2.12463e-05,3.888763,0.313181,1.453817,18.052044,5.524263,0.396885,0.921192,12.822104,0.61143,-169.08830,30
1.0,-5.0000,3.048000,2.12388e-05,3.895025,0.313527,1.456382,18.092981,5.530399,0.397167,0.922451,12.844772,0.61148,-169.81969,30
1.0,-5.0000,3.049000,2.12312e-05,3.901284,0.313874,1.458947,18.133950,5.536533,0.397448,0.923710,12.867458,0.61153,-170.55327,30
1.0,-5.0000,3.050000,2.12236e-05,3.907542,0.314219,1.461512,18.174953,5.542665,0.397729,0.924969,12.890160,0.61157,-171.28906,30
1.0,-5.0000,3.051000,2.12160e-05,3.913797,0.314564,1.464077,18.215988,5.548795,0.398009,0.926227,12.912879,0.61162,-172.02706,30
1.0,-5.0000,3.052000,2.12083e-05,3.920051,0.314909,1.466641,18.257056,5.554923,0.398289,0.927486,12.935615,0.61167,-172.76727,30
1.0,-5.0000,3.053000,2.12007e-05,3.926302,0.315253,1.469206,18.298157,5.561049,0.398568,0.928745,12.958368,0.61172,-173.50970,30
1.0,-5.0000,3.054000,2.11930e-05,3.932552,0.315596,1.471770,18.339291,5.567173,0.398847,0.930004,12.981138,0.61176,-174.25436,30
1.0,-5.0000,3.055000,2.11853e-05,3.938800,0.315939,1.474335,18.380458,5.573295,0.399126,0.931263,13.003926,0.61181,-175.00124,30
1.0,-5.0000,3.056000,2.11776e-05,3.945045,0.316282,1.476899,18.421658,5.579415,0.399404,0.932521,13.026730,0.61186,-175.75036,30
1.0,-5.0000,3.057000,2.11698e-05,3.951289,0.316624,1.479464,18.462891,5.585534,0.399681,0.933780,13.049551,0.61190,-176.50171,30
1.0,-5.0000,3.058000,2.11621e-05,3.957531,0.316965,1.482028,18.504158,5.591651,0.399958,0.935039,13.072390,0.61195,-177.25532,30
1.0,-5.0000,3.059000,2.11543e-05,3.963771,0.317306,1.484593,18.545457,5.597765,0.400235,0.936298,13.095246,0.61200,-178.01116,30
1.0,-5.0000,3.060000,2.11465e-05,3.970010,0.317646,1.487157,18.586791,5.603878,0.400511,0.937556,13.118119,0.61204,-178.76927,30
1.0,-5.0000,3.061000,2.11387e-05,3.976246,0.317986,1.489722,18.628157,5.609989,0.400787,0.938815,13.141009,0.61209,-179.52963,30
1.0,-5.0000,3.062000,2.11309e-05,3.982480,0.318326,1.492286,18.669557,5.616099,0.401062,0.940074,13.163917,0.61214,-180.29226,30
1.0,-5.0000,3.063000,2.11231e-05,3.988713,0.318665,1.494850,18.710991,5.622206,0.401337,0.941333,13.186841,0.61218,-181.05715,30
1.0,-5.0000,3.064000,2.11152e-05,3.994944,0.319003,1.497415,18.752458,5.628312,0.401611,0.942591,13.209784,0.61223,-181.82432,30
1.0,-5.0000,3.065000,2.11074e-05,4.001173,0.319341,1.499979,18.793958,5.634416,0.401885,0.943850,13.232743,0.61228,-182.59377,30
1.0,-5.0000,3.066000,2.10995e-05,4.007400,0.319678,1.502543,18.835492,5.640518,0.402159,0.945109,13.255720,0.61233,-183.36551,30
1.0,-5.0000,3.067000,2.10915e-05,4.013627,0.320015,1.505108,18.877071,5.646621,0.402432,0.946368,13.278720,0.61237,-184.13971,26
1.0,-5.0000,3.068000,2.10836e-05,4.019851,0.320351,1.507673,18.918672,5.652720,0.402705,0.947627,13.301731,0.61242,-184.91603,26
1.0,-5.0000,3.069000,2.10757e-05,4.026073,0.320687,1.510237,18.960308,5.658817,0.402977,0.948886,13.324760,0.61247,-185.69465,26
1.0,-5.0000,3.070000,2.10677e-05,4.032292,0.321022,1.512801,19.001977,5.664912,0.403249,0.950144,13.347807,0.61251,-186.47557,26
1.0,-5.0000,3.071000,2.10598e-05,4.038511,0.321357,1.515366,19.043680,5.671005,0.403520,0.951403,13.370871,0.61256,-187.25880,26
1.0,-5.0000,3.072000,2.10518e-05,4.044727,0.321691,1.517930,19.085417,5.677097,0.403791,0.952662,13.393952,0.61261,-188.04435,26
1.0,-5.0000,3.073000,2.10438e-05,4.050940,0.322025,1.520494,19.127178,5.683185,0.404061,0.953920,13.417046,0.61265,-188.83204,30
1.0,-5.0000,3.074000,2.10358e-05,4.057153,0.322358,1.523058,19.168983,5.689273,0.404331,0.955179,13.440163,0.61270,-189.62223,30
1.0,-5.0000,3.075000,2.10278e-05,4.063364,0.322691,1.525623,19.210825,5.695361,0.404601,0.956438,13.463298,0.61275,-190.41481,33
1.0,-5.0000,3.076000,2.10198e-05,4.069574,0.323023,1.528187,19.252698,5.701446,0.404870,0.957697,13.486450,0.61279,-191.20967,33
1.0,-5.0000,3.077000,2.10117e-05,4.075782,0.323355,1.530752,19.294606,5.707529,0.405139,0.958956,13.509620,0.61284,-192.00687,33
1.0,-5.0000,3.078000,2.10036e-05,4.081988,0.323686,1.533317,19.336548,5.713611,0.405407,0.960215,13.532807,0.61289,-192.80642,33
1.0,-5.0000,3.079000,2.09956e-05,4.088192,0.324017,1.535881,19.378524,5.719691,0.405675,0.961474,13.556012,0.61293,-193.60831,33
1.0,-5.0000,3.080000,2.09875e-05,4.094394,0.324348,1.538445,19.420530,5.725768,0.405942,0.962733,13.579232,0.61298,-194.41250,29
1.0,-5.0000,3.081000,2.09794e-05,4.100595,0.324677,1.541010,19.462575,5.731845,0.406209,0.963992,13.602473,0.61303,-195.21912,29
1.0,-5.0000,3.082000,2.09712e-05,4.106795,0.325007,1.543575,19.504654,5.737921,0.406476,0.965251,13.625731,0.61307,-196.02811,29
1.0,-5.0000,3.083000,2.09631e-05,4.112992,0.325336,1.546140,19.546768,5.743994,0.406742,0.966510,13.649007,0.61312,-196.83947,29
1.0,-5.0000,3.084000,2.09550e-05,4.119189,0.325664,1.548704,19.588916,5.750066,0.407008,0.967769,13.672301,0.61317,-197.65320,29
1.0,-5.0000,3.085000,2.09468e-05,4.125383,0.325992,1.551269,19.631099,5.756137,0.407273,0.969028,13.695612,0.61321,-198.46932,29
1.0,-5.0000,3.086000,2.09386e-05,4.131576,0.326319,1.553834,19.673317,5.762206,0.407538,0.970287,13.718942,0.61326,-199.28783,29
1.0,-5.0000,3.087000,2.09305e-05,4.137767,0.326646,1.556399,19.715569,5.768273,0.407803,0.971546,13.742289,0.61331,-200.10873,29
1.0,-5.0000,3.088000,2.09223e-05,4.143957,0.326973,1.558964,19.757856,5.774339,0.408067,0.972805,13.765655,0.61335,-200.93202,29
1.0,-5.0000,3.089000,2.09140e-05,4.150145,0.327299,1.561529,19.800177,5.780403,0.408331,0.974065,13.789038,0.61340,-201.75773,29
1.0,-5.0000,3.090000,2.09058e-05,4.156331,0.327624,1.564094,19.842534,5.786466,0.408594,0.975324,13.812439,0.61345,-202.58584,29
1.0,-5.0000,3.091000,2.08976e-05,4.162516,0.327949,1.566659,19.884925,5.792527,0.408857,0.976583,13.835858,0.61349,-203.41637,29
1.0,-5.0000,3.092000,2.08894e-05,4.168700,0.328274,1.569224,19.927351,5.798587,0.409119,0.977843,13.859296,0.61354,-204.24931,29
1.0,-5.0000,3.093000,2.08811e-05,4.174881,0.328598,1.571790,19.969812,5.804645,0.409381,0.979102,13.882751,0.61359,-205.08469,29
1.0,-5.0000,3.094000,2.08728e-05,4.181062,0.328921,1.574355,20.012308,5.810702,0.409643,0.980361,13.906224,0.61363,-205.92249,29
1.0,-5.0000,3.095000,2.08645e-05,4.187240,0.329244,1.576921,20.054840,5.816757,0.409904,0.981621,13.929716,0.61368,-206.76273,29
1.0,-5.0000,3.096000,2.08563e-05,4.193417,0.329567,1.579486,20.097406,5.822811,0.410165,0.982880,13.953225,0.61373,-207.60541,29
1.0,-5.0000,3.097000,2.08480e-05,4.199593,0.329889,1.582052,20.140007,5.828863,0.410426,0.984140,13.976753,0.61377,-208.45054,29
1.0,-5.0000,3.098000,2.08396e-05,4.205767,0.330211,1.584617,20.182644,5.834914,0.410686,0.985400,14.000299,0.61382,-209.29812,29
1.0,-5.0000,3.099000,2.08313e-05,4.211940,0.330532,1.587183,20.225316,5.840964,0.410945,0.986659,14.023863,0.61386,-210.14815,29
1.0,-5.0000,3.100000,2.08230e-05,4.218111,0.330853,1.589749,20.268023,5.847011,0.411205,0.987919,14.047445,0.61391,-211.00065,29
1.0,-5.0000,3.101000,2.08146e-05,4.224281,0.331173,1.592315,20.310766,5.853058,0.411463,0.989179,14.071046,0.61396,-211.85562,29
1.0,-5.0000,3.102000,2.08063e-05,4.230449,0.331493,1.594881,20.353544,5.859103,0.411722,0.990439,14.094664,0.61400,-212.71306,29
1.0,-5.0000,3.103000,2.07979e-05,4.236615,0.331813,1.597447,20.396357,5.865147,0.411980,0.991699,14.118301,0.61405,-213.57299,29
1.0,-5.0000,3.104000,2.07895e-05,4.242781,0.332132,1.600014,20.439206,5.871189,0.412238,0.992959,14.141957,0.61410,-214.43539,29
1.0,-5.0000,3.105000,2.07812e-05,4.248945,0.332450,1.602580,20.482090,5.877230,0.412495,0.994218,14.165630,0.61414,-215.30029,29
1.0,-5.0000,3.106000,2.07728e-05,4.255107,0.332768,1.605146,20.525010,5.883270,0.412752,0.995479,14.189322,0.61419,-216.16768,29
1.0,-5.0000,3.107000,2.07644e-05,4.261268,0.333086,1.607713,20.567966,5.889308,0.413008,0.996739,14.213033,0.61424,-217.03757,29
1.0,-5.0000,3.108000,2.07560e-05,4.267427,0.333403,1.610280,20.610957,5.895344,0.413264,0.997999,14.236761,0.61428,-217.90997,29
1.0,-5.0000,3.109000,2.07475e-05,4.273585,0.333719,1.612846,20.653984,5.901380,0.413520,0.999259,14.260509,0.61433,-218.78488,29
1.0,-5.0000,3.110000,2.07391e-05,4.279742,0.334036,1.615413,20.697046,5.907414,0.413775,1.000519,14.284274,0.61437,-219.66231,29
1.0,-5.0000,3.111000,2.07307e-05,4.285897,0.334351,1.617980,20.740145,5.913447,0.414030,1.001780,14.308058,0.61442,-220.54227,29
1.0,-5.0000,3.112000,2.07222e-05,4.292051,0.334667,1.620547,20.783279,5.919478,0.414285,1.003040,14.331861,0.61447,-221.42475,29
1.0,-5.0000,3.113000,2.07137e-05,4.298204,0.334982,1.623114,20.826449,5.925508,0.414539,1.004301,14.355682,0.61451,-222.30976,29
1.0,-5.0000,3.114000,2.07053e-05,4.304355,0.335296,1.625682,20.869655,5.931537,0.414793,1.005561,14.379522,0.61456,-223.19731,29
1.0,-5.0000,3.115000,2.06968e-05,4.310504,0.335610,1.628249,20.912897,5.937564,0.415046,1.006822,14.403380,0.61461,-224.08741,29
1.0,-5.0000,3.116000,2.06883e-05,4.316653,0.335923,1.630817,20.956175,5.943590,0.415299,1.008083,14.427257,0.61465,-224.98006,29
1.0,-5.0000,3.117000,2.06798e-05,4.322800,0.336236,1.633385,20.999489,5.949615,0.415552,1.009343,14.451152,0.61470,-225.87527,29
1.0,-5.0000,3.118000,2.06713e-05,4.328945,0.336549,1.635952,21.042839,5.955638,0.415804,1.010604,14.475066,0.61474,-226.77303,29
1.0,-5.0000,3.119000,2.06628e-05,4.335092,0.336861,1.638521,21.086237,5.961663,0.416056,1.011865,14.499005,0.61479,-227.67358,25
1.0,-5.0000,3.120000,2.06543e-05,4.341235,0.337173,1.641089,21.129659,5.967684,0.416308,1.013126,14.522956,0.61484,-228.57649,25
1.0,-5.0000,3.121000,2.06457e-05,4.347377,0.337484,1.643657,21.173118,5.973704,0.416559,1.014387,14.546926,0.61488,-229.48197,25
1.0,-5.0000,3.122000,2.06372e-05,4.353517,0.337795,1.646226,21.216613,5.979722,0.416810,1.015648,14.570915,0.61493,-230.39004,25
1.0,-5.0000,3.123000,2.06287e-05,4.359656,0.338106,1.648794,21.260144,5.985739,0.417060,1.016910,14.594922,0.61497,-231.30070,25
1.0,-5.0000,3.124000,2.06201e-05,4.365794,0.338416,1.651363,21.303712,5.991755,0.417310,1.018171,14.618948,0.61502,-232.21395,25
1.0,-5.0000,3.125000,2.06115e-05,4.371930,0.338725,1.653932,21.347316,5.997770,0.417559,1.019432,14.642993,0.61507,-233.12981,25
1.0,-5.0000,3.126000,2.06030e-05,4.378065,0.339034,1.656500,21.390956,6.003783,0.417809,1.020694,14.667057,0.61511,-234.04827,25
1.0,-5.0000,3.127000,2.05944e-05,4.384199,0.339343,1.659070,21.434633,6.009796,0.418058,1.021955,14.691139,0.61516,-234.96934,25
1.0,-5.0000,3.128000,2.05858e-05,4.390332,0.339651,1.661639,21.478347,6.015807,0.418306,1.023217,14.715241,0.61520,-235.89303,25
1.0,-5.0000,3.129000,2.05772e-05,4.396463,0.339959,1.664208,21.522097,6.021817,0.418554,1.024479,14.739361,0.61525,-236.81934,25
1.0,-5.0000,3.130000,2.05686e-05,4.402593,0.340266,1.666778,21.565884,6.027825,0.418802,1.025740,14.763500,0.61530,-237.74829,25
1.0,-5.0000,3.131000,2.05600e-05,4.408722,0.340573,1.669347,21.609707,6.033833,0.419049,1.027002,14.787658,0.61534,-238.67987,25
1.0,-5.0000,3.132000,2.05514e-05,4.414850,0.340880,1.671917,21.653567,6.039839,0.419296,1.028264,14.811835,0.61539,-239.61408,25
1.0,-5.0000,3.133000,2.05428e-05,4.420976,0.341186,1.674487,21.697464,6.045844,0.419543,1.029526,14.836031,0.61543,-240.55095,25
1.0,-5.0000,3.134000,2.05342e-05,4.427101,0.341492,1.677057,21.741398,6.051848,0.419789,1.030788,14.860246,0.61548,-241.49046,25
1.0,-5.0000,3.135000,2.05256e-05,4.433225,0.341797,1.679628,21.785368,6.057851,0.420035,1.032051,14.884480,0.61553,-242.43264,25
1.0,-5.0000,3.136000,2.05170e-05,4.439346,0.342101,1.682198,21.829365,6.063850,0.420281,1.033313,14.908728,0.61557,-243.37728,29
1.0,-5.0000,3.137000,2.05083e-05,4.445468,0.342406,1.684768,21.873410,6.069851,0.420526,1.034575,14.933000,0.61562,-244.32479,29
1.0,-5.0000,3.138000,2.04997e-05,4.451588,0.342710,1.687339,21.917491,6.075850,0.420771,1.035837,14.957291,0.61566,-245.27497,29
1.0,-5.0000,3.139000,2.04910e-05,4.457708,0.343013,1.689910,21.961612,6.081849,0.421015,1.037100,14.981603,0.61571,-246.22788,31
1.0,-5.0000,3.140000,2.04824e-05,4.463825,0.343316,1.692481,22.005764,6.087845,0.421260,1.038363,15.005930,0.61576,-247.18336,28
1.0,-5.0000,3.141000,2.04737e-05,4.469942,0.343619,1.695052,22.049956,6.093841,0.421503,1.039625,15.030279,0.61580,-248.14160,28
1.0,-5.0000,3.142000,2.04650e-05,4.476057,0.343921,1.697624,22.094186,6.099836,0.421747,1.040888,15.054646,0.61585,-249.10254,28
1.0,-5.0000,3.143000,2.04563e-05,4.482172,0.344223,1.700196,22.138453,6.105830,0.421990,1.042151,15.079033,0.61589,-250.06619,28
1.0,-5.0000,3.144000,2.04477e-05,4.488285,0.344525,1.702768,22.182757,6.111823,0.422233,1.043414,15.103439,0.61594,-251.03254,28
1.0,-5.0000,3.145000,2.04390e-05,4.494397,0.344826,1.705340,22.227098,6.117815,0.422475,1.044678,15.127864,0.61598,-252.00161,28
1.0,-5.0000,3.146000,2.04303e-05,4.500508,0.345126,1.707912,22.271477,6.123805,0.422717,1.045941,15.152309,0.61603,-252.97340,28
1.0,-5.0000,3.147000,2.04216e-05,4.506618,0.345426,1.710484,22.315893,6.129795,0.422959,1.047204,15.176772,0.61608,-253.94791,28
1.0,-5.0000,3.148000,2.04129e-05,4.512727,0.345726,1.713057,22.360346,6.135783,0.423200,1.048468,15.201255,0.61612,-254.92516,28
1.0,-5.0000,3.149000,2.04042e-05,4.518835,0.346026,1.715630,22.404837,6.141771,0.423441,1.049731,15.225758,0.61617,-255.90515,28
1.0,-5.0000,3.150000,2.03955e-05,4.524941,0.346325,1.718203,22.449365,6.147757,0.423681,1.050995,15.250279,0.61621,-256.88788,28
1.0,-5.0000,3.151000,2.03867e-05,4.531047,0.346623,1.720776,22.493931,6.153742,0.423922,1.052259,15.274820,0.61626,-257.87337,28
1.0,-5.0000,3.152000,2.03780e-05,4.537151,0.346921,1.723349,22.538534,6.159726,0.424162,1.053522,15.299381,0.61630,-258.86160,28
1.0,-5.0000,3.153000,2.03693e-05,4.543254,0.347219,1.725923,22.583175,6.165710,0.424401,1.054786,15.323960,0.61635,-259.85261,28
1.0,-5.0000,3.154000,2.03605e-05,4.549357,0.347516,1.728497,22.627854,6.171692,0.424640,1.056051,15.348559,0.61640,-260.84638,28
1.0,-5.0000,3.155000,2.03518e-05,4.555458,0.347813,1.731070,22.672570,6.177673,0.424879,1.057315,15.373178,0.61644,-261.84292,28
1.0,-5.0000,3.156000,2.03431e-05,4.561558,0.348110,1.733645,22.717324,6.183653,0.425118,1.058579,15.397816,0.61649,-262.84225,28
1.0,-5.0000,3.157000,2.03343e-05,4.567657,0.348406,1.736219,22.762116,6.189632,0.425356,1.059844,15.422473,0.61653,-263.84436,28
1.0,-5.0000,3.158000,2.03256e-05,4.573755,0.348701,1.738794,22.806945,6.195611,0.425594,1.061108,15.447150,0.61658,-264.84926,28
1.0,-5.0000,3.159000,2.03168e-05,4.579851,0.348997,1.741368,22.851812,6.201588,0.425831,1.062373,15.471847,0.61662,-265.85696,28
1.0,-5.0000,3.160000,2.03080e-05,4.585947,0.349292,1.743943,22.896718,6.207564,0.426069,1.063637,15.496563,0.61667,-266.86746,28
1.0,-5.0000,3.161000,2.02993e-05,4.592042,0.349586,1.746519,22.941661,6.213539,0.426305,1.064902,15.521298,0.61671,-267.88077,28
1.0,-5.0000,3.162000,2.02905e-05,4.598136,0.349880,1.749094,22.986642,6.219514,0.426542,1.066167,15.546053,0.61676,-268.89690,28
1.0,-5.0000,3.163000,2.02817e-05,4.604229,0.350174,1.751670,23.031661,6.225487,0.426778,1.067432,15.570828,0.61680,-269.91585,28
1.0,-5.0000,3.164000,2.02729e-05,4.610320,0.350467,1.754245,23.076718,6.231459,0.427014,1.068698,15.595623,0.61685,-270.93763,28
1.0,-5.0000,3.165000,2.02642e-05,4.616411,0.350760,1.756822,23.121814,6.237431,0.427249,1.069963,15.620436,0.61690,-271.96225,28
1.0,-5.0000,3.166000,2.02554e-05,4.622501,0.351053,1.759398,23.166947,6.243401,0.427484,1.071228,15.645270,0.61694,-272.98970,28
1.0,-5.0000,3.167000,2.02466e-05,4.628589,0.351345,1.761974,23.212119,6.249371,0.427719,1.072494,15.670123,0.61699,-274.02000,28
1.0,-5.0000,3.168000,2.02378e-05,4.634677,0.351636,1.764551,23.257328,6.255339,0.427954,1.073760,15.694996,0.61703,-275.05315,28
1.0,-5.0000,3.169000,2.02290e-05,4.640764,0.351928,1.767128,23.302576,6.261307,0.428188,1.075025,15.719889,0.61708,-276.08915,28
1.0,-5.0000,3.170000,2.02202e-05,4.646849,0.352219,1.769705,23.347863,6.267274,0.428422,1.076291,15.744801,0.61712,-277.12803,28
1.0,-5.0000,3.171000,2.02114e-05,4.652934,0.352509,1.772283,23.393187,6.273239,0.428655,1.077557,15.769734,0.61717,-278.16977,28
1.0,-5.0000,3.172000,2.02026e-05,4.659018,0.352799,1.774860,23.438550,6.279204,0.428888,1.078824,15.794686,0.61721,-279.21439,28
1.0,-5.0000,3.173000,2.01938e-05,4.665101,0.353089,1.777438,23.483952,6.285168,0.429121,1.080090,15.819657,0.61726,-280.26189,28
1.0,-5.0000,3.174000,2.01849e-05,4.671183,0.353378,1.780016,23.529392,6.291132,0.429353,1.081356,15.844649,0.61730,-281.31228,28
1.0,-5.0000,3.175000,2.01761e-05,4.677264,0.353667,1.782594,23.574870,6.297094,0.429586,1.082623,15.869660,0.61735,-282.36556,28
1.0,-5.0000,3.176000,2.01673e-05,4.683344,0.353956,1.785173,23.620387,6.303055,0.429817,1.083890,15.894692,0.61739,-283.42174,28
1.0,-5.0000,3.177000,2.01585e-05,4.689423,0.354244,1.787752,23.665942,6.309016,0.430049,1.085156,15.919743,0.61744,-284.48083,28
1.0,-5.0000,3.178000,2.01496e-05,4.695501,0.354532,1.790331,23.711536,6.314975,0.430280,1.086423,15.944814,0.61748,-285.54284,28
1.0,-5.0000,3.179000,2.01408e-05,4.701578,0.354820,1.792910,23.757171,6.320935,0.430511,1.087690,15.969906,0.61753,-286.60781,31
1.0,-5.0000,3.180000,2.01320e-05,4.707655,0.355107,1.795490,23.802843,6.326893,0.430742,1.088958,15.995017,0.61757,-287.67566,31
1.0,-5.0000,3.181000,2.01231e-05,4.713730,0.355393,1.798070,23.848553,6.332850,0.430972,1.090225,16.020148,0.61762,-288.74644,31
1.0,-5.0000,3.182000,2.01143e-05,4.719804,0.355680,1.800650,23.894302,6.338806,0.431202,1.091492,16.045299,0.61766,-289.82015,31
1.0,-5.0000,3.183000,2.01055e-05,4.725878,0.355965,1.803230,23.940089,6.344761,0.431431,1.092760,16.070470,0.61771,-290.89681,31
1.0,-5.0000,3.184000,2.00966e-05,4.731950,0.356251,1.805810,23.985916,6.350716,0.431660,1.094028,16.095660,0.61775,-291.97642,31
1.0,-5.0000,3.185000,2.00878e-05,4.738022,0.356536,1.808391,24.031781,6.356669,0.431889,1.095296,16.120871,0.61780,-293.05899,31
1.0,-5.0000,3.186000,2.00789e-05,4.744093,0.356821,1.810972,24.077685,6.362622,0.432118,1.096564,16.146102,0.61784,-294.14452,31
1.0,-5.0000,3.187000,2.00701e-05,4.750163,0.357105,1.813553,24.123629,6.368574,0.432346,1.097832,16.171353,0.61789,-295.23301,31
1.0,-5.0000,3.188000,2.00612e-05,4.756232,0.357389,1.816135,24.169611,6.374526,0.432574,1.099100,16.196625,0.61793,-296.32449,31
1.0,-5.0000,3.189000,2.00523e-05,4.762300,0.357673,1.818716,24.215632,6.380476,0.432802,1.100368,16.221916,0.61798,-297.41894,31
1.0,-5.0000,3.190000,2.00435e-05,4.768369,0.357956,1.821299,24.261700,6.386427,0.433029,1.101637,16.247231,0.61802,-298.51654,24
1.0,-5.0000,3.191000,2.00346e-05,4.774435,0.358239,1.823881,24.307799,6.392376,0.433256,1.102906,16.272562,0.61807,-299.61697,24
1.0,-5.0000,3.192000,2.00257e-05,4.780501,0.358522,1.826464,24.353938,6.398324,0.433483,1.104175,16.297914,0.61811,-300.72041,24
1.0,-5.0000,3.193000,2.00169e-05,4.786566,0.358804,1.829047,24.400116,6.404272,0.433709,1.105444,16.323286,0.61816,-301.82684,24
1.0,-5.0000,3.194000,2.00080e-05,4.792630,0.359085,1.831630,24.446333,6.410218,0.433935,1.106713,16.348678,0.61820,-302.93630,24
1.0,-5.0000,3.195000,1.99991e-05,4.798693,0.359367,1.834213,24.492589,6.416164,0.434161,1.107982,16.374091,0.61825,-304.04877,24
1.0,-5.0000,3.196000,1.99903e-05,4.804755,0.359648,1.836796,24.538884,6.422109,0.434387,1.109251,16.399523,0.61829,-305.16426,24
1.0,-5.0000,3.197000,1.99814e-05,4.810815,0.359928,1.839380,24.585209,6.428051,0.434612,1.110520,16.424970,0.61834,-306.28255,27
1.0,-5.0000,3.198000,1.99725e-05,4.816875,0.360209,1.841964,24.631583,6.433995,0.434836,1.111790,16.450444,0.61838,-307.40412,27
1.0,-5.0000,3.199000,1.99637e-05,4.822935,0.360489,1.844548,24.677997,6.439937,0.435061,1.113060,16.475937,0.61843,-308.52873,27
1.0,-5.0000,3.200000,1.99548e-05,4.828994,0.360768,1.847133,24.724450,6.445879,0.435285,1.114330,16.501451,0.61847,-309.65639,27
1.0,-5.0000,3.201000,1.99459e-05,4.835052,0.361047,1.849718,24.770943,6.451821,0.435509,1.115600,16.526985,0.61852,-310.78711,27
1.0,-5.0000,3.202000,1.99370e-05,4.841110,0.361326,1.852303,24.817475,6.457761,0.435733,1.116870,16.552540,0.61856,-311.92089,27
1.0,-5.0000,3.203000,1.99281e-05,4.847167,0.361605,1.854888,24.864047,6.463701,0.435956,1.118141,16.578115,0.61861,-313.05774,27
1.0,-5.0000,3.204000,1.99192e-05,4.853222,0.361883,1.857474,24.910659,6.469640,0.436179,1.119411,16.603710,0.61865,-314.19767,27
1.0,-5.0000,3.205000,1.99103e-05,4.859277,0.362160,1.860060,24.957310,6.475578,0.436401,1.120682,16.629326,0.61870,-315.34068,27
1.0,-5.0000,3.206000,1.99015e-05,4.865332,0.362438,1.862646,25.004001,6.481516,0.436624,1.121953,16.654962,0.61874,-316.48677,27
1.0,-5.0000,3.207000,1.98926e-05,4.871385,0.362715,1.865233,25.050731,6.487453,0.436846,1.123224,16.680619,0.61879,-317.63597,27
1.0,-5.0000,3.208000,1.98837e-05,4.877438,0.362991,1.867820,25.097502,6.493389,0.437068,1.124495,16.706296,0.61883,-318.78826,27
1.0,-5.0000,3.209000,1.98748e-05,4.883490,0.363268,1.870407,25.144312,6.499325,0.437289,1.125766,16.731994,0.61888,-319.94367,27
1.0,-5.0000,3.210000,1.98659e-05,4.889541,0.363544,1.872994,25.191162,6.505260,0.437510,1.127037,16.757712,0.61892,-321.10219,27
1.0,-5.0000,3.211000,1.98570e-05,4.895592,0.363819,1.875582,25.238052,6.511194,0.437731,1.128309,16.783451,0.61896,-322.26383,27
1.0,-5.0000,3.212000,1.98481e-05,4.901642,0.364094,1.878170,25.284982,6.517128,0.437952,1.129581,16.809210,0.61901,-323.42860,27
1.0,-5.0000,3.213000,1.98392e-05,4.907691,0.364369,1.880758,25.331951,6.523061,0.438172,1.130853,16.834990,0.61905,-324.59650,27
1.0,-5.0000,3.214000,1.98303e-05,4.913739,0.364644,1.883347,25.378961,6.528993,0.438392,1.132125,16.860791,0.61910,-325.76754,27
1.0,-5.0000,3.215000,1.98214e-05,4.919787,0.364918,1.885936,25.426011,6.534924,0.438611,1.133397,16.886612,0.61914,-326.94173,27
1.0,-5.0000,3.216000,1.98125e-05,4.925833,0.365191,1.888525,25.473101,6.540855,0.438831,1.134669,16.912454,0.61919,-328.11908,27
1.0,-5.0000,3.217000,1.98036e-05,4.931880,0.365465,1.891114,25.520231,6.546786,0.439050,1.135942,16.938317,0.61923,-329.29958,27
1.0,-5.0000,3.218000,1.97947e-05,4.937925,0.365738,1.893704,25.567401,6.552715,0.439269,1.137214,16.964200,0.61928,-330.48325,27
1.0,-5.0000,3.219000,1.97858e-05,4.943970,0.366011,1.896294,25.614611,6.558644,0.439487,1.138487,16.990104,0.61932,-331.67010,27
1.0,-5.0000,3.220000,1.97769e-05,4.950014,0.366283,1.898884,25.661862,6.564572,0.439705,1.139760,17.016028,0.61936,-332.86013,27
1.0,-5.0000,3.221000,1.97680e-05,4.956057,0.366555,1.901475,25.709152,6.570500,0.439923,1.141033,17.041974,0.61941,-334.05334,27
1.0,-5.0000,3.222000,1.97591e-05,4.962100,0.366827,1.904066,25.756483,6.576427,0.440141,1.142307,17.067940,0.61945,-335.24975,27
1.0,-5.0000,3.223000,1.97501e-05,4.968142,0.367098,1.906657,25.803855,6.582354,0.440358,1.143580,17.093926,0.61950,-336.44935,27
1.0,-5.0000,3.224000,1.97412e-05,4.974183,0.367369,1.909249,25.851267,6.588279,0.440575,1.144854,17.119934,0.61954,-337.65217,27
1.0,-5.0000,3.225000,1.97323e-05,4.980224,0.367640,1.911841,25.898719,6.594205,0.440792,1.146127,17.145963,0.61959,-338.85819,27
1.0,-5.0000,3.226000,1.97234e-05,4.986263,0.367910,1.914433,25.946211,6.600129,0.441008,1.147401,17.172012,0.61963,-340.06744,27
1.0,-5.0000,3.227000,1.97145e-05,4.992303,0.368180,1.917025,25.993745,6.606053,0.441224,1.148675,17.198082,0.61967,-341.27991,27
1.0,-5.0000,3.228000,1.97056e-05,4.998341,0.368449,1.919618,26.041318,6.611977,0.441440,1.149950,17.224173,0.61972,-342.49562,27
1.0,-5.0000,3.229000,1.96967e-05,5.004379,0.368719,1.922211,26.088932,6.617900,0.441656,1.151224,17.250285,0.61976,-343.71456,27
1.0,-5.0000,3.230000,1.96878e-05,5.010417,0.368987,1.924804,26.136587,6.623822,0.441871,1.152499,17.276418,0.61981,-344.93675,27
1.0,-5.0000,3.231000,1.96789e-05,5.016453,0.369256,1.927398,26.184283,6.629744,0.442086,1.153773,17.302572,0.61985,-346.16220,27
1.0,-5.0000,3.232000,1.96700e-05,5.022489,0.369524,1.929992,26.232019,6.635665,0.442301,1.155048,17.328746,0.61990,-347.39090,27
1.0,-5.0000,3.233000,1.96611e-05,5.028524,0.369792,1.932586,26.279795,6.641585,0.442515,1.156323,17.354942,0.61994,-348.62288,27
1.0,-5.0000,3.234000,1.96521e-05,5.034559,0.370060,1.935181,26.327613,6.647505,0.442729,1.157599,17.381159,0.61998,-349.85812,27
1.0,-5.0000,3.235000,1.96432e-05,5.040593,0.370327,1.937776,26.375471,6.653425,0.442943,1.158874,17.407396,0.62003,-351.09665,27
1.0,-5.0000,3.236000,1.96343e-05,5.046627,0.370594,1.940371,26.423370,6.659343,0.443156,1.160150,17.433655,0.62007,-352.33846,27
1.0,-5.0000,3.237000,1.96254e-05,5.052660,0.370860,1.942967,26.471310,6.665262,0.443370,1.161426,17.459934,0.62012,-353.58357,27
1.0,-5.0000,3.238000,1.96165e-05,5.058692,0.371126,1.945563,26.519291,6.671179,0.443583,1.162701,17.486235,0.62016,-354.83197,27
1.0,-5.0000,3.239000,1.96076e-05,5.064723,0.371392,1.948159,26.567313,6.677097,0.443795,1.163978,17.512557,0.62020,-356.08369,27
1.0,-5.0000,3.240000,1.95987e-05,5.070754,0.371657,1.950755,26.615376,6.683013,0.444008,1.165254,17.538900,0.62025,-357.33872,27
1.0,-5.0000,3.241000,1.95898e-05,5.076785,0.371923,1.953352,26.663480,6.688929,0.444220,1.166530,17.565264,0.62029,-358.59707,27
1.0,-5.0000,3.242000,1.95808e-05,5.082815,0.372187,1.955949,26.711624,6.694845,0.444432,1.167807,17.591649,0.62034,-359.85874,27
1.0,-5.0000,3.243000,1.95719e-05,5.088844,0.372452,1.958547,26.759810,6.700760,0.444643,1.169084,17.618055,0.62038,-361.12375,27
1.0,-5.0000,3.244000,1.95630e-05,5.094873,0.372716,1.961145,26.808037,6.706675,0.444855,1.170361,17.644483,0.62042,-362.39211,27
1.0,-5.0000,3.245000,1.95541e-05,5.100901,0.372980,1.963743,26.856305,6.712589,0.445066,1.171638,17.670932,0.62047,-363.66381,27
1.0,-5.0000,3.246000,1.95452e-05,5.106928,0.373243,1.966341,26.904615,6.718502,0.445276,1.172915,17.697401,0.62051,-364.93886,27
1.0,-5.0000,3.247000,1.95363e-05,5.112955,0.373506,1.968940,26.952965,6.724415,0.445487,1.174193,17.723893,0.62056,-366.21728,27
1.0,-5.0000,3.248000,1.95274e-05,5.118981,0.373769,1.971539,27.001357,6.730328,0.445697,1.175470,17.750405,0.62060,-367.49907,27
1.0,-5.0000,3.249000,1.95185e-05,5.125007,0.374032,1.974139,27.049790,6.736240,0.445907,1.176748,17.776938,0.62064,-368.78423,27
1.0,-5.0000,3.250000,1.95096e-05,5.131032,0.374294,1.976739,27.098264,6.742151,0.446116,1.178026,17.803493,0.62069,-370.07278,27
1.0,-5.0000,3.251000,1.95007e-05,5.137057,0.374556,1.979339,27.146780,6.748062,0.446326,1.179304,17.830069,0.62073,-371.36471,27
1.0,-5.0000,3.252000,1.94918e-05,5.143081,0.374817,1.981939,27.195337,6.753973,0.446535,1.180583,17.856667,0.62077,-372.66004,27
1.0,-5.0000,3.253000,1.94828e-05,5.149105,0.375078,1.984540,27.243936,6.759883,0.446744,1.181861,17.883286,0.62082,-373.95878,27
1.0,-5.0000,3.254000,1.94739e-05,5.155128,0.375339,1.987141,27.292576,6.765793,0.446952,1.183140,17.909926,0.62086,-375.26092,27
1.0,-5.0000,3.255000,1.94650e-05,5.161150,0.375599,1.989743,27.341257,6.771702,0.447160,1.184419,17.936587,0.62091,-376.56648,27
1.0,-5.0000,3.256000,1.94561e-05,5.167172,0.375860,1.992345,27.389980,6.777610,0.447368,1.185698,17.963270,0.62095,-377.87547,27
1.0,-5.0000,3.257000,1.94472e-05,5.173193,0.376119,1.994947,27.438745,6.783519,0.447576,1.186977,17.989975,0.62099,-379.18789,27
1.0,-5.0000,3.258000,1.94383e-05,5.179214,0.376379,1.997549,27.487551,6.789426,0.447783,1.188257,18.016700,0.62104,-380.50374,27
1.0,-5.0000,3.259000,1.94294e-05,5.185235,0.376638,2.000152,27.536399,6.795334,0.447991,1.189536,18.043448,0.62108,-381.82304,27
1.0,-5.0000,3.260000,1.94205e-05,5.191255,0.376897,2.002755,27.585289,6.801241,0.448198,1.190816,18.070216,0.62112,-383.14580,27
1.0,-5.0000,3.261000,1.94116e-05,5.197274,0.377156,2.005359,27.634220,6.807147,0.448404,1.192096,18.097006,0.62117,-384.47201,27
1.0,-5.0000,3.262000,1.94027e-05,5.203293,0.377414,2.007963,27.683193,6.813053,0.448611,1.193376,18.123818,0.62121,-385.80169,27
1.0,-5.0000,3.263000,1.93938e-05,5.209311,0.377672,2.010567,27.732208,6.818959,0.448817,1.194657,18.150651,0.62125,-387.13484,27
1.0,-5.0000,3.264000,1.93849e-05,5.215331,0.377929,2.013172,27.781276,6.824866,0.449022,1.195937,18.177512,0.62130,-388.47175,23
1.0,-5.0000,3.265000,1.93760e-05,5.221348,0.378187,2.015777,27.830374,6.830771,0.449228,1.197218,18.204388,0.62134,-389.81187,23
1.0,-5.0000,3.266000,1.93671e-05,5.227365,0.378444,2.018382,27.879515,6.836675,0.449433,1.198499,18.231286,0.62138,-391.15548,23
1.0,-5.0000,3.267000,1.93582e-05,5.233382,0.378700,2.020988,27.928697,6.842579,0.449638,1.199780,18.258205,0.62143,-392.50260,23
1.0,-5.0000,3.268000,1.93493e-05,5.239398,0.378956,2.023594,27.977922,6.848482,0.449843,1.201061,18.285146,0.62147,-393.85322,23
1.0,-5.0000,3.269000,1.93404e-05,5.245413,0.379212,2.026200,28.027188,6.854385,0.450048,1.202343,18.312109,0.62151,-395.20737,23
1.0,-5.0000,3.270000,1.93315e-05,5.251428,0.379468,2.028807,28.076496,6.860288,0.450252,1.203624,18.339093,0.62156,-396.56503,23
1.0,-5.0000,3.271000,1.93226e-05,5.257442,0.379723,2.031414,28.125847,6.866190,0.450456,1.204906,18.366099,0.62160,-397.92622,23
1.0,-5.0000,3.272000,1.93137e-05,5.263456,0.379978,2.034021,28.175239,6.872092,0.450659,1.206188,18.393126,0.62164,-399.29096,23
1.0,-5.0000,3.273000,1.93048e-05,5.269470,0.380233,2.036629,28.224674,6.877993,0.450863,1.207470,18.420176,0.62169,-400.65923,23
1.0,-5.0000,3.274000,1.92960e-05,5.275483,0.380488,2.039237,28.274151,6.883894,0.451066,1.208753,18.447246,0.62173,-402.03106,23
1.0,-5.0000,3.275000,1.92871e-05,5.281496,0.380742,2.041846,28.323670,6.889795,0.451269,1.210035,18.474339,0.62177,-403.40645,23
1.0,-5.0000,3.276000,1.92782e-05,5.287508,0.380995,2.044455,28.373232,6.895695,0.451472,1.211318,18.501454,0.62182,-404.78540,23
1.0,-5.0000,3.277000,1.92693e-05,5.293519,0.381249,2.047064,28.422835,6.901595,0.451674,1.212601,18.528590,0.62186,-406.16793,23
1.0,-5.0000,3.278000,1.92604e-05,5.299531,0.381502,2.049673,28.472481,6.907495,0.451876,1.213884,18.555748,0.62190,-407.55403,23
1.0,-5.0000,3.279000,1.92515e-05,5.305542,0.381755,2.052283,28.522170,6.913394,0.452078,1.215168,18.582928,0.62195,-408.94373,23
1.0,-5.0000,3.280000,1.92427e-05,5.311552,0.382007,2.054894,28.571901,6.919293,0.452280,1.216451,18.610129,0.62199,-410.33702,23
1.0,-5.0000,3.281000,1.92338e-05,5.317562,0.382259,2.057504,28.621674,6.925191,0.452481,1.217735,18.637353,0.62203,-411.73391,23
1.0,-5.0000,3.282000,1.92249e-05,5.323572,0.382511,2.060115,28.671490,6.931089,0.452682,1.219019,18.664598,0.62208,-413.13441,23
1.0,-5.0000,3.283000,1.92160e-05,5.329581,0.382763,2.062727,28.721348,6.936987,0.452883,1.220303,18.691865,0.62212,-414.53853,23
1.0,-5.0000,3.284000,1.92071e-05,5.335589,0.383014,2.065338,28.771249,6.942884,0.453083,1.221587,18.719154,0.62216,-415.94628,23
1.0,-5.0000,3.285000,1.91983e-05,5.341598,0.383265,2.067951,28.821192,6.948781,0.453284,1.222872,18.746465,0.62221,-417.35765,23
1.0,-5.0000,3.286000,1.91894e-05,5.347606,0.383516,2.070563,28.871178,6.954678,0.453484,1.224157,18.773798,0.62225,-418.77266,23
1.0,-5.0000,3.287000,1.91805e-05,5.353613,0.383766,2.073176,28.921206,6.960574,0.453684,1.225442,18.801153,0.62229,-420.19132,23
1.0,-5.0000,3.288000,1.91717e-05,5.359618,0.384016,2.075789,28.971267,6.966468,0.453883,1.226726,18.828524,0.62234,-421.61336,26
1.0,-5.0000,3.289000,1.91628e-05,5.365625,0.384266,2.078402,29.021381,6.972364,0.454082,1.228012,18.855923,0.62238,-423.03933,26
1.0,-5.0000,3.290000,1.91539e-05,5.371631,0.384515,2.081016,29.071538,6.978259,0.454282,1.229297,18.883344,0.62242,-424.46897,26
1.0,-5.0000,3.291000,1.91451e-05,5.377637,0.384764,2.083630,29.121737,6.984154,0.454480,1.230583,18.910787,0.62246,-425.90229,26
1.0,-5.0000,3.292000,1.91362e-05,5.383643,0.385013,2.086245,29.171980,6.990049,0.454679,1.231869,18.938251,0.62251,-427.33929,26
1.0,-5.0000,3.293000,1.91274e-05,5.389648,0.385262,2.088860,29.222265,6.995943,0.454877,1.233155,18.965738,0.62255,-428.77999,26
1.0,-5.0000,3.294000,1.91185e-05,5.395653,0.385510,2.091476,29.272593,7.001838,0.455075,1.234441,18.993247,0.62259,-430.22438,26
1.0,-5.0000,3.295000,1.91096e-05,5.401657,0.385758,2.094092,29.322964,7.007731,0.455273,1.235728,19.020779,0.62264,-431.67247,26
1.0,-5.0000,3.296000,1.91008e-05,5.407661,0.386006,2.096708,29.373378,7.013625,0.455471,1.237014,19.048332,0.62268,-433.12428,26
1.0,-5.0000,3.297000,1.90919e-05,5.413665,0.386253,2.099325,29.423835,7.019518,0.455668,1.238301,19.075907,0.62272,-434.57981,26
1.0,-5.0000,3.298000,1.90831e-05,5.419668,0.386500,2.101942,29.474335,7.025411,0.455865,1.239588,19.103505,0.62276,-436.03906,26
1.0,-5.0000,3.299000,1.90742e-05,5.425671,0.386747,2.104559,29.524878,7.031304,0.456062,1.240876,19.131124,0.62281,-437.50205,26
1.0,-5.0000,3.300000,1.90654e-05,5.431674,0.386993,2.107177,29.575465,7.037196,0.456258,1.242163,19.158766,0.62285,-438.96879,26
1.0,-5.0000,3.301000,1.90565e-05,5.437676,0.387239,2.109795,29.626094,7.043088,0.456455,1.243451,19.186430,0.62289,-440.43927,26
1.0,-5.0000,3.302000,1.90477e-05,5.443678,0.387485,2.112413,29.676766,7.048980,0.456651,1.244739,19.214116,0.62294,-441.91351,26
1.0,-5.0000,3.303000,1.90389e-05,5.449680,0.387730,2.115032,29.727482,7.054871,0.456846,1.246027,19.241825,0.62298,-443.39151,26
1.0,-5.0000,3.304000,1.90300e-05,5.455681,0.387976,2.117652,29.778241,7.060763,0.457042,1.247315,19.269555,0.62302,-444.87329,26
1.0,-5.0000,3.305000,1.90212e-05,5.461682,0.388221,2.120271,29.829044,7.066654,0.457237,1.248604,19.297308,0.62306,-446.35885,26
1.0,-5.0000,3.306000,1.90123e-05,5.467682,0.388465,2.122891,29.879889,7.072544,0.457432,1.249892,19.325084,0.62311,-447.84820,26
1.0,-5.0000,3.307000,1.90035e-05,5.473683,0.388709,2.125512,29.930778,7.078435,0.457627,1.251181,19.352881,0.62315,-449.34134,26
1.0,-5.0000,3.308000,1.89947e-05,5.479683,0.388954,2.128133,29.981710,7.084325,0.457822,1.252470,19.380701,0.62319,-450.83828,26
1.0,-5.0000,3.309000,1.89858e-05,5.485682,0.389197,2.130754,30.032686,7.090215,0.458016,1.253760,19.408543,0.62323,-452.33903,26
1.0,-5.0000,3.310000,1.89770e-05,5.491681,0.389441,2.133376,30.083705,7.096105,0.458210,1.255049,19.436408,0.62328,-453.84361,26
1.0,-5.0000,3.311000,1.89682e-05,5.497680,0.389684,2.135998,30.134768,7.101994,0.458404,1.256339,19.464295,0.62332,-455.35200,26
1.0,-5.0000,3.312000,1.89594e-05,5.503679,0.389927,2.138620,30.185874,7.107883,0.458598,1.257629,19.492204,0.62336,-456.86423,26
1.0,-5.0000,3.313000,1.89505e-05,5.509677,0.390169,2.141243,30.237024,7.113772,0.458791,1.258919,19.520136,0.62340,-458.38030,26
1.0,-5.0000,3.314000,1.89417e-05,5.515675,0.390412,2.143866,30.288217,7.119661,0.458984,1.260209,19.548090,0.62345,-459.90022,26
1.0,-5.0000,3.315000,1.89329e-05,5.521673,0.390654,2.146490,30.339454,7.125549,0.459177,1.261500,19.576066,0.62349,-461.42400,26
1.0,-5.0000,3.316000,1.89241e-05,5.527671,0.390895,2.149114,30.390735,7.131438,0.459370,1.262791,19.604065,0.62353,-462.95164,26
1.0,-5.0000,3.317000,1.89153e-05,5.533668,0.391137,2.151738,30.442059,7.137326,0.459562,1.264082,19.632087,0.62357,-464.48315,26
1.0,-5.0000,3.318000,1.89065e-05,5.539665,0.391378,2.154363,30.493427,7.143213,0.459754,1.265373,19.660131,0.62362,-466.01854,26
1.0,-5.0000,3.319000,1.88977e-05,5.545661,0.391619,2.156988,30.544839,7.149101,0.459946,1.266664,19.688197,0.62366,-467.55782,26
1.0,-5.0000,3.320000,1.88889e-05,5.551658,0.391859,2.159614,30.596297,7.154989,0.460138,1.267956,19.716287,0.62370,-469.10106,29
1.0,-5.0000,3.321000,1.88801e-05,5.557654,0.392099,2.162240,30.647796,7.160876,0.460329,1.269248,19.744399,0.62374,-470.64813,29
1.0,-5.0000,3.322000,1.88713e-05,5.563650,0.392339,2.164866,30.699339,7.166763,0.460521,1.270540,19.772533,0.62379,-472.19912,29
1.0,-5.0000,3.323000,1.88625e-05,5.569645,0.392579,2.167493,30.750926,7.172650,0.460712,1.271832,19.800690,0.62383,-473.75402,29
1.0,-5.0000,3.324000,1.88537e-05,5.575640,0.392818,2.170120,30.802557,7.178536,0.460902,1.273125,19.828869,0.62387,-475.31285,29
1.0,-5.0000,3.325000,1.88449e-05,5.581635,0.393057,2.172748,30.854233,7.184423,0.461093,1.274417,19.857071,0.62391,-476.87561,29
1.0,-5.0000,3.326000,1.88361e-05,5.587630,0.393296,2.175376,30.905952,7.190309,0.461283,1.275710,19.885295,0.62396,-478.44231,29
1.0,-5.0000,3.327000,1.88273e-05,5.593624,0.393535,2.178004,30.957715,7.196195,0.461473,1.277003,19.913542,0.62400,-480.01296,29
1.0,-5.0000,3.328000,1.88185e-05,5.599618,0.393773,2.180633,31.009522,7.202081,0.461663,1.278297,19.941812,0.62404,-481.58757,29
1.0,-5.0000,3.329000,1.88097e-05,5.605612,0.394011,2.183262,31.061373,7.207966,0.461853,1.279590,19.970105,0.62408,-483.16614,29
1.0,-5.0000,3.330000,1.88009e-05,5.611606,0.394249,2.185892,31.113268,7.213852,0.462042,1.280884,19.998420,0.62412,-484.74869,29
1.0,-5.0000,3.331000,1.87922e-05,5.617599,0.394486,2.188522,31.165208,7.219737,0.462231,1.282178,20.026758,0.62417,-486.33522,29
1.0,-5.0000,3.332000,1.87834e-05,5.623592,0.394723,2.191152,31.217192,7.225622,0.462420,1.283472,20.055119,0.62421,-487.92573,29
1.0,-5.0000,3.333000,1.87746e-05,5.629585,0.394960,2.193783,31.269220,7.231507,0.462608,1.284767,20.083502,0.62425,-489.52024,29
1.0,-5.0000,3.334000,1.87658e-05,5.635578,0.395197,2.196415,31.321292,7.237392,0.462797,1.286061,20.111908,0.62429,-491.11876,28
1.0,-5.0000,3.335000,1.87571e-05,5.641571,0.395433,2.199046,31.373409,7.243276,0.462985,1.287356,20.140337,0.62433,-492.72129,28
1.0,-5.0000,3.336000,1.87483e-05,5.647563,0.395669,2.201678,31.425570,7.249161,0.463173,1.288651,20.168789,0.62438,-494.32783,28
1.0,-5.0000,3.337000,1.87395e-05,5.653555,0.395904,2.204311,31.477775,7.255045,0.463361,1.289946,20.197264,0.62442,-495.93841,28
1.0,-5.0000,3.338000,1.87308e-05,5.659547,0.396140,2.206944,31.530025,7.260929,0.463548,1.291242,20.225761,0.62446,-497.55302,28
1.0,-5.0000,3.339000,1.87220e-05,5.665538,0.396375,2.209577,31.582319,7.266813,0.463735,1.292537,20.254281,0.62450,-499.17167,28
1.0,-5.0000,3.340000,1.87133e-05,5.671530,0.396610,2.212211,31.634657,7.272697,0.463922,1.293833,20.282824,0.62454,-500.79437,28
1.0,-5.0000,3.341000,1.87045e-05,5.677521,0.396845,2.214845,31.687041,7.278581,0.464109,1.295129,20.311390,0.62459,-502.42114,28
1.0,-5.0000,3.342000,1.86958e-05,5.683512,0.397079,2.217480,31.739468,7.284464,0.464296,1.296426,20.339979,0.62463,-504.05197,28
1.0,-5.0000,3.343000,1.86870e-05,5.689502,0.397313,2.220115,31.791941,7.290348,0.464482,1.297722,20.368591,0.62467,-505.68688,28
1.0,-5.0000,3.344000,1.86783e-05,5.695493,0.397547,2.222750,31.844457,7.296231,0.464668,1.299019,20.397226,0.62471,-507.32587,28
1.0,-5.0000,3.345000,1.86695e-05,5.701483,0.397780,2.225386,31.897019,7.302114,0.464854,1.300316,20.425884,0.62475,-508.96895,28
1.0,-5.0000,3.346000,1.86608e-05,5.707473,0.398013,2.228022,31.949622,7.307996,0.465040,1.301613,20.454562,0.62480,-510.61603,25
1.0,-5.0000,3.347000,1.86520e-05,5.713463,0.398246,2.230659,32.002272,7.313879,0.465225,1.302911,20.483266,0.62484,-512.26732,25
1.0,-5.0000,3.348000,1.86433e-05,5.719452,0.398479,2.233296,32.054968,7.319762,0.465410,1.304208,20.511993,0.62488,-513.92273,25
1.0,-5.0000,3.349000,1.86346e-05,5.725442,0.398711,2.235933,32.107709,7.325644,0.465595,1.305506,20.540743,0.62492,-515.58226,25
1.0,-5.0000,3.350000,1.86259e-05,5.731431,0.398943,2.238571,32.160494,7.331527,0.465780,1.306804,20.569516,0.62496,-517.24592,25
1.0,-5.0000,3.351000,1.86171e-05,5.737421,0.399175,2.241210,32.213324,7.337409,0.465965,1.308103,20.598311,0.62500,-518.91372,25
1.0,-5.0000,3.352000,1.86084e-05,5.743410,0.399407,2.243849,32.266199,7.343292,0.466149,1.309401,20.627130,0.62505,-520.58567,25
1.0,-5.0000,3.353000,1.85997e-05,5.749398,0.399638,2.246488,32.319119,7.349174,0.466333,1.310700,20.655972,0.62509,-522.26178,25
1.0,-5.0000,3.354000,1.85910e-05,5.755387,0.399869,2.249128,32.372084,7.355056,0.466517,1.311999,20.684838,0.62513,-523.94205,25
1.0,-5.0000,3.355000,1.85823e-05,5.761376,0.400100,2.251768,32.425094,7.360938,0.466701,1.313298,20.713726,0.62517,-525.62650,25
1.0,-5.0000,3.356000,1.85735e-05,5.767364,0.400330,2.254408,32.478149,7.366820,0.466884,1.314598,20.742637,0.62521,-527.31512,25
1.0,-5.0000,3.357000,1.85648e-05,5.773352,0.400561,2.257049,32.531249,7.372702,0.467067,1.315897,20.771572,0.62525,-529.00794,25
1.0,-5.0000,3.358000,1.85561e-05,5.779340,0.400791,2.259690,32.584394,7.378584,0.467250,1.317197,20.800530,0.62530,-530.70495,25
1.0,-5.0000,3.359000,1.85474e-05,5.785328,0.401020,2.262332,32.637584,7.384465,0.467433,1.318498,20.829511,0.62534,-532.40616,25
1.0,-5.0000,3.360000,1.85387e-05,5.791316,0.401250,2.264974,32.690820,7.390347,0.467615,1.319798,20.858515,0.62538,-534.11160,25
1.0,-5.0000,3.361000,1.85300e-05,5.797303,0.401479,2.267617,32.744100,7.396228,0.467798,1.321098,20.887542,0.62542,-535.82125,25
1.0,-5.0000,3.362000,1.85213e-05,5.803291,0.401708,2.270260,32.797426,7.402110,0.467980,1.322399,20.916593,0.62546,-537.53513,25
1.0,-5.0000,3.363000,1.85127e-05,5.809278,0.401936,2.272904,32.850797,7.407991,0.468162,1.323700,20.945667,0.62550,-539.25325,25
1.0,-5.0000,3.364000,1.85040e-05,5.815265,0.402165,2.275548,32.904213,7.413872,0.468343,1.325002,20.974764,0.62554,-540.97562,25
1.0,-5.0000,3.365000,1.84953e-05,5.821252,0.402393,2.278192,32.957675,7.419753,0.468525,1.326303,21.003884,0.62559,-542.70224,25
1.0,-5.0000,3.366000,1.84866e-05,5.827239,0.402621,2.280837,33.011182,7.425635,0.468706,1.327605,21.033028,0.62563,-544.43313,25
1.0,-5.0000,3.367000,1.84779e-05,5.833226,0.402848,2.283482,33.064735,7.431516,0.468887,1.328907,21.062195,0.62567,-546.16829,25
1.0,-5.0000,3.368000,1.84692e-05,5.839213,0.403075,2.286128,33.118332,7.437397,0.469068,1.330209,21.091386,0.62571,-547.90772,25
1.0,-5.0000,3.369000,1.84606e-05,5.845199,0.403302,2.288774,33.171976,7.443278,0.469248,1.331511,21.120600,0.62575,-549.65145,25
1.0,-5.0000,3.370000,1.84519e-05,5.851187,0.403529,2.291421,33.225675,7.449160,0.469429,1.332814,21.149843,0.62579,-551.39980,22
1.0,-5.0000,3.371000,1.84432e-05,5.857174,0.403756,2.294068,33.279410,7.455041,0.469609,1.334117,21.179103,0.62583,-553.15212,22
1.0,-5.0000,3.372000,1.84346e-05,5.863160,0.403982,2.296716,33.333189,7.460922,0.469789,1.335420,21.208387,0.62588,-554.90876,22
1.0,-5.0000,3.373000,1.84259e-05,5.869146,0.404208,2.299364,33.387015,7.466803,0.469969,1.336723,21.237695,0.62592,-556.66973,22
1.0,-5.0000,3.374000,1.84173e-05,5.875132,0.404434,2.302012,33.440886,7.472684,0.470148,1.338027,21.267026,0.62596,-558.43502,22
1.0,-5.0000,3.375000,1.84086e-05,5.881118,0.404659,2.304661,33.494803,7.478564,0.470327,1.339331,21.296380,0.62600,-560.20465,22
1.0,-5.0000,3.376000,1.84000e-05,5.887103,0.404884,2.307310,33.548765,7.484445,0.470506,1.340635,21.325758,0.62604,-561.97862,22
1.0,-5.0000,3.377000,1.83913e-05,5.893089,0.405109,2.309960,33.602773,7.490325,0.470685,1.341939,21.355159,0.62608,-563.75696,22
1.0,-5.0000,3.378000,1.83827e-05,5.899073,0.405334,2.312609,33.656817,7.496204,0.470864,1.343243,21.384579,0.62612,-565.53934,25
1.0,-5.0000,3.379000,1.83740e-05,5.905058,0.405558,2.315260,33.710917,7.502085,0.471042,1.344548,21.414027,0.62616,-567.32641,25
1.0,-5.0000,3.380000,1.83654e-05,5.911043,0.405782,2.317911,33.765062,7.507965,0.471221,1.345853,21.443499,0.62620,-569.11786,25
1.0,-5.0000,3.381000,1.83568e-05,5.917029,0.406006,2.320562,33.819254,7.513846,0.471399,1.347158,21.472995,0.62625,-570.91370,25
1.0,-5.0000,3.382000,1.83481e-05,5.923014,0.406230,2.323214,33.873491,7.519726,0.471576,1.348464,21.502514,0.62629,-572.71394,25
1.0,-5.0000,3.383000,1.83395e-05,5.928999,0.406453,2.325866,33.927775,7.525607,0.471754,1.349769,21.532057,0.62633,-574.51858,25
1.0,-5.0000,3.384000,1.83309e-05,5.934984,0.406676,2.328519,33.982104,7.531487,0.471931,1.351075,21.561623,0.62637,-576.32764,25
1.0,-5.0000,3.385000,1.83223e-05,5.940969,0.406899,2.331172,34.036479,7.537368,0.472108,1.352381,21.591213,0.62641,-578.14112,25
1.0,-5.0000,3.386000,1.83136e-05,5.946954,0.407122,2.333826,34.090900,7.543248,0.472285,1.353688,21.620827,0.62645,-579.95903,25
1.0,-5.0000,3.387000,1.83050e-05,5.952939,0.407344,2.336480,34.145368,7.549128,0.472462,1.354994,21.650464,0.62649,-581.78139,25
1.0,-5.0000,3.388000,1.82964e-05,5.958923,0.407566,2.339135,34.199881,7.555009,0.472639,1.356301,21.680126,0.62653,-583.60819,25
1.0,-5.0000,3.389000,1.82878e-05,5.964908,0.407788,2.341790,34.254441,7.560889,0.472815,1.357608,21.709810,0.62657,-585.43945,25
1.0,-5.0000,3.390000,1.82792e-05,5.970892,0.408010,2.344445,34.309047,7.566770,0.472991,1.358915,21.739519,0.62661,-587.27518,25
1.0,-5.0000,3.391000,1.82706e-05,5.976877,0.408231,2.347101,34.363699,7.572650,0.473167,1.360223,21.769251,0.62666,-589.11539,25
1.0,-5.0000,3.392000,1.82620e-05,5.982861,0.408452,2.349757,34.418397,7.578531,0.473343,1.361531,21.799007,0.62670,-590.96007,25
1.0,-5.0000,3.393000,1.82534e-05,5.988846,0.408673,2.352414,34.473141,7.584411,0.473518,1.362839,21.828787,0.62674,-592.80925,25
1.0,-5.0000,3.394000,1.82448e-05,5.994830,0.408894,2.355071,34.527932,7.590292,0.473693,1.364147,21.858590,0.62678,-594.66293,25
1.0,-5.0000,3.395000,1.82362e-05,6.000815,0.409114,2.357729,34.582769,7.596172,0.473869,1.365455,21.888418,0.62682,-596.52112,25
1.0,-5.0000,3.396000,1.82277e-05,6.006799,0.409334,2.360387,34.637653,7.602053,0.474043,1.366764,21.918269,0.62686,-598.38383,25
1.0,-5.0000,3.397000,1.82191e-05,6.012783,0.409554,2.363046,34.692583,7.607933,0.474218,1.368073,21.948144,0.62690,-600.25106,25
1.0,-5.0000,3.398000,1.82105e-05,6.018767,0.409773,2.365705,34.747559,7.613814,0.474393,1.369382,21.978043,0.62694,-602.12283,25
1.0,-5.0000,3.399000,1.82019e-05,6.024751,0.409993,2.368365,34.802582,7.619694,0.474567,1.370691,22.007965,0.62698,-603.99914,25
1.0,-5.0000,3.400000,1.81934e-05,6.030735,0.410212,2.371025,34.857651,7.625575,0.474741,1.372001,22.037912,0.62702,-605.88001,25
1.0,-5.0000,3.401000,1.81848e-05,6.036720,0.410431,2.373685,34.912767,7.631456,0.474915,1.373311,22.067882,0.62706,-607.76544,25
1.0,-5.0000,3.402000,1.81762e-05,6.042704,0.410649,2.376346,34.967929,7.637336,0.475088,1.374621,22.097877,0.62710,-609.65544,25
1.0,-5.0000,3.403000,1.81677e-05,6.048688,0.410868,2.379007,35.023138,7.643217,0.475262,1.375932,22.127895,0.62714,-611.55002,25
1.0,-5.0000,3.404000,1.81591e-05,6.054672,0.411086,2.381669,35.078394,7.649098,0.475435,1.377242,22.157938,0.62718,-613.44919,25
1.0,-5.0000,3.405000,1.81506e-05,6.060656,0.411303,2.384331,35.133696,7.654979,0.475608,1.378553,22.188004,0.62723,-615.35295,25
1.0,-5.0000,3.406000,1.81420e-05,6.066639,0.411521,2.386994,35.189045,7.660860,0.475781,1.379864,22.218094,0.62727,-617.26133,25
1.0,-5.0000,3.407000,1.81335e-05,6.072623,0.411738,2.389657,35.244440,7.666741,0.475954,1.381176,22.248209,0.62731,-619.17431,25
1.0,-5.0000,3.408000,1.81249e-05,6.078607,0.411955,2.392321,35.299883,7.672622,0.476126,1.382487,22.278347,0.62735,-621.09192,25
1.0,-5.0000,3.409000,1.81164e-05,6.084591,0.412172,2.394985,35.355372,7.678503,0.476298,1.383799,22.308509,0.62739,-623.01416,25
1.0,-5.0000,3.410000,1.81078e-05,6.090575,0.412389,2.397650,35.410908,7.684384,0.476470,1.385111,22.338696,0.62743,-624.94105,25
1.0,-5.0000,3.411000,1.80993e-05,6.096559,0.412605,2.400315,35.466491,7.690265,0.476642,1.386423,22.368906,0.62747,-626.87258,25
1.0,-5.0000,3.412000,1.80908e-05,6.102543,0.412821,2.402980,35.522121,7.696146,0.476814,1.387736,22.399141,0.62751,-628.80877,25
1.0,-5.0000,3.413000,1.80823e-05,6.108527,0.413037,2.405646,35.577798,7.702027,0.476985,1.389049,22.429400,0.62755,-630.74963,25
1.0,-5.0000,3.414000,1.80737e-05,6.114511,0.413253,2.408313,35.633522,7.707909,0.477156,1.390362,22.459682,0.62759,-632.69517,25
1.0,-5.0000,3.415000,1.80652e-05,6.120495,0.413468,2.410980,35.689292,7.713790,0.477327,1.391675,22.489989,0.62763,-634.64539,25
1.0,-5.0000,3.416000,1.80567e-05,6.126478,0.413683,2.413647,35.745110,7.719672,0.477498,1.392988,22.520321,0.62767,-636.60031,25
1.0,-5.0000,3.417000,1.80482e-05,6.132462,0.413898,2.416315,35.800975,7.725553,0.477669,1.394302,22.550676,0.62771,-638.55994,25
1.0,-5.0000,3.418000,1.80397e-05,6.138446,0.414113,2.418983,35.856887,7.731435,0.477839,1.395616,22.581055,0.62775,-640.52427,25
1.0,-5.0000,3.419000,1.80312e-05,6.144430,0.414327,2.421652,35.912846,7.737317,0.478010,1.396931,22.611459,0.62779,-642.49333,25
1.0,-5.0000,3.420000,1.80227e-05,6.150414,0.414541,2.424321,35.968852,7.743199,0.478180,1.398245,22.641887,0.62783,-644.46712,25
1.0,-5.0000,3.421000,1.80142e-05,6.156398,0.414755,2.426991,36.024906,7.749081,0.478349,1.399560,22.672339,0.62787,-646.44564,25
1.0,-5.0000,3.422000,1.80057e-05,6.162382,0.414969,2.429661,36.081006,7.754963,0.478519,1.400875,22.702816,0.62791,-648.42892,25
1.0,-5.0000,3.423000,1.79972e-05,6.168366,0.415183,2.432332,36.137154,7.760845,0.478689,1.402190,22.733316,0.62795,-650.41696,25
1.0,-5.0000,3.424000,1.79887e-05,6.174350,0.415396,2.435003,36.193349,7.766727,0.478858,1.403505,22.763841,0.62799,-652.40976,25
1.0,-5.0000,3.425000,1.79802e-05,6.180334,0.415609,2.437675,36.249592,7.772609,0.479027,1.404821,22.794391,0.62803,-654.40734,25
1.0,-5.0000,3.426000,1.79718e-05,6.186318,0.415821,2.440347,36.305882,7.778491,0.479196,1.406137,22.824964,0.62807,-656.40970,25
1.0,-5.0000,3.427000,1.79633e-05,6.192303,0.416034,2.443019,36.362219,7.784374,0.479364,1.407453,22.855562,0.62811,-658.41686,25
1.0,-5.0000,3.428000,1.79548e-05,6.198287,0.416246,2.445692,36.418604,7.790257,0.479533,1.408770,22.886185,0.62815,-660.42882,25
1.0,-5.0000,3.429000,1.79464e-05,6.204271,0.416458,2.448366,36.475036,7.796139,0.479701,1.410087,22.916831,0.62819,-662.44560,25
1.0,-5.0000,3.430000,1.79379e-05,6.210255,0.416670,2.451040,36.531516,7.802022,0.479869,1.411404,22.947502,0.62823,-664.46719,25
1.0,-5.0000,3.431000,1.79294e-05,6.216240,0.416881,2.453714,36.588043,7.807905,0.480037,1.412721,22.978198,0.62827,-666.49362,25
1.0,-5.0000,3.432000,1.79210e-05,6.222224,0.417093,2.456389,36.644618,7.813788,0.480205,1.414038,23.008918,0.62831,-668.52489,25
1.0,-5.0000,3.433000,1.79125e-05,6.228208,0.417304,2.459065,36.701240,7.819671,0.480372,1.415356,23.039662,0.62835,-670.56100,25
1.0,-5.0000,3.434000,1.79041e-05,6.234193,0.417515,2.461741,36.757910,7.825554,0.480540,1.416674,23.070431,0.62839,-672.60198,25
1.0,-5.0000,3.435000,1.78956e-05,6.240177,0.417725,2.464417,36.814628,7.831438,0.480707,1.417992,23.101224,0.62843,-674.64782,25
1.0,-5.0000,3.436000,1.78872e-05,6.246162,0.417936,2.467094,36.871393,7.837321,0.480874,1.419311,23.132042,0.62847,-676.69854,25
1.0,-5.0000,3.437000,1.78788e-05,6.252146,0.418146,2.469771,36.928206,7.843205,0.481041,1.420629,23.162884,0.62851,-678.75415,25
1.0,-5.0000,3.438000,1.78703e-05,6.258131,0.418356,2.472449,36.985067,7.849089,0.481207,1.421948,23.193751,0.62855,-680.81465,25
1.0,-5.0000,3.439000,1.78619e-05,6.264116,0.418565,2.475127,37.041976,7.854973,0.481373,1.423267,23.224642,0.62859,-682.88006,25
1.0,-5.0000,3.440000,1.78535e-05,6.270101,0.418775,2.477806,37.098932,7.860857,0.481540,1.424587,23.255558,0.62863,-684.95038,25
1.0,-5.0000,3.441000,1.78451e-05,6.276086,0.418984,2.480485,37.155937,7.866741,0.481706,1.425907,23.286499,0.62867,-687.02562,25
1.0,-5.0000,3.442000,1.78366e-05,6.282071,0.419193,2.483165,37.212991,7.872626,0.481871,1.427227,23.317465,0.62871,-689.10589,27
1.0,-5.0000,3.443000,1.78282e-05,6.288056,0.419402,2.485845,37.270092,7.878510,0.482037,1.428547,23.348455,0.62875,-691.19101,27
1.0,-5.0000,3.444000,1.78198e-05,6.294041,0.419610,2.488526,37.327240,7.884395,0.482202,1.429867,23.379469,0.62879,-693.28108,27
1.0,-5.0000,3.445000,1.78114e-05,6.300026,0.419818,2.491207,37.384436,7.890279,0.482368,1.431188,23.410508,0.62883,-695.37611,27
1.0,-5.0000,3.446000,1.78030e-05,6.306012,0.420026,2.493888,37.441680,7.896164,0.482533,1.432509,23.441572,0.62887,-697.47611,27
1.0,-5.0000,3.447000,1.77946e-05,6.311997,0.420234,2.496571,37.498972,7.902049,0.482698,1.433830,23.472660,0.62891,-699.58109,27
1.0,-5.0000,3.448000,1.77862e-05,6.317983,0.420442,2.499253,37.556312,7.907934,0.482862,1.435152,23.503773,0.62895,-701.69106,27
1.0,-5.0000,3.449000,1.77778e-05,6.323968,0.420649,2.501936,37.613700,7.913820,0.483027,1.436473,23.534911,0.62899,-703.80603,27
1.0,-5.0000,3.450000,1.77694e-05,6.329954,0.420856,2.504620,37.671137,7.919705,0.483191,1.437795,23.566073,0.62903,-705.92601,27
1.0,-5.0000,3.451000,1.77610e-05,6.335939,0.421063,2.507304,37.728622,7.925591,0.483355,1.439118,23.597260,0.62907,-708.05100,27
1.0,-5.0000,3.452000,1.77527e-05,6.341925,0.421270,2.509988,37.786154,7.931477,0.483519,1.440440,23.628472,0.62911,-710.18102,27
1.0,-5.0000,3.453000,1.77443e-05,6.347911,0.421476,2.512673,37.843736,7.937363,0.483683,1.441763,23.659709,0.62915,-712.31608,27
1.0,-5.0000,3.454000,1.77359e-05,6.353897,0.421682,2.515359,37.901365,7.943249,0.483846,1.443086,23.690970,0.62919,-714.45618,27
1.0,-5.0000,3.455000,1.77276e-05,6.359883,0.421888,2.518045,37.959043,7.949135,0.484010,1.444409,23.722256,0.62923,-716.60134,27
1.0,-5.0000,3.456000,1.77192e-05,6.365869,0.422094,2.520731,38.016769,7.955022,0.484173,1.445733,23.753567,0.62927,-718.75156,27
1.0,-5.0000,3.457000,1.77108e-05,6.371856,0.422299,2.523418,38.074543,7.960908,0.484336,1.447056,23.784903,0.62931,-720.90686,27
1.0,-5.0000,3.458000,1.77025e-05,6.377842,0.422505,2.526106,38.132366,7.966795,0.484499,1.448380,23.816264,0.62935,-723.06724,27
1.0,-5.0000,3.459000,1.76941e-05,6.383829,0.422710,2.528794,38.190238,7.972682,0.484661,1.449705,23.847650,0.62938,-725.23271,27
1.0,-5.0000,3.460000,1.76858e-05,6.389815,0.422915,2.531482,38.248157,7.978569,0.484824,1.451029,23.879060,0.62942,-727.40329,27
1.0,-5.0000,3.461000,1.76774e-05,6.395802,0.423119,2.534171,38.306126,7.984457,0.484986,1.452354,23.910496,0.62946,-729.57898,27
1.0,-5.0000,3.462000,1.76691e-05,6.401789,0.423324,2.536861,38.364143,7.990344,0.485148,1.453679,23.941956,0.62950,-731.75979,27
1.0,-5.0000,3.463000,1.76607e-05,6.407776,0.423528,2.539551,38.422208,7.996232,0.485310,1.455004,23.973441,0.62954,-733.94574,27
1.0,-5.0000,3.464000,1.76524e-05,6.413763,0.423732,2.542241,38.480322,8.002120,0.485472,1.456330,24.004952,0.62958,-736.13682,27
1.0,-5.0000,3.465000,1.76441e-05,6.419751,0.423935,2.544932,38.538485,8.008008,0.485633,1.457656,24.036487,0.62962,-738.33306,27
1.0,-5.0000,3.466000,1.76358e-05,6.425738,0.424139,2.547623,38.596696,8.013896,0.485795,1.458982,24.068047,0.62966,-740.53446,27
1.0,-5.0000,3.467000,1.76274e-05,6.431726,0.424342,2.550315,38.654957,8.019785,0.485956,1.460308,24.099632,0.62970,-742.74103,27
1.0,-5.0000,3.468000,1.76191e-05,6.437713,0.424545,2.553008,38.713265,8.025674,0.486117,1.461634,24.131242,0.62974,-744.95278,27
1.0,-5.0000,3.469000,1.76108e-05,6.443701,0.424748,2.555700,38.771623,8.031563,0.486278,1.462961,24.162878,0.62978,-747.16971,27
1.0,-5.0000,3.470000,1.76025e-05,6.449689,0.424951,2.558394,38.830030,8.037452,0.486438,1.464288,24.194538,0.62982,-749.39185,27
1.0,-5.0000,3.471000,1.75942e-05,6.455677,0.425153,2.561088,38.888485,8.043341,0.486599,1.465616,24.226223,0.62986,-751.61920,27
1.0,-5.0000,3.472000,1.75859e-05,6.461665,0.425355,2.563782,38.946986,8.049230,0.486759,1.466943,24.257932,0.62990,-753.85165,24
1.0,-5.0000,3.473000,1.75776e-05,6.467653,0.425557,2.566477,39.005539,8.055120,0.486919,1.468271,24.289668,0.62993,-756.08944,24
1.0,-5.0000,3.474000,1.75693e-05,6.473642,0.425759,2.569172,39.064141,8.061010,0.487079,1.469599,24.321428,0.62997,-758.33248,24
1.0,-5.0000,3.475000,1.75610e-05,6.479630,0.425960,2.571868,39.122792,8.066900,0.487239,1.470928,24.353214,0.63001,-760.58076,24
1.0,-5.0000,3.476000,1.75527e-05,6.485619,0.426161,2.574564,39.181492,8.072790,0.487398,1.472256,24.385025,0.63005,-762.83430,24
1.0,-5.0000,3.477000,1.75445e-05,6.491608,0.426363,2.577261,39.240241,8.078681,0.487557,1.473585,24.416861,0.63009,-765.09311,24
1.0,-5.0000,3.478000,1.75362e-05,6.497597,0.426563,2.579958,39.299039,8.084572,0.487717,1.474914,24.448723,0.63013,-767.35720,24
1.0,-5.0000,3.479000,1.75279e-05,6.503586,0.426764,2.582656,39.357887,8.090463,0.487876,1.476244,24.480609,0.63017,-769.62657,24
1.0,-5.0000,3.480000,1.75196e-05,6.509576,0.426964,2.585355,39.416783,8.096354,0.488035,1.477573,24.512521,0.63021,-771.90124,24
1.0,-5.0000,3.481000,1.75114e-05,6.515565,0.427165,2.588053,39.475729,8.102245,0.488193,1.478903,24.544458,0.63025,-774.18122,24
1.0,-5.0000,3.482000,1.75031e-05,6.521557,0.427365,2.590753,39.534736,8.108139,0.488352,1.480234,24.576427,0.63029,-776.46697,21
1.0,-5.0000,3.483000,1.74948e-05,6.527547,0.427564,2.593453,39.593780,8.114031,0.488510,1.481564,24.608415,0.63032,-778.75759,21
1.0,-5.0000,3.484000,1.74866e-05,6.533537,0.427764,2.596153,39.652873,8.119923,0.488668,1.482895,24.640427,0.63036,-781.05355,21
1.0,-5.0000,3.485000,1.74783e-05,6.539527,0.427963,2.598854,39.712016,8.125816,0.488826,1.484226,24.672465,0.63040,-783.35486,21
1.0,-5.0000,3.486000,1.74701e-05,6.545518,0.428162,2.601556,39.771208,8.131708,0.488984,1.485557,24.704529,0.63044,-785.66153,21
1.0,-5.0000,3.487000,1.74619e-05,6.551508,0.428361,2.604257,39.830449,8.137601,0.489142,1.486889,24.736617,0.63048,-787.97356,21
1.0,-5.0000,3.488000,1.74536e-05,6.557499,0.428560,2.606960,39.889740,8.143494,0.489299,1.488220,24.768732,0.63052,-790.29097,21
1.0,-5.0000,3.489000,1.74454e-05,6.563490,0.428758,2.609663,39.949080,8.149388,0.489456,1.489552,24.800871,0.63056,-792.61377,21
1.0,-5.0000,3.490000,1.74372e-05,6.569481,0.428956,2.612366,40.008469,8.155281,0.489613,1.490885,24.833036,0.63060,-794.94196,21
1.0,-5.0000,3.491000,1.74289e-05,6.575473,0.429154,2.615070,40.067908,8.161175,0.489770,1.492217,24.865226,0.63064,-797.27557,21
1.0,-5.0000,3.492000,1.74207e-05,6.581464,0.429352,2.617774,40.127397,8.167069,0.489927,1.493550,24.897442,0.63067,-799.61459,21
1.0,-5.0000,3.493000,1.74125e-05,6.587456,0.429550,2.620479,40.186935,8.172964,0.490083,1.494883,24.929683,0.63071,-801.95903,21
1.0,-5.0000,3.494000,1.74043e-05,6.593448,0.429747,2.623184,40.246523,8.178858,0.490240,1.496217,24.961949,0.63075,-804.30892,21
1.0,-5.0000,3.495000,1.73961e-05,6.599440,0.429944,2.625890,40.306160,8.184753,0.490396,1.497550,24.994241,0.63079,-806.66425,21
1.0,-5.0000,3.496000,1.73879e-05,6.605432,0.430141,2.628597,40.365847,8.190648,0.490552,1.498884,25.026559,0.63083,-809.02504,21
1.0,-5.0000,3.497000,1.73797e-05,6.611424,0.430338,2.631304,40.425584,8.196544,0.490708,1.500218,25.058902,0.63087,-811.39130,21
1.0,-5.0000,3.498000,1.73715e-05,6.617417,0.430535,2.634011,40.485371,8.202439,0.490864,1.501553,25.091270,0.63091,-813.76303,21
1.0,-5.0000,3.499000,1.73633e-05,6.623410,0.430731,2.636719,40.545207,8.208335,0.491019,1.502887,25.123664,0.63094,-816.14026,21
1.0,-5.0000,3.500000,1.73551e-05,6.629403,0.430927,2.639427,40.605093,8.214231,0.491175,1.504222,25.156084,0.63098,-818.52298,21
1.0,-5.0000,3.501000,1.73469e-05,6.635396,0.431123,2.642136,40.665029,8.220128,0.491330,1.505557,25.188529,0.63102,-820.91121,21
1.0,-5.0000,3.502000,1.73387e-05,6.641390,0.431318,2.644846,40.725014,8.226025,0.491485,1.506893,25.221000,0.63106,-823.30496,21
1.0,-5.0000,3.503000,1.73305e-05,6.647383,0.431514,2.647556,40.785050,8.231922,0.491640,1.508228,25.253496,0.63110,-825.70423,21
1.0,-5.0000,3.504000,1.73224e-05,6.653377,0.431709,2.650266,40.845136,8.237819,0.491794,1.509564,25.286018,0.63114,-828.10905,21
1.0,-5.0000,3.505000,1.73142e-05,6.659371,0.431904,2.652977,40.905271,8.243716,0.491949,1.510901,25.318565,0.63118,-830.51942,21
1.0,-5.0000,3.506000,1.73060e-05,6.665366,0.432099,2.655689,40.965457,8.249614,0.492103,1.512237,25.351139,0.63121,-832.93534,21
1.0,-5.0000,3.507000,1.72979e-05,6.671360,0.432294,2.658401,41.025692,8.255512,0.492257,1.513574,25.383737,0.63125,-835.35684,21
1.0,-5.0000,3.508000,1.72897e-05,6.677355,0.432488,2.661113,41.085978,8.261411,0.492411,1.514911,25.416362,0.63129,-837.78391,21
1.0,-5.0000,3.509000,1.72816e-05,6.683350,0.432682,2.663826,41.146313,8.267309,0.492565,1.516248,25.449012,0.63133,-840.21658,21
1.0,-5.0000,3.510000,1.72734e-05,6.689345,0.432876,2.666540,41.206699,8.273208,0.492719,1.517586,25.481688,0.63137,-842.65485,21
1.0,-5.0000,3.511000,1.72653e-05,6.695340,0.433070,2.669254,41.267135,8.279107,0.492872,1.518924,25.514390,0.63141,-845.09872,21
1.0,-5.0000,3.512000,1.72571e-05,6.701336,0.433264,2.671968,41.327621,8.285007,0.493026,1.520262,25.547117,0.63144,-847.54822,21
1.0,-5.0000,3.513000,1.72490e-05,6.707332,0.433457,2.674683,41.388157,8.290907,0.493179,1.521600,25.579870,0.63148,-850.00335,21
1.0,-5.0000,3.514000,1.72409e-05,6.713326,0.433650,2.677398,41.448733,8.296805,0.493332,1.522939,25.612643,0.63152,-852.46372,24
1.0,-5.0000,3.515000,1.72328e-05,6.719322,0.433843,2.680114,41.509370,8.302705,0.493484,1.524278,25.645448,0.63156,-854.93014,24
1.0,-5.0000,3.516000,1.72246e-05,6.725319,0.434036,2.682831,41.570057,8.308606,0.493637,1.525617,25.678279,0.63160,-857.40223,24
1.0,-5.0000,3.517000,1.72165e-05,6.731316,0.434228,2.685548,41.630795,8.314507,0.493790,1.526956,25.711135,0.63164,-859.88000,24
1.0,-5.0000,3.518000,1.72084e-05,6.737313,0.434421,2.688266,41.691582,8.320408,0.493942,1.528296,25.744018,0.63167,-862.36345,24
1.0,-5.0000,3.519000,1.72003e-05,6.743310,0.434613,2.690984,41.752421,8.326310,0.494094,1.529636,25.776926,0.63171,-864.85259,24
1.0,-5.0000,3.520000,1.71922e-05,6.749308,0.434805,2.693703,41.813312,8.332212,0.494246,1.530976,25.809861,0.63175,-867.34753,27
1.0,-5.0000,3.521000,1.71841e-05,6.755306,0.434997,2.696422,41.874251,8.338115,0.494398,1.532317,25.842821,0.63179,-869.84809,27
1.0,-5.0000,3.522000,1.71760e-05,6.761304,0.435188,2.699142,41.935241,8.344017,0.494549,1.533658,25.875807,0.63183,-872.35438,27
1.0,-5.0000,3.523000,1.71679e-05,6.767302,0.435379,2.701862,41.996282,8.349920,0.494701,1.534999,25.908818,0.63186,-874.86640,27
1.0,-5.0000,3.524000,1.71598e-05,6.773300,0.435570,2.704583,42.057373,8.355823,0.494852,1.536340,25.941856,0.63190,-877.38417,27
1.0,-5.0000,3.525000,1.71517e-05,6.779299,0.435761,2.707304,42.118514,8.361727,0.495003,1.537682,25.974920,0.63194,-879.90770,27
1.0,-5.0000,3.526000,1.71436e-05,6.785298,0.435952,2.710026,42.179706,8.367630,0.495154,1.539024,26.008009,0.63198,-882.43700,27
1.0,-5.0000,3.527000,1.71356e-05,6.791297,0.436143,2.712748,42.240949,8.373534,0.495305,1.540366,26.041125,0.63202,-884.97208,27
1.0,-5.0000,3.528000,1.71275e-05,6.797297,0.436333,2.715471,42.302243,8.379439,0.495456,1.541708,26.074266,0.63205,-887.51294,27
1.0,-5.0000,3.529000,1.71194e-05,6.803297,0.436523,2.718194,42.363587,8.385344,0.495606,1.543051,26.107434,0.63209,-890.05960,27
1.0,-5.0000,3.530000,1.71114e-05,6.809297,0.436713,2.720918,42.424982,8.391249,0.495757,1.544394,26.140628,0.63213,-892.61208,27
1.0,-5.0000,3.531000,1.71033e-05,6.815297,0.436903,2.723642,42.486428,8.397154,0.495907,1.545737,26.173847,0.63217,-895.17038,27
1.0,-5.0000,3.532000,1.70952e-05,6.821297,0.437092,2.726367,42.547925,8.403060,0.496057,1.547081,26.207093,0.63221,-897.73450,27
1.0,-5.0000,3.533000,1.70872e-05,6.827298,0.437281,2.729093,42.609472,8.408966,0.496207,1.548424,26.240365,0.63224,-900.30448,27
1.0,-5.0000,3.534000,1.70791e-05,6.833299,0.437471,2.731819,42.671071,8.414872,0.496356,1.549768,26.273663,0.63228,-902.88030,27
1.0,-5.0000,3.535000,1.70711e-05,6.839301,0.437659,2.734545,42.732720,8.420779,0.496506,1.551113,26.306987,0.63232,-905.46199,27
1.0,-5.0000,3.536000,1.70631e-05,6.845302,0.437848,2.737272,42.794421,8.426686,0.496655,1.552457,26.340337,0.63236,-908.04955,27
1.0,-5.0000,3.537000,1.70550e-05,6.851304,0.438037,2.740000,42.856172,8.432593,0.496805,1.553802,26.373714,0.63240,-910.64300,27
1.0,-5.0000,3.538000,1.70470e-05,6.857306,0.438225,2.742728,42.917975,8.438501,0.496954,1.555147,26.407116,0.63243,-913.24235,26
1.0,-5.0000,3.539000,1.70390e-05,6.863309,0.438413,2.745456,42.979828,8.444409,0.497103,1.556493,26.440545,0.63247,-915.84760,26
1.0,-5.0000,3.540000,1.70309e-05,6.869312,0.438601,2.748185,43.041733,8.450318,0.497251,1.557838,26.474000,0.63251,-918.45877,26
1.0,-5.0000,3.541000,1.70229e-05,6.875315,0.438789,2.750915,43.103689,8.456226,0.497400,1.559184,26.507481,0.63255,-921.07587,26
1.0,-5.0000,3.542000,1.70149e-05,6.881318,0.438976,2.753645,43.165696,8.462136,0.497548,1.560531,26.540989,0.63258,-923.69891,26
1.0,-5.0000,3.543000,1.70069e-05,6.887322,0.439163,2.756376,43.227754,8.468045,0.497696,1.561877,26.574523,0.63262,-926.32789,26
1.0,-5.0000,3.544000,1.69989e-05,6.893325,0.439351,2.759107,43.289863,8.473955,0.497845,1.563224,26.608082,0.63266,-928.96284,26
1.0,-5.0000,3.545000,1.69909e-05,6.899330,0.439537,2.761839,43.352024,8.479865,0.497992,1.564571,26.641669,0.63270,-931.60376,26
1.0,-5.0000,3.546000,1.69829e-05,6.905334,0.439724,2.764571,43.414236,8.485775,0.498140,1.565918,26.675281,0.63273,-934.25066,26
1.0,-5.0000,3.547000,1.69749e-05,6.911339,0.439911,2.767304,43.476499,8.491686,0.498288,1.567266,26.708920,0.63277,-936.90356,26
1.0,-5.0000,3.548000,1.69669e-05,6.917344,0.440097,2.770037,43.538814,8.497598,0.498435,1.568614,26.742585,0.63281,-939.56246,26
1.0,-5.0000,3.549000,1.69589e-05,6.923349,0.440283,2.772771,43.601180,8.503509,0.498583,1.569962,26.776277,0.63285,-942.22737,26
1.0,-5.0000,3.550000,1.69510e-05,6.929355,0.440469,2.775505,43.663597,8.509421,0.498730,1.571310,26.809995,0.63288,-944.89832,26
1.0,-5.0000,3.551000,1.69430e-05,6.935361,0.440655,2.778240,43.726066,8.515333,0.498877,1.572659,26.843739,0.63292,-947.57530,26
1.0,-5.0000,3.552000,1.69350e-05,6.941367,0.440840,2.780976,43.788587,8.521246,0.499023,1.574008,26.877510,0.63296,-950.25833,26
1.0,-5.0000,3.553000,1.69270e-05,6.947374,0.441026,2.783712,43.851159,8.527159,0.499170,1.575357,26.911307,0.63300,-952.94741,26
1.0,-5.0000,3.554000,1.69191e-05,6.953380,0.441211,2.786448,43.913782,8.533073,0.499317,1.576707,26.945131,0.63303,-955.64257,26
1.0,-5.0000,3.555000,1.69111e-05,6.959388,0.441396,2.789185,43.976457,8.538986,0.499463,1.578056,26.978981,0.63307,-958.34381,26
1.0,-5.0000,3.556000,1.69032e-05,6.965395,0.441580,2.791923,44.039184,8.544900,0.499609,1.579407,27.012857,0.63311,-961.05114,26
1.0,-5.0000,3.557000,1.68952e-05,6.971403,0.441765,2.794661,44.101962,8.550815,0.499755,1.580757,27.046760,0.63315,-963.76458,26
1.0,-5.0000,3.558000,1.68873e-05,6.977411,0.441949,2.797399,44.164792,8.556730,0.499901,1.582107,27.080689,0.63318,-966.48413,26
1.0,-5.0000,3.559000,1.68793e-05,6.983419,0.442134,2.800138,44.227674,8.562645,0.500047,1.583458,27.114645,0.63322,-969.20981,26
1.0,-5.0000,3.560000,1.68714e-05,6.989428,0.442318,2.802878,44.290608,8.568561,0.500192,1.584810,27.148628,0.63326,-971.94162,26
1.0,-5.0000,3.561000,1.68635e-05,6.995437,0.442501,2.805618,44.353593,8.574477,0.500338,1.586161,27.182637,0.63330,-974.67958,26
1.0,-5.0000,3.562000,1.68555e-05,7.001446,0.442685,2.808359,44.416630,8.580393,0.500483,1.587513,27.216673,0.63333,-977.42370,26
1.0,-5.0000,3.563000,1.68476e-05,7.007456,0.442868,2.811100,44.479719,8.586310,0.500628,1.588865,27.250735,0.63337,-980.17399,26
1.0,-5.0000,3.564000,1.68397e-05,7.013466,0.443052,2.813842,44.542860,8.592227,0.500773,1.590217,27.284824,0.63341,-982.93046,26
1.0,-5.0000,3.565000,1.68318e-05,7.019476,0.443235,2.816584,44.606053,8.598145,0.500918,1.591570,27.318939,0.63345,-985.69313,26
1.0,-5.0000,3.566000,1.68239e-05,7.025487,0.443417,2.819327,44.669297,8.604063,0.501063,1.592922,27.353081,0.63348,-988.46200,26
1.0,-5.0000,3.567000,1.68159e-05,7.031498,0.443600,2.822071,44.732594,8.609981,0.501207,1.594276,27.387250,0.63352,-991.23708,26
1.0,-5.0000,3.568000,1.68080e-05,7.037509,0.443783,2.824815,44.795943,8.615900,0.501351,1.595629,27.421445,0.63356,-994.01839,26
1.0,-5.0000,3.569000,1.68001e-05,7.043521,0.443965,2.827559,44.859344,8.621819,0.501496,1.596983,27.455667,0.63359,-996.80594,26
1.0,-5.0000,3.570000,1.67922e-05,7.049533,0.444147,2.830304,44.922796,8.627738,0.501640,1.598337,27.489916,0.63363,-999.59974,26
1.0,-5.0000,3.571000,1.67844e-05,7.055545,0.444329,2.833050,44.986301,8.633658,0.501783,1.599691,27.524191,0.63367,-1002.39979,26
1.0,-5.0000,3.572000,1.67765e-05,7.061558,0.444511,2.835796,45.049858,8.639579,0.501927,1.601045,27.558494,0.63371,-1005.20612,26
1.0,-5.0000,3.573000,1.67686e-05,7.067571,0.444692,2.838542,45.113468,8.645499,0.502071,1.602400,27.592822,0.63374,-1008.01873,26
1.0,-5.0000,3.574000,1.67607e-05,7.073584,0.444873,2.841289,45.177125,8.651420,0.502214,1.603755,27.627176,0.63378,-1010.83748,23
1.0,-5.0000,3.575000,1.67528e-05,7.079597,0.445054,2.844037,45.240839,8.657341,0.502357,1.605110,27.661558,0.63382,-1013.66269,23
1.0,-5.0000,3.576000,1.67450e-05,7.085611,0.445235,2.846785,45.304605,8.663263,0.502501,1.606466,27.695968,0.63385,-1016.49421,23
1.0,-5.0000,3.577000,1.67371e-05,7.091626,0.445416,2.849534,45.368423,8.669186,0.502643,1.607822,27.730404,0.63389,-1019.33207,23
1.0,-5.0000,3.578000,1.67292e-05,7.097640,0.445597,2.852283,45.432294,8.675108,0.502786,1.609178,27.764867,0.63393,-1022.17626,23
1.0,-5.0000,3.579000,1.67214e-05,7.103655,0.445777,2.855033,45.496217,8.681032,0.502929,1.610535,27.799356,0.63396,-1025.02681,23
1.0,-5.0000,3.580000,1.67135e-05,7.109671,0.445957,2.857784,45.560193,8.686955,0.503071,1.611891,27.833873,0.63400,-1027.88372,23
1.0,-5.0000,3.581000,1.67057e-05,7.115687,0.446137,2.860535,45.624221,8.692879,0.503214,1.613248,27.868417,0.63404,-1030.74700,23
1.0,-5.0000,3.582000,1.66978e-05,7.121703,0.446317,2.863286,45.688301,8.698804,0.503356,1.614606,27.902987,0.63407,-1033.61667,23
1.0,-5.0000,3.583000,1.66900e-05,7.127719,0.446497,2.866038,45.752434,8.704728,0.503498,1.615963,27.937584,0.63411,-1036.49274,23
1.0,-5.0000,3.584000,1.66822e-05,7.133736,0.446676,2.868791,45.816619,8.710654,0.503640,1.617321,27.972208,0.63415,-1039.37521,23
1.0,-5.0000,3.585000,1.66743e-05,7.139753,0.446855,2.871544,45.880857,8.716579,0.503782,1.618679,28.006860,0.63419,-1042.26410,23
1.0,-5.0000,3.586000,1.66665e-05,7.145771,0.447035,2.874297,45.945148,8.722505,0.503923,1.620038,28.041538,0.63422,-1045.15943,23
1.0,-5.0000,3.587000,1.66587e-05,7.151789,0.447213,2.877051,46.009491,8.728432,0.504065,1.621396,28.076243,0.63426,-1048.06120,23
1.0,-5.0000,3.588000,1.66509e-05,7.157807,0.447392,2.879806,46.073887,8.734359,0.504206,1.622755,28.110975,0.63430,-1050.96942,23
1.0,-5.0000,3.589000,1.66430e-05,7.163826,0.447571,2.882561,46.138336,8.740286,0.504347,1.624115,28.145734,0.63433,-1053.88411,23
1.0,-5.0000,3.590000,1.66352e-05,7.169845,0.447749,2.885317,46.202837,8.746214,0.504488,1.625474,28.180520,0.63437,-1056.80527,23
1.0,-5.0000,3.591000,1.66274e-05,7.175864,0.447927,2.888074,46.267391,8.752142,0.504629,1.626834,28.215333,0.63441,-1059.73293,23
1.0,-5.0000,3.592000,1.66196e-05,7.181884,0.448105,2.890830,46.331998,8.758071,0.504770,1.628194,28.250173,0.63444,-1062.66709,23
1.0,-5.0000,3.593000,1.66118e-05,7.187904,0.448283,2.893588,46.396658,8.764000,0.504911,1.629554,28.285041,0.63448,-1065.60776,23
1.0,-5.0000,3.594000,1.66040e-05,7.193924,0.448461,2.896346,46.461370,8.769929,0.505051,1.630915,28.319935,0.63452,-1068.55495,23
1.0,-5.0000,3.595000,1.65962e-05,7.199945,0.448638,2.899104,46.526136,8.775859,0.505191,1.632276,28.354857,0.63455,-1071.50868,23
1.0,-5.0000,3.596000,1.65885e-05,7.205966,0.448815,2.901863,46.590954,8.781790,0.505331,1.633637,28.389805,0.63459,-1074.46896,23
1.0,-5.0000,3.597000,1.65807e-05,7.211988,0.448992,2.904623,46.655825,8.787721,0.505471,1.634999,28.424781,0.63463,-1077.43580,23
1.0,-5.0000,3.598000,1.65729e-05,7.218010,0.449169,2.907383,46.720750,8.793652,0.505611,1.636361,28.459784,0.63466,-1080.40921,23
1.0,-5.0000,3.599000,1.65651e-05,7.224032,0.449346,2.910144,46.785727,8.799584,0.505751,1.637723,28.494814,0.63470,-1083.38920,23
1.0,-5.0000,3.600000,1.65574e-05,7.230055,0.449522,2.912905,46.850758,8.805516,0.505890,1.639085,28.529871,0.63473,-1086.37579,23
1.0,-5.0000,3.601000,1.65496e-05,7.236078,0.449699,2.915667,46.915841,8.811448,0.506030,1.640448,28.564956,0.63477,-1089.36898,23
1.0,-5.0000,3.602000,1.65418e-05,7.242102,0.449875,2.918429,46.980978,8.817381,0.506169,1.641811,28.600067,0.63481,-1092.36879,23
1.0,-5.0000,3.603000,1.65341e-05,7.248126,0.450051,2.921192,47.046168,8.823315,0.506308,1.643174,28.635206,0.63484,-1095.37524,23
1.0,-5.0000,3.604000,1.65263e-05,7.254150,0.450227,2.923956,47.111411,8.829249,0.506447,1.644537,28.670373,0.63488,-1098.38832,23
1.0,-5.0000,3.605000,1.65186e-05,7.260175,0.450402,2.926720,47.176707,8.835183,0.506586,1.645901,28.705566,0.63492,-1101.40806,23
1.0,-5.0000,3.606000,1.65109e-05,7.266200,0.450578,2.929484,47.242057,8.841118,0.506725,1.647265,28.740787,0.63495,-1104.43446,23
1.0,-5.0000,3.607000,1.65031e-05,7.272225,0.450753,2.932249,47.307459,8.847054,0.506863,1.648630,28.776035,0.63499,-1107.46755,23
1.0,-5.0000,3.608000,1.64954e-05,7.278251,0.450928,2.935015,47.372915,8.852989,0.507002,1.649994,28.811310,0.63503,-1110.50732,23
1.0,-5.0000,3.609000,1.64877e-05,7.284278,0.451103,2.937781,47.438425,8.858926,0.507140,1.651359,28.846613,0.63506,-1113.55379,23
1.0,-5.0000,3.610000,1.64799e-05,7.290304,0.451278,2.940548,47.503988,8.864862,0.507278,1.652724,28.881943,0.63510,-1116.60698,23
1.0,-5.0000,3.611000,1.64722e-05,7.296331,0.451452,2.943315,47.569604,8.870799,0.507416,1.654090,28.917300,0.63514,-1119.66689,23
1.0,-5.0000,3.612000,1.64645e-05,7.302359,0.451627,2.946083,47.635274,8.876737,0.507554,1.655456,28.952685,0.63517,-1122.73354,23
1.0,-5.0000,3.613000,1.64568e-05,7.308387,0.451801,2.948851,47.700997,8.882675,0.507691,1.656822,28.988097,0.63521,-1125.80694,23
1.0,-5.0000,3.614000,1.64491e-05,7.314415,0.451975,2.951620,47.766774,8.888614,0.507829,1.658188,29.023537,0.63524,-1128.88710,23
1.0,-5.0000,3.615000,1.64414e-05,7.320444,0.452149,2.954389,47.832604,8.894553,0.507966,1.659555,29.059004,0.63528,-1131.97403,23
1.0,-5.0000,3.616000,1.64337e-05,7.326473,0.452322,2.957160,47.898488,8.900492,0.508104,1.660922,29.094499,0.63532,-1135.06775,23
1.0,-5.0000,3.617000,1.64260e-05,7.332503,0.452496,2.959930,47.964425,8.906432,0.508241,1.662289,29.130021,0.63535,-1138.16827,23
1.0,-5.0000,3.618000,1.64183e-05,7.338533,0.452669,2.962701,48.030416,8.912373,0.508378,1.663656,29.165570,0.63539,-1141.27559,23
1.0,-5.0000,3.619000,1.64106e-05,7.344563,0.452842,2.965473,48.096461,8.918314,0.508515,1.665024,29.201147,0.63542,-1144.38974,23
1.0,-5.0000,3.620000,1.64029e-05,7.350594,0.453015,2.968245,48.162560,8.924255,0.508651,1.666392,29.236752,0.63546,-1147.51072,23
1.0,-5.0000,3.621000,1.63952e-05,7.356625,0.453188,2.971018,48.228712,8.930197,0.508788,1.667761,29.272384,0.63550,-1150.63855,23
1.0,-5.0000,3.622000,1.63876e-05,7.362656,0.453360,2.973791,48.294918,8.936139,0.508924,1.669129,29.308043,0.63553,-1153.77324,23
1.0,-5.0000,3.623000,1.63799e-05,7.368689,0.453533,2.976565,48.361178,8.942082,0.509060,1.670498,29.343730,0.63557,-1156.91480,23
1.0,-5.0000,3.624000,1.63722e-05,7.374721,0.453705,2.979340,48.427492,8.948025,0.509197,1.671867,29.379445,0.63560,-1160.06324,23
1.0,-5.0000,3.625000,1.63646e-05,7.380754,0.453877,2.982115,48.493859,8.953969,0.509332,1.673237,29.415187,0.63564,-1163.21857,23
1.0,-5.0000,3.626000,1.63569e-05,7.386787,0.454049,2.984890,48.560281,8.959913,0.509468,1.674607,29.450957,0.63568,-1166.38081,23
1.0,-5.0000,3.627000,1.63493e-05,7.392821,0.454221,2.987666,48.626756,8.965858,0.509604,1.675977,29.486755,0.63571,-1169.54997,23
1.0,-5.0000,3.628000,1.63416e-05,7.398855,0.454392,2.990443,48.693286,8.971803,0.509740,1.677347,29.522580,0.63575,-1172.72606,23
1.0,-5.0000,3.629000,1.63340e-05,7.404890,0.454564,2.993220,48.759869,8.977749,0.509875,1.678718,29.558433,0.63578,-1175.90910,23
1.0,-5.0000,3.630000,1.63263e-05,7.410925,0.454735,2.995998,48.826506,8.983695,0.510010,1.680089,29.594313,0.63582,-1179.09909,23
1.0,-5.0000,3.631000,1.63187e-05,7.416960,0.454906,2.998776,48.893198,8.989642,0.510145,1.681460,29.630222,0.63586,-1182.29605,23
1.0,-5.0000,3.632000,1.63111e-05,7.422996,0.455077,3.001555,48.959944,8.995589,0.510280,1.682831,29.666158,0.63589,-1185.49999,23
1.0,-5.0000,3.633000,1.63035e-05,7.429032,0.455247,3.004334,49.026743,9.001537,0.510415,1.684203,29.702121,0.63593,-1188.71092,23
1.0,-5.0000,3.634000,1.62958e-05,7.435069,0.455418,3.007114,49.093597,9.007485,0.510550,1.685575,29.738113,0.63596,-1191.92886,23
1.0,-5.0000,3.635000,1.62882e-05,7.441106,0.455588,3.009895,49.160506,9.013434,0.510685,1.686948,29.774132,0.63600,-1195.15382,23
1.0,-5.0000,3.636000,1.62806e-05,7.447144,0.455758,3.012676,49.227468,9.019383,0.510819,1.688320,29.810179,0.63604,-1198.38581,23
1.0,-5.0000,3.637000,1.62730e-05,7.453182,0.455928,3.015458,49.294485,9.025333,0.510953,1.689693,29.846254,0.63607,-1201.62484,23
1.0,-5.0000,3.638000,1.62654e-05,7.459220,0.456098,3.018240,49.361556,9.031283,0.511088,1.691066,29.882356,0.63611,-1204.87092,23
1.0,-5.0000,3.639000,1.62578e-05,7.465259,0.456268,3.021023,49.428681,9.037234,0.511222,1.692440,29.918487,0.63614,-1208.12407,23
1.0,-5.0000,3.640000,1.62502e-05,7.471299,0.456437,3.023806,49.495860,9.043185,0.511355,1.693814,29.954645,0.63618,-1211.38430,23
1.0,-5.0000,3.641000,1.62426e-05,7.477339,0.456607,3.026590,49.563095,9.049136,0.511489,1.695188,29.990831,0.63621,-1214.65163,23
1.0,-5.0000,3.642000,1.62350e-05,7.483379,0.456776,3.029374,49.630383,9.055089,0.511623,1.696562,30.027045,0.63625,-1217.92606,23
1.0,-5.0000,3.643000,1.62274e-05,7.489420,0.456945,3.032159,49.697726,9.061041,0.511756,1.697937,30.063287,0.63629,-1221.20760,23
1.0,-5.0000,3.644000,1.62199e-05,7.495461,0.457114,3.034945,49.765123,9.066995,0.511890,1.699312,30.099557,0.63632,-1224.49628,23
1.0,-5.0000,3.645000,1.62123e-05,7.501503,0.457282,3.037731,49.832575,9.072948,0.512023,1.700687,30.135855,0.63636,-1227.79210,23
1.0,-5.0000,3.646000,1.62047e-05,7.507545,0.457451,3.040518,49.900082,9.078903,0.512156,1.702063,30.172180,0.63639,-1231.09507,23
1.0,-5.0000,3.647000,1.61971e-05,7.513589,0.457619,3.043306,49.967654,9.084859,0.512289,1.703439,30.208540,0.63643,-1234.40571,20
1.0,-5.0000,3.648000,1.61896e-05,7.519632,0.457787,3.046093,50.035270,9.090814,0.512422,1.704815,30.244921,0.63646,-1237.72303,20
1.0,-5.0000,3.649000,1.61820e-05,7.525675,0.457955,3.048882,50.102940,9.096770,0.512554,1.706191,30.281331,0.63650,-1241.04755,20
1.0,-5.0000,3.650000,1.61745e-05,7.531719,0.458123,3.051671,50.170665,9.102726,0.512687,1.707568,30.317768,0.63653,-1244.37927,20
1.0,-5.0000,3.651000,1.61669e-05,7.537764,0.458290,3.054460,50.238445,9.108683,0.512819,1.708945,30.354234,0.63657,-1247.71820,20
1.0,-5.0000,3.652000,1.61594e-05,7.543809,0.458458,3.057250,50.306280,9.114641,0.512952,1.710322,30.390728,0.63661,-1251.06437,20
1.0,-5.0000,3.653000,1.61518e-05,7.549854,0.458625,3.060041,50.374169,9.120599,0.513084,1.711700,30.427249,0.63664,-1254.41778,20
1.0,-5.0000,3.654000,1.61443e-05,7.555898,0.458792,3.062831,50.442103,9.126555,0.513216,1.713078,30.463794,0.63668,-1257.77797,23
1.0,-5.0000,3.655000,1.61368e-05,7.561944,0.458959,3.065623,50.510102,9.132514,0.513348,1.714456,30.500372,0.63671,-1261.14590,23
1.0,-5.0000,3.656000,1.61292e-05,7.567991,0.459126,3.068416,50.578156,9.138474,0.513479,1.715834,30.536978,0.63675,-1264.52112,23
1.0,-5.0000,3.657000,1.61217e-05,7.574038,0.459293,3.071208,50.646265,9.144434,0.513611,1.717213,30.573612,0.63678,-1267.90364,23
1.0,-5.0000,3.658000,1.61142e-05,7.580086,0.459459,3.074002,50.714428,9.150394,0.513742,1.718592,30.610274,0.63682,-1271.29346,23
1.0,-5.0000,3.659000,1.61067e-05,7.586134,0.459625,3.076796,50.782647,9.156355,0.513874,1.719971,30.646964,0.63685,-1274.69061,23
1.0,-5.0000,3.660000,1.60992e-05,7.592183,0.459791,3.079590,50.850921,9.162317,0.514005,1.721351,30.683683,0.63689,-1278.09508,23
1.0,-5.0000,3.661000,1.60917e-05,7.598232,0.459957,3.082385,50.919250,9.168279,0.514136,1.722731,30.720430,0.63692,-1281.50690,23
1.0,-5.0000,3.662000,1.60842e-05,7.604281,0.460123,3.085181,50.987634,9.174242,0.514267,1.724111,30.757205,0.63696,-1284.92609,23
1.0,-5.0000,3.663000,1.60767e-05,7.610331,0.460289,3.087977,51.056073,9.180205,0.514398,1.725492,30.794008,0.63699,-1288.35264,23
1.0,-5.0000,3.664000,1.60692e-05,7.616382,0.460454,3.090774,51.124568,9.186169,0.514528,1.726873,30.830840,0.63703,-1291.78658,23
1.0,-5.0000,3.665000,1.60617e-05,7.622433,0.460619,3.093572,51.193117,9.192133,0.514659,1.728254,30.867699,0.63706,-1295.22791,23
1.0,-5.0000,3.666000,1.60542e-05,7.628484,0.460785,3.096370,51.261722,9.198098,0.514789,1.729635,30.904587,0.63710,-1298.67666,23
1.0,-5.0000,3.667000,1.60467e-05,7.634536,0.460949,3.099168,51.330382,9.204063,0.514920,1.731017,30.941504,0.63713,-1302.13282,23
1.0,-5.0000,3.668000,1.60393e-05,7.640589,0.461114,3.101967,51.399097,9.210029,0.515050,1.732399,30.978448,0.63717,-1305.59643,23
1.0,-5.0000,3.669000,1.60318e-05,7.646642,0.461279,3.104767,51.467868,9.215995,0.515180,1.733781,31.015421,0.63720,-1309.06748,23
1.0,-5.0000,3.670000,1.60243e-05,7.652695,0.461443,3.107567,51.536694,9.221962,0.515310,1.735163,31.052422,0.63724,-1312.54600,23
1.0,-5.0000,3.671000,1.60169e-05,7.658749,0.461608,3.110368,51.605575,9.227930,0.515439,1.736546,31.089452,0.63728,-1316.03199,23
1.0,-5.0000,3.672000,1.60094e-05,7.664804,0.461772,3.113169,51.674512,9.233898,0.515569,1.737929,31.126510,0.63731,-1319.52547,23
1.0,-5.0000,3.673000,1.60019e-05,7.670859,0.461936,3.115971,51.743504,9.239867,0.515698,1.739313,31.163596,0.63735,-1323.02645,23
1.0,-5.0000,3.674000,1.59945e-05,7.676914,0.462100,3.118773,51.812551,9.245836,0.515828,1.740697,31.200711,0.63738,-1326.53495,23
1.0,-5.0000,3.675000,1.59870e-05,7.682970,0.462263,3.121577,51.881655,9.251806,0.515957,1.742081,31.237854,0.63742,-1330.05097,23
1.0,-5.0000,3.676000,1.59796e-05,7.689026,0.462427,3.124380,51.950813,9.257776,0.516086,1.743465,31.275026,0.63745,-1333.57454,23
1.0,-5.0000,3.677000,1.59722e-05,7.695083,0.462590,3.127184,52.020028,9.263747,0.516215,1.744850,31.312226,0.63749,-1337.10566,23
1.0,-5.0000,3.678000,1.59647e-05,7.701140,0.462753,3.129989,52.089297,9.269718,0.516344,1.746234,31.349455,0.63752,-1340.64434,23
1.0,-5.0000,3.679000,1.59573e-05,7.707198,0.462916,3.132794,52.158623,9.275690,0.516473,1.747620,31.386712,0.63756,-1344.19061,23
1.0,-5.0000,3.680000,1.59499e-05,7.713257,0.463079,3.135600,52.228004,9.281663,0.516601,1.749005,31.423997,0.63759,-1347.74447,23
1.0,-5.0000,3.681000,1.59425e-05,7.719316,0.463242,3.138407,52.297441,9.287636,0.516730,1.750391,31.461311,0.63762,-1351.30593,23
1.0,-5.0000,3.682000,1.59350e-05,7.725375,0.463404,3.141214,52.366934,9.293609,0.516858,1.751777,31.498654,0.63766,-1354.87502,23
1.0,-5.0000,3.683000,1.59276e-05,7.731435,0.463567,3.144021,52.436482,9.299584,0.516986,1.753163,31.536025,0.63769,-1358.45174,23
1.0,-5.0000,3.684000,1.59202e-05,7.737495,0.463729,3.146830,52.506087,9.305558,0.517114,1.754550,31.573425,0.63773,-1362.03610,23
1.0,-5.0000,3.685000,1.59128e-05,7.743556,0.463891,3.149638,52.575747,9.311534,0.517242,1.755937,31.610853,0.63776,-1365.62813,23
1.0,-5.0000,3.686000,1.59054e-05,7.749618,0.464053,3.152448,52.645463,9.317510,0.517370,1.757324,31.648310,0.63780,-1369.22783,23
1.0,-5.0000,3.687000,1.58980e-05,7.755680,0.464214,3.155257,52.715235,9.323486,0.517498,1.758712,31.685796,0.63783,-1372.83521,23
1.0,-5.0000,3.688000,1.58906e-05,7.761742,0.464376,3.158068,52.785062,9.329463,0.517625,1.760100,31.723310,0.63787,-1376.45030,23
1.0,-5.0000,3.689000,1.58833e-05,7.767805,0.464537,3.160879,52.854946,9.335441,0.517753,1.761488,31.760853,0.63790,-1380.07309,23
1.0,-5.0000,3.690000,1.58759e-05,7.773869,0.464698,3.163691,52.924886,9.341419,0.517880,1.762876,31.798424,0.63794,-1383.70362,23
1.0,-5.0000,3.691000,1.58685e-05,7.779933,0.464860,3.166503,52.994882,9.347398,0.518007,1.764265,31.836024,0.63797,-1387.34188,23
1.0,-5.0000,3.692000,1.58611e-05,7.785998,0.465020,3.169316,53.064937,9.353378,0.518134,1.765654,31.873655,0.63801,-1390.98805,25
1.0,-5.0000,3.693000,1.58537e-05,7.792063,0.465181,3.172129,53.135045,9.359358,0.518261,1.767043,31.911312,0.63804,-1394.64183,25
1.0,-5.0000,3.694000,1.58464e-05,7.798128,0.465342,3.174943,53.205209,9.365338,0.518388,1.768433,31.948999,0.63808,-1398.30339,25
1.0,-5.0000,3.695000,1.58390e-05,7.804194,0.465502,3.177757,53.275430,9.371319,0.518515,1.769823,31.986714,0.63811,-1401.97275,25
1.0,-5.0000,3.696000,1.58317e-05,7.810261,0.465663,3.180572,53.345706,9.377301,0.518641,1.771213,32.024458,0.63815,-1405.64992,25
1.0,-5.0000,3.697000,1.58243e-05,7.816328,0.465823,3.183388,53.416039,9.383283,0.518767,1.772604,32.062230,0.63818,-1409.33490,25
1.0,-5.0000,3.698000,1.58170e-05,7.822396,0.465983,3.186204,53.486428,9.389266,0.518894,1.773995,32.100032,0.63821,-1413.02772,25
1.0,-5.0000,3.699000,1.58096e-05,7.828464,0.466142,3.189021,53.556873,9.395249,0.519020,1.775386,32.137862,0.63825,-1416.72839,25
1.0,-5.0000,3.700000,1.58023e-05,7.834533,0.466302,3.191838,53.627375,9.401233,0.519146,1.776777,32.175721,0.63828,-1420.43691,25
1.0,-5.0000,3.701000,1.57950e-05,7.840602,0.466462,3.194656,53.697933,9.407218,0.519272,1.778169,32.213609,0.63832,-1424.15332,25
1.0,-5.0000,3.702000,1.57876e-05,7.846672,0.466621,3.197474,53.768547,9.413203,0.519398,1.779561,32.251526,0.63835,-1427.87761,25
1.0,-5.0000,3.703000,1.57803e-05,7.852742,0.466780,3.200293,53.839218,9.419189,0.519523,1.780953,32.289471,0.63839,-1431.60980,25
1.0,-5.0000,3.704000,1.57730e-05,7.858813,0.466939,3.203113,53.909946,9.425175,0.519649,1.782346,32.327446,0.63842,-1435.34991,25
1.0,-5.0000,3.705000,1.57657e-05,7.864884,0.467098,3.205933,53.980730,9.431162,0.519774,1.783738,32.365449,0.63846,-1439.09795,25
1.0,-5.0000,3.706000,1.57583e-05,7.870956,0.467257,3.208754,54.051570,9.437150,0.519900,1.785132,32.403482,0.63849,-1442.85393,25
1.0,-5.0000,3.707000,1.57510e-05,7.877028,0.467415,3.211575,54.122467,9.443138,0.520025,1.786525,32.441543,0.63853,-1446.61787,25
1.0,-5.0000,3.708000,1.57437e-05,7.883101,0.467574,3.214397,54.193420,9.449126,0.520150,1.787919,32.479633,0.63856,-1450.38978,25
1.0,-5.0000,3.709000,1.57364e-05,7.889175,0.467732,3.217220,54.264431,9.455116,0.520275,1.789313,32.517753,0.63859,-1454.16967,25
1.0,-5.0000,3.710000,1.57291e-05,7.895249,0.467890,3.220043,54.335498,9.461106,0.520399,1.790707,32.555901,0.63863,-1457.95757,25
1.0,-5.0000,3.711000,1.57218e-05,7.901323,0.468048,3.222867,54.406621,9.467096,0.520524,1.792102,32.594078,0.63866,-1461.75347,25
1.0,-5.0000,3.712000,1.57146e-05,7.907399,0.468206,3.225691,54.477801,9.473087,0.520649,1.793497,32.632285,0.63870,-1465.55740,25
1.0,-5.0000,3.713000,1.57073e-05,7.913474,0.468363,3.228516,54.549038,9.479079,0.520773,1.794892,32.670520,0.63873,-1469.36937,25
1.0,-5.0000,3.714000,1.57000e-05,7.919551,0.468521,3.231341,54.620332,9.485071,0.520897,1.796288,32.708784,0.63877,-1473.18939,25
1.0,-5.0000,3.715000,1.56927e-05,7.925627,0.468678,3.234167,54.691683,9.491064,0.521022,1.797684,32.747078,0.63880,-1477.01748,25
1.0,-5.0000,3.716000,1.56854e-05,7.931705,0.468835,3.236993,54.763090,9.497058,0.521146,1.799080,32.785401,0.63883,-1480.85365,25
1.0,-5.0000,3.717000,1.56782e-05,7.937783,0.468992,3.239821,54.834555,9.503052,0.521269,1.800476,32.823752,0.63887,-1484.69791,25
1.0,-5.0000,3.718000,1.56709e-05,7.943861,0.469149,3.242648,54.906076,9.509047,0.521393,1.801873,32.862133,0.63890,-1488.55029,25
1.0,-5.0000,3.719000,1.56637e-05,7.949940,0.469306,3.245477,54.977655,9.515042,0.521517,1.803270,32.900543,0.63894,-1492.41078,25
1.0,-5.0000,3.720000,1.56564e-05,7.956019,0.469463,3.248305,55.049290,9.521038,0.521641,1.804668,32.938982,0.63897,-1496.27942,25
1.0,-5.0000,3.721000,1.56491e-05,7.962100,0.469619,3.251135,55.120982,9.527034,0.521764,1.806065,32.977451,0.63900,-1500.15620,25
1.0,-5.0000,3.722000,1.56419e-05,7.968180,0.469775,3.253965,55.192732,9.533032,0.521887,1.807463,33.015948,0.63904,-1504.04115,25
1.0,-5.0000,3.723000,1.56347e-05,7.974261,0.469931,3.256795,55.264538,9.539029,0.522010,1.808862,33.054475,0.63907,-1507.93428,25
1.0,-5.0000,3.724000,1.56274e-05,7.980343,0.470087,3.259627,55.336402,9.545028,0.522134,1.810260,33.093031,0.63911,-1511.83560,25
1.0,-5.0000,3.725000,1.56202e-05,7.986425,0.470243,3.262458,55.408323,9.551027,0.522257,1.811659,33.131616,0.63914,-1515.74512,25
1.0,-5.0000,3.726000,1.56130e-05,7.992508,0.470399,3.265291,55.480301,9.557026,0.522379,1.813058,33.170231,0.63917,-1519.66287,25
1.0,-5.0000,3.727000,1.56057e-05,7.998592,0.470554,3.268124,55.552336,9.563027,0.522502,1.814458,33.208875,0.63921,-1523.58885,25
1.0,-5.0000,3.728000,1.55985e-05,8.004676,0.470710,3.270957,55.624428,9.569027,0.522625,1.815857,33.247548,0.63924,-1527.52309,25
1.0,-5.0000,3.729000,1.55913e-05,8.010760,0.470865,3.273791,55.696578,9.575029,0.522747,1.817257,33.286250,0.63928,-1531.46558,25
1.0,-5.0000,3.730000,1.55841e-05,8.016846,0.471020,3.276626,55.768785,9.581031,0.522869,1.818658,33.324982,0.63931,-1535.41635,25
1.0,-5.0000,3.731000,1.55769e-05,8.022931,0.471175,3.279461,55.841050,9.587034,0.522992,1.820058,33.363743,0.63934,-1539.37542,25
1.0,-5.0000,3.732000,1.55697e-05,8.029018,0.471329,3.282297,55.913371,9.593037,0.523114,1.821459,33.402533,0.63938,-1543.34279,25
1.0,-5.0000,3.733000,1.55625e-05,8.035104,0.471484,3.285133,55.985751,9.599041,0.523236,1.822861,33.441353,0.63941,-1547.31848,25
1.0,-5.0000,3.734000,1.55553e-05,8.041192,0.471639,3.287970,56.058187,9.605046,0.523358,1.824262,33.480202,0.63945,-1551.30250,25
1.0,-5.0000,3.735000,1.55481e-05,8.047280,0.471793,3.290808,56.130682,9.611051,0.523479,1.825664,33.519081,0.63948,-1555.29487,25
1.0,-5.0000,3.736000,1.55409e-05,8.053368,0.471947,3.293646,56.203233,9.617057,0.523601,1.827066,33.557989,0.63951,-1559.29561,25
1.0,-5.0000,3.737000,1.55337e-05,8.059457,0.472101,3.296485,56.275843,9.623063,0.523723,1.828469,33.596926,0.63955,-1563.30472,25
1.0,-5.0000,3.738000,1.55265e-05,8.065547,0.472255,3.299324,56.348509,9.629070,0.523844,1.829871,33.635893,0.63958,-1567.32222,25
1.0,-5.0000,3.739000,1.55194e-05,8.071637,0.472409,3.302164,56.421234,9.635078,0.523965,1.831275,33.674890,0.63961,-1571.34813,25
1.0,-5.0000,3.740000,1.55122e-05,8.077728,0.472562,3.305004,56.494016,9.641087,0.524086,1.832678,33.713916,0.63965,-1575.38246,25
1.0,-5.0000,3.741000,1.55050e-05,8.083820,0.472715,3.307846,56.566856,9.647096,0.524207,1.834082,33.752971,0.63968,-1579.42522,25
1.0,-5.0000,3.742000,1.54979e-05,8.089912,0.472869,3.310687,56.639753,9.653105,0.524328,1.835486,33.792056,0.63972,-1583.47643,25
1.0,-5.0000,3.743000,1.54907e-05,8.096004,0.473022,3.313529,56.712709,9.659116,0.524449,1.836890,33.831171,0.63975,-1587.53611,25
1.0,-5.0000,3.744000,1.54836e-05,8.102098,0.473175,3.316372,56.785722,9.665127,0.524570,1.838294,33.870315,0.63978,-1591.60426,25
1.0,-5.0000,3.745000,1.54764e-05,8.108191,0.473328,3.319216,56.858793,9.671138,0.524690,1.839699,33.909488,0.63982,-1595.68090,25
1.0,-5.0000,3.746000,1.54693e-05,8.114286,0.473480,3.322060,56.931922,9.677150,0.524811,1.841104,33.948692,0.63985,-1599.76605,25
1.0,-5.0000,3.747000,1.54621e-05,8.120381,0.473633,3.324904,57.005108,9.683163,0.524931,1.842510,33.987924,0.63988,-1603.85973,25
1.0,-5.0000,3.748000,1.54550e-05,8.126476,0.473785,3.327749,57.078353,9.689177,0.525051,1.843916,34.027187,0.63992,-1607.96193,25
1.0,-5.0000,3.749000,1.54479e-05,8.132572,0.473937,3.330595,57.151655,9.695191,0.525172,1.845322,34.066479,0.63995,-1612.07269,25
1.0,-5.0000,3.750000,1.54407e-05,8.138669,0.474089,3.333441,57.225016,9.701206,0.525292,1.846728,34.105801,0.63999,-1616.19201,25
1.0,-5.0000,3.751000,1.54336e-05,8.144766,0.474241,3.336288,57.298434,9.707221,0.525411,1.848135,34.145152,0.64002,-1620.31991,25
1.0,-5.0000,3.752000,1.54265e-05,8.150864,0.474393,3.339136,57.371911,9.713237,0.525531,1.849542,34.184533,0.64005,-1624.45641,25
1.0,-5.0000,3.753000,1.54194e-05,8.156963,0.474545,3.341984,57.445446,9.719254,0.525651,1.850949,34.223944,0.64009,-1628.60151,25
1.0,-5.0000,3.754000,1.54123e-05,8.163062,0.474696,3.344833,57.519038,9.725271,0.525770,1.852357,34.263385,0.64012,-1632.75523,25
1.0,-5.0000,3.755000,1.54052e-05,8.169161,0.474848,3.347682,57.592689,9.731289,0.525890,1.853765,34.302855,0.64015,-1636.91760,25
1.0,-5.0000,3.756000,1.53981e-05,8.175262,0.474999,3.350532,57.666398,9.737308,0.526009,1.855173,34.342355,0.64019,-1641.08861,25
1.0,-5.0000,3.757000,1.53910e-05,8.181362,0.475150,3.353382,57.740166,9.743327,0.526128,1.856581,34.381885,0.64022,-1645.26829,25
1.0,-5.0000,3.758000,1.53839e-05,8.187464,0.475301,3.356233,57.813991,9.749347,0.526247,1.857990,34.421445,0.64025,-1649.45666,25
1.0,-5.0000,3.759000,1.53768e-05,8.193566,0.475452,3.359085,57.887875,9.755368,0.526366,1.859399,34.461034,0.64029,-1653.65372,25
1.0,-5.0000,3.760000,1.53697e-05,8.199669,0.475602,3.361937,57.961817,9.761389,0.526485,1.860809,34.500653,0.64032,-1657.85949,25
1.0,-5.0000,3.761000,1.53626e-05,8.205772,0.475753,3.364790,58.035818,9.767411,0.526604,1.862219,34.540303,0.64035,-1662.07398,25
1.0,-5.0000,3.762000,1.53555e-05,8.211876,0.475903,3.367643,58.109877,9.773434,0.526722,1.863629,34.579982,0.64039,-1666.29722,25
1.0,-5.0000,3.763000,1.53485e-05,8.217980,0.476053,3.370497,58.183994,9.779457,0.526841,1.865039,34.619690,0.64042,-1670.52921,25
1.0,-5.0000,3.764000,1.53414e-05,8.224085,0.476203,3.373352,58.258167,9.785480,0.526959,1.866449,34.659427,0.64045,-1674.76979,22
1.0,-5.0000,3.765000,1.53343e-05,8.230190,0.476353,3.376207,58.332401,9.791505,0.527077,1.867860,34.699196,0.64049,-1679.01934,22
1.0,-5.0000,3.766000,1.53273e-05,8.236297,0.476503,3.379062,58.406694,9.797530,0.527196,1.869272,34.738995,0.64052,-1683.27769,22
1.0,-5.0000,3.767000,1.53202e-05,8.242404,0.476653,3.381919,58.481045,9.803556,0.527314,1.870683,34.778823,0.64055,-1687.54486,22
1.0,-5.0000,3.768000,1.53132e-05,8.248511,0.476802,3.384776,58.555455,9.809583,0.527432,1.872095,34.818682,0.64059,-1691.82085,22
1.0,-5.0000,3.769000,1.53061e-05,8.254619,0.476951,3.387633,58.629924,9.815610,0.527549,1.873507,34.858570,0.64062,-1696.10569,22
1.0,-5.0000,3.770000,1.52991e-05,8.260728,0.477101,3.390491,58.704451,9.821638,0.527667,1.874920,34.898489,0.64065,-1700.39939,22
1.0,-5.0000,3.771000,1.52920e-05,8.266837,0.477250,3.393350,58.779037,9.827666,0.527785,1.876332,34.938437,0.64069,-1704.70196,22
1.0,-5.0000,3.772000,1.52850e-05,8.272947,0.477399,3.396209,58.853681,9.833696,0.527902,1.877745,34.978416,0.64072,-1709.01342,22
1.0,-5.0000,3.773000,1.52780e-05,8.279058,0.477547,3.399069,58.928385,9.839725,0.528019,1.879159,35.018424,0.64075,-1713.33379,22
1.0,-5.0000,3.774000,1.52709e-05,8.285169,0.477696,3.401930,59.003147,9.845756,0.528137,1.880573,35.058463,0.64078,-1717.66307,22
1.0,-5.0000,3.775000,1.52639e-05,8.291281,0.477844,3.404791,59.077968,9.851787,0.528254,1.881987,35.098532,0.64082,-1722.00129,22
1.0,-5.0000,3.776000,1.52569e-05,8.297393,0.477993,3.407652,59.152848,9.857819,0.528371,1.883401,35.138630,0.64085,-1726.34847,22
1.0,-5.0000,3.777000,1.52499e-05,8.303506,0.478141,3.410514,59.227786,9.863852,0.528488,1.884815,35.178759,0.64088,-1730.70460,22
1.0,-5.0000,3.778000,1.52429e-05,8.309620,0.478289,3.413377,59.302784,9.869885,0.528604,1.886230,35.218918,0.64092,-1735.06972,22
1.0,-5.0000,3.779000,1.52359e-05,8.315734,0.478437,3.416241,59.377840,9.875919,0.528721,1.887645,35.259108,0.64095,-1739.44383,22
1.0,-5.0000,3.780000,1.52289e-05,8.321849,0.478585,3.419105,59.452956,9.881954,0.528838,1.889061,35.299327,0.64098,-1743.82695,22
1.0,-5.0000,3.781000,1.52219e-05,8.327965,0.478732,3.421969,59.528131,9.887989,0.528954,1.890477,35.339576,0.64102,-1748.21910,22
1.0,-5.0000,3.782000,1.52149e-05,8.334081,0.478880,3.424835,59.603364,9.894025,0.529070,1.891893,35.379856,0.64105,-1752.62029,22
1.0,-5.0000,3.783000,1.52079e-05,8.340198,0.479027,3.427700,59.678657,9.900062,0.529187,1.893309,35.420166,0.64108,-1757.03053,22
1.0,-5.0000,3.784000,1.52009e-05,8.346315,0.479174,3.430567,59.754009,9.906099,0.529303,1.894726,35.460506,0.64111,-1761.44984,22
1.0,-5.0000,3.785000,1.51939e-05,8.352433,0.479321,3.433434,59.829419,9.912137,0.529419,1.896143,35.500876,0.64115,-1765.87825,22
1.0,-5.0000,3.786000,1.51869e-05,8.358552,0.479468,3.436301,59.904890,9.918176,0.529535,1.897560,35.541277,0.64118,-1770.31575,22
1.0,-5.0000,3.787000,1.51800e-05,8.364671,0.479615,3.439169,59.980419,9.924215,0.529650,1.898978,35.581708,0.64121,-1774.76237,22
1.0,-5.0000,3.788000,1.51730e-05,8.370791,0.479762,3.442038,60.056008,9.930255,0.529766,1.900396,35.622169,0.64125,-1779.21812,22
1.0,-5.0000,3.789000,1.51660e-05,8.376912,0.479908,3.444907,60.131655,9.936296,0.529882,1.901814,35.662661,0.64128,-1783.68302,22
1.0,-5.0000,3.790000,1.51591e-05,8.383033,0.480055,3.447777,60.207363,9.942337,0.529997,1.903233,35.703183,0.64131,-1788.15708,22
1.0,-5.0000,3.791000,1.51521e-05,8.389155,0.480201,3.450648,60.283129,9.948380,0.530112,1.904652,35.743735,0.64134,-1792.64033,22
1.0,-5.0000,3.792000,1.51452e-05,8.395277,0.480347,3.453519,60.358955,9.954422,0.530228,1.906071,35.784317,0.64138,-1797.13276,22
1.0,-5.0000,3.793000,1.51382e-05,8.401401,0.480493,3.456391,60.434840,9.960466,0.530343,1.907490,35.824930,0.64141,-1801.63441,22
1.0,-5.0000,3.794000,1.51313e-05,8.407524,0.480639,3.459263,60.510785,9.966510,0.530458,1.908910,35.865573,0.64144,-1806.14528,22
1.0,-5.0000,3.795000,1.51243e-05,8.413649,0.480785,3.462136,60.586789,9.972555,0.530573,1.910330,35.906247,0.64148,-1810.66539,22
1.0,-5.0000,3.796000,1.51174e-05,8.419774,0.480930,3.465009,60.662853,9.978601,0.530687,1.911751,35.946951,0.64151,-1815.19475,22
1.0,-5.0000,3.797000,1.51105e-05,8.425899,0.481076,3.467884,60.738976,9.984647,0.530802,1.913171,35.987686,0.64154,-1819.73339,22
1.0,-5.0000,3.798000,1.51035e-05,8.432026,0.481221,3.470758,60.815159,9.990694,0.530917,1.914592,36.028451,0.64157,-1824.28131,22
1.0,-5.0000,3.799000,1.50966e-05,8.438153,0.481366,3.473634,60.891402,9.996742,0.531031,1.916014,36.069246,0.64161,-1828.83854,22
1.0,-5.0000,3.800000,1.50897e-05,8.444280,0.481511,3.476509,60.967704,10.002790,0.531146,1.917435,36.110072,0.64164,-1833.40508,22
1.0,-5.0000,3.801000,1.50828e-05,8.450409,0.481656,3.479386,61.044066,10.008839,0.531260,1.918857,36.150929,0.64167,-1837.98096,22
1.0,-5.0000,3.802000,1.50759e-05,8.456537,0.481801,3.482263,61.120487,10.014889,0.531374,1.920280,36.191816,0.64170,-1842.56618,22
1.0,-5.0000,3.803000,1.50689e-05,8.462667,0.481945,3.485141,61.196968,10.020940,0.531488,1.921702,36.232734,0.64174,-1847.16077,22
1.0,-5.0000,3.804000,1.50620e-05,8.468797,0.482090,3.488019,61.273510,10.026991,0.531602,1.923125,36.273682,0.64177,-1851.76475,22
1.0,-5.0000,3.805000,1.50551e-05,8.474928,0.482234,3.490898,61.350110,10.033043,0.531716,1.924548,36.314660,0.64180,-1856.37811,22
1.0,-5.0000,3.806000,1.50482e-05,8.481060,0.482378,3.493777,61.426771,10.039095,0.531829,1.925972,36.355670,0.64183,-1861.00089,22
1.0,-5.0000,3.807000,1.50414e-05,8.487192,0.482522,3.496657,61.503492,10.045149,0.531943,1.927396,36.396710,0.64187,-1865.63310,22
1.0,-5.0000,3.808000,1.50345e-05,8.493325,0.482666,3.499538,61.580272,10.051203,0.532056,1.928820,36.437780,0.64190,-1870.27475,22
1.0,-5.0000,3.809000,1.50276e-05,8.499458,0.482810,3.502419,61.657113,10.057257,0.532170,1.930244,36.478881,0.64193,-1874.92586,22
1.0,-5.0000,3.810000,1.50207e-05,8.505592,0.482954,3.505301,61.734013,10.063313,0.532283,1.931669,36.520013,0.64196,-1879.58644,22
1.0,-5.0000,3.811000,1.50138e-05,8.511727,0.483097,3.508184,61.810974,10.069369,0.532396,1.933094,36.561176,0.64200,-1884.25652,22
1.0,-5.0000,3.812000,1.50070e-05,8.517862,0.483240,3.511067,61.887994,10.075426,0.532509,1.934519,36.602369,0.64203,-1888.93610,22
1.0,-5.0000,3.813000,1.50001e-05,8.523998,0.483384,3.513950,61.965075,10.081483,0.532622,1.935945,36.643593,0.64206,-1893.62520,22
1.0,-5.0000,3.814000,1.49932e-05,8.530136,0.483527,3.516835,62.042218,10.087542,0.532735,1.937371,36.684849,0.64209,-1898.32399,25
1.0,-5.0000,3.815000,1.49864e-05,8.536273,0.483670,3.519720,62.119419,10.093601,0.532848,1.938797,36.726134,0.64213,-1903.03219,25
1.0,-5.0000,3.816000,1.49795e-05,8.542411,0.483813,3.522605,62.196680,10.099661,0.532961,1.940224,36.767451,0.64216,-1907.74995,25
1.0,-5.0000,3.817000,1.49727e-05,8.548550,0.483955,3.525491,62.274001,10.105721,0.533073,1.941650,36.808798,0.64219,-1912.47730,25
1.0,-5.0000,3.818000,1.49658e-05,8.554689,0.484098,3.528378,62.351383,10.111782,0.533185,1.943078,36.850175,0.64222,-1917.21425,25
1.0,-5.0000,3.819000,1.49590e-05,8.560829,0.484240,3.531265,62.428824,10.117844,0.533298,1.944505,36.891584,0.64225,-1921.96082,25
1.0,-5.0000,3.820000,1.49521e-05,8.566970,0.484383,3.534153,62.506326,10.123906,0.533410,1.945933,36.933023,0.64229,-1926.71703,25
1.0,-5.0000,3.821000,1.49453e-05,8.573111,0.484525,3.537041,62.583889,10.129970,0.533522,1.947361,36.974493,0.64232,-1931.48288,25
1.0,-5.0000,3.822000,1.49385e-05,8.579253,0.484667,3.539930,62.661512,10.136034,0.533634,1.948789,37.015994,0.64235,-1936.25840,25
1.0,-5.0000,3.823000,1.49317e-05,8.585396,0.484809,3.542820,62.739195,10.142098,0.533746,1.950218,37.057526,0.64238,-1941.04360,25
1.0,-5.0000,3.824000,1.49248e-05,8.591541,0.484951,3.545711,62.816951,10.148166,0.533858,1.951647,37.099096,0.64242,-1945.83918,19
1.0,-5.0000,3.825000,1.49180e-05,8.597685,0.485092,3.548601,62.894755,10.154232,0.533969,1.953077,37.140690,0.64245,-1950.64380,19
1.0,-5.0000,3.826000,1.49112e-05,8.603830,0.485234,3.551493,62.972620,10.160299,0.534081,1.954506,37.182315,0.64248,-1955.45814,19
1.0,-5.0000,3.827000,1.49044e-05,8.609975,0.485375,3.554385,63.050545,10.166366,0.534193,1.955936,37.223970,0.64251,-1960.28224,19
1.0,-5.0000,3.828000,1.48976e-05,8.616122,0.485516,3.557278,63.128531,10.172435,0.534304,1.957367,37.265657,0.64254,-1965.11609,19
1.0,-5.0000,3.829000,1.48908e-05,8.622268,0.485658,3.560171,63.206577,10.178504,0.534415,1.958797,37.307374,0.64258,-1969.95972,19
1.0,-5.0000,3.830000,1.48840e-05,8.628416,0.485798,3.563065,63.284684,10.184574,0.534526,1.960228,37.349123,0.64261,-1974.81315,19
1.0,-5.0000,3.831000,1.48772e-05,8.634564,0.485939,3.565959,63.362852,10.190644,0.534637,1.961659,37.390902,0.64264,-1979.67639,19
1.0,-5.0000,3.832000,1.48704e-05,8.640713,0.486080,3.568854,63.441080,10.196715,0.534748,1.963091,37.432713,0.64267,-1984.54946,19
1.0,-5.0000,3.833000,1.48636e-05,8.646862,0.486221,3.571750,63.519369,10.202787,0.534859,1.964523,37.474555,0.64270,-1989.43237,19
1.0,-5.0000,3.834000,1.48568e-05,8.653012,0.486361,3.574646,63.597719,10.208860,0.534970,1.965955,37.516427,0.64274,-1994.32514,19
1.0,-5.0000,3.835000,1.48501e-05,8.659163,0.486501,3.577543,63.676130,10.214933,0.535080,1.967387,37.558331,0.64277,-1999.22779,19
1.0,-5.0000,3.836000,1.48433e-05,8.665315,0.486642,3.580441,63.754602,10.221008,0.535191,1.968820,37.600266,0.64280,-2004.14033,19
1.0,-5.0000,3.837000,1.48365e-05,8.671467,0.486782,3.583339,63.833134,10.227083,0.535301,1.970253,37.642232,0.64283,-2009.06278,19
1.0,-5.0000,3.838000,1.48298e-05,8.677620,0.486922,3.586237,63.911728,10.233158,0.535412,1.971686,37.684229,0.64286,-2013.99516,19
1.0,-5.0000,3.839000,1.48230e-05,8.683773,0.487061,3.589137,63.990382,10.239235,0.535522,1.973120,37.726258,0.64290,-2018.93747,19
1.0,-5.0000,3.840000,1.48162e-05,8.689928,0.487201,3.592036,64.069098,10.245312,0.535632,1.974554,37.768317,0.64293,-2023.88975,19
1.0,-5.0000,3.841000,1.48095e-05,8.696082,0.487341,3.594937,64.147874,10.251390,0.535742,1.975988,37.810408,0.64296,-2028.85200,19
1.0,-5.0000,3.842000,1.48027e-05,8.702238,0.487480,3.597838,64.226712,10.257468,0.535852,1.977423,37.852529,0.64299,-2033.82425,19
1.0,-5.0000,3.843000,1.47960e-05,8.708394,0.487619,3.600740,64.305610,10.263547,0.535962,1.978858,37.894682,0.64302,-2038.80650,19
1.0,-5.0000,3.844000,1.47893e-05,8.714551,0.487759,3.603642,64.384570,10.269628,0.536072,1.980293,37.936867,0.64306,-2043.79877,19
1.0,-5.0000,3.845000,1.47825e-05,8.720709,0.487898,3.606545,64.463591,10.275708,0.536181,1.981729,37.979082,0.64309,-2048.80109,19
1.0,-5.0000,3.846000,1.47758e-05,8.726867,0.488036,3.609448,64.542673,10.281790,0.536291,1.983165,38.021329,0.64312,-2053.81346,19
1.0,-5.0000,3.847000,1.47691e-05,8.733027,0.488175,3.612352,64.621816,10.287872,0.536400,1.984601,38.063607,0.64315,-2058.83591,19
1.0,-5.0000,3.848000,1.47623e-05,8.739186,0.488314,3.615257,64.701020,10.293955,0.536509,1.986037,38.105916,0.64318,-2063.86845,19
1.0,-5.0000,3.849000,1.47556e-05,8.745347,0.488452,3.618163,64.780286,10.300039,0.536619,1.987474,38.148257,0.64321,-2068.91110,19
1.0,-5.0000,3.850000,1.47489e-05,8.751508,0.488591,3.621068,64.859613,10.306124,0.536728,1.988911,38.190629,0.64325,-2073.96387,19
1.0,-5.0000,3.851000,1.47422e-05,8.757670,0.488729,3.623975,64.939001,10.312209,0.536837,1.990349,38.233032,0.64328,-2079.02678,19
1.0,-5.0000,3.852000,1.47355e-05,8.763832,0.488867,3.626882,65.018451,10.318295,0.536945,1.991786,38.275467,0.64331,-2084.09985,19
1.0,-5.0000,3.853000,1.47288e-05,8.769996,0.489005,3.629790,65.097963,10.324382,0.537054,1.993224,38.317933,0.64334,-2089.18310,19
1.0,-5.0000,3.854000,1.47221e-05,8.776160,0.489143,3.632698,65.177535,10.330469,0.537163,1.994663,38.360431,0.64337,-2094.27653,19
1.0,-5.0000,3.855000,1.47154e-05,8.782324,0.489281,3.635607,65.257169,10.336557,0.537272,1.996102,38.402960,0.64340,-2099.38017,19
1.0,-5.0000,3.856000,1.47087e-05,8.788489,0.489418,3.638517,65.336865,10.342646,0.537380,1.997541,38.445520,0.64344,-2104.49404,19
1.0,-5.0000,3.857000,1.47020e-05,8.794656,0.489556,3.641427,65.416622,10.348736,0.537488,1.998980,38.488112,0.64347,-2109.61815,19
1.0,-5.0000,3.858000,1.46953e-05,8.800822,0.489693,3.644338,65.496441,10.354827,0.537597,2.000419,38.530735,0.64350,-2114.75252,19
1.0,-5.0000,3.859000,1.46886e-05,8.806990,0.489831,3.647249,65.576322,10.360918,0.537705,2.001859,38.573390,0.64353,-2119.89716,19
1.0,-5.0000,3.860000,1.46820e-05,8.813158,0.489968,3.650161,65.656264,10.367010,0.537813,2.003300,38.616076,0.64356,-2125.05209,19
1.0,-5.0000,3.861000,1.46753e-05,8.819327,0.490105,3.653074,65.736268,10.373103,0.537921,2.004740,38.658794,0.64359,-2130.21734,19
1.0,-5.0000,3.862000,1.46686e-05,8.825496,0.490242,3.655987,65.816333,10.379197,0.538029,2.006181,38.701543,0.64362,-2135.39291,19
1.0,-5.0000,3.863000,1.46620e-05,8.831667,0.490378,3.658901,65.896460,10.385291,0.538137,2.007622,38.744324,0.64366,-2140.57882,19
1.0,-5.0000,3.864000,1.46553e-05,8.837836,0.490515,3.661815,65.976638,10.391384,0.538244,2.009063,38.787130,0.64369,-2145.77444,24
1.0,-5.0000,3.865000,1.46486e-05,8.844008,0.490651,3.664730,66.056889,10.397480,0.538352,2.010505,38.829974,0.64372,-2150.98109,24
1.0,-5.0000,3.866000,1.46420e-05,8.850180,0.490788,3.667645,66.137202,10.403577,0.538459,2.011947,38.872850,0.64375,-2156.19813,24
1.0,-5.0000,3.867000,1.46353e-05,8.856353,0.490924,3.670562,66.217576,10.409674,0.538567,2.013390,38.915757,0.64378,-2161.42559,24
1.0,-5.0000,3.868000,1.46287e-05,8.862527,0.491060,3.673479,66.298013,10.415772,0.538674,2.014833,38.958696,0.64381,-2166.66347,24
1.0,-5.0000,3.869000,1.46221e-05,8.868702,0.491196,3.676396,66.378512,10.421871,0.538781,2.016276,39.001666,0.64384,-2171.91179,24
1.0,-5.0000,3.870000,1.46154e-05,8.874877,0.491332,3.679314,66.459072,10.427971,0.538888,2.017719,39.044669,0.64388,-2177.17058,24
1.0,-5.0000,3.871000,1.46088e-05,8.881053,0.491468,3.682233,66.539695,10.434071,0.538995,2.019163,39.087703,0.64391,-2182.43985,24
1.0,-5.0000,3.872000,1.46022e-05,8.887230,0.491603,3.685152,66.620379,10.440172,0.539102,2.020607,39.130768,0.64394,-2187.71962,24
1.0,-5.0000,3.873000,1.45955e-05,8.893407,0.491739,3.688072,66.701126,10.446274,0.539209,2.022051,39.173865,0.64397,-2193.00990,24
1.0,-5.0000,3.874000,1.45889e-05,8.899585,0.491874,3.690992,66.781935,10.452377,0.539316,2.023496,39.216994,0.64400,-2198.31071,24
1.0,-5.0000,3.875000,1.45823e-05,8.905764,0.492009,3.693913,66.862806,10.458480,0.539422,2.024940,39.260155,0.64403,-2203.62206,24
1.0,-5.0000,3.876000,1.45757e-05,8.911944,0.492144,3.696835,66.943739,10.464585,0.539529,2.026386,39.303348,0.64406,-2208.94399,24
1.0,-5.0000,3.877000,1.45691e-05,8.918124,0.492279,3.699758,67.024735,10.470690,0.539635,2.027831,39.346572,0.64410,-2214.27649,24
1.0,-5.0000,3.878000,1.45625e-05,8.924305,0.492414,3.702680,67.105792,10.476796,0.539741,2.029277,39.389828,0.64413,-2219.61960,24
1.0,-5.0000,3.879000,1.45559e-05,8.930487,0.492549,3.705604,67.186912,10.482902,0.539848,2.030723,39.433116,0.64416,-2224.97332,24
1.0,-5.0000,3.880000,1.45493e-05,8.936669,0.492684,3.708528,67.268095,10.489009,0.539954,2.032170,39.476436,0.64419,-2230.33768,24
1.0,-5.0000,3.881000,1.45427e-05,8.942852,0.492818,3.711453,67.349339,10.495118,0.540060,2.033617,39.519788,0.64422,-2235.71269,24
1.0,-5.0000,3.882000,1.45361e-05,8.949036,0.492952,3.714378,67.430647,10.501226,0.540166,2.035064,39.563171,0.64425,-2241.09837,24
1.0,-5.0000,3.883000,1.45295e-05,8.955221,0.493087,3.717304,67.512016,10.507336,0.540271,2.036511,39.606587,0.64428,-2246.49473,24
1.0,-5.0000,3.884000,1.45229e-05,8.961406,0.493221,3.720231,67.593448,10.513447,0.540377,2.037959,39.650034,0.64431,-2251.90180,24
1.0,-5.0000,3.885000,1.45164e-05,8.967592,0.493355,3.723158,67.674943,10.519558,0.540483,2.039407,39.693513,0.64434,-2257.31960,24
1.0,-5.0000,3.886000,1.45098e-05,8.973779,0.493489,3.726086,67.756500,10.525670,0.540588,2.040855,39.737024,0.64438,-2262.74813,24
1.0,-5.0000,3.887000,1.45032e-05,8.979966,0.493623,3.729014,67.838119,10.531783,0.540694,2.042304,39.780568,0.64441,-2268.18741,24
1.0,-5.0000,3.888000,1.44967e-05,8.986155,0.493756,3.731943,67.919802,10.537896,0.540799,2.043753,39.824143,0.64444,-2273.63747,24
1.0,-5.0000,3.889000,1.44901e-05,8.992344,0.493890,3.734873,68.001546,10.544010,0.540904,2.045202,39.867750,0.64447,-2279.09833,24
1.0,-5.0000,3.890000,1.44835e-05,8.998533,0.494023,3.737803,68.083354,10.550126,0.541009,2.046652,39.911389,0.64450,-2284.56999,24
1.0,-5.0000,3.891000,1.44770e-05,9.004724,0.494156,3.740734,68.165224,10.556242,0.541114,2.048102,39.955060,0.64453,-2290.05248,24
1.0,-5.0000,3.892000,1.44704e-05,9.010915,0.494290,3.743666,68.247157,10.562358,0.541219,2.049552,39.998763,0.64456,-2295.54581,24
1.0,-5.0000,3.893000,1.44639e-05,9.017107,0.494423,3.746598,68.329153,10.568476,0.541324,2.051003,40.042499,0.64459,-2301.05001,24
1.0,-5.0000,3.894000,1.44574e-05,9.023300,0.494555,3.749531,68.411211,10.574594,0.541429,2.052454,40.086266,0.64462,-2306.56509,24
1.0,-5.0000,3.895000,1.44508e-05,9.029493,0.494688,3.752464,68.493333,10.580713,0.541534,2.053905,40.130065,0.64465,-2312.09106,24
1.0,-5.0000,3.896000,1.44443e-05,9.035687,0.494821,3.755398,68.575517,10.586833,0.541638,2.055357,40.173897,0.64468,-2317.62795,24
1.0,-5.0000,3.897000,1.44378e-05,9.041882,0.494953,3.758332,68.657764,10.592953,0.541743,2.056808,40.217760,0.64472,-2323.17577,24
1.0,-5.0000,3.898000,1.44312e-05,9.048078,0.495086,3.761268,68.740074,10.599075,0.541847,2.058261,40.261656,0.64475,-2328.73454,24
1.0,-5.0000,3.899000,1.44247e-05,9.054274,0.495218,3.764203,68.822447,10.605197,0.541951,2.059713,40.305584,0.64478,-2334.30429,24
1.0,-5.0000,3.900000,1.44182e-05,9.060471,0.495350,3.767140,68.904883,10.611320,0.542055,2.061166,40.349544,0.64481,-2339.88501,24
1.0,-5.0000,3.901000,1.44117e-05,9.066669,0.495482,3.770077,68.987382,10.617444,0.542160,2.062619,40.393537,0.64484,-2345.47674,24
1.0,-5.0000,3.902000,1.44052e-05,9.072868,0.495614,3.773014,69.069945,10.623568,0.542264,2.064072,40.437561,0.64487,-2351.07950,24
1.0,-5.0000,3.903000,1.43987e-05,9.079067,0.495746,3.775953,69.152570,10.629694,0.542367,2.065526,40.481618,0.64490,-2356.69329,24
1.0,-5.0000,3.904000,1.43922e-05,9.085267,0.495878,3.778892,69.235258,10.635820,0.542471,2.066980,40.525707,0.64493,-2362.31814,24
1.0,-5.0000,3.905000,1.43857e-05,9.091468,0.496010,3.781831,69.318010,10.641947,0.542575,2.068435,40.569828,0.64496,-2367.95407,24
1.0,-5.0000,3.906000,1.43792e-05,9.097669,0.496141,3.784771,69.400825,10.648075,0.542678,2.069889,40.613982,0.64499,-2373.60109,24
1.0,-5.0000,3.907000,1.43727e-05,9.103872,0.496272,3.787712,69.483703,10.654203,0.542782,2.071344,40.658168,0.64502,-2379.25923,24
1.0,-5.0000,3.908000,1.43662e-05,9.110075,0.496404,3.790653,69.566644,10.660332,0.542885,2.072800,40.702386,0.64505,-2384.92849,24
1.0,-5.0000,3.909000,1.43597e-05,9.116279,0.496535,3.793595,69.649649,10.666463,0.542989,2.074255,40.746636,0.64508,-2390.60890,24
1.0,-5.0000,3.910000,1.43532e-05,9.122483,0.496666,3.796538,69.732717,10.672593,0.543092,2.075711,40.790919,0.64512,-2396.30047,24
1.0,-5.0000,3.911000,1.43468e-05,9.128688,0.496797,3.799481,69.815848,10.678725,0.543195,2.077167,40.835234,0.64515,-2402.00323,24
1.0,-5.0000,3.912000,1.43403e-05,9.134894,0.496927,3.802424,69.899043,10.684858,0.543298,2.078624,40.879582,0.64518,-2407.71720,24
1.0,-5.0000,3.913000,1.43338e-05,9.141101,0.497058,3.805369,69.982301,10.690991,0.543401,2.080081,40.923962,0.64521,-2413.44238,24
1.0,-5.0000,3.914000,1.43274e-05,9.147309,0.497189,3.808314,70.065623,10.697125,0.543504,2.081538,40.968374,0.64524,-2419.17880,24
1.0,-5.0000,3.915000,1.43209e-05,9.153517,0.497319,3.811259,70.149008,10.703260,0.543607,2.082996,41.012819,0.64527,-2424.92647,24
1.0,-5.0000,3.916000,1.43144e-05,9.159726,0.497449,3.814206,70.232457,10.709396,0.543709,2.084453,41.057296,0.64530,-2430.68542,24
1.0,-5.0000,3.917000,1.43080e-05,9.165936,0.497579,3.817153,70.315970,10.715532,0.543812,2.085912,41.101806,0.64533,-2436.45567,24
1.0,-5.0000,3.918000,1.43016e-05,9.172147,0.497709,3.820100,70.399546,10.721670,0.543914,2.087370,41.146348,0.64536,-2442.23722,24
1.0,-5.0000,3.919000,1.42951e-05,9.178358,0.497839,3.823048,70.483185,10.727808,0.544017,2.088829,41.190923,0.64539,-2448.03011,24
1.0,-5.0000,3.920000,1.42887e-05,9.184570,0.497969,3.825997,70.566889,10.733947,0.544119,2.090288,41.235530,0.64542,-2453.83434,24
1.0,-5.0000,3.921000,1.42822e-05,9.190783,0.498099,3.828946,70.650656,10.740087,0.544221,2.091747,41.280170,0.64545,-2459.64993,24
1.0,-5.0000,3.922000,1.42758e-05,9.196997,0.498228,3.831896,70.734487,10.746227,0.544323,2.093207,41.324843,0.64548,-2465.47692,24
1.0,-5.0000,3.923000,1.42694e-05,9.203210,0.498358,3.834846,70.818376,10.752368,0.544425,2.094667,41.369545,0.64551,-2471.31500,21
1.0,-5.0000,3.924000,1.42630e-05,9.209425,0.498487,3.837798,70.902335,10.758510,0.544527,2.096128,41.414282,0.64554,-2477.16480,21
1.0,-5.0000,3.925000,1.42565e-05,9.215641,0.498616,3.840749,70.986357,10.764653,0.544629,2.097588,41.459052,0.64557,-2483.02605,21
1.0,-5.0000,3.926000,1.42501e-05,9.221858,0.498746,3.843702,71.070443,10.770797,0.544731,2.099049,41.503855,0.64560,-2488.89875,21
1.0,-5.0000,3.927000,1.42437e-05,9.228075,0.498875,3.846655,71.154594,10.776942,0.544833,2.100511,41.548690,0.64563,-2494.78293,21
1.0,-5.0000,3.928000,1.42373e-05,9.234294,0.499004,3.849608,71.238808,10.783087,0.544934,2.101972,41.593558,0.64566,-2500.67860,21
1.0,-5.0000,3.929000,1.42309e-05,9.240513,0.499132,3.852563,71.323086,10.789233,0.545036,2.103434,41.638459,0.64569,-2506.58579,21
1.0,-5.0000,3.930000,1.42245e-05,9.246732,0.499261,3.855518,71.407428,10.795380,0.545137,2.104897,41.683392,0.64572,-2512.50450,21
1.0,-5.0000,3.931000,1.42181e-05,9.252953,0.499389,3.858473,71.491834,10.801528,0.545238,2.106359,41.728359,0.64575,-2518.43477,21
1.0,-5.0000,3.932000,1.42117e-05,9.259174,0.499518,3.861429,71.576304,10.807677,0.545339,2.107822,41.773357,0.64579,-2524.37661,21
1.0,-5.0000,3.933000,1.42053e-05,9.265396,0.499646,3.864386,71.660839,10.813826,0.545441,2.109285,41.818389,0.64582,-2530.33003,21
1.0,-5.0000,3.934000,1.41989e-05,9.271619,0.499774,3.867343,71.745437,10.819977,0.545542,2.110749,41.863453,0.64585,-2536.29506,21
1.0,-5.0000,3.935000,1.41925e-05,9.277842,0.499902,3.870301,71.830100,10.826128,0.545642,2.112213,41.908550,0.64588,-2542.27172,21
1.0,-5.0000,3.936000,1.41862e-05,9.284067,0.500030,3.873260,71.914827,10.832280,0.545743,2.113677,41.953680,0.64591,-2548.26002,21
1.0,-5.0000,3.937000,1.41798e-05,9.290292,0.500158,3.876219,71.999618,10.838433,0.545844,2.115141,41.998843,0.64594,-2554.25998,21
1.0,-5.0000,3.938000,1.41734e-05,9.296518,0.500286,3.879179,72.084474,10.844586,0.545945,2.116606,42.044038,0.64597,-2560.27162,21
1.0,-5.0000,3.939000,1.41671e-05,9.302744,0.500414,3.882139,72.169393,10.850741,0.546045,2.118071,42.089267,0.64600,-2566.29496,21
1.0,-5.0000,3.940000,1.41607e-05,9.308972,0.500541,3.885100,72.254378,10.856896,0.546146,2.119537,42.134528,0.64603,-2572.33002,21
1.0,-5.0000,3.941000,1.41543e-05,9.315200,0.500669,3.888062,72.339426,10.863052,0.546246,2.121003,42.179822,0.64606,-2578.37681,21
1.0,-5.0000,3.942000,1.41480e-05,9.321429,0.500796,3.891024,72.424539,10.869209,0.546346,2.122469,42.225149,0.64609,-2584.43537,21
1.0,-5.0000,3.943000,1.41416e-05,9.327659,0.500923,3.893987,72.509717,10.875367,0.546447,2.123935,42.270509,0.64612,-2590.50569,21
1.0,-5.0000,3.944000,1.41353e-05,9.333889,0.501050,3.896951,72.594959,10.881525,0.546547,2.125402,42.315901,0.64615,-2596.58781,21
1.0,-5.0000,3.945000,1.41289e-05,9.340121,0.501177,3.899915,72.680266,10.887685,0.546647,2.126869,42.361327,0.64618,-2602.68175,21
1.0,-5.0000,3.946000,1.41226e-05,9.346353,0.501304,3.902880,72.765637,10.893845,0.546747,2.128336,42.406786,0.64621,-2608.78751,21
1.0,-5.0000,3.947000,1.41163e-05,9.352586,0.501431,3.905845,72.851073,10.900006,0.546846,2.129804,42.452277,0.64624,-2614.90513,21
1.0,-5.0000,3.948000,1.41099e-05,9.358819,0.501557,3.908811,72.936573,10.906168,0.546946,2.131272,42.497802,0.64627,-2621.03461,21
1.0,-5.0000,3.949000,1.41036e-05,9.365054,0.501684,3.911778,73.022138,10.912330,0.547046,2.132740,42.543360,0.64630,-2627.17598,21
1.0,-5.0000,3.950000,1.40973e-05,9.371289,0.501810,3.914745,73.107768,10.918494,0.547145,2.134209,42.588951,0.64633,-2633.32926,21
1.0,-5.0000,3.951000,1.40910e-05,9.377525,0.501936,3.917713,73.193463,10.924658,0.547245,2.135678,42.634574,0.64636,-2639.49447,21
1.0,-5.0000,3.952000,1.40846e-05,9.383762,0.502062,3.920681,73.279222,10.930824,0.547344,2.137147,42.680231,0.64639,-2645.67162,21
1.0,-5.0000,3.953000,1.40783e-05,9.389999,0.502188,3.923650,73.365046,10.936990,0.547444,2.138617,42.725921,0.64642,-2651.86074,21
1.0,-5.0000,3.954000,1.40720e-05,9.396238,0.502314,3.926620,73.450935,10.943156,0.547543,2.140087,42.771644,0.64645,-2658.06184,21
1.0,-5.0000,3.955000,1.40657e-05,9.402477,0.502440,3.929591,73.536889,10.949324,0.547642,2.141557,42.817400,0.64648,-2664.27494,21
1.0,-5.0000,3.956000,1.40594e-05,9.408717,0.502566,3.932561,73.622908,10.955493,0.547741,2.143028,42.863189,0.64651,-2670.50007,21
1.0,-5.0000,3.957000,1.40531e-05,9.414957,0.502691,3.935533,73.708991,10.961662,0.547840,2.144499,42.909012,0.64654,-2676.73723,21
1.0,-5.0000,3.958000,1.40468e-05,9.421199,0.502817,3.938505,73.795140,10.967832,0.547939,2.145970,42.954867,0.64657,-2682.98646,21
1.0,-5.0000,3.959000,1.40405e-05,9.427441,0.502942,3.941478,73.881354,10.974003,0.548038,2.147441,43.000756,0.64660,-2689.24777,21
1.0,-5.0000,3.960000,1.40343e-05,9.433684,0.503067,3.944452,73.967633,10.980175,0.548136,2.148913,43.046678,0.64663,-2695.52117,21
1.0,-5.0000,3.961000,1.40280e-05,9.439928,0.503193,3.947426,74.053976,10.986348,0.548235,2.150385,43.092633,0.64666,-2701.80670,21
1.0,-5.0000,3.962000,1.40217e-05,9.446173,0.503318,3.950400,74.140385,10.992521,0.548333,2.151858,43.138622,0.64668,-2708.10436,21
1.0,-5.0000,3.963000,1.40154e-05,9.452418,0.503443,3.953376,74.226860,10.998696,0.548432,2.153331,43.184643,0.64671,-2714.41418,21
1.0,-5.0000,3.964000,1.40092e-05,9.458665,0.503567,3.956352,74.313399,11.004871,0.548530,2.154804,43.230698,0.64674,-2720.73617,21
1.0,-5.0000,3.965000,1.40029e-05,9.464912,0.503692,3.959328,74.400004,11.011047,0.548628,2.156277,43.276787,0.64677,-2727.07036,21
1.0,-5.0000,3.966000,1.39966e-05,9.471160,0.503817,3.962306,74.486673,11.017224,0.548726,2.157751,43.322908,0.64680,-2733.41676,21
1.0,-5.0000,3.967000,1.39904e-05,9.477408,0.503941,3.965283,74.573408,11.023402,0.548825,2.159225,43.369063,0.64683,-2739.77540,21
1.0,-5.0000,3.968000,1.39841e-05,9.483658,0.504066,3.968262,74.660209,11.029580,0.548922,2.160699,43.415251,0.64686,-2746.14630,21
1.0,-5.0000,3.969000,1.39779e-05,9.489908,0.504190,3.971241,74.747075,11.035760,0.549020,2.162174,43.461473,0.64689,-2752.52946,21
1.0,-5.0000,3.970000,1.39716e-05,9.496159,0.504314,3.974221,74.834006,11.041940,0.549118,2.163649,43.507728,0.64692,-2758.92492,21
1.0,-5.0000,3.971000,1.39654e-05,9.502411,0.504438,3.977201,74.921003,11.048121,0.549216,2.165125,43.554016,0.64695,-2765.33270,21
1.0,-5.0000,3.972000,1.39591e-05,9.508663,0.504562,3.980182,75.008065,11.054303,0.549314,2.166600,43.600338,0.64698,-2771.75280,21
1.0,-5.0000,3.973000,1.39529e-05,9.514917,0.504686,3.983163,75.095192,11.060486,0.549411,2.168076,43.646693,0.64701,-2778.18526,21
1.0,-5.0000,3.974000,1.39467e-05,9.521171,0.504809,3.986146,75.182385,11.066669,0.549509,2.169553,43.693081,0.64704,-2784.63009,21
1.0,-5.0000,3.975000,1.39404e-05,9.527426,0.504933,3.989128,75.269644,11.072854,0.549606,2.171029,43.739503,0.64707,-2791.08730,21
1.0,-5.0000,3.976000,1.39342e-05,9.533682,0.505056,3.992112,75.356968,11.079039,0.549703,2.172506,43.785959,0.64710,-2797.55693,21
1.0,-5.0000,3.977000,1.39280e-05,9.539939,0.505180,3.995096,75.444358,11.085226,0.549800,2.173983,43.832448,0.64713,-2804.03899,21
1.0,-5.0000,3.978000,1.39218e-05,9.546196,0.505303,3.998081,75.531814,11.091413,0.549898,2.175461,43.878970,0.64716,-2810.53350,21
1.0,-5.0000,3.979000,1.39155e-05,9.552454,0.505426,4.001066,75.619335,11.097601,0.549995,2.176939,43.925526,0.64719,-2817.04048,21
1.0,-5.0000,3.980000,1.39093e-05,9.558713,0.505549,4.004052,75.706922,11.103789,0.550091,2.178417,43.972116,0.64722,-2823.55995,21
1.0,-5.0000,3.981000,1.39031e-05,9.564973,0.505672,4.007038,75.794575,11.109979,0.550188,2.179896,44.018739,0.64725,-2830.09193,21
1.0,-5.0000,3.982000,1.38969e-05,9.571234,0.505795,4.010026,75.882294,11.116169,0.550285,2.181375,44.065396,0.64728,-2836.63643,21
1.0,-5.0000,3.983000,1.38907e-05,9.577495,0.505918,4.013013,75.970078,11.122361,0.550382,2.182854,44.112086,0.64731,-2843.19349,21
1.0,-5.0000,3.984000,1.38845e-05,9.583758,0.506040,4.016002,76.057928,11.128553,0.550478,2.184333,44.158810,0.64733,-2849.76312,21
1.0,-5.0000,3.985000,1.38783e-05,9.590021,0.506163,4.018991,76.145845,11.134746,0.550575,2.185813,44.205568,0.64736,-2856.34533,21
1.0,-5.0000,3.986000,1.38722e-05,9.596285,0.506285,4.021981,76.233827,11.140940,0.550671,2.187293,44.252359,0.64739,-2862.94015,21
1.0,-5.0000,3.987000,1.38660e-05,9.602550,0.506408,4.024971,76.321875,11.147135,0.550768,2.188774,44.299184,0.64742,-2869.54760,21
1.0,-5.0000,3.988000,1.38598e-05,9.608815,0.506530,4.027962,76.409989,11.153330,0.550864,2.190255,44.346043,0.64745,-2876.16770,21
1.0,-5.0000,3.989000,1.38536e-05,9.615081,0.506652,4.030953,76.498170,11.159527,0.550960,2.191736,44.392935,0.64748,-2882.80047,21
1.0,-5.0000,3.990000,1.38474e-05,9.621349,0.506774,4.033946,76.586416,11.165724,0.551056,2.193217,44.439861,0.64751,-2889.44593,21
1.0,-5.0000,3.991000,1.38413e-05,9.627617,0.506896,4.036939,76.674728,11.171922,0.551152,2.194699,44.486821,0.64754,-2896.10410,21
1.0,-5.0000,3.992000,1.38351e-05,9.633885,0.507018,4.039932,76.763107,11.178121,0.551248,2.196181,44.533814,0.64757,-2902.77499,21
1.0,-5.0000,3.993000,1.38289e-05,9.640155,0.507139,4.042926,76.851552,11.184321,0.551344,2.197664,44.580841,0.64760,-2909.45864,21
1.0,-5.0000,3.994000,1.38228e-05,9.646425,0.507261,4.045921,76.940063,11.190522,0.551440,2.199146,44.627902,0.64763,-2916.15505,21
1.0,-5.0000,3.995000,1.38166e-05,9.652697,0.507382,4.048916,77.028640,11.196724,0.551535,2.200629,44.674997,0.64766,-2922.86425,21
1.0,-5.0000,3.996000,1.38105e-05,9.658969,0.507503,4.051912,77.117284,11.202926,0.551631,2.202113,44.722126,0.64769,-2929.58626,21
1.0,-5.0000,3.997000,1.38043e-05,9.665242,0.507625,4.054909,77.205993,11.209130,0.551726,2.203597,44.769288,0.64772,-2936.32110,21
1.0,-5.0000,3.998000,1.37982e-05,9.671515,0.507746,4.057906,77.294770,11.215334,0.551822,2.205081,44.816485,0.64774,-2943.06879,21
1.0,-5.0000,3.999000,1.37920e-05,9.677790,0.507867,4.060904,77.383612,11.221539,0.551917,2.206565,44.863715,0.64777,-2949.82935,21
1.0,-5.0000,4.000000,1.37859e-05,9.684065,0.507988,4.063902,77.472521,11.227745,0.552012,2.208050,44.910979,0.64780,-2956.60281,21
1.0,-5.0000,4.001000,1.37798e-05,9.690341,0.508109,4.066901,77.561497,11.233952,0.552108,2.209535,44.958277,0.64783,-2963.38917,21
1.0,-5.0000,4.002000,1.37737e-05,9.696618,0.508229,4.069901,77.650539,11.240159,0.552203,2.211020,45.005609,0.64786,-2970.18846,21
1.0,-5.0000,4.003000,1.37675e-05,9.702896,0.508350,4.072901,77.739647,11.246368,0.552298,2.212506,45.052975,0.64789,-2977.00071,21
1.0,-5.0000,4.004000,1.37614e-05,9.709175,0.508470,4.075902,77.828822,11.252577,0.552393,2.213992,45.100375,0.64792,-2983.82592,21
1.0,-5.0000,4.005000,1.37553e-05,9.715454,0.508591,4.078904,77.918064,11.258788,0.552487,2.215478,45.147809,0.64795,-2990.66413,21
1.0,-5.0000,4.006000,1.37492e-05,9.721734,0.508711,4.081906,78.007373,11.264999,0.552582,2.216964,45.195277,0.64798,-2997.51535,21
1.0,-5.0000,4.007000,1.37431e-05,9.728016,0.508831,4.084909,78.096748,11.271211,0.552677,2.218451,45.242779,0.64801,-3004.37961,21
1.0,-5.0000,4.008000,1.37370e-05,9.734298,0.508951,4.087912,78.186189,11.277424,0.552771,2.219939,45.290314,0.64804,-3011.25692,21
1.0,-5.0000,4.009000,1.37309e-05,9.740580,0.509071,4.090916,78.275698,11.283638,0.552866,2.221426,45.337884,0.64806,-3018.14730,21
1.0,-5.0000,4.010000,1.37248e-05,9.746864,0.509191,4.093921,78.365273,11.289852,0.552960,2.222914,45.385488,0.64809,-3025.05078,21
1.0,-5.0000,4.011000,1.37187e-05,9.753148,0.509311,4.096927,78.454915,11.296068,0.553055,2.224402,45.433126,0.64812,-3031.96737,21
1.0,-5.0000,4.012000,1.37126e-05,9.759434,0.509430,4.099933,78.544624,11.302284,0.553149,2.225891,45.480799,0.64815,-3038.89710,21
1.0,-5.0000,4.013000,1.37065e-05,9.765720,0.509550,4.102939,78.634400,11.308502,0.553243,2.227380,45.528505,0.64818,-3045.83998,21
1.0,-5.0000,4.014000,1.37004e-05,9.772007,0.509669,4.105946,78.724242,11.314720,0.553337,2.228869,45.576245,0.64821,-3052.79604,21
1.0,-5.0000,4.015000,1.36943e-05,9.778294,0.509789,4.108954,78.814152,11.320939,0.553431,2.230358,45.624020,0.64824,-3059.76530,21
1.0,-5.0000,4.016000,1.36882e-05,9.784583,0.509908,4.111963,78.904129,11.327159,0.553525,2.231848,45.671829,0.64827,-3066.74778,21
1.0,-5.0000,4.017000,1.36822e-05,9.790872,0.510027,4.114972,78.994172,11.333379,0.553619,2.233338,45.719671,0.64830,-3073.74350,21
1.0,-5.0000,4.018000,1.36761e-05,9.797163,0.510146,4.117982,79.084283,11.339601,0.553713,2.234829,45.767549,0.64832,-3080.75248,21
1.0,-5.0000,4.019000,1.36700e-05,9.803454,0.510265,4.120992,79.174461,11.345824,0.553806,2.236320,45.815460,0.64835,-3087.77474,21
1.0,-5.0000,4.020000,1.36640e-05,9.809745,0.510384,4.124003,79.264706,11.352047,0.553900,2.237811,45.863406,0.64838,-3094.81030,21
1.0,-5.0000,4.021000,1.36579e-05,9.816038,0.510503,4.127015,79.355018,11.358271,0.553993,2.239302,45.911385,0.64841,-3101.85918,21
1.0,-5.0000,4.022000,1.36519e-05,9.822332,0.510621,4.130027,79.445397,11.364497,0.554087,2.240794,45.959399,0.64844,-3108.92140,21
1.0,-5.0000,4.023000,1.36458e-05,9.828626,0.510740,4.133040,79.535843,11.370723,0.554180,2.242286,46.007448,0.64847,-3115.99700,21
1.0,-5.0000,4.024000,1.36398e-05,9.834921,0.510858,4.136054,79.626357,11.376950,0.554273,2.243779,46.055531,0.64850,-3123.08597,21
1.0,-5.0000,4.025000,1.36337e-05,9.841218,0.510976,4.139068,79.716938,11.383178,0.554367,2.245271,46.103648,0.64853,-3130.18835,21
1.0,-5.0000,4.026000,1.36277e-05,9.847515,0.511095,4.142083,79.807586,11.389406,0.554460,2.246764,46.151799,0.64855,-3137.30416,21
1.0,-5.0000,4.027000,1.36216e-05,9.853812,0.511213,4.145098,79.898302,11.395636,0.554553,2.248258,46.199985,0.64858,-3144.43342,21
1.0,-5.0000,4.028000,1.36156e-05,9.860111,0.511331,4.148114,79.989085,11.401866,0.554646,2.249751,46.248205,0.64861,-3151.57615,21
1.0,-5.0000,4.029000,1.36096e-05,9.866410,0.511448,4.151131,80.079936,11.408098,0.554739,2.251246,46.296459,0.64864,-3158.73236,21
1.0,-5.0000,4.030000,1.36036e-05,9.872711,0.511566,4.154148,80.170854,11.414330,0.554831,2.252740,46.344748,0.64867,-3165.90209,21
1.0,-5.0000,4.031000,1.35975e-05,9.879012,0.511684,4.157166,80.261839,11.420563,0.554924,2.254235,46.393072,0.64870,-3173.08535,21
1.0,-5.0000,4.032000,1.35915e-05,9.885314,0.511802,4.160185,80.352892,11.426797,0.555017,2.255730,46.441429,0.64873,-3180.28216,21
1.0,-5.0000,4.033000,1.35855e-05,9.891617,0.511919,4.163204,80.444013,11.433032,0.555109,2.257225,46.489822,0.64875,-3187.49255,21
1.0,-5.0000,4.034000,1.35795e-05,9.897920,0.512036,4.166224,80.535201,11.439268,0.555202,2.258721,46.538248,0.64878,-3194.71654,21
1.0,-5.0000,4.035000,1.35735e-05,9.904225,0.512154,4.169244,80.626457,11.445505,0.555294,2.260217,46.586710,0.64881,-3201.95414,21
1.0,-5.0000,4.036000,1.35675e-05,9.910530,0.512271,4.172266,80.717780,11.451742,0.555386,2.261713,46.635205,0.64884,-3209.20538,21
1.0,-5.0000,4.037000,1.35615e-05,9.916836,0.512388,4.175287,80.809171,11.457981,0.555478,2.263209,46.683736,0.64887,-3216.47028,21
1.0,-5.0000,4.038000,1.35555e-05,9.923144,0.512505,4.178310,80.900630,11.464220,0.555571,2.264706,46.732300,0.64890,-3223.74886,21
1.0,-5.0000,4.039000,1.35495e-05,9.929451,0.512622,4.181333,80.992157,11.470461,0.555663,2.266204,46.780900,0.64893,-3231.04114,21
1.0,-5.0000,4.040000,1.35435e-05,9.935760,0.512739,4.184356,81.083752,11.476702,0.555755,2.267701,46.829534,0.64895,-3238.34715,21
1.0,-5.0000,4.041000,1.35375e-05,9.942070,0.512855,4.187381,81.175414,11.482944,0.555847,2.269199,46.878202,0.64898,-3245.66690,21
1.0,-5.0000,4.042000,1.35315e-05,9.948380,0.512972,4.190406,81.267144,11.489187,0.555938,2.270697,46.926905,0.64901,-3253.00042,21
1.0,-5.0000,4.043000,1.35255e-05,9.954692,0.513088,4.193431,81.358943,11.495431,0.556030,2.272196,46.975643,0.64904,-3260.34772,21
1.0,-5.0000,4.044000,1.35196e-05,9.961004,0.513205,4.196457,81.450809,11.501675,0.556122,2.273695,47.024416,0.64907,-3267.70884,21
1.0,-5.0000,4.045000,1.35136e-05,9.967317,0.513321,4.199484,81.542743,11.507921,0.556213,2.275194,47.073223,0.64910,-3275.08378,21
1.0,-5.0000,4.046000,1.35076e-05,9.973631,0.513437,4.202512,81.634745,11.514168,0.556305,2.276694,47.122065,0.64912,-3282.47258,21
1.0,-5.0000,4.047000,1.35017e-05,9.979945,0.513553,4.205540,81.726815,11.520415,0.556396,2.278194,47.170941,0.64915,-3289.87525,21
1.0,-5.0000,4.048000,1.34957e-05,9.986261,0.513669,4.208568,81.818954,11.526663,0.556488,2.279694,47.219853,0.64918,-3297.29182,21
1.0,-5.0000,4.049000,1.34898e-05,9.992577,0.513785,4.211598,81.911160,11.532913,0.556579,2.281194,47.268799,0.64921,-3304.72231,21
1.0,-5.0000,4.050000,1.34838e-05,9.998895,0.513901,4.214628,82.003435,11.539163,0.556670,2.282695,47.317779,0.64924,-3312.16673,21
1.0,-5.0000,4.051000,1.34778e-05,10.005213,0.514016,4.217658,82.095778,11.545414,0.556761,2.284196,47.366795,0.64927,-3319.62511,21
1.0,-5.0000,4.052000,1.34719e-05,10.011532,0.514132,4.220690,82.188189,11.551666,0.556852,2.285698,47.415845,0.64929,-3327.09748,21
1.0,-5.0000,4.053000,1.34660e-05,10.017852,0.514247,4.223721,82.280668,11.557919,0.556943,2.287200,47.464931,0.64932,-3334.58385,21
1.0,-5.0000,4.054000,1.34600e-05,10.024172,0.514363,4.226754,82.373216,11.564172,0.557034,2.288702,47.514051,0.64935,-3342.08424,21
1.0,-5.0000,4.055000,1.34541e-05,10.030494,0.514478,4.229787,82.465832,11.570427,0.557125,2.290204,47.563205,0.64938,-3349.59868,21
1.0,-5.0000,4.056000,1.34482e-05,10.036816,0.514593,4.232821,82.558516,11.576683,0.557215,2.291707,47.612395,0.64941,-3357.12719,21
1.0,-5.0000,4.057000,1.34422e-05,10.043140,0.514708,4.235855,82.651269,11.582939,0.557306,2.293210,47.661620,0.64944,-3364.66979,21
1.0,-5.0000,4.058000,1.34363e-05,10.049464,0.514823,4.238891,82.744095,11.589197,0.557397,2.294714,47.710882,0.64946,-3372.22684,23
1.0,-5.0000,4.059000,1.34304e-05,10.055789,0.514938,4.241926,82.836984,11.595455,0.557487,2.296217,47.760176,0.64949,-3379.79769,23
1.0,-5.0000,4.060000,1.34245e-05,10.062115,0.515053,4.244963,82.929942,11.601715,0.557578,2.297721,47.809505,0.64952,-3387.38269,23
1.0,-5.0000,4.061000,1.34185e-05,10.068442,0.515168,4.247999,83.022969,11.607975,0.557668,2.299226,47.858870,0.64955,-3394.98188,23
1.0,-5.0000,4.062000,1.34126e-05,10.074770,0.515282,4.251037,83.116064,11.614236,0.557758,2.300731,47.908269,0.64958,-3402.59526,23
1.0,-5.0000,4.063000,1.34067e-05,10.081098,0.515397,4.254075,83.209228,11.620498,0.557848,2.302236,47.957703,0.64960,-3410.22286,23
1.0,-5.0000,4.064000,1.34008e-05,10.087428,0.515511,4.257114,83.302461,11.626760,0.557938,2.303741,48.007172,0.64963,-3417.86471,23
1.0,-5.0000,4.065000,1.33949e-05,10.093758,0.515625,4.260154,83.395762,11.633024,0.558028,2.305247,48.056677,0.64966,-3425.52083,23
1.0,-5.0000,4.066000,1.33890e-05,10.100089,0.515739,4.263194,83.489132,11.639289,0.558118,2.306753,48.106216,0.64969,-3433.19123,23
1.0,-5.0000,4.067000,1.33831e-05,10.106421,0.515853,4.266235,83.582571,11.645554,0.558208,2.308259,48.155790,0.64972,-3440.87595,23
1.0,-5.0000,4.068000,1.33772e-05,10.112754,0.515967,4.269276,83.676078,11.651821,0.558298,2.309766,48.205400,0.64974,-3448.57500,23
1.0,-5.0000,4.069000,1.33714e-05,10.119087,0.516081,4.272318,83.769655,11.658088,0.558388,2.311273,48.255044,0.64977,-3456.28840,23
1.0,-5.0000,4.070000,1.33655e-05,10.125422,0.516195,4.275361,83.863300,11.664356,0.558477,2.312780,48.304724,0.64980,-3464.01618,23
1.0,-5.0000,4.071000,1.33596e-05,10.131757,0.516309,4.278404,83.957014,11.670625,0.558567,2.314288,48.354439,0.64983,-3471.75836,23
1.0,-5.0000,4.072000,1.33537e-05,10.138093,0.516422,4.281448,84.050797,11.676896,0.558656,2.315796,48.404189,0.64986,-3479.51496,23
1.0,-5.0000,4.073000,1.33479e-05,10.144431,0.516536,4.284492,84.144649,11.683167,0.558746,2.317304,48.453974,0.64988,-3487.28600,23
1.0,-5.0000,4.074000,1.33420e-05,10.150769,0.516649,4.287538,84.238570,11.689439,0.558835,2.318813,48.503794,0.64991,-3495.07151,23
1.0,-5.0000,4.075000,1.33361e-05,10.157108,0.516763,4.290584,84.332560,11.695711,0.558924,2.320322,48.553649,0.64994,-3502.87151,23
1.0,-5.0000,4.076000,1.33303e-05,10.163447,0.516876,4.293630,84.426619,11.701985,0.559013,2.321831,48.603540,0.64997,-3510.68601,23
1.0,-5.0000,4.077000,1.33244e-05,10.169788,0.516989,4.296677,84.520747,11.708260,0.559103,2.323341,48.653466,0.65000,-3518.51506,23
1.0,-5.0000,4.078000,1.33186e-05,10.176130,0.517102,4.299725,84.614945,11.714535,0.559192,2.324851,48.703427,0.65002,-3526.35865,23
1.0,-5.0000,4.079000,1.33127e-05,10.182472,0.517215,4.302773,84.709211,11.720812,0.559281,2.326361,48.753423,0.65005,-3534.21683,23
1.0,-5.0000,4.080000,1.33069e-05,10.188815,0.517328,4.305822,84.803547,11.727089,0.559369,2.327872,48.803455,0.65008,-3542.08960,23
1.0,-5.0000,4.081000,1.33010e-05,10.195159,0.517440,4.308872,84.897952,11.733368,0.559458,2.329383,48.853522,0.65011,-3549.97700,23
1.0,-5.0000,4.082000,1.32952e-05,10.201504,0.517553,4.311922,84.992426,11.739647,0.559547,2.330894,48.903624,0.65013,-3557.87904,23
1.0,-5.0000,4.083000,1.32893e-05,10.207850,0.517666,4.314973,85.086970,11.745927,0.559636,2.332405,48.953762,0.65016,-3565.79575,23
1.0,-5.0000,4.084000,1.32835e-05,10.214197,0.517778,4.318025,85.181583,11.752208,0.559724,2.333917,49.003935,0.65019,-3573.72715,23
1.0,-5.0000,4.085000,1.32777e-05,10.220545,0.517890,4.321077,85.276265,11.758490,0.559813,2.335429,49.054143,0.65022,-3581.67327,23
1.0,-5.0000,4.086000,1.32718e-05,10.226893,0.518003,4.324130,85.371017,11.764773,0.559901,2.336942,49.104387,0.65025,-3589.63412,23
1.0,-5.0000,4.087000,1.32660e-05,10.233243,0.518115,4.327183,85.465838,11.771057,0.559989,2.338455,49.154666,0.65027,-3597.60973,23
1.0,-5.0000,4.088000,1.32602e-05,10.239593,0.518227,4.330238,85.560728,11.777342,0.560078,2.339968,49.204981,0.65030,-3605.60012,23
1.0,-5.0000,4.089000,1.32544e-05,10.245944,0.518339,4.333292,85.655689,11.783628,0.560166,2.341482,49.255331,0.65033,-3613.60531,23
1.0,-5.0000,4.090000,1.32486e-05,10.252296,0.518451,4.336348,85.750718,11.789914,0.560254,2.342996,49.305716,0.65036,-3621.62533,23
1.0,-5.0000,4.091000,1.32428e-05,10.258649,0.518562,4.339404,85.845818,11.796202,0.560342,2.344510,49.356137,0.65038,-3629.66020,23
1.0,-5.0000,4.092000,1.32370e-05,10.265003,0.518674,4.342460,85.940987,11.802490,0.560430,2.346024,49.406594,0.65041,-3637.70994,23
1.0,-5.0000,4.093000,1.32312e-05,10.271358,0.518786,4.345518,86.036226,11.808780,0.560518,2.347539,49.457086,0.65044,-3645.77457,23
1.0,-5.0000,4.094000,1.32254e-05,10.277714,0.518897,4.348576,86.131542,11.815071,0.560606,2.349055,49.507617,0.65047,-3653.85480,18
1.0,-5.0000,4.095000,1.32196e-05,10.284071,0.519009,4.351635,86.226920,11.821362,0.560693,2.350570,49.558181,0.65049,-3661.94929,18
1.0,-5.0000,4.096000,1.32138e-05,10.290428,0.519120,4.354694,86.322368,11.827655,0.560781,2.352086,49.608779,0.65052,-3670.05875,18
1.0,-5.0000,4.097000,1.32080e-05,10.296786,0.519231,4.357754,86.417886,11.833948,0.560869,2.353602,49.659413,0.65055,-3678.18319,18
1.0,-5.0000,4.098000,1.32022e-05,10.303145,0.519342,4.360814,86.513465,11.840241,0.560956,2.355118,49.710079,0.65058,-3686.32198,23
1.0,-5.0000,4.099000,1.31964e-05,10.309505,0.519453,4.363875,86.609123,11.846536,0.561043,2.356635,49.760785,0.65060,-3694.47646,23
1.0,-5.0000,4.100000,1.31907e-05,10.315866,0.519564,4.366937,86.704850,11.852832,0.561131,2.358152,49.811526,0.65063,-3702.64600,23
1.0,-5.0000,4.101000,1.31849e-05,10.322227,0.519675,4.369999,86.800647,11.859129,0.561218,2.359670,49.862302,0.65066,-3710.83062,23
1.0,-5.0000,4.102000,1.31791e-05,10.328590,0.519786,4.373062,86.896515,11.865426,0.561305,2.361187,49.913115,0.65069,-3719.03034,23
1.0,-5.0000,4.103000,1.31734e-05,10.334954,0.519896,4.376126,86.992452,11.871725,0.561392,2.362706,49.963963,0.65071,-3727.24519,23
1.0,-5.0000,4.104000,1.31676e-05,10.341318,0.520007,4.379190,87.088459,11.878025,0.561480,2.364224,50.014847,0.65074,-3735.47518,23
1.0,-5.0000,4.105000,1.31618e-05,10.347683,0.520117,4.382255,87.184537,11.884325,0.561567,2.365743,50.065766,0.65077,-3743.72035,23
1.0,-5.0000,4.106000,1.31561e-05,10.354050,0.520228,4.385321,87.280684,11.890627,0.561653,2.367262,50.116721,0.65080,-3751.98071,23
1.0,-5.0000,4.107000,1.31503e-05,10.360417,0.520338,4.388387,87.376902,11.896929,0.561740,2.368781,50.167712,0.65082,-3760.25629,23
1.0,-5.0000,4.108000,1.31446e-05,10.366785,0.520448,4.391454,87.473190,11.903233,0.561827,2.370301,50.218739,0.65085,-3768.54710,23
1.0,-5.0000,4.109000,1.31388e-05,10.373154,0.520558,4.394522,87.569548,11.909537,0.561914,2.371821,50.269802,0.65088,-3776.85319,23
1.0,-5.0000,4.110000,1.31331e-05,10.379524,0.520668,4.397590,87.665976,11.915842,0.562000,2.373342,50.320900,0.65091,-3785.17456,23
1.0,-5.0000,4.111000,1.31273e-05,10.385894,0.520778,4.400659,87.762475,11.922149,0.562087,2.374862,50.372035,0.65093,-3793.51124,23
1.0,-5.0000,4.112000,1.31216e-05,10.392266,0.520888,4.403728,87.859044,11.928456,0.562173,2.376383,50.423205,0.65096,-3801.86325,23
1.0,-5.0000,4.113000,1.31159e-05,10.398639,0.520998,4.406798,87.955684,11.934764,0.562260,2.377905,50.474411,0.65099,-3810.23062,23
1.0,-5.0000,4.114000,1.31102e-05,10.405012,0.521107,4.409869,88.052394,11.941073,0.562346,2.379427,50.525652,0.65102,-3818.61338,23
1.0,-5.0000,4.115000,1.31044e-05,10.411386,0.521217,4.412940,88.149174,11.947383,0.562432,2.380949,50.576930,0.65104,-3827.01153,23
1.0,-5.0000,4.116000,1.30987e-05,10.417762,0.521326,4.416012,88.246025,11.953694,0.562519,2.382471,50.628244,0.65107,-3835.42512,23
1.0,-5.0000,4.117000,1.30930e-05,10.424138,0.521436,4.419085,88.342946,11.960005,0.562605,2.383994,50.679593,0.65110,-3843.85416,23
1.0,-5.0000,4.118000,1.30873e-05,10.430515,0.521545,4.422158,88.439938,11.966318,0.562691,2.385517,50.730979,0.65112,-3852.29867,23
1.0,-5.0000,4.119000,1.30816e-05,10.436893,0.521654,4.425232,88.537000,11.972632,0.562777,2.387040,50.782400,0.65115,-3860.75868,23
1.0,-5.0000,4.120000,1.30759e-05,10.443271,0.521763,4.428307,88.634133,11.978947,0.562863,2.388564,50.833858,0.65118,-3869.23421,23
1.0,-5.0000,4.121000,1.30702e-05,10.449651,0.521872,4.431382,88.731337,11.985262,0.562948,2.390088,50.885351,0.65121,-3877.72529,23
1.0,-5.0000,4.122000,1.30645e-05,10.456032,0.521981,4.434458,88.828611,11.991579,0.563034,2.391612,50.936881,0.65123,-3886.23194,23
1.0,-5.0000,4.123000,1.30588e-05,10.462413,0.522090,4.437535,88.925956,11.997896,0.563120,2.393137,50.988447,0.65126,-3894.75418,23
1.0,-5.0000,4.124000,1.30531e-05,10.468796,0.522198,4.440612,89.023372,12.004215,0.563205,2.394662,51.040048,0.65129,-3903.29204,23
1.0,-5.0000,4.125000,1.30474e-05,10.475179,0.522307,4.443689,89.120859,12.010534,0.563291,2.396187,51.091686,0.65132,-3911.84554,23
1.0,-5.0000,4.126000,1.30417e-05,10.481563,0.522415,4.446768,89.218416,12.016854,0.563376,2.397713,51.143360,0.65134,-3920.41470,23
1.0,-5.0000,4.127000,1.30360e-05,10.487948,0.522524,4.449847,89.316045,12.023176,0.563462,2.399239,51.195070,0.65137,-3928.99955,23
1.0,-5.0000,4.128000,1.30303e-05,10.494334,0.522632,4.452927,89.413744,12.029498,0.563547,2.400765,51.246816,0.65140,-3937.60012,23
1.0,-5.0000,4.129000,1.30246e-05,10.500721,0.522740,4.456007,89.511514,12.035821,0.563632,2.402292,51.298598,0.65142,-3946.21642,23
1.0,-5.0000,4.130000,1.30190e-05,10.507109,0.522849,4.459088,89.609355,12.042145,0.563718,2.403819,51.350416,0.65145,-3954.84848,23
1.0,-5.0000,4.131000,1.30133e-05,10.513498,0.522957,4.462170,89.707268,12.048470,0.563803,2.405346,51.402271,0.65148,-3963.49632,23
1.0,-5.0000,4.132000,1.30076e-05,10.519888,0.523065,4.465252,89.805251,12.054796,0.563888,2.406874,51.454162,0.65150,-3972.15998,23
1.0,-5.0000,4.133000,1.30020e-05,10.526278,0.523172,4.468335,89.903305,12.061123,0.563973,2.408402,51.506089,0.65153,-3980.83946,23
1.0,-5.0000,4.134000,1.29963e-05,10.532670,0.523280,4.471418,90.001431,12.067451,0.564058,2.409930,51.558052,0.65156,-3989.53480,23
1.0,-5.0000,4.135000,1.29907e-05,10.539062,0.523388,4.474503,90.099627,12.073780,0.564142,2.411459,51.610051,0.65159,-3998.24602,23
1.0,-5.0000,4.136000,1.29850e-05,10.545455,0.523496,4.477587,90.197895,12.080110,0.564227,2.412987,51.662087,0.65161,-4006.97315,23
1.0,-5.0000,4.137000,1.29794e-05,10.551850,0.523603,4.480673,90.296234,12.086440,0.564312,2.414517,51.714159,0.65164,-4015.71620,23
1.0,-5.0000,4.138000,1.29737e-05,10.558245,0.523711,4.483759,90.394644,12.092772,0.564396,2.416046,51.766268,0.65167,-4024.47520,23
1.0,-5.0000,4.139000,1.29681e-05,10.564641,0.523818,4.486846,90.493126,12.099105,0.564481,2.417576,51.818412,0.65169,-4033.25019,23
1.0,-5.0000,4.140000,1.29624e-05,10.571038,0.523925,4.489933,90.591679,12.105438,0.564565,2.419107,51.870593,0.65172,-4042.04117,23
1.0,-5.0000,4.141000,1.29568e-05,10.577436,0.524032,4.493021,90.690303,12.111773,0.564650,2.420637,51.922811,0.65175,-4050.84818,23
1.0,-5.0000,4.142000,1.29512e-05,10.583834,0.524139,4.496110,90.788998,12.118109,0.564734,2.422168,51.975064,0.65177,-4059.67123,23
1.0,-5.0000,4.143000,1.29455e-05,10.590234,0.524246,4.499199,90.887766,12.124445,0.564818,2.423699,52.027355,0.65180,-4068.51036,23
1.0,-5.0000,4.144000,1.29399e-05,10.596635,0.524353,4.502289,90.986604,12.130782,0.564903,2.425231,52.079681,0.65183,-4077.36559,23
1.0,-5.0000,4.145000,1.29343e-05,10.603036,0.524460,4.505380,91.085514,12.137121,0.564987,2.426763,52.132044,0.65185,-4086.23694,23
1.0,-5.0000,4.146000,1.29287e-05,10.609439,0.524567,4.508471,91.184496,12.143460,0.565071,2.428295,52.184444,0.65188,-4095.12444,23
1.0,-5.0000,4.147000,1.29230e-05,10.615842,0.524673,4.511563,91.283549,12.149801,0.565155,2.429828,52.236880,0.65191,-4104.02810,23
1.0,-5.0000,4.148000,1.29174e-05,10.622246,0.524780,4.514656,91.382674,12.156142,0.565239,2.431360,52.289352,0.65193,-4112.94797,23
1.0,-5.0000,4.149000,1.29118e-05,10.628651,0.524886,4.517749,91.481870,12.162484,0.565322,2.432894,52.341861,0.65196,-4121.88405,23
1.0,-5.0000,4.150000,1.29062e-05,10.635057,0.524993,4.520843,91.581138,12.168827,0.565406,2.434427,52.394406,0.65199,-4130.83638,23
1.0,-5.0000,4.151000,1.29006e-05,10.641464,0.525099,4.523937,91.680478,12.175171,0.565490,2.435961,52.446988,0.65202,-4139.80498,23
1.0,-5.0000,4.152000,1.28950e-05,10.647872,0.525205,4.527033,91.779890,12.181516,0.565574,2.437495,52.499607,0.65204,-4148.78987,23
1.0,-5.0000,4.153000,1.28894e-05,10.654281,0.525311,4.530128,91.879373,12.187862,0.565657,2.439030,52.552262,0.65207,-4157.79108,23
1.0,-5.0000,4.154000,1.28838e-05,10.660691,0.525417,4.533225,91.978928,12.194209,0.565741,2.440565,52.604954,0.65210,-4166.80863,23
1.0,-5.0000,4.155000,1.28782e-05,10.667102,0.525523,4.536322,92.078555,12.200557,0.565824,2.442100,52.657682,0.65212,-4175.84255,23
1.0,-5.0000,4.156000,1.28727e-05,10.673513,0.525629,4.539420,92.178254,12.206906,0.565907,2.443636,52.710447,0.65215,-4184.89286,23
1.0,-5.0000,4.157000,1.28671e-05,10.679926,0.525735,4.542518,92.278025,12.213256,0.565991,2.445171,52.763249,0.65218,-4193.95959,23
1.0,-5.0000,4.158000,1.28615e-05,10.686339,0.525840,4.545617,92.377868,12.219607,0.566074,2.446708,52.816087,0.65220,-4203.04276,23
1.0,-5.0000,4.159000,1.28559e-05,10.692754,0.525946,4.548717,92.477783,12.225959,0.566157,2.448244,52.868962,0.65223,-4212.14239,23
1.0,-5.0000,4.160000,1.28503e-05,10.699169,0.526051,4.551817,92.577770,12.232312,0.566240,2.449781,52.921874,0.65226,-4221.25852,23
1.0,-5.0000,4.161000,1.28448e-05,10.705585,0.526157,4.554918,92.677829,12.238666,0.566323,2.451318,52.974822,0.65228,-4230.39116,23
1.0,-5.0000,4.162000,1.28392e-05,10.712002,0.526262,4.558019,92.777960,12.245020,0.566406,2.452856,53.027807,0.65231,-4239.54035,23
1.0,-5.0000,4.163000,1.28337e-05,10.718421,0.526367,4.561122,92.878163,12.251376,0.566489,2.454393,53.080829,0.65233,-4248.70610,23
1.0,-5.0000,4.164000,1.28281e-05,10.724840,0.526472,4.564225,92.978439,12.257733,0.566572,2.455932,53.133888,0.65236,-4257.88844,23
1.0,-5.0000,4.165000,1.28225e-05,10.731259,0.526577,4.567328,93.078786,12.264090,0.566654,2.457470,53.186983,0.65239,-4267.08740,23
1.0,-5.0000,4.166000,1.28170e-05,10.737680,0.526682,4.570432,93.179206,12.270449,0.566737,2.459009,53.240115,0.65241,-4276.30299,23
1.0,-5.0000,4.167000,1.28114e-05,10.744102,0.526787,4.573537,93.279698,12.276808,0.566820,2.460548,53.293284,0.65244,-4285.53526,23
1.0,-5.0000,4.168000,1.28059e-05,10.750525,0.526892,4.576642,93.380263,12.283169,0.566902,2.462088,53.346490,0.65247,-4294.78421,23
1.0,-5.0000,4.169000,1.28004e-05,10.756948,0.526997,4.579749,93.480900,12.289530,0.566985,2.463627,53.399733,0.65249,-4304.04988,23
1.0,-5.0000,4.170000,1.27948e-05,10.763373,0.527101,4.582855,93.581609,12.295893,0.567067,2.465168,53.453013,0.65252,-4313.33230,23
1.0,-5.0000,4.171000,1.27893e-05,10.769799,0.527206,4.585963,93.682391,12.302256,0.567149,2.466708,53.506329,0.65255,-4322.63147,23
1.0,-5.0000,4.172000,1.27837e-05,10.776225,0.527310,4.589071,93.783245,12.308621,0.567231,2.468249,53.559683,0.65257,-4331.94744,23
1.0,-5.0000,4.173000,1.27782e-05,10.782652,0.527415,4.592179,93.884171,12.314986,0.567314,2.469790,53.613073,0.65260,-4341.28023,23
1.0,-5.0000,4.174000,1.27727e-05,10.789081,0.527519,4.595289,93.985171,12.321352,0.567396,2.471331,53.666500,0.65263,-4350.62986,23
1.0,-5.0000,4.175000,1.27672e-05,10.795510,0.527623,4.598399,94.086242,12.327720,0.567478,2.472873,53.719965,0.65265,-4359.99635,23
1.0,-5.0000,4.176000,1.27617e-05,10.801940,0.527727,4.601509,94.187387,12.334088,0.567560,2.474415,53.773466,0.65268,-4369.37974,23
1.0,-5.0000,4.177000,1.27561e-05,10.808371,0.527831,4.604621,94.288604,12.340457,0.567642,2.475958,53.827004,0.65270,-4378.78004,23
1.0,-5.0000,4.178000,1.27506e-05,10.814803,0.527935,4.607733,94.389894,12.346827,0.567724,2.477501,53.880580,0.65273,-4388.19729,23
1.0,-5.0000,4.179000,1.27451e-05,10.821236,0.528039,4.610845,94.491256,12.353199,0.567805,2.479044,53.934192,0.65276,-4397.63151,23
1.0,-5.0000,4.180000,1.27396e-05,10.827670,0.528142,4.613958,94.592691,12.359571,0.567887,2.480587,53.987841,0.65278,-4407.08272,23
1.0,-5.0000,4.181000,1.27341e-05,10.834105,0.528246,4.617072,94.694199,12.365944,0.567969,2.482131,54.041528,0.65281,-4416.55095,23
1.0,-5.0000,4.182000,1.27286e-05,10.840541,0.528350,4.620187,94.795780,12.372318,0.568050,2.483675,54.095251,0.65284,-4426.03623,23
1.0,-5.0000,4.183000,1.27231e-05,10.846977,0.528453,4.623302,94.897434,12.378693,0.568132,2.485220,54.149012,0.65286,-4435.53857,23
1.0,-5.0000,4.184000,1.27176e-05,10.853415,0.528557,4.626418,94.999160,12.385069,0.568213,2.486764,54.202810,0.65289,-4445.05802,23
1.0,-5.0000,4.185000,1.27121e-05,10.859854,0.528660,4.629534,95.100960,12.391446,0.568295,2.488309,54.256645,0.65292,-4454.59458,23
1.0,-5.0000,4.186000,1.27066e-05,10.866293,0.528763,4.632651,95.202832,12.397824,0.568376,2.489855,54.310517,0.65294,-4464.14829,23
1.0,-5.0000,4.187000,1.27012e-05,10.872734,0.528866,4.635769,95.304778,12.404203,0.568457,2.491401,54.364426,0.65297,-4473.71917,23
1.0,-5.0000,4.188000,1.26957e-05,10.879175,0.528969,4.638887,95.406796,12.410583,0.568538,2.492947,54.418373,0.65299,-4483.30726,23
1.0,-5.0000,4.189000,1.26902e-05,10.885617,0.529072,4.642006,95.508888,12.416964,0.568619,2.494493,54.472357,0.65302,-4492.91256,23
1.0,-5.0000,4.190000,1.26847e-05,10.892061,0.529175,4.645126,95.611053,12.423346,0.568700,2.496040,54.526378,0.65305,-4502.53512,23
1.0,-5.0000,4.191000,1.26793e-05,10.898505,0.529278,4.648246,95.713291,12.429729,0.568781,2.497587,54.580436,0.65307,-4512.17495,23
1.0,-5.0000,4.192000,1.26738e-05,10.904950,0.529381,4.651367,95.815602,12.436113,0.568862,2.499135,54.634531,0.65310,-4521.83209,23
1.0,-5.0000,4.193000,1.26683e-05,10.911396,0.529483,4.654489,95.917986,12.442498,0.568943,2.500682,54.688664,0.65312,-4531.50655,23
1.0,-5.0000,4.194000,1.26629e-05,10.917843,0.529586,4.657611,96.020443,12.448884,0.569024,2.502230,54.742834,0.65315,-4541.19837,23
1.0,-5.0000,4.195000,1.26574e-05,10.924291,0.529688,4.660734,96.122974,12.455271,0.569104,2.503779,54.797042,0.65318,-4550.90756,23
1.0,-5.0000,4.196000,1.26520e-05,10.930740,0.529791,4.663858,96.225578,12.461659,0.569185,2.505328,54.851287,0.65320,-4560.63416,23
1.0,-5.0000,4.197000,1.26465e-05,10.937190,0.529893,4.666982,96.328256,12.468047,0.569266,2.506877,54.905569,0.65323,-4570.37819,23
1.0,-5.0000,4.198000,1.26411e-05,10.943641,0.529995,4.670107,96.431007,12.474437,0.569346,2.508426,54.959888,0.65325,-4580.13968,23
1.0,-5.0000,4.199000,1.26356e-05,10.950093,0.530097,4.673232,96.533831,12.480828,0.569427,2.509976,55.014245,0.65328,-4589.91865,23
1.0,-5.0000,4.200000,1.26302e-05,10.956545,0.530199,4.676358,96.636729,12.487220,0.569507,2.511526,55.068640,0.65331,-4599.71513,23
1.0,-5.0000,4.201000,1.26248e-05,10.962999,0.530301,4.679485,96.739700,12.493613,0.569587,2.513076,55.123071,0.65333,-4609.52915,23
1.0,-5.0000,4.202000,1.26193e-05,10.969453,0.530403,4.682613,96.842745,12.500006,0.569668,2.514627,55.177541,0.65336,-4619.36072,23
1.0,-5.0000,4.203000,1.26139e-05,10.975909,0.530505,4.685741,96.945864,12.506401,0.569748,2.516178,55.232047,0.65338,-4629.20989,23
1.0,-5.0000,4.204000,1.26085e-05,10.982366,0.530607,4.688870,97.049056,12.512797,0.569828,2.517729,55.286591,0.65341,-4639.07667,23
1.0,-5.0000,4.205000,1.26030e-05,10.988823,0.530708,4.691999,97.152321,12.519194,0.569908,2.519281,55.341173,0.65344,-4648.96109,23
1.0,-5.0000,4.206000,1.25976e-05,10.995281,0.530810,4.695129,97.255661,12.525591,0.569988,2.520833,55.395792,0.65346,-4658.86317,23
1.0,-5.0000,4.207000,1.25922e-05,11.001741,0.530911,4.698260,97.359074,12.531990,0.570068,2.522386,55.450449,0.65349,-4668.78295,23
1.0,-5.0000,4.208000,1.25868e-05,11.008201,0.531013,4.701391,97.462561,12.538390,0.570148,2.523938,55.505143,0.65351,-4678.72044,23
1.0,-5.0000,4.209000,1.25814e-05,11.014662,0.531114,4.704523,97.566121,12.544790,0.570227,2.525491,55.559875,0.65354,-4688.67569,23
1.0,-5.0000,4.210000,1.25760e-05,11.021124,0.531215,4.707656,97.669756,12.551192,0.570307,2.527045,55.614645,0.65357,-4698.64870,23
1.0,-5.0000,4.211000,1.25706e-05,11.027588,0.531316,4.710789,97.773464,12.557595,0.570387,2.528599,55.669452,0.65359,-4708.63951,23
1.0,-5.0000,4.212000,1.25652e-05,11.034052,0.531417,4.713923,97.877247,12.563998,0.570466,2.530153,55.724297,0.65362,-4718.64815,23
1.0,-5.0000,4.213000,1.25598e-05,11.040517,0.531518,4.717057,97.981103,12.570403,0.570546,2.531707,55.779179,0.65364,-4728.67463,23
1.0,-5.0000,4.214000,1.25544e-05,11.046983,0.531619,4.720193,98.085033,12.576808,0.570625,2.533262,55.834099,0.65367,-4738.71900,23
1.0,-5.0000,4.215000,1.25490e-05,11.053450,0.531720,4.723329,98.189037,12.583215,0.570705,2.534817,55.889057,0.65370,-4748.78127,23
1.0,-5.0000,4.216000,1.25436e-05,11.059918,0.531821,4.726465,98.293116,12.589623,0.570784,2.536372,55.944053,0.65372,-4758.86146,23
1.0,-5.0000,4.217000,1.25382e-05,11.066386,0.531921,4.729602,98.397268,12.596031,0.570863,2.537928,55.999086,0.65375,-4768.95962,23
1.0,-5.0000,4.218000,1.25328e-05,11.072856,0.532022,4.732740,98.501494,12.602441,0.570942,2.539484,56.054157,0.65377,-4779.07576,23
1.0,-5.0000,4.219000,1.25274e-05,11.079327,0.532122,4.735879,98.605795,12.608851,0.571022,2.541040,56.109265,0.65380,-4789.20991,23
1.0,-5.0000,4.220000,1.25221e-05,11.085798,0.532223,4.739018,98.710166,12.615262,0.571101,2.542597,56.164410,0.65382,-4799.36174,20
1.0,-5.0000,4.221000,1.25167e-05,11.092271,0.532323,4.742157,98.814615,12.621675,0.571180,2.544154,56.219594,0.65385,-4809.53200,20
1.0,-5.0000,4.222000,1.25113e-05,11.098745,0.532423,4.745298,98.919138,12.628089,0.571259,2.545711,56.274816,0.65388,-4819.72034,20
1.0,-5.0000,4.223000,1.25060e-05,11.105219,0.532523,4.748439,99.023736,12.634503,0.571337,2.547269,56.330076,0.65390,-4829.92680,20
1.0,-5.0000,4.224000,1.25006e-05,11.111695,0.532623,4.751581,99.128408,12.640919,0.571416,2.548827,56.385374,0.65393,-4840.15141,20
1.0,-5.0000,4.225000,1.24952e-05,11.118171,0.532723,4.754723,99.233154,12.647335,0.571495,2.550385,56.440710,0.65395,-4850.39418,20
1.0,-5.0000,4.226000,1.24899e-05,11.124649,0.532823,4.757866,99.337975,12.653753,0.571574,2.551944,56.496083,0.65398,-4860.65516,20
1.0,-5.0000,4.227000,1.24845e-05,11.131127,0.532923,4.761010,99.442870,12.660171,0.571652,2.553503,56.551495,0.65400,-4870.93436,20
1.0,-5.0000,4.228000,1.24792e-05,11.137607,0.533023,4.764154,99.547840,12.666591,0.571731,2.555063,56.606944,0.65403,-4881.23181,20
1.0,-5.0000,4.229000,1.24738e-05,11.144087,0.533123,4.767299,99.652884,12.673011,0.571809,2.556622,56.662431,0.65405,-4891.54754,20
1.0,-5.0000,4.230000,1.24685e-05,11.150568,0.533222,4.770445,99.758003,12.679433,0.571888,2.558182,56.717957,0.65408,-4901.88157,20
1.0,-5.0000,4.231000,1.24632e-05,11.157051,0.533322,4.773591,99.863196,12.685856,0.571966,2.559743,56.773520,0.65411,-4912.23394,20
1.0,-5.0000,4.232000,1.24578e-05,11.163534,0.533421,4.776738,99.968464,12.692279,0.572044,2.561303,56.829121,0.65413,-4922.60467,20
1.0,-5.0000,4.233000,1.24525e-05,11.170018,0.533520,4.779886,100.073806,12.698704,0.572123,2.562864,56.884760,0.65416,-4932.99379,20
1.0,-5.0000,4.234000,1.24472e-05,11.176503,0.533620,4.783034,100.179224,12.705129,0.572201,2.564426,56.940438,0.65418,-4943.40132,20
1.0,-5.0000,4.235000,1.24418e-05,11.182989,0.533719,4.786183,100.284716,12.711556,0.572279,2.565988,56.996153,0.65421,-4953.82730,20
1.0,-5.0000,4.236000,1.24365e-05,11.189477,0.533818,4.789332,100.390283,12.717983,0.572357,2.567550,57.051906,0.65423,-4964.27174,20
1.0,-5.0000,4.237000,1.24312e-05,11.195965,0.533917,4.792483,100.495924,12.724412,0.572435,2.569112,57.107698,0.65426,-4974.73468,20
1.0,-5.0000,4.238000,1.24259e-05,11.202454,0.534016,4.795633,100.601641,12.730841,0.572513,2.570675,57.163527,0.65428,-4985.21614,20
1.0,-5.0000,4.239000,1.24206e-05,11.208944,0.534115,4.798785,100.707432,12.737272,0.572591,2.572238,57.219395,0.65431,-4995.71615,20
1.0,-5.0000,4.240000,1.24152e-05,11.215435,0.534213,4.801937,100.813298,12.743703,0.572668,2.573801,57.275301,0.65434,-5006.23474,20
1.0,-5.0000,4.241000,1.24099e-05,11.221926,0.534312,4.805090,100.919239,12.750136,0.572746,2.575365,57.331245,0.65436,-5016.77194,20
1.0,-5.0000,4.242000,1.24046e-05,11.228419,0.534411,4.808243,101.025256,12.756570,0.572824,2.576929,57.387227,0.65439,-5027.32777,20
1.0,-5.0000,4.243000,1.23993e-05,11.234913,0.534509,4.811397,101.131347,12.763004,0.572901,2.578493,57.443247,0.65441,-5037.90226,20
1.0,-5.0000,4.244000,1.23940e-05,11.241408,0.534608,4.814552,101.237513,12.769440,0.572979,2.580058,57.499306,0.65444,-5048.49543,20
1.0,-5.0000,4.245000,1.23887e-05,11.247904,0.534706,4.817708,101.343754,12.775876,0.573056,2.581623,57.555403,0.65446,-5059.10733,20
1.0,-5.0000,4.246000,1.23834e-05,11.254401,0.534804,4.820864,101.450071,12.782314,0.573134,2.583188,57.611538,0.65449,-5069.73796,20
1.0,-5.0000,4.247000,1.23782e-05,11.260898,0.534902,4.824020,101.556463,12.788753,0.573211,2.584754,57.667711,0.65451,-5080.38737,20
1.0,-5.0000,4.248000,1.23729e-05,11.267397,0.535001,4.827178,101.662930,12.795192,0.573288,2.586320,57.723923,0.65454,-5091.05557,20
1.0,-5.0000,4.249000,1.23676e-05,11.273897,0.535099,4.830336,101.769472,12.801633,0.573366,2.587886,57.780173,0.65456,-5101.74260,20
1.0,-5.0000,4.250000,1.23623e-05,11.280397,0.535197,4.833495,101.876089,12.808074,0.573443,2.589453,57.836461,0.65459,-5112.44849,20
1.0,-5.0000,4.251000,1.23570e-05,11.286899,0.535295,4.836654,101.982782,12.814517,0.573520,2.591020,57.892788,0.65461,-5123.17325,20
1.0,-5.0000,4.252000,1.23518e-05,11.293402,0.535392,4.839814,102.089550,12.820961,0.573597,2.592587,57.949152,0.65464,-5133.91693,20
1.0,-5.0000,4.253000,1.23465e-05,11.299905,0.535490,4.842974,102.196393,12.827405,0.573674,2.594155,58.005556,0.65466,-5144.67954,20
1.0,-5.0000,4.254000,1.23412e-05,11.306410,0.535588,4.846136,102.303312,12.833851,0.573751,2.595723,58.061997,0.65469,-5155.46112,20
1.0,-5.0000,4.255000,1.23360e-05,11.312915,0.535685,4.849298,102.410306,12.840298,0.573828,2.597291,58.118478,0.65471,-5166.26168,20
1.0,-5.0000,4.256000,1.23307e-05,11.319422,0.535783,4.852460,102.517376,12.846745,0.573905,2.598860,58.174996,0.65474,-5177.08127,20
1.0,-5.0000,4.257000,1.23254e-05,11.325929,0.535880,4.855624,102.624522,12.853194,0.573981,2.600429,58.231553,0.65477,-5187.91991,20
1.0,-5.0000,4.258000,1.23202e-05,11.332438,0.535978,4.858787,102.731743,12.859644,0.574058,2.601999,58.288149,0.65479,-5198.77762,20
1.0,-5.0000,4.259000,1.23149e-05,11.338947,0.536075,4.861952,102.839039,12.866094,0.574135,2.603568,58.344783,0.65482,-5209.65444,20
1.0,-5.0000,4.260000,1.23097e-05,11.345458,0.536172,4.865117,102.946414,12.872547,0.574211,2.605138,58.401457,0.65484,-5220.55070,23
1.0,-5.0000,4.261000,1.23044e-05,11.351969,0.536269,4.868283,103.053862,12.878999,0.574288,2.606709,58.458168,0.65487,-5231.46581,23
1.0,-5.0000,4.262000,1.22992e-05,11.358481,0.536366,4.871450,103.161386,12.885453,0.574364,2.608279,58.514917,0.65489,-5242.40010,23
1.0,-5.0000,4.263000,1.22940e-05,11.364995,0.536463,4.874617,103.268985,12.891908,0.574440,2.609850,58.571705,0.65492,-5253.35362,23
1.0,-5.0000,4.264000,1.22887e-05,11.371509,0.536560,4.877785,103.376660,12.898364,0.574517,2.611422,58.628532,0.65494,-5264.32638,23
1.0,-5.0000,4.265000,1.22835e-05,11.378024,0.536657,4.880953,103.484411,12.904820,0.574593,2.612993,58.685397,0.65497,-5275.31841,23
1.0,-5.0000,4.266000,1.22783e-05,11.384541,0.536753,4.884122,103.592238,12.911278,0.574669,2.614565,58.742301,0.65499,-5286.32974,23
1.0,-5.0000,4.267000,1.22730e-05,11.391058,0.536850,4.887292,103.700140,12.917737,0.574745,2.616138,58.799243,0.65502,-5297.36040,23
1.0,-5.0000,4.268000,1.22678e-05,11.397576,0.536947,4.890463,103.808119,12.924197,0.574821,2.617711,58.856224,0.65504,-5308.41042,23
1.0,-5.0000,4.269000,1.22626e-05,11.404095,0.537043,4.893634,103.916174,12.930658,0.574897,2.619284,58.913244,0.65507,-5319.47983,23
1.0,-5.0000,4.270000,1.22574e-05,11.410615,0.537139,4.896805,104.024304,12.937120,0.574973,2.620857,58.970303,0.65509,-5330.56865,23
1.0,-5.0000,4.271000,1.22522e-05,11.417136,0.537236,4.899978,104.132511,12.943583,0.575049,2.622431,59.027400,0.65512,-5341.67691,23
1.0,-5.0000,4.272000,1.22469e-05,11.423659,0.537332,4.903151,104.240793,12.950047,0.575125,2.624005,59.084536,0.65514,-5352.80465,23
1.0,-5.0000,4.273000,1.22417e-05,11.430182,0.537428,4.906325,104.349152,12.956512,0.575201,2.625579,59.141710,0.65517,-5363.95188,23
1.0,-5.0000,4.274000,1.22365e-05,11.436706,0.537524,4.909499,104.457587,12.962977,0.575276,2.627154,59.198924,0.65519,-5375.11864,23
1.0,-5.0000,4.275000,1.22313e-05,11.443231,0.537620,4.912674,104.566098,12.969444,0.575352,2.628729,59.256176,0.65522,-5386.30496,23
1.0,-5.0000,4.276000,1.22261e-05,11.449757,0.537716,4.915850,104.674686,12.975912,0.575427,2.630304,59.313467,0.65524,-5397.51087,23
1.0,-5.0000,4.277000,1.22209e-05,11.456284,0.537812,4.919026,104.783349,12.982382,0.575503,2.631880,59.370797,0.65527,-5408.73639,23
1.0,-5.0000,4.278000,1.22157e-05,11.462812,0.537908,4.922203,104.892089,12.988852,0.575578,2.633456,59.428165,0.65529,-5419.98155,23
1.0,-5.0000,4.279000,1.22105e-05,11.469341,0.538004,4.925380,105.000905,12.995323,0.575654,2.635032,59.485573,0.65532,-5431.24638,23
1.0,-5.0000,4.280000,1.22054e-05,11.475871,0.538099,4.928559,105.109798,13.001795,0.575729,2.636609,59.543019,0.65534,-5442.53091,23
1.0,-5.0000,4.281000,1.22002e-05,11.482402,0.538195,4.931738,105.218767,13.008268,0.575804,2.638186,59.600504,0.65537,-5453.83517,23
1.0,-5.0000,4.282000,1.21950e-05,11.488934,0.538290,4.934917,105.327812,13.014742,0.575880,2.639763,59.658028,0.65539,-5465.15919,23
1.0,-5.0000,4.283000,1.21898e-05,11.495467,0.538386,4.938098,105.436934,13.021217,0.575955,2.641341,59.715591,0.65542,-5476.50299,23
1.0,-5.0000,4.284000,1.21846e-05,11.502001,0.538481,4.941278,105.546133,13.027693,0.576030,2.642919,59.773193,0.65544,-5487.86661,23
1.0,-5.0000,4.285000,1.21795e-05,11.508536,0.538576,4.944460,105.655408,13.034171,0.576105,2.644498,59.830834,0.65546,-5499.25007,23
1.0,-5.0000,4.286000,1.21743e-05,11.515072,0.538671,4.947642,105.764760,13.040649,0.576180,2.646076,59.888514,0.65549,-5510.65341,23
1.0,-5.0000,4.287000,1.21691e-05,11.521609,0.538767,4.950825,105.874188,13.047128,0.576255,2.647655,59.946233,0.65551,-5522.07665,23
1.0,-5.0000,4.288000,1.21640e-05,11.528147,0.538862,4.954009,105.983693,13.053608,0.576330,2.649235,60.003991,0.65554,-5533.51982,23
1.0,-5.0000,4.289000,1.21588e-05,11.534685,0.538957,4.957193,106.093274,13.060090,0.576404,2.650814,60.061788,0.65556,-5544.98294,23
1.0,-5.0000,4.290000,1.21537e-05,11.541225,0.539051,4.960378,106.202933,13.066572,0.576479,2.652394,60.119624,0.65559,-5556.46606,23
1.0,-5.0000,4.291000,1.21485e-05,11.547766,0.539146,4.963563,106.312668,13.073055,0.576554,2.653975,60.177499,0.65561,-5567.96920,23
1.0,-5.0000,4.292000,1.21434e-05,11.554308,0.539241,4.966749,106.422480,13.079540,0.576628,2.655556,60.235413,0.65564,-5579.49238,23
1.0,-5.0000,4.293000,1.21382e-05,11.560851,0.539336,4.969936,106.532368,13.086025,0.576703,2.657137,60.293367,0.65566,-5591.03564,23
1.0,-5.0000,4.294000,1.21331e-05,11.567395,0.539430,4.973124,106.642334,13.092512,0.576777,2.658718,60.351359,0.65569,-5602.59900,23
1.0,-5.0000,4.295000,1.21279e-05,11.573940,0.539525,4.976312,106.752377,13.098999,0.576852,2.660300,60.409391,0.65571,-5614.18250,23
1.0,-5.0000,4.296000,1.21228e-05,11.580485,0.539619,4.979500,106.862496,13.105488,0.576926,2.661882,60.467461,0.65574,-5625.78616,23
1.0,-5.0000,4.297000,1.21177e-05,11.587032,0.539713,4.982690,106.972693,13.111977,0.577000,2.663464,60.525571,0.65576,-5637.41002,23
1.0,-5.0000,4.298000,1.21125e-05,11.593580,0.539808,4.985880,107.082966,13.118468,0.577075,2.665047,60.583720,0.65579,-5649.05410,23
1.0,-5.0000,4.299000,1.21074e-05,11.600129,0.539902,4.989071,107.193317,13.124959,0.577149,2.666630,60.641909,0.65581,-5660.71843,23
1.0,-5.0000,4.300000,1.21023e-05,11.606679,0.539996,4.992262,107.303744,13.131452,0.577223,2.668213,60.700136,0.65584,-5672.40304,23
1.0,-5.0000,4.301000,1.20972e-05,11.613229,0.540090,4.995454,107.414249,13.137946,0.577297,2.669797,60.758403,0.65586,-5684.10796,23
1.0,-5.0000,4.302000,1.20920e-05,11.619781,0.540184,4.998647,107.524831,13.144440,0.577371,2.671381,60.816709,0.65588,-5695.83322,23
1.0,-5.0000,4.303000,1.20869e-05,11.626334,0.540278,5.001840,107.635491,13.150936,0.577445,2.672966,60.875055,0.65591,-5707.57891,22
1.0,-5.0000,4.304000,1.20818e-05,11.632888,0.540372,5.005034,107.746228,13.157433,0.577519,2.674550,60.933439,0.65593,-5719.34494,22
1.0,-5.0000,4.305000,1.20767e-05,11.639443,0.540465,5.008229,107.857041,13.163931,0.577593,2.676135,60.991863,0.65596,-5731.13140,22
1.0,-5.0000,4.306000,1.20716e-05,11.645998,0.540559,5.011424,107.967932,13.170429,0.577667,2.677721,61.050327,0.65598,-5742.93832,22
1.0,-5.0000,4.307000,1.20665e-05,11.652555,0.540653,5.014620,108.078901,13.176929,0.577740,2.679307,61.108829,0.65601,-5754.76573,22
1.0,-5.0000,4.308000,1.20614e-05,11.659113,0.540746,5.017817,108.189947,13.183430,0.577814,2.680893,61.167372,0.65603,-5766.61365,22
1.0,-5.0000,4.309000,1.20563e-05,11.665672,0.540840,5.021014,108.301070,13.189932,0.577888,2.682479,61.225953,0.65606,-5778.48212,22
1.0,-5.0000,4.310000,1.20512e-05,11.672232,0.540933,5.024212,108.412271,13.196435,0.577961,2.684066,61.284574,0.65608,-5790.37117,22
1.0,-5.0000,4.311000,1.20461e-05,11.678792,0.541026,5.027411,108.523549,13.202939,0.578035,2.685653,61.343234,0.65610,-5802.28083,22
1.0,-5.0000,4.312000,1.20410e-05,11.685354,0.541119,5.030610,108.634905,13.209444,0.578108,2.687240,61.401934,0.65613,-5814.21112,22
1.0,-5.0000,4.313000,1.20359e-05,11.691917,0.541213,5.033810,108.746338,13.215950,0.578181,2.688828,61.460673,0.65615,-5826.16208,22
1.0,-5.0000,4.314000,1.20308e-05,11.698481,0.541306,5.037011,108.857849,13.222457,0.578255,2.690416,61.519452,0.65618,-5838.13374,22
1.0,-5.0000,4.315000,1.20258e-05,11.705045,0.541399,5.040212,108.969438,13.228965,0.578328,2.692005,61.578270,0.65620,-5850.12612,22
1.0,-5.0000,4.316000,1.20207e-05,11.711611,0.541492,5.043414,109.081104,13.235474,0.578401,2.693593,61.637128,0.65623,-5862.13926,22
1.0,-5.0000,4.317000,1.20156e-05,11.718178,0.541584,5.046616,109.192848,13.241985,0.578474,2.695183,61.696025,0.65625,-5874.17318,22
1.0,-5.0000,4.318000,1.20105e-05,11.724746,0.541677,5.049820,109.304670,13.248496,0.578547,2.696772,61.754962,0.65628,-5886.22793,22
1.0,-5.0000,4.319000,1.20055e-05,11.731315,0.541770,5.053024,109.416570,13.255008,0.578620,2.698362,61.813939,0.65630,-5898.30351,22
1.0,-5.0000,4.320000,1.20004e-05,11.737884,0.541863,5.056228,109.528547,13.261522,0.578693,2.699952,61.872955,0.65632,-5910.39998,22
1.0,-5.0000,4.321000,1.19954e-05,11.744455,0.541955,5.059433,109.640603,13.268036,0.578766,2.701542,61.932011,0.65635,-5922.51735,22
1.0,-5.0000,4.322000,1.19903e-05,11.751027,0.542048,5.062639,109.752736,13.274551,0.578839,2.703133,61.991106,0.65637,-5934.65566,22
1.0,-5.0000,4.323000,1.19852e-05,11.757600,0.542140,5.065846,109.864947,13.281068,0.578912,2.704724,62.050241,0.65640,-5946.81493,22
1.0,-5.0000,4.324000,1.19802e-05,11.764174,0.542232,5.069053,109.977236,13.287585,0.578985,2.706316,62.109416,0.65642,-5958.99521,22
1.0,-5.0000,4.325000,1.19751e-05,11.770748,0.542325,5.072261,110.089603,13.294104,0.579057,2.707907,62.168630,0.65645,-5971.19651,22
1.0,-5.0000,4.326000,1.19701e-05,11.777324,0.542417,5.075469,110.202049,13.300623,0.579130,2.709500,62.227884,0.65647,-5983.41887,22
1.0,-5.0000,4.327000,1.19650e-05,11.783901,0.542509,5.078678,110.314572,13.307144,0.579203,2.711092,62.287178,0.65649,-5995.66231,22
1.0,-5.0000,4.328000,1.19600e-05,11.790479,0.542601,5.081888,110.427174,13.313666,0.579275,2.712685,62.346512,0.65652,-6007.92688,22
1.0,-5.0000,4.329000,1.19550e-05,11.797058,0.542693,5.085099,110.539853,13.320188,0.579348,2.714278,62.405885,0.65654,-6020.21260,22
1.0,-5.0000,4.330000,1.19499e-05,11.803638,0.542785,5.088310,110.652611,13.326712,0.579420,2.715871,62.465298,0.65657,-6032.51949,22
1.0,-5.0000,4.331000,1.19449e-05,11.810219,0.542877,5.091521,110.765447,13.333237,0.579492,2.717465,62.524751,0.65659,-6044.84759,22
1.0,-5.0000,4.332000,1.19399e-05,11.816800,0.542968,5.094734,110.878362,13.339763,0.579565,2.719059,62.584244,0.65662,-6057.19694,22
1.0,-5.0000,4.333000,1.19348e-05,11.823383,0.543060,5.097947,110.991354,13.346290,0.579637,2.720654,62.643776,0.65664,-6069.56756,22
1.0,-5.0000,4.334000,1.19298e-05,11.829967,0.543152,5.101161,111.104425,13.352818,0.579709,2.722249,62.703349,0.65666,-6081.95948,22
1.0,-5.0000,4.335000,1.19248e-05,11.836552,0.543243,5.104375,111.217575,13.359346,0.579781,2.723844,62.762961,0.65669,-6094.37273,22
1.0,-5.0000,4.336000,1.19198e-05,11.843138,0.543335,5.107590,111.330803,13.365876,0.579853,2.725439,62.822614,0.65671,-6106.80734,22
1.0,-5.0000,4.337000,1.19148e-05,11.849725,0.543426,5.110806,111.444109,13.372408,0.579925,2.727035,62.882306,0.65674,-6119.26335,22
1.0,-5.0000,4.338000,1.19098e-05,11.856313,0.543517,5.114022,111.557494,13.378940,0.579997,2.728631,62.942038,0.65676,-6131.74078,22
1.0,-5.0000,4.339000,1.19048e-05,11.862902,0.543609,5.117239,111.670957,13.385473,0.580069,2.730228,63.001810,0.65678,-6144.23967,22
1.0,-5.0000,4.340000,1.18997e-05,11.869492,0.543700,5.120457,111.784499,13.392007,0.580141,2.731825,63.061622,0.65681,-6156.76005,22
1.0,-5.0000,4.341000,1.18947e-05,11.876083,0.543791,5.123675,111.898120,13.398542,0.580212,2.733422,63.121474,0.65683,-6169.30194,22
1.0,-5.0000,4.342000,1.18897e-05,11.882675,0.543882,5.126894,112.011819,13.405079,0.580284,2.735019,63.181366,0.65686,-6181.86538,22
1.0,-5.0000,4.343000,1.18848e-05,11.889268,0.543973,5.130114,112.125597,13.411616,0.580356,2.736617,63.241298,0.65688,-6194.45040,22
1.0,-5.0000,4.344000,1.18798e-05,11.895862,0.544064,5.133334,112.239454,13.418154,0.580427,2.738215,63.301270,0.65690,-6207.05703,22
1.0,-5.0000,4.345000,1.18748e-05,11.902457,0.544155,5.136555,112.353389,13.424694,0.580499,2.739814,63.361282,0.65693,-6219.68530,22
1.0,-5.0000,4.346000,1.18698e-05,11.909053,0.544245,5.139777,112.467403,13.431234,0.580570,2.741413,63.421334,0.65695,-6232.33524,22
1.0,-5.0000,4.347000,1.18648e-05,11.915650,0.544336,5.142999,112.581496,13.437776,0.580642,2.743012,63.481427,0.65698,-6245.00688,22
1.0,-5.0000,4.348000,1.18598e-05,11.922248,0.544427,5.146222,112.695668,13.444318,0.580713,2.744611,63.541559,0.65700,-6257.70026,22
1.0,-5.0000,4.349000,1.18548e-05,11.928847,0.544517,5.149446,112.809919,13.450862,0.580785,2.746211,63.601732,0.65702,-6270.41541,22
1.0,-5.0000,4.350000,1.18499e-05,11.935447,0.544608,5.152670,112.924249,13.457407,0.580856,2.747811,63.661945,0.65705,-6283.15235,22
1.0,-5.0000,4.351000,1.18449e-05,11.942048,0.544698,5.155895,113.038658,13.463952,0.580927,2.749412,63.722198,0.65707,-6295.91112,22
1.0,-5.0000,4.352000,1.18399e-05,11.948650,0.544789,5.159121,113.153146,13.470499,0.580998,2.751013,63.782491,0.65710,-6308.69174,22
1.0,-5.0000,4.353000,1.18350e-05,11.955254,0.544879,5.162347,113.267712,13.477047,0.581069,2.752614,63.842824,0.65712,-6321.49426,22
1.0,-5.0000,4.354000,1.18300e-05,11.961858,0.544969,5.165574,113.382358,13.483596,0.581140,2.754216,63.903198,0.65714,-6334.31870,22
1.0,-5.0000,4.355000,1.18250e-05,11.968463,0.545059,5.168802,113.497083,13.490146,0.581211,2.755817,63.963611,0.65717,-6347.16509,22
1.0,-5.0000,4.356000,1.18201e-05,11.975069,0.545149,5.172030,113.611888,13.496697,0.581282,2.757420,64.024066,0.65719,-6360.03347,22
1.0,-5.0000,4.357000,1.18151e-05,11.981676,0.545239,5.175259,113.726771,13.503249,0.581353,2.759022,64.084560,0.65721,-6372.92386,22
1.0,-5.0000,4.358000,1.18102e-05,11.988285,0.545329,5.178489,113.841734,13.509802,0.581424,2.760625,64.145095,0.65724,-6385.83630,22
1.0,-5.0000,4.359000,1.18052e-05,11.994894,0.545419,5.181719,113.956776,13.516356,0.581495,2.762228,64.205670,0.65726,-6398.77082,22
1.0,-5.0000,4.360000,1.18003e-05,12.001504,0.545509,5.184950,114.071897,13.522912,0.581565,2.763832,64.266285,0.65729,-6411.72745,22
1.0,-5.0000,4.361000,1.17953e-05,12.008115,0.545598,5.188181,114.187098,13.529468,0.581636,2.765436,64.326941,0.65731,-6424.70622,22
1.0,-5.0000,4.362000,1.17904e-05,12.014728,0.545688,5.191414,114.302378,13.536025,0.581707,2.767040,64.387637,0.65733,-6437.70717,22
1.0,-5.0000,4.363000,1.17854e-05,12.021341,0.545777,5.194646,114.417737,13.542584,0.581777,2.768644,64.448373,0.65736,-6450.73032,22
1.0,-5.0000,4.364000,1.17805e-05,12.027956,0.545867,5.197880,114.533176,13.549143,0.581848,2.770249,64.509150,0.65738,-6463.77571,22
1.0,-5.0000,4.365000,1.17756e-05,12.034571,0.545956,5.201114,114.648694,13.555704,0.581918,2.771855,64.569968,0.65740,-6476.84336,22
1.0,-5.0000,4.366000,1.17706e-05,12.041187,0.546046,5.204349,114.764292,13.562265,0.581989,2.773460,64.630825,0.65743,-6489.93332,22
1.0,-5.0000,4.367000,1.17657e-05,12.047805,0.546135,5.207585,114.879970,13.568828,0.582059,2.775066,64.691724,0.65745,-6503.04561,22
1.0,-5.0000,4.368000,1.17608e-05,12.054423,0.546224,5.210821,114.995727,13.575391,0.582129,2.776672,64.752662,0.65748,-6516.18026,22
1.0,-5.0000,4.369000,1.17559e-05,12.061043,0.546313,5.214058,115.111564,13.581956,0.582199,2.778279,64.813642,0.65750,-6529.33731,22
1.0,-5.0000,4.370000,1.17510e-05,12.067663,0.546402,5.217295,115.227480,13.588522,0.582270,2.779886,64.874662,0.65752,-6542.51679,22
1.0,-5.0000,4.371000,1.17460e-05,12.074285,0.546491,5.220533,115.343477,13.595089,0.582340,2.781493,64.935722,0.65755,-6555.71873,22
1.0,-5.0000,4.372000,1.17411e-05,12.080908,0.546580,5.223772,115.459553,13.601657,0.582410,2.783101,64.996823,0.65757,-6568.94316,22
1.0,-5.0000,4.373000,1.17362e-05,12.087531,0.546669,5.227012,115.575708,13.608226,0.582480,2.784709,65.057964,0.65759,-6582.19011,22
1.0,-5.0000,4.374000,1.17313e-05,12.094156,0.546758,5.230252,115.691944,13.614796,0.582550,2.786317,65.119146,0.65762,-6595.45962,22
1.0,-5.0000,4.375000,1.17264e-05,12.100781,0.546847,5.233493,115.808259,13.621367,0.582620,2.787926,65.180369,0.65764,-6608.75172,22
1.0,-5.0000,4.376000,1.17215e-05,12.107408,0.546935,5.236734,115.924655,13.627939,0.582689,2.789535,65.241633,0.65766,-6622.06644,22
1.0,-5.0000,4.377000,1.17166e-05,12.114036,0.547024,5.239976,116.041130,13.634512,0.582759,2.791144,65.302937,0.65769,-6635.40381,22
1.0,-5.0000,4.378000,1.17117e-05,12.120665,0.547112,5.243219,116.157686,13.641087,0.582829,2.792753,65.364281,0.65771,-6648.76386,22
1.0,-5.0000,4.379000,1.17068e-05,12.127294,0.547201,5.246463,116.274321,13.647662,0.582899,2.794363,65.425667,0.65774,-6662.14664,22
1.0,-5.0000,4.380000,1.17020e-05,12.133925,0.547289,5.249707,116.391036,13.654238,0.582968,2.795974,65.487093,0.65776,-6675.55216,22
1.0,-5.0000,4.381000,1.16971e-05,12.140557,0.547377,5.252951,116.507832,13.660816,0.583038,2.797584,65.548560,0.65778,-6688.98046,22
1.0,-5.0000,4.382000,1.16922e-05,12.147190,0.547466,5.256197,116.624708,13.667394,0.583107,2.799195,65.610067,0.65781,-6702.43158,22
1.0,-5.0000,4.383000,1.16873e-05,12.153826,0.547554,5.259443,116.741686,13.673977,0.583177,2.800807,65.671628,0.65783,-6715.90777,17
1.0,-5.0000,4.384000,1.16824e-05,12.160461,0.547642,5.262690,116.858722,13.680557,0.583246,2.802419,65.733217,0.65785,-6729.40461,17
1.0,-5.0000,4.385000,1.16775e-05,12.167097,0.547730,5.265938,116.975838,13.687139,0.583316,2.804030,65.794847,0.65788,-6742.92437,17
1.0,-5.0000,4.386000,1.16727e-05,12.173734,0.547818,5.269186,117.093035,13.693722,0.583385,2.805643,65.856518,0.65790,-6756.46707,17
1.0,-5.0000,4.387000,1.16678e-05,12.180372,0.547906,5.272434,117.210312,13.700306,0.583454,2.807255,65.918230,0.65792,-6770.03275,17
1.0,-5.0000,4.388000,1.16629e-05,12.187011,0.547994,5.275684,117.327669,13.706891,0.583523,2.808868,65.979982,0.65795,-6783.62144,17
1.0,-5.0000,4.389000,1.16581e-05,12.193651,0.548081,5.278934,117.445107,13.713477,0.583592,2.810482,66.041776,0.65797,-6797.23317,17
1.0,-5.0000,4.390000,1.16532e-05,12.200292,0.548169,5.282185,117.562625,13.720064,0.583661,2.812095,66.103610,0.65799,-6810.86797,17
1.0,-5.0000,4.391000,1.16484e-05,12.206934,0.548257,5.285436,117.680223,13.726652,0.583730,2.813710,66.165485,0.65802,-6824.52588,17
1.0,-5.0000,4.392000,1.16435e-05,12.213577,0.548344,5.288688,117.797902,13.733241,0.583799,2.815324,66.227401,0.65804,-6838.20693,17
1.0,-5.0000,4.393000,1.16387e-05,12.220222,0.548432,5.291941,117.915662,13.739831,0.583868,2.816939,66.289358,0.65806,-6851.91116,17
1.0,-5.0000,4.394000,1.16338e-05,12.226867,0.548519,5.295194,118.033502,13.746423,0.583937,2.818554,66.351356,0.65809,-6865.63859,17
1.0,-5.0000,4.395000,1.16290e-05,12.233513,0.548606,5.298448,118.151423,13.753015,0.584006,2.820169,66.413396,0.65811,-6879.38926,17
1.0,-5.0000,4.396000,1.16241e-05,12.240160,0.548694,5.301703,118.269425,13.759609,0.584075,2.821785,66.475476,0.65813,-6893.16319,17
1.0,-5.0000,4.397000,1.16193e-05,12.246809,0.548781,5.304959,118.387507,13.766203,0.584144,2.823401,66.537597,0.65816,-6906.96044,17
1.0,-5.0000,4.398000,1.16144e-05,12.253458,0.548868,5.308215,118.505670,13.772799,0.584212,2.825017,66.599759,0.65818,-6920.78102,17
1.0,-5.0000,4.399000,1.16096e-05,12.260109,0.548955,5.311471,118.623914,13.779395,0.584281,2.826634,66.661962,0.65820,-6934.62497,17
1.0,-5.0000,4.400000,1.16048e-05,12.266760,0.549042,5.314729,118.742238,13.785993,0.584349,2.828251,66.724207,0.65823,-6948.49233,17
1.0,-5.0000,4.401000,1.16000e-05,12.273413,0.549129,5.317987,118.860643,13.792592,0.584418,2.829868,66.786492,0.65825,-6962.38312,17
1.0,-5.0000,4.402000,1.15951e-05,12.280066,0.549216,5.321245,118.979130,13.799192,0.584486,2.831486,66.848819,0.65827,-6976.29738,17
1.0,-5.0000,4.403000,1.15903e-05,12.286721,0.549303,5.324505,119.097697,13.805793,0.584555,2.833104,66.911187,0.65830,-6990.23514,17
1.0,-5.0000,4.404000,1.15855e-05,12.293376,0.549390,5.327765,119.216345,13.812395,0.584623,2.834722,66.973595,0.65832,-7004.19644,17
1.0,-5.0000,4.405000,1.15807e-05,12.300033,0.549476,5.331025,119.335074,13.818998,0.584691,2.836341,67.036046,0.65834,-7018.18131,17
1.0,-5.0000,4.406000,1.15759e-05,12.306691,0.549563,5.334287,119.453884,13.825602,0.584760,2.837960,67.098537,0.65837,-7032.18978,17
1.0,-5.0000,4.407000,1.15710e-05,12.313349,0.549649,5.337549,119.572776,13.832207,0.584828,2.839580,67.161069,0.65839,-7046.22189,17
1.0,-5.0000,4.408000,1.15662e-05,12.320009,0.549736,5.340812,119.691748,13.838814,0.584896,2.841199,67.223643,0.65841,-7060.27767,17
1.0,-5.0000,4.409000,1.15614e-05,12.326670,0.549822,5.344075,119.810801,13.845421,0.584964,2.842820,67.286258,0.65844,-7074.35715,17
1.0,-5.0000,4.410000,1.15566e-05,12.333332,0.549909,5.347339,119.929936,13.852030,0.585032,2.844440,67.348914,0.65846,-7088.46037,17
1.0,-5.0000,4.411000,1.15518e-05,12.339995,0.549995,5.350604,120.049152,13.858639,0.585100,2.846061,67.411612,0.65848,-7102.58735,17
1.0,-5.0000,4.412000,1.15470e-05,12.346659,0.550081,5.353869,120.168449,13.865250,0.585168,2.847682,67.474351,0.65851,-7116.73814,17
1.0,-5.0000,4.413000,1.15422e-05,12.353324,0.550167,5.357135,120.287828,13.871862,0.585236,2.849303,67.537131,0.65853,-7130.91277,17
1.0,-5.0000,4.414000,1.15374e-05,12.359990,0.550253,5.360402,120.407287,13.878474,0.585304,2.850925,67.599953,0.65855,-7145.11126,17
1.0,-5.0000,4.415000,1.15327e-05,12.366657,0.550339,5.363669,120.526829,13.885088,0.585371,2.852547,67.662816,0.65857,-7159.33366,17
1.0,-5.0000,4.416000,1.15279e-05,12.373325,0.550425,5.366937,120.646451,13.891703,0.585439,2.854170,67.725720,0.65860,-7173.58000,17
1.0,-5.0000,4.417000,1.15231e-05,12.379994,0.550511,5.370206,120.766155,13.898319,0.585507,2.855792,67.788666,0.65862,-7187.85031,17
1.0,-5.0000,4.418000,1.15183e-05,12.386664,0.550597,5.373475,120.885941,13.904936,0.585574,2.857416,67.851653,0.65864,-7202.14463,17
1.0,-5.0000,4.419000,1.15135e-05,12.393336,0.550683,5.376745,121.005808,13.911554,0.585642,2.859039,67.914682,0.65867,-7216.46298,17
1.0,-5.0000,4.420000,1.15088e-05,12.400008,0.550768,5.380016,121.125756,13.918174,0.585709,2.860663,67.977752,0.65869,-7230.80541,17
1.0,-5.0000,4.421000,1.15040e-05,12.406681,0.550854,5.383287,121.245786,13.924794,0.585777,2.862287,68.040863,0.65871,-7245.17194,17
1.0,-5.0000,4.422000,1.14992e-05,12.413356,0.550940,5.386559,121.365898,13.931415,0.585844,2.863912,68.104016,0.65874,-7259.56261,17
1.0,-5.0000,4.423000,1.14944e-05,12.420031,0.551025,5.389831,121.486092,13.938038,0.585912,2.865536,68.167211,0.65876,-7273.97746,17
1.0,-5.0000,4.424000,1.14897e-05,12.426705,0.551110,5.393104,121.606344,13.944659,0.585979,2.867161,68.230435,0.65878,-7288.41414,23
1.0,-5.0000,4.425000,1.14849e-05,12.433383,0.551196,5.396378,121.726701,13.951283,0.586046,2.868787,68.293712,0.65880,-7302.87743,23
1.0,-5.0000,4.426000,1.14802e-05,12.440061,0.551281,5.399653,121.847140,13.957909,0.586113,2.870413,68.357032,0.65883,-7317.36501,23
1.0,-5.0000,4.427000,1.14754e-05,12.446741,0.551366,5.402928,121.967660,13.964536,0.586180,2.872039,68.420393,0.65885,-7331.87689,23
1.0,-5.0000,4.428000,1.14707e-05,12.453421,0.551451,5.406204,122.088263,13.971164,0.586247,2.873665,68.483795,0.65887,-7346.41313,23
1.0,-5.0000,4.429000,1.14659e-05,12.460103,0.551536,5.409481,122.208947,13.977793,0.586315,2.875292,68.547239,0.65890,-7360.97374,23
1.0,-5.0000,4.430000,1.14612e-05,12.466786,0.551621,5.412758,122.329713,13.984423,0.586381,2.876920,68.610725,0.65892,-7375.55876,23
1.0,-5.0000,4.431000,1.14564e-05,12.473470,0.551706,5.416036,122.450561,13.991054,0.586448,2.878547,68.674253,0.65894,-7390.16823,23
1.0,-5.0000,4.432000,1.14517e-05,12.480155,0.551791,5.419315,122.571492,13.997686,0.586515,2.880175,68.737822,0.65896,-7404.80218,23
1.0,-5.0000,4.433000,1.14469e-05,12.486840,0.551876,5.422594,122.692504,14.004319,0.586582,2.881803,68.801433,0.65899,-7419.46065,23
1.0,-5.0000,4.434000,1.14422e-05,12.493527,0.551961,5.425874,122.813598,14.010954,0.586649,2.883432,68.865085,0.65901,-7434.14367,23
1.0,-5.0000,4.435000,1.14375e-05,12.500215,0.552046,5.429155,122.934775,14.017589,0.586716,2.885061,68.928779,0.65903,-7448.85128,23
1.0,-5.0000,4.436000,1.14327e-05,12.506904,0.552130,5.432436,123.056034,14.024226,0.586782,2.886690,68.992516,0.65906,-7463.58350,23
1.0,-5.0000,4.437000,1.14280e-05,12.513595,0.552215,5.435718,123.177374,14.030863,0.586849,2.888319,69.056294,0.65908,-7478.34038,23
1.0,-5.0000,4.438000,1.14233e-05,12.520286,0.552299,5.439000,123.298798,14.037502,0.586916,2.889949,69.120113,0.65910,-7493.12195,23
1.0,-5.0000,4.439000,1.14186e-05,12.526978,0.552384,5.442284,123.420303,14.044142,0.586982,2.891580,69.183975,0.65912,-7507.92824,23
1.0,-5.0000,4.440000,1.14138e-05,12.533671,0.552468,5.445568,123.541891,14.050783,0.587049,2.893210,69.247878,0.65915,-7522.75929,23
1.0,-5.0000,4.441000,1.14091e-05,12.540366,0.552552,5.448852,123.663561,14.057425,0.587115,2.894841,69.311823,0.65917,-7537.61513,23
1.0,-5.0000,4.442000,1.14044e-05,12.547061,0.552637,5.452138,123.785313,14.064068,0.587181,2.896472,69.375810,0.65919,-7552.49580,23
1.0,-5.0000,4.443000,1.13997e-05,12.553757,0.552721,5.455424,123.907148,14.070712,0.587248,2.898104,69.439839,0.65922,-7567.40134,23
1.0,-5.0000,4.444000,1.13950e-05,12.560455,0.552805,5.458710,124.029065,14.077357,0.587314,2.899736,69.503910,0.65924,-7582.33176,23
1.0,-5.0000,4.445000,1.13903e-05,12.567153,0.552889,5.461997,124.151065,14.084003,0.587380,2.901368,69.568023,0.65926,-7597.28712,23
1.0,-5.0000,4.446000,1.13856e-05,12.573853,0.552973,5.465285,124.273148,14.090651,0.587446,2.903001,69.632178,0.65928,-7612.26745,23
1.0,-5.0000,4.447000,1.13809e-05,12.580554,0.553057,5.468574,124.395313,14.097299,0.587513,2.904634,69.696375,0.65931,-7627.27278,23
1.0,-5.0000,4.448000,1.13762e-05,12.587255,0.553141,5.471863,124.517560,14.103949,0.587579,2.906267,69.760614,0.65933,-7642.30314,23
1.0,-5.0000,4.449000,1.13715e-05,12.593958,0.553225,5.475153,124.639890,14.110600,0.587645,2.907901,69.824894,0.65935,-7657.35858,23
1.0,-5.0000,4.450000,1.13668e-05,12.600662,0.553308,5.478444,124.762303,14.117251,0.587711,2.909535,69.889217,0.65937,-7672.43912,23
1.0,-5.0000,4.451000,1.13621e-05,12.607367,0.553392,5.481735,124.884799,14.123904,0.587777,2.911169,69.953582,0.65940,-7687.54481,23
1.0,-5.0000,4.452000,1.13574e-05,12.614073,0.553476,5.485027,125.007377,14.130558,0.587842,2.912804,70.017989,0.65942,-7702.67567,23
1.0,-5.0000,4.453000,1.13527e-05,12.620780,0.553559,5.488320,125.130039,14.137213,0.587908,2.914439,70.082438,0.65944,-7717.83174,23
1.0,-5.0000,4.454000,1.13481e-05,12.627488,0.553643,5.491613,125.252783,14.143869,0.587974,2.916074,70.146929,0.65946,-7733.01306,23
1.0,-5.0000,4.455000,1.13434e-05,12.634197,0.553726,5.494907,125.375610,14.150526,0.588040,2.917710,70.211463,0.65949,-7748.21966,23
1.0,-5.0000,4.456000,1.13387e-05,12.640907,0.553809,5.498201,125.498520,14.157185,0.588105,2.919346,70.276038,0.65951,-7763.45158,23
1.0,-5.0000,4.457000,1.13340e-05,12.647618,0.553893,5.501497,125.621512,14.163844,0.588171,2.920982,70.340656,0.65953,-7778.70885,23
1.0,-5.0000,4.458000,1.13294e-05,12.654330,0.553976,5.504793,125.744588,14.170504,0.588237,2.922619,70.405315,0.65955,-7793.99151,23
1.0,-5.0000,4.459000,1.13247e-05,12.661044,0.554059,5.508089,125.867747,14.177166,0.588302,2.924256,70.470017,0.65958,-7809.29959,23
1.0,-5.0000,4.460000,1.13200e-05,12.667758,0.554142,5.511387,125.990989,14.183829,0.588368,2.925893,70.534762,0.65960,-7824.63313,23
1.0,-5.0000,4.461000,1.13154e-05,12.674474,0.554225,5.514684,126.114314,14.190492,0.588433,2.927531,70.599548,0.65962,-7839.99217,23
1.0,-5.0000,4.462000,1.13107e-05,12.681190,0.554308,5.517983,126.237722,14.197157,0.588498,2.929169,70.664377,0.65964,-7855.37674,23
1.0,-5.0000,4.463000,1.13061e-05,12.687908,0.554391,5.521282,126.361214,14.203823,0.588564,2.930807,70.729248,0.65967,-7870.78687,23
1.0,-5.0000,4.464000,1.13014e-05,12.694627,0.554474,5.524582,126.484790,14.210490,0.588629,2.932446,70.794162,0.65969,-7886.22284,21
1.0,-5.0000,4.465000,1.12968e-05,12.701346,0.554557,5.527883,126.608448,14.217159,0.588694,2.934085,70.859118,0.65971,-7901.68422,21
1.0,-5.0000,4.466000,1.12921e-05,12.708067,0.554639,5.531184,126.732189,14.223828,0.588759,2.935725,70.924116,0.65973,-7917.17126,21
1.0,-5.0000,4.467000,1.12875e-05,12.714789,0.554722,5.534486,126.856014,14.230498,0.588825,2.937365,70.989156,0.65976,-7932.68401,21
1.0,-5.0000,4.468000,1.12828e-05,12.721512,0.554805,5.537789,126.979922,14.237169,0.588890,2.939005,71.054239,0.65978,-7948.22250,21
1.0,-5.0000,4.469000,1.12782e-05,12.728236,0.554887,5.541092,127.103913,14.243842,0.588955,2.940645,71.119364,0.65980,-7963.78678,21
1.0,-5.0000,4.470000,1.12735e-05,12.734961,0.554970,5.544396,127.227988,14.250515,0.589020,2.942286,71.184531,0.65982,-7979.37687,21
1.0,-5.0000,4.471000,1.12689e-05,12.741686,0.555052,5.547700,127.352137,14.257189,0.589085,2.943927,71.249736,0.65985,-7994.99178,19
1.0,-5.0000,4.472000,1.12643e-05,12.748413,0.555134,5.551006,127.476378,14.263865,0.589149,2.945568,71.314988,0.65987,-8010.63361,19
1.0,-5.0000,4.473000,1.12596e-05,12.755141,0.555217,5.554312,127.600704,14.270542,0.589214,2.947210,71.380283,0.65989,-8026.30136,19
1.0,-5.0000,4.474000,1.12550e-05,12.761870,0.555299,5.557618,127.725111,14.277220,0.589279,2.948852,71.445619,0.65991,-8041.99491,19
1.0,-5.0000,4.475000,1.12504e-05,12.768601,0.555381,5.560926,127.849605,14.283899,0.589344,2.950495,71.511000,0.65994,-8057.71478,19
1.0,-5.0000,4.476000,1.12458e-05,12.775332,0.555463,5.564233,127.974181,14.290579,0.589409,2.952138,71.576422,0.65996,-8073.46051,19
1.0,-5.0000,4.477000,1.12412e-05,12.782065,0.555545,5.567542,128.098841,14.297260,0.589473,2.953781,71.641887,0.65998,-8089.23232,19
1.0,-5.0000,4.478000,1.12365e-05,12.788798,0.555627,5.570851,128.223585,14.303943,0.589538,2.955424,71.707395,0.66000,-8105.03023,19
1.0,-5.0000,4.479000,1.12319e-05,12.795533,0.555709,5.574161,128.348412,14.310626,0.589602,2.957068,71.772945,0.66003,-8120.85427,19
1.0,-5.0000,4.480000,1.12273e-05,12.802268,0.555791,5.577472,128.473324,14.317311,0.589667,2.958712,71.838537,0.66005,-8136.70450,19
1.0,-5.0000,4.481000,1.12227e-05,12.809005,0.555873,5.580783,128.598319,14.323996,0.589731,2.960357,71.904173,0.66007,-8152.58094,19
1.0,-5.0000,4.482000,1.12181e-05,12.815743,0.555954,5.584095,128.723398,14.330683,0.589796,2.962002,71.969850,0.66009,-8168.48362,19
1.0,-5.0000,4.483000,1.12135e-05,12.822482,0.556036,5.587408,128.848561,14.337371,0.589860,2.963647,72.035571,0.66011,-8184.41259,19
1.0,-5.0000,4.484000,1.12089e-05,12.829222,0.556118,5.590721,128.973808,14.344060,0.589924,2.965292,72.101334,0.66014,-8200.36789,19
1.0,-5.0000,4.485000,1.12043e-05,12.835963,0.556199,5.594035,129.099139,14.350750,0.589989,2.966938,72.167140,0.66016,-8216.34954,19
1.0,-5.0000,4.486000,1.11997e-05,12.842705,0.556281,5.597350,129.224554,14.357441,0.590053,2.968584,72.232989,0.66018,-8232.35758,19
1.0,-5.0000,4.487000,1.11951e-05,12.849448,0.556362,5.600665,129.350053,14.364133,0.590117,2.970231,72.298880,0.66020,-8248.39206,19
1.0,-5.0000,4.488000,1.11905e-05,12.856192,0.556443,5.603981,129.475637,14.370826,0.590181,2.971878,72.364814,0.66023,-8264.45300,19
1.0,-5.0000,4.489000,1.11859e-05,12.862937,0.556525,5.607298,129.601304,14.377521,0.590245,2.973525,72.430791,0.66025,-8280.54045,19
1.0,-5.0000,4.490000,1.11814e-05,12.869684,0.556606,5.610615,129.727056,14.384216,0.590309,2.975173,72.496811,0.66027,-8296.65444,19
1.0,-5.0000,4.491000,1.11768e-05,12.876431,0.556687,5.613933,129.852892,14.390913,0.590373,2.976821,72.562873,0.66029,-8312.79501,19
1.0,-5.0000,4.492000,1.11722e-05,12.883180,0.556768,5.617251,129.978812,14.397611,0.590437,2.978469,72.628979,0.66031,-8328.96219,19
1.0,-5.0000,4.493000,1.11676e-05,12.889929,0.556849,5.620571,130.104817,14.404310,0.590501,2.980117,72.695127,0.66034,-8345.15602,19
1.0,-5.0000,4.494000,1.11631e-05,12.896680,0.556930,5.623891,130.230906,14.411010,0.590565,2.981766,72.761318,0.66036,-8361.37654,19
1.0,-5.0000,4.495000,1.11585e-05,12.903432,0.557011,5.627211,130.357079,14.417711,0.590628,2.983416,72.827552,0.66038,-8377.62379,19
1.0,-5.0000,4.496000,1.11539e-05,12.910184,0.557092,5.630533,130.483337,14.424413,0.590692,2.985065,72.893829,0.66040,-8393.89780,19
1.0,-5.0000,4.497000,1.11493e-05,12.916938,0.557173,5.633855,130.609679,14.431116,0.590756,2.986715,72.960148,0.66042,-8410.19861,19
1.0,-5.0000,4.498000,1.11448e-05,12.923693,0.557253,5.637177,130.736106,14.437821,0.590819,2.988365,73.026511,0.66045,-8426.52625,19
1.0,-5.0000,4.499000,1.11402e-05,12.930449,0.557334,5.640501,130.862618,14.444526,0.590883,2.990016,73.092917,0.66047,-8442.88076,19
1.0,-5.0000,4.500000,1.11357e-05,12.937206,0.557415,5.643825,130.989214,14.451233,0.590947,2.991667,73.159365,0.66049,-8459.26219,19
1.0,-5.0000,4.501000,1.11311e-05,12.943964,0.557495,5.647149,131.115894,14.457940,0.591010,2.993318,73.225857,0.66051,-8475.67056,19
1.0,-5.0000,4.502000,1.11266e-05,12.950724,0.557576,5.650475,131.242659,14.464649,0.591074,2.994970,73.292392,0.66053,-8492.10592,19
1.0,-5.0000,4.503000,1.11220e-05,12.957484,0.557656,5.653801,131.369509,14.471359,0.591137,2.996622,73.358969,0.66056,-8508.56830,19
1.0,-5.0000,4.504000,1.11175e-05,12.964245,0.557737,5.657127,131.496444,14.478070,0.591200,2.998274,73.425590,0.66058,-8525.05774,19
1.0,-5.0000,4.505000,1.11129e-05,12.971008,0.557817,5.660455,131.623464,14.484782,0.591264,2.999927,73.492254,0.66060,-8541.57427,19
1.0,-5.0000,4.506000,1.11084e-05,12.977771,0.557897,5.663783,131.750568,14.491495,0.591327,3.001580,73.558961,0.66062,-8558.11794,19
1.0,-5.0000,4.507000,1.11038e-05,12.984536,0.557977,5.667111,131.877757,14.498210,0.591390,3.003233,73.625711,0.66064,-8574.68877,19
1.0,-5.0000,4.508000,1.10993e-05,12.991302,0.558058,5.670441,132.005031,14.504925,0.591453,3.004887,73.692504,0.66067,-8591.28682,19
1.0,-5.0000,4.509000,1.10948e-05,12.998068,0.558138,5.673771,132.132390,14.511642,0.591516,3.006541,73.759341,0.66069,-8607.91211,19
1.0,-5.0000,4.510000,1.10902e-05,13.004836,0.558218,5.677101,132.259834,14.518359,0.591579,3.008196,73.826220,0.66071,-8624.56469,19
1.0,-5.0000,4.511000,1.10857e-05,13.011605,0.558298,5.680433,132.387363,14.525078,0.591642,3.009850,73.893143,0.66073,-8641.24458,19
1.0,-5.0000,4.512000,1.10812e-05,13.018375,0.558377,5.683765,132.514977,14.531798,0.591705,3.011505,73.960109,0.66075,-8657.95183,19
1.0,-5.0000,4.513000,1.10767e-05,13.025146,0.558457,5.687097,132.642677,14.538519,0.591768,3.013161,74.027118,0.66078,-8674.68648,19
1.0,-5.0000,4.514000,1.10721e-05,13.031918,0.558537,5.690431,132.770461,14.545241,0.591831,3.014817,74.094171,0.66080,-8691.44857,19
1.0,-5.0000,4.515000,1.10676e-05,13.038692,0.558617,5.693765,132.898330,14.551964,0.591894,3.016473,74.161266,0.66082,-8708.23812,19
1.0,-5.0000,4.516000,1.10631e-05,13.045466,0.558696,5.697099,133.026285,14.558689,0.591957,3.018129,74.228405,0.66084,-8725.05519,19
1.0,-5.0000,4.517000,1.10586e-05,13.052241,0.558776,5.700435,133.154325,14.565414,0.592019,3.019786,74.295588,0.66086,-8741.89980,19
1.0,-5.0000,4.518000,1.10541e-05,13.059018,0.558856,5.703771,133.282450,14.572140,0.592082,3.021443,74.362813,0.66088,-8758.77199,19
1.0,-5.0000,4.519000,1.10496e-05,13.065795,0.558935,5.707108,133.410661,14.578868,0.592145,3.023100,74.430082,0.66091,-8775.67181,19
1.0,-5.0000,4.520000,1.10451e-05,13.072574,0.559014,5.710445,133.538957,14.585597,0.592207,3.024758,74.497395,0.66093,-8792.59929,19
1.0,-5.0000,4.521000,1.10406e-05,13.079354,0.559094,5.713783,133.667338,14.592327,0.592270,3.026416,74.564750,0.66095,-8809.55446,19
1.0,-5.0000,4.522000,1.10361e-05,13.086134,0.559173,5.717122,133.795805,14.599058,0.592332,3.028075,74.632149,0.66097,-8826.53738,19
1.0,-5.0000,4.523000,1.10316e-05,13.092916,0.559252,5.720461,133.924357,14.605790,0.592395,3.029734,74.699592,0.66099,-8843.54807,19
1.0,-5.0000,4.524000,1.10271e-05,13.099699,0.559332,5.723801,134.052994,14.612523,0.592457,3.031393,74.767078,0.66102,-8860.58657,19
1.0,-5.0000,4.525000,1.10226e-05,13.106483,0.559411,5.727142,134.181718,14.619257,0.592520,3.033052,74.834607,0.66104,-8877.65292,19
1.0,-5.0000,4.526000,1.10181e-05,13.113268,0.559490,5.730483,134.310527,14.625993,0.592582,3.034712,74.902180,0.66106,-8894.74716,19
1.0,-5.0000,4.527000,1.10136e-05,13.120055,0.559569,5.733825,134.439421,14.632729,0.592644,3.036372,74.969797,0.66108,-8911.86933,19
1.0,-5.0000,4.528000,1.10091e-05,13.126842,0.559648,5.737168,134.568401,14.639467,0.592706,3.038033,75.037457,0.66110,-8929.01946,19
1.0,-5.0000,4.529000,1.10047e-05,13.133630,0.559727,5.740511,134.697467,14.646206,0.592769,3.039694,75.105160,0.66112,-8946.19760,19
1.0,-5.0000,4.530000,1.10002e-05,13.140420,0.559805,5.743856,134.826619,14.652946,0.592831,3.041355,75.172907,0.66115,-8963.40378,19
1.0,-5.0000,4.531000,1.09957e-05,13.147210,0.559884,5.747200,134.955856,14.659687,0.592893,3.043016,75.240698,0.66117,-8980.63804,19
1.0,-5.0000,4.532000,1.09912e-05,13.154002,0.559963,5.750546,135.085179,14.666429,0.592955,3.044678,75.308532,0.66119,-8997.90042,19
1.0,-5.0000,4.533000,1.09868e-05,13.160795,0.560042,5.753892,135.214588,14.673172,0.593017,3.046341,75.376410,0.66121,-9015.19096,19
1.0,-5.0000,4.534000,1.09823e-05,13.167588,0.560120,5.757239,135.344083,14.679916,0.593079,3.048003,75.444332,0.66123,-9032.50969,19
1.0,-5.0000,4.535000,1.09778e-05,13.174383,0.560199,5.760586,135.473664,14.686662,0.593141,3.049666,75.512297,0.66125,-9049.85666,19
1.0,-5.0000,4.536000,1.09734e-05,13.181179,0.560277,5.763934,135.603331,14.693408,0.593203,3.051329,75.580306,0.66128,-9067.23191,19
1.0,-5.0000,4.537000,1.09689e-05,13.187976,0.560356,5.767283,135.733084,14.700156,0.593264,3.052993,75.648358,0.66130,-9084.63546,19
1.0,-5.0000,4.538000,1.09644e-05,13.194774,0.560434,5.770632,135.862923,14.706905,0.593326,3.054657,75.716455,0.66132,-9102.06737,19
1.0,-5.0000,4.539000,1.09600e-05,13.201574,0.560512,5.773982,135.992848,14.713655,0.593388,3.056321,75.784595,0.66134,-9119.52766,19
1.0,-5.0000,4.540000,1.09555e-05,13.208374,0.560590,5.777333,136.122859,14.720406,0.593449,3.057986,75.852778,0.66136,-9137.01638,19
1.0,-5.0000,4.541000,1.09511e-05,13.215175,0.560669,5.780685,136.252957,14.727158,0.593511,3.059651,75.921006,0.66138,-9154.53357,19
1.0,-5.0000,4.542000,1.09466e-05,13.221978,0.560747,5.784037,136.383140,14.733911,0.593573,3.061316,75.989277,0.66140,-9172.07927,19
1.0,-5.0000,4.543000,1.09422e-05,13.228781,0.560825,5.787390,136.513410,14.740665,0.593634,3.062982,76.057592,0.66143,-9189.65351,19
1.0,-5.0000,4.544000,1.09377e-05,13.235586,0.560903,5.790743,136.643766,14.747421,0.593696,3.064648,76.125951,0.66145,-9207.25633,19
1.0,-5.0000,4.545000,1.09333e-05,13.242392,0.560981,5.794097,136.774209,14.754178,0.593757,3.066314,76.194354,0.66147,-9224.88778,19
1.0,-5.0000,4.546000,1.09289e-05,13.249199,0.561059,5.797452,136.904737,14.760935,0.593819,3.067981,76.262801,0.66149,-9242.54789,19
1.0,-5.0000,4.547000,1.09244e-05,13.256007,0.561137,5.800807,137.035353,14.767694,0.593880,3.069648,76.331291,0.66151,-9260.23670,19
1.0,-5.0000,4.548000,1.09200e-05,13.262816,0.561214,5.804164,137.166054,14.774454,0.593941,3.071315,76.399826,0.66153,-9277.95426,19
1.0,-5.0000,4.549000,1.09156e-05,13.269626,0.561292,5.807520,137.296842,14.781215,0.594002,3.072983,76.468404,0.66156,-9295.70059,19
1.0,-5.0000,4.550000,1.09111e-05,13.276437,0.561370,5.810878,137.427717,14.787978,0.594064,3.074651,76.537026,0.66158,-9313.47574,19
1.0,-5.0000,4.551000,1.09067e-05,13.283249,0.561447,5.814236,137.558678,14.794741,0.594125,3.076319,76.605693,0.66160,-9331.27974,19
1.0,-5.0000,4.552000,1.09023e-05,13.290063,0.561525,5.817595,137.689726,14.801505,0.594186,3.077988,76.674403,0.66162,-9349.11265,19
1.0,-5.0000,4.553000,1.08979e-05,13.296877,0.561602,5.820954,137.820860,14.808271,0.594247,3.079657,76.743157,0.66164,-9366.97449,19
1.0,-5.0000,4.554000,1.08935e-05,13.303693,0.561680,5.824315,137.952081,14.815038,0.594308,3.081326,76.811955,0.66166,-9384.86531,19
1.0,-5.0000,4.555000,1.08891e-05,13.310509,0.561757,5.827675,138.083389,14.821805,0.594369,3.082996,76.880798,0.66168,-9402.78514,19
1.0,-5.0000,4.556000,1.08846e-05,13.317327,0.561834,5.831037,138.214784,14.828574,0.594430,3.084666,76.949684,0.66170,-9420.73403,19
1.0,-5.0000,4.557000,1.08802e-05,13.324146,0.561912,5.834399,138.346268,14.835345,0.594491,3.086336,77.018616,0.66173,-9438.71234,19
1.0,-5.0000,4.558000,1.08758e-05,13.330966,0.561989,5.837762,138.477833,14.842116,0.594552,3.088007,77.087589,0.66175,-9456.71913,19
1.0,-5.0000,4.559000,1.08714e-05,13.337787,0.562066,5.841126,138.609488,14.848888,0.594613,3.089678,77.156608,0.66177,-9474.75542,19
1.0,-5.0000,4.560000,1.08670e-05,13.344609,0.562143,5.844490,138.741230,14.855661,0.594673,3.091350,77.225671,0.66179,-9492.82093,19
1.0,-5.0000,4.561000,1.08626e-05,13.351432,0.562220,5.847855,138.873059,14.862436,0.594734,3.093022,77.294778,0.66181,-9510.91568,19
1.0,-5.0000,4.562000,1.08582e-05,13.358256,0.562297,5.851220,139.004975,14.869212,0.594795,3.094694,77.363929,0.66183,-9529.03973,19
1.0,-5.0000,4.563000,1.08538e-05,13.365082,0.562374,5.854587,139.136978,14.875989,0.594855,3.096366,77.433124,0.66185,-9547.19312,19
1.0,-5.0000,4.564000,1.08494e-05,13.371908,0.562451,5.857953,139.269068,14.882767,0.594916,3.098039,77.502364,0.66188,-9565.37587,19
1.0,-5.0000,4.565000,1.08450e-05,13.378736,0.562528,5.861321,139.401245,14.889546,0.594976,3.099712,77.571648,0.66190,-9583.58804,19
1.0,-5.0000,4.566000,1.08407e-05,13.385565,0.562604,5.864689,139.533509,14.896326,0.595037,3.101386,77.640976,0.66192,-9601.82966,19
1.0,-5.0000,4.567000,1.08363e-05,13.392394,0.562681,5.868058,139.665860,14.903107,0.595097,3.103059,77.710348,0.66194,-9620.10078,19
1.0,-5.0000,4.568000,1.08319e-05,13.399225,0.562758,5.871428,139.798299,14.909890,0.595158,3.104734,77.779765,0.66196,-9638.40142,19
1.0,-5.0000,4.569000,1.08275e-05,13.406057,0.562834,5.874798,139.930824,14.916673,0.595218,3.106408,77.849226,0.66198,-9656.73164,19
1.0,-5.0000,4.570000,1.08231e-05,13.412890,0.562911,5.878169,140.063437,14.923458,0.595279,3.108083,77.918731,0.66200,-9675.09147,19
1.0,-5.0000,4.571000,1.08188e-05,13.419725,0.562987,5.881541,140.196138,14.930244,0.595339,3.109758,77.988281,0.66202,-9693.48096,19
1.0,-5.0000,4.572000,1.08144e-05,13.426560,0.563064,5.884913,140.328926,14.937031,0.595399,3.111434,78.057875,0.66205,-9711.90014,19
1.0,-5.0000,4.573000,1.08100e-05,13.433396,0.563140,5.888286,140.461801,14.943819,0.595459,3.113110,78.127513,0.66207,-9730.34905,19
1.0,-5.0000,4.574000,1.08057e-05,13.440234,0.563216,5.891659,140.594763,14.950608,0.595519,3.114786,78.197196,0.66209,-9748.82773,19
1.0,-5.0000,4.575000,1.08013e-05,13.447072,0.563293,5.895034,140.727813,14.957398,0.595579,3.116463,78.266923,0.66211,-9767.33623,19
1.0,-5.0000,4.576000,1.07969e-05,13.453912,0.563369,5.898409,140.860951,14.964190,0.595640,3.118139,78.336695,0.66213,-9785.87458,19
1.0,-5.0000,4.577000,1.07926e-05,13.460753,0.563445,5.901784,140.994176,14.970982,0.595700,3.119817,78.406511,0.66215,-9804.44283,19
1.0,-5.0000,4.578000,1.07882e-05,13.467595,0.563521,5.905161,141.127489,14.977776,0.595759,3.121494,78.476372,0.66217,-9823.04102,19
1.0,-5.0000,4.579000,1.07839e-05,13.474438,0.563597,5.908538,141.260890,14.984571,0.595819,3.123172,78.546277,0.66219,-9841.66918,19
1.0,-5.0000,4.580000,1.07795e-05,13.481282,0.563673,5.911915,141.394378,14.991367,0.595879,3.124851,78.616226,0.66221,-9860.32735,19
1.0,-5.0000,4.581000,1.07752e-05,13.488127,0.563749,5.915294,141.527953,14.998164,0.595939,3.126529,78.686221,0.66224,-9879.01558,19
1.0,-5.0000,4.582000,1.07708e-05,13.494973,0.563825,5.918673,141.661617,15.004962,0.595999,3.128208,78.756259,0.66226,-9897.73391,19
1.0,-5.0000,4.583000,1.07665e-05,13.501820,0.563901,5.922052,141.795368,15.011761,0.596059,3.129887,78.826343,0.66228,-9916.48238,19
1.0,-5.0000,4.584000,1.07621e-05,13.508669,0.563976,5.925433,141.929208,15.018562,0.596118,3.131567,78.896471,0.66230,-9935.26103,19
1.0,-5.0000,4.585000,1.07578e-05,13.515518,0.564052,5.928814,142.063135,15.025364,0.596178,3.133247,78.966643,0.66232,-9954.06990,19
1.0,-5.0000,4.586000,1.07535e-05,13.522369,0.564128,5.932196,142.197150,15.032166,0.596238,3.134927,79.036861,0.66234,-9972.90903,19
1.0,-5.0000,4.587000,1.07491e-05,13.529221,0.564203,5.935578,142.331253,15.038970,0.596297,3.136608,79.107123,0.66236,-9991.77846,19
1.0,-5.0000,4.588000,1.07448e-05,13.536074,0.564279,5.938961,142.465444,15.045775,0.596357,3.138289,79.177429,0.66238,-10010.67823,19
1.0,-5.0000,4.589000,1.07405e-05,13.542928,0.564354,5.942345,142.599723,15.052581,0.596416,3.139971,79.247781,0.66240,-10029.60839,19
1.0,-5.0000,4.590000,1.07361e-05,13.549783,0.564430,5.945729,142.734090,15.059389,0.596476,3.141652,79.318177,0.66242,-10048.56897,19
1.0,-5.0000,4.591000,1.07318e-05,13.556639,0.564505,5.949114,142.868545,15.066197,0.596535,3.143334,79.388617,0.66245,-10067.56002,19
1.0,-5.0000,4.592000,1.07275e-05,13.563496,0.564580,5.952500,143.003088,15.073007,0.596594,3.145017,79.459103,0.66247,-10086.58157,19
1.0,-5.0000,4.593000,1.07232e-05,13.570355,0.564655,5.955886,143.137720,15.079817,0.596654,3.146699,79.529633,0.66249,-10105.63368,19
1.0,-5.0000,4.594000,1.07189e-05,13.577214,0.564731,5.959273,143.272439,15.086629,0.596713,3.148383,79.600208,0.66251,-10124.71637,19
1.0,-5.0000,4.595000,1.07145e-05,13.584076,0.564806,5.962661,143.407257,15.093443,0.596772,3.150066,79.670833,0.66253,-10143.83088,21
1.0,-5.0000,4.596000,1.07102e-05,13.590937,0.564881,5.966050,143.542154,15.100257,0.596831,3.151750,79.741498,0.66255,-10162.97488,21
1.0,-5.0000,4.597000,1.07059e-05,13.597800,0.564956,5.969439,143.677138,15.107072,0.596891,3.153434,79.812208,0.66257,-10182.14959,21
1.0,-5.0000,4.598000,1.07016e-05,13.604664,0.565031,5.972829,143.812211,15.113889,0.596950,3.155118,79.882962,0.66259,-10201.35505,21
1.0,-5.0000,4.599000,1.06973e-05,13.611529,0.565106,5.976219,143.947373,15.120706,0.597009,3.156803,79.953762,0.66261,-10220.59131,21
1.0,-5.0000,4.600000,1.06930e-05,13.618395,0.565181,5.979610,144.082622,15.127525,0.597068,3.158488,80.024606,0.66263,-10239.85840,21
1.0,-5.0000,4.601000,1.06887e-05,13.625263,0.565255,5.983002,144.217961,15.134345,0.597127,3.160174,80.095495,0.66265,-10259.15637,21
1.0,-5.0000,4.602000,1.06844e-05,13.632131,0.565330,5.986395,144.353388,15.141165,0.597186,3.161860,80.166430,0.66268,-10278.48527,21
1.0,-5.0000,4.603000,1.06801e-05,13.639000,0.565405,5.989788,144.488903,15.147987,0.597245,3.163546,80.237409,0.66270,-10297.84513,21
1.0,-5.0000,4.604000,1.06758e-05,13.645871,0.565479,5.993182,144.624507,15.154811,0.597303,3.165232,80.308433,0.66272,-10317.23599,21
1.0,-5.0000,4.605000,1.06715e-05,13.652743,0.565554,5.996576,144.760200,15.161635,0.597362,3.166919,80.379502,0.66274,-10336.65789,21
1.0,-5.0000,4.606000,1.06673e-05,13.659615,0.565629,5.999971,144.895982,15.168460,0.597421,3.168606,80.450616,0.66276,-10356.11089,21
1.0,-5.0000,4.607000,1.06630e-05,13.666489,0.565703,6.003367,145.031852,15.175287,0.597480,3.170294,80.521776,0.66278,-10375.59501,21
1.0,-5.0000,4.608000,1.06587e-05,13.673364,0.565777,6.006764,145.167811,15.182115,0.597538,3.171982,80.592980,0.66280,-10395.11030,21
1.0,-5.0000,4.609000,1.06544e-05,13.680240,0.565852,6.010161,145.303858,15.188943,0.597597,3.173670,80.664229,0.66282,-10414.65681,21
1.0,-5.0000,4.610000,1.06501e-05,13.687118,0.565926,6.013559,145.439995,15.195773,0.597655,3.175359,80.735524,0.66284,-10434.23457,21
1.0,-5.0000,4.611000,1.06459e-05,13.693996,0.566000,6.016957,145.576221,15.202605,0.597714,3.177047,80.806864,0.66286,-10453.84363,21
1.0,-5.0000,4.612000,1.06416e-05,13.700875,0.566075,6.020356,145.712535,15.209437,0.597773,3.178737,80.878248,0.66288,-10473.48403,21
1.0,-5.0000,4.613000,1.06373e-05,13.707756,0.566149,6.023756,145.848938,15.216270,0.597831,3.180426,80.949678,0.66290,-10493.15580,21
1.0,-5.0000,4.614000,1.06330e-05,13.714637,0.566223,6.027157,145.985431,15.223105,0.597889,3.182116,81.021154,0.66292,-10512.85901,21
1.0,-5.0000,4.615000,1.06288e-05,13.721520,0.566297,6.030558,146.122012,15.229940,0.597948,3.183806,81.092674,0.66295,-10532.59367,21
1.0,-5.0000,4.616000,1.06245e-05,13.728404,0.566371,6.033960,146.258683,15.236777,0.598006,3.185497,81.164240,0.66297,-10552.35985,21
1.0,-5.0000,4.617000,1.06203e-05,13.735289,0.566445,6.037363,146.395442,15.243615,0.598064,3.187188,81.235851,0.66299,-10572.15757,21
1.0,-5.0000,4.618000,1.06160e-05,13.742175,0.566519,6.040766,146.532291,15.250454,0.598123,3.188879,81.307507,0.66301,-10591.98689,21
1.0,-5.0000,4.619000,1.06117e-05,13.749062,0.566592,6.044170,146.669229,15.257294,0.598181,3.190571,81.379208,0.66303,-10611.84784,21
1.0,-5.0000,4.620000,1.06075e-05,13.755951,0.566666,6.047575,146.806256,15.264136,0.598239,3.192263,81.450955,0.66305,-10631.74046,21
1.0,-5.0000,4.621000,1.06032e-05,13.762840,0.566740,6.050980,146.943373,15.270978,0.598297,3.193955,81.522747,0.66307,-10651.66481,21
1.0,-5.0000,4.622000,1.05990e-05,13.769731,0.566814,6.054386,147.080579,15.277822,0.598355,3.195648,81.594584,0.66309,-10671.62092,21
1.0,-5.0000,4.623000,1.05948e-05,13.776622,0.566887,6.057793,147.217874,15.284667,0.598413,3.197341,81.666467,0.66311,-10691.60883,21
1.0,-5.0000,4.624000,1.05905e-05,13.783515,0.566961,6.061200,147.355259,15.291513,0.598471,3.199034,81.738395,0.66313,-10711.62859,21
1.0,-5.0000,4.625000,1.05863e-05,13.790409,0.567034,6.064608,147.492733,15.298360,0.598529,3.200728,81.810369,0.66315,-10731.68024,21
1.0,-5.0000,4.626000,1.05820e-05,13.797304,0.567108,6.068017,147.630296,15.305208,0.598587,3.202422,81.882388,0.66317,-10751.76382,21
1.0,-5.0000,4.627000,1.05778e-05,13.804200,0.567181,6.071426,147.767949,15.312057,0.598645,3.204117,81.954452,0.66319,-10771.87938,21
1.0,-5.0000,4.628000,1.05736e-05,13.811097,0.567254,6.074836,147.905692,15.318908,0.598703,3.205811,82.026562,0.66321,-10792.02695,21
1.0,-5.0000,4.629000,1.05693e-05,13.817996,0.567328,6.078247,148.043524,15.325759,0.598761,3.207506,82.098718,0.66323,-10812.20658,21
1.0,-5.0000,4.630000,1.05651e-05,13.824895,0.567401,6.081658,148.181446,15.332612,0.598818,3.209202,82.170919,0.66325,-10832.41832,21
1.0,-5.0000,4.631000,1.05609e-05,13.831796,0.567474,6.085070,148.319457,15.339466,0.598876,3.210898,82.243165,0.66327,-10852.66221,21
1.0,-5.0000,4.632000,1.05567e-05,13.838697,0.567547,6.088483,148.457559,15.346321,0.598934,3.212594,82.315457,0.66330,-10872.93828,21
1.0,-5.0000,4.633000,1.05524e-05,13.845600,0.567620,6.091896,148.595750,15.353177,0.598991,3.214290,82.387795,0.66332,-10893.24659,21
1.0,-5.0000,4.634000,1.05482e-05,13.852504,0.567693,6.095310,148.734030,15.360035,0.599049,3.215987,82.460178,0.66334,-10913.58717,21
1.0,-5.0000,4.635000,1.05440e-05,13.859409,0.567766,6.098725,148.872401,15.366893,0.599106,3.217684,82.532607,0.66336,-10933.96007,21
1.0,-5.0000,4.636000,1.05398e-05,13.866315,0.567839,6.102140,149.010861,15.373753,0.599164,3.219382,82.605081,0.66338,-10954.36534,21
1.0,-5.0000,4.637000,1.05356e-05,13.873222,0.567912,6.105557,149.149412,15.380614,0.599221,3.221079,82.677601,0.66340,-10974.80300,21
1.0,-5.0000,4.638000,1.05314e-05,13.880131,0.567985,6.108973,149.288052,15.387476,0.599279,3.222778,82.750167,0.66342,-10995.27312,21
1.0,-5.0000,4.639000,1.05272e-05,13.887040,0.568058,6.112391,149.426782,15.394339,0.599336,3.224476,82.822778,0.66344,-11015.77573,21
1.0,-5.0000,4.640000,1.05230e-05,13.893951,0.568130,6.115809,149.565603,15.401203,0.599393,3.226175,82.895435,0.66346,-11036.31087,21
1.0,-5.0000,4.641000,1.05187e-05,13.900863,0.568203,6.119228,149.704513,15.408068,0.599451,3.227874,82.968138,0.66348,-11056.87859,21
1.0,-5.0000,4.642000,1.05146e-05,13.907775,0.568276,6.122647,149.843513,15.414935,0.599508,3.229574,83.040886,0.66350,-11077.47894,21
1.0,-5.0000,4.643000,1.05104e-05,13.914689,0.568348,6.126067,149.982604,15.421803,0.599565,3.231274,83.113680,0.66352,-11098.11194,21
1.0,-5.0000,4.644000,1.05062e-05,13.921605,0.568421,6.129488,150.121785,15.428671,0.599622,3.232974,83.186521,0.66354,-11118.77766,21
1.0,-5.0000,4.645000,1.05020e-05,13.928521,0.568493,6.132910,150.261056,15.435541,0.599679,3.234674,83.259406,0.66356,-11139.47613,21
1.0,-5.0000,4.646000,1.04978e-05,13.935438,0.568565,6.136332,150.400417,15.442412,0.599736,3.236375,83.332338,0.66358,-11160.20740,21
1.0,-5.0000,4.647000,1.04936e-05,13.942357,0.568638,6.139755,150.539869,15.449285,0.599794,3.238077,83.405316,0.66360,-11180.97150,21
1.0,-5.0000,4.648000,1.04894e-05,13.949276,0.568710,6.143178,150.679411,15.456158,0.599850,3.239778,83.478339,0.66362,-11201.76849,21
1.0,-5.0000,4.649000,1.04852e-05,13.956197,0.568782,6.146603,150.819043,15.463033,0.599907,3.241480,83.551408,0.66364,-11222.59841,21
1.0,-5.0000,4.650000,1.04810e-05,13.963119,0.568854,6.150027,150.958766,15.469908,0.599964,3.243182,83.624523,0.66366,-11243.46130,21
1.0,-5.0000,4.651000,1.04769e-05,13.970042,0.568927,6.153453,151.098579,15.476785,0.600021,3.244885,83.697684,0.66368,-11264.35720,21
1.0,-5.0000,4.652000,1.04727e-05,13.976966,0.568999,6.156879,151.238483,15.483663,0.600078,3.246588,83.770891,0.66370,-11285.28616,21
1.0,-5.0000,4.653000,1.04685e-05,13.983891,0.569071,6.160306,151.378477,15.490542,0.600135,3.248291,83.844144,0.66372,-11306.24823,21
1.0,-5.0000,4.654000,1.04643e-05,13.990817,0.569143,6.163734,151.518562,15.497423,0.600192,3.249995,83.917443,0.66374,-11327.24344,21
1.0,-5.0000,4.655000,1.04602e-05,13.997744,0.569215,6.167162,151.658737,15.504304,0.600248,3.251699,83.990788,0.66376,-11348.27184,21
1.0,-5.0000,4.656000,1.04560e-05,14.004673,0.569286,6.170591,151.799003,15.511187,0.600305,3.253403,84.064179,0.66378,-11369.33348,21
1.0,-5.0000,4.657000,1.04518e-05,14.011603,0.569358,6.174021,151.939360,15.518070,0.600362,3.255108,84.137616,0.66380,-11390.42840,21
1.0,-5.0000,4.658000,1.04477e-05,14.018533,0.569430,6.177451,152.079808,15.524955,0.600418,3.256813,84.211099,0.66382,-11411.55664,21
1.0,-5.0000,4.659000,1.04435e-05,14.025465,0.569502,6.180882,152.220346,15.531841,0.600475,3.258518,84.284628,0.66384,-11432.71825,21
1.0,-5.0000,4.660000,1.04394e-05,14.032398,0.569573,6.184314,152.360975,15.538729,0.600531,3.260224,84.358203,0.66387,-11453.91327,21
1.0,-5.0000,4.661000,1.04352e-05,14.039333,0.569645,6.187746,152.501695,15.545617,0.600588,3.261930,84.431825,0.66389,-11475.14175,21
1.0,-5.0000,4.662000,1.04311e-05,14.046268,0.569717,6.191179,152.642506,15.552506,0.600644,3.263637,84.505492,0.66391,-11496.40373,21
1.0,-5.0000,4.663000,1.04269e-05,14.053204,0.569788,6.194613,152.783408,15.559397,0.600701,3.265343,84.579206,0.66393,-11517.69925,21
1.0,-5.0000,4.664000,1.04228e-05,14.060142,0.569859,6.198047,152.924401,15.566289,0.600757,3.267051,84.652966,0.66395,-11539.02836,21
1.0,-5.0000,4.665000,1.04186e-05,14.067080,0.569931,6.201482,153.065484,15.573182,0.600813,3.268758,84.726772,0.66397,-11560.39111,21
1.0,-5.0000,4.666000,1.04145e-05,14.074020,0.570002,6.204918,153.206659,15.580076,0.600869,3.270466,84.800624,0.66399,-11581.78754,21
1.0,-5.0000,4.667000,1.04103e-05,14.080961,0.570074,6.208354,153.347925,15.586971,0.600926,3.272174,84.874522,0.66401,-11603.21769,21
1.0,-5.0000,4.668000,1.04062e-05,14.087903,0.570145,6.211791,153.489282,15.593868,0.600982,3.273882,84.948467,0.66403,-11624.68161,21
1.0,-5.0000,4.669000,1.04021e-05,14.094846,0.570216,6.215229,153.630730,15.600765,0.601038,3.275591,85.022458,0.66405,-11646.17934,21
1.0,-5.0000,4.670000,1.03979e-05,14.101791,0.570287,6.218667,153.772270,15.607664,0.601094,3.277300,85.096495,0.66407,-11667.71093,21
1.0,-5.0000,4.671000,1.03938e-05,14.108736,0.570358,6.222106,153.913901,15.614564,0.601150,3.279010,85.170579,0.66409,-11689.27643,21
1.0,-5.0000,4.672000,1.03897e-05,14.115682,0.570429,6.225546,154.055623,15.621465,0.601206,3.280720,85.244708,0.66411,-11710.87587,21
1.0,-5.0000,4.673000,1.03855e-05,14.122630,0.570500,6.228987,154.197436,15.628367,0.601262,3.282430,85.318885,0.66413,-11732.50930,21
1.0,-5.0000,4.674000,1.03814e-05,14.129579,0.570571,6.232428,154.339341,15.635270,0.601318,3.284141,85.393107,0.66415,-11754.17677,21
1.0,-5.0000,4.675000,1.03773e-05,14.136529,0.570642,6.235870,154.481337,15.642175,0.601374,3.285851,85.467376,0.66417,-11775.87833,21
1.0,-5.0000,4.676000,1.03732e-05,14.143480,0.570713,6.239312,154.623424,15.649080,0.601430,3.287563,85.541692,0.66419,-11797.61401,21
1.0,-5.0000,4.677000,1.03691e-05,14.150432,0.570784,6.242755,154.765603,15.655987,0.601486,3.289274,85.616054,0.66421,-11819.38387,21
1.0,-5.0000,4.678000,1.03650e-05,14.157385,0.570854,6.246199,154.907874,15.662895,0.601542,3.290986,85.690462,0.66423,-11841.18794,21
1.0,-5.0000,4.679000,1.03608e-05,14.164340,0.570925,6.249644,155.050236,15.669804,0.601597,3.292698,85.764917,0.66425,-11863.02628,21
1.0,-5.0000,4.680000,1.03567e-05,14.171295,0.570996,6.253089,155.192690,15.676715,0.601653,3.294411,85.839418,0.66427,-11884.89892,21
1.0,-5.0000,4.681000,1.03526e-05,14.178252,0.571066,6.256535,155.335235,15.683626,0.601709,3.296124,85.913966,0.66429,-11906.80592,21
1.0,-5.0000,4.682000,1.03485e-05,14.185210,0.571137,6.259981,155.477872,15.690539,0.601764,3.297837,85.988560,0.66431,-11928.74732,21
1.0,-5.0000,4.683000,1.03444e-05,14.192169,0.571207,6.263428,155.620601,15.697452,0.601820,3.299551,86.063201,0.66433,-11950.72317,21
1.0,-5.0000,4.684000,1.03403e-05,14.199129,0.571278,6.266876,155.763421,15.704367,0.601875,3.301265,86.137888,0.66435,-11972.73350,21
1.0,-5.0000,4.685000,1.03362e-05,14.206090,0.571348,6.270325,155.906334,15.711283,0.601931,3.302979,86.212623,0.66437,-11994.77837,21
1.0,-5.0000,4.686000,1.03321e-05,14.213052,0.571419,6.273774,156.049338,15.718200,0.601986,3.304694,86.287403,0.66439,-12016.85782,21
1.0,-5.0000,4.687000,1.03280e-05,14.220016,0.571489,6.277224,156.192434,15.725119,0.602042,3.306409,86.362230,0.66441,-12038.97190,21
1.0,-5.0000,4.688000,1.03239e-05,14.226980,0.571559,6.280675,156.335622,15.732038,0.602097,3.308124,86.437104,0.66443,-12061.12066,21
1.0,-5.0000,4.689000,1.03198e-05,14.233946,0.571629,6.284126,156.478902,15.738959,0.602153,3.309840,86.512025,0.66445,-12083.30413,21
1.0,-5.0000,4.690000,1.03158e-05,14.240913,0.571699,6.287578,156.622274,15.745881,0.602208,3.311556,86.586992,0.66447,-12105.52236,21
1.0,-5.0000,4.691000,1.03117e-05,14.247881,0.571769,6.291031,156.765738,15.752804,0.602263,3.313272,86.662006,0.66449,-12127.77541,21
1.0,-5.0000,4.692000,1.03076e-05,14.254850,0.571839,6.294484,156.909294,15.759728,0.602318,3.314989,86.737067,0.66451,-12150.06331,21
1.0,-5.0000,4.693000,1.03035e-05,14.261820,0.571909,6.297938,157.052943,15.766653,0.602374,3.316706,86.812174,0.66453,-12172.38611,21
1.0,-5.0000,4.694000,1.02994e-05,14.268792,0.571979,6.301393,157.196683,15.773580,0.602429,3.318424,86.887329,0.66455,-12194.74386,21
1.0,-5.0000,4.695000,1.02954e-05,14.275764,0.572049,6.304848,157.340516,15.780507,0.602484,3.320141,86.962530,0.66457,-12217.13661,21
1.0,-5.0000,4.696000,1.02913e-05,14.282738,0.572119,6.308304,157.484440,15.787436,0.602539,3.321860,87.037778,0.66459,-12239.56440,21
1.0,-5.0000,4.697000,1.02872e-05,14.289713,0.572189,6.311761,157.628458,15.794366,0.602594,3.323578,87.113072,0.66460,-12262.02727,21
1.0,-5.0000,4.698000,1.02832e-05,14.296689,0.572259,6.315218,157.772567,15.801297,0.602649,3.325297,87.188414,0.66462,-12284.52527,21
1.0,-5.0000,4.699000,1.02791e-05,14.303666,0.572328,6.318676,157.916769,15.808230,0.602704,3.327016,87.263802,0.66464,-12307.05846,21
1.0,-5.0000,4.700000,1.02750e-05,14.310644,0.572398,6.322135,158.061063,15.815163,0.602759,3.328735,87.339238,0.66466,-12329.62686,21
1.0,-5.0000,4.701000,1.02710e-05,14.317623,0.572468,6.325595,158.205450,15.822098,0.602814,3.330455,87.414720,0.66468,-12352.23054,21
1.0,-5.0000,4.702000,1.02669e-05,14.324604,0.572537,6.329055,158.349929,15.829033,0.602869,3.332175,87.490249,0.66470,-12374.86954,21
1.0,-5.0000,4.703000,1.02628e-05,14.331585,0.572607,6.332516,158.494501,15.835970,0.602923,3.333896,87.565825,0.66472,-12397.54390,21
1.0,-5.0000,4.704000,1.02588e-05,14.338568,0.572676,6.335977,158.639165,15.842908,0.602978,3.335617,87.641448,0.66474,-12420.25368,21
1.0,-5.0000,4.705000,1.02547e-05,14.345552,0.572745,6.339439,158.783922,15.849848,0.603033,3.337338,87.717118,0.66476,-12442.99891,21
1.0,-5.0000,4.706000,1.02507e-05,14.352537,0.572815,6.342902,158.928771,15.856788,0.603087,3.339060,87.792835,0.66478,-12465.77964,21
1.0,-5.0000,4.707000,1.02466e-05,14.359523,0.572884,6.346365,159.073713,15.863730,0.603142,3.340782,87.868599,0.66480,-12488.59592,21
1.0,-5.0000,4.708000,1.02426e-05,14.366510,0.572953,6.349830,159.218748,15.870672,0.603197,3.342504,87.944410,0.66482,-12511.44780,21
1.0,-5.0000,4.709000,1.02386e-05,14.373499,0.573022,6.353295,159.363876,15.877616,0.603251,3.344226,88.020269,0.66484,-12534.33533,21
1.0,-5.0000,4.710000,1.02345e-05,14.380488,0.573092,6.356760,159.509096,15.884561,0.603306,3.345949,88.096174,0.66486,-12557.25854,21
1.0,-5.0000,4.711000,1.02305e-05,14.387479,0.573161,6.360226,159.654410,15.891507,0.603360,3.347673,88.172126,0.66488,-12580.21750,21
1.0,-5.0000,4.712000,1.02264e-05,14.394471,0.573230,6.363693,159.799816,15.898455,0.603415,3.349396,88.248126,0.66490,-12603.21224,21
1.0,-5.0000,4.713000,1.02224e-05,14.401464,0.573299,6.367161,159.945315,15.905403,0.603469,3.351120,88.324172,0.66492,-12626.24280,21
1.0,-5.0000,4.714000,1.02184e-05,14.408458,0.573368,6.370629,160.090907,15.912353,0.603524,3.352845,88.400266,0.66494,-12649.30925,21
1.0,-5.0000,4.715000,1.02143e-05,14.415453,0.573437,6.374098,160.236592,15.919304,0.603578,3.354569,88.476407,0.66496,-12672.41162,21
1.0,-5.0000,4.716000,1.02103e-05,14.422450,0.573505,6.377568,160.382370,15.926256,0.603632,3.356294,88.552596,0.66498,-12695.54997,21
1.0,-5.0000,4.717000,1.02063e-05,14.429447,0.573574,6.381038,160.528241,15.933209,0.603686,3.358020,88.628831,0.66500,-12718.72433,21
1.0,-5.0000,4.718000,1.02023e-05,14.436446,0.573643,6.384509,160.674205,15.940164,0.603741,3.359745,88.705114,0.66502,-12741.93477,21
1.0,-5.0000,4.719000,1.01983e-05,14.443446,0.573712,6.387981,160.820263,15.947119,0.603795,3.361471,88.781444,0.66504,-12765.18131,21
1.0,-5.0000,4.720000,1.01942e-05,14.450446,0.573780,6.391453,160.966414,15.954076,0.603849,3.363198,88.857821,0.66506,-12788.46402,21
1.0,-5.0000,4.721000,1.01902e-05,14.457449,0.573849,6.394926,161.112657,15.961034,0.603903,3.364924,88.934246,0.66508,-12811.78294,21
1.0,-5.0000,4.722000,1.01862e-05,14.464452,0.573917,6.398400,161.258995,15.967993,0.603957,3.366651,89.010718,0.66510,-12835.13811,21
1.0,-5.0000,4.723000,1.01822e-05,14.471456,0.573986,6.401874,161.405425,15.974953,0.604011,3.368379,89.087237,0.66512,-12858.52958,21
1.0,-5.0000,4.724000,1.01782e-05,14.478462,0.574054,6.405349,161.551949,15.981914,0.604065,3.370107,89.163803,0.66514,-12881.95741,21
1.0,-5.0000,4.725000,1.01742e-05,14.485468,0.574123,6.408825,161.698566,15.988877,0.604119,3.371835,89.240417,0.66516,-12905.42164,21
1.0,-5.0000,4.726000,1.01702e-05,14.492476,0.574191,6.412301,161.845277,15.995841,0.604173,3.373563,89.317079,0.66517,-12928.92231,21
1.0,-5.0000,4.727000,1.01662e-05,14.499485,0.574259,6.415778,161.992081,16.002805,0.604227,3.375292,89.393788,0.66519,-12952.45947,21
1.0,-5.0000,4.728000,1.01622e-05,14.506495,0.574328,6.419256,162.138979,16.009772,0.604281,3.377021,89.470544,0.66521,-12976.03318,21
1.0,-5.0000,4.729000,1.01582e-05,14.513506,0.574396,6.422734,162.285970,16.016739,0.604335,3.378751,89.547348,0.66523,-12999.64348,21
1.0,-5.0000,4.730000,1.01542e-05,14.520519,0.574464,6.426214,162.433055,16.023707,0.604388,3.380480,89.624199,0.66525,-13023.29041,21
1.0,-5.0000,4.731000,1.01502e-05,14.527532,0.574532,6.429693,162.580233,16.030677,0.604442,3.382211,89.701098,0.66527,-13046.97403,21
1.0,-5.0000,4.732000,1.01462e-05,14.534547,0.574600,6.433174,162.727506,16.037647,0.604496,3.383941,89.778044,0.66529,-13070.69438,21
1.0,-5.0000,4.733000,1.01422e-05,14.541562,0.574668,6.436655,162.874872,16.044619,0.604550,3.385672,89.855038,0.66531,-13094.45151,21
1.0,-5.0000,4.734000,1.01382e-05,14.548579,0.574736,6.440137,163.022331,16.051592,0.604603,3.387403,89.932080,0.66533,-13118.24548,21
1.0,-5.0000,4.735000,1.01342e-05,14.555597,0.574804,6.443619,163.169885,16.058567,0.604657,3.389135,90.009169,0.66535,-13142.07631,21
1.0,-5.0000,4.736000,1.01303e-05,14.562617,0.574872,6.447103,163.317532,16.065542,0.604710,3.390867,90.086305,0.66537,-13165.94408,21
1.0,-5.0000,4.737000,1.01263e-05,14.569637,0.574940,6.450586,163.465273,16.072518,0.604764,3.392599,90.163489,0.66539,-13189.84882,21
1.0,-5.0000,4.738000,1.01223e-05,14.576658,0.575008,6.454071,163.613108,16.079496,0.604817,3.394332,90.240721,0.66541,-13213.79057,21
1.0,-5.0000,4.739000,1.01183e-05,14.583681,0.575075,6.457556,163.761037,16.086475,0.604871,3.396065,90.318001,0.66543,-13237.76940,21
1.0,-5.0000,4.740000,1.01144e-05,14.590705,0.575143,6.461042,163.909061,16.093455,0.604924,3.397798,90.395328,0.66545,-13261.78535,21
1.0,-5.0000,4.741000,1.01104e-05,14.597730,0.575211,6.464529,164.057178,16.100436,0.604977,3.399531,90.472703,0.66547,-13285.83846,21
1.0,-5.0000,4.742000,1.01064e-05,14.604756,0.575278,6.468016,164.205389,16.107419,0.605031,3.401265,90.550126,0.66549,-13309.92879,21
1.0,-5.0000,4.743000,1.01025e-05,14.611783,0.575346,6.471504,164.353694,16.114402,0.605084,3.403000,90.627596,0.66550,-13334.05638,21
1.0,-5.0000,4.744000,1.00985e-05,14.618811,0.575413,6.474993,164.502094,16.121387,0.605137,3.404734,90.705115,0.66552,-13358.22129,21
1.0,-5.0000,4.745000,1.00945e-05,14.625841,0.575481,6.478482,164.650587,16.128373,0.605190,3.406469,90.782681,0.66554,-13382.42355,21
1.0,-5.0000,4.746000,1.00906e-05,14.632872,0.575548,6.481972,164.799175,16.135360,0.605244,3.408205,90.860295,0.66556,-13406.66323,21
1.0,-5.0000,4.747000,1.00866e-05,14.639903,0.575616,6.485463,164.947858,16.142348,0.605297,3.409940,90.937956,0.66558,-13430.94036,21
1.0,-5.0000,4.748000,1.00827e-05,14.646936,0.575683,6.488954,165.096634,16.149338,0.605350,3.411677,91.015666,0.66560,-13455.25500,21
1.0,-5.0000,4.749000,1.00787e-05,14.653970,0.575750,6.492446,165.245505,16.156328,0.605403,3.413413,91.093423,0.66562,-13479.60719,21
1.0,-5.0000,4.750000,1.00748e-05,14.661006,0.575817,6.495939,165.394470,16.163320,0.605456,3.415150,91.171228,0.66564,-13503.99699,21
1.0,-5.0000,4.751000,1.00708e-05,14.668042,0.575884,6.499432,165.543530,16.170313,0.605509,3.416887,91.249082,0.66566,-13528.42444,21
1.0,-5.0000,4.752000,1.00669e-05,14.675080,0.575952,6.502926,165.692684,16.177307,0.605562,3.418624,91.326983,0.66568,-13552.88959,21
1.0,-5.0000,4.753000,1.00629e-05,14.682118,0.576019,6.506421,165.841933,16.184303,0.605615,3.420362,91.404932,0.66570,-13577.39250,21
1.0,-5.0000,4.754000,1.00590e-05,14.689158,0.576086,6.509917,165.991277,16.191299,0.605668,3.422100,91.482929,0.66572,-13601.93320,21
1.0,-5.0000,4.755000,1.00550e-05,14.696199,0.576153,6.513413,166.140714,16.198297,0.605720,3.423839,91.560974,0.66574,-13626.51176,21
1.0,-5.0000,4.756000,1.00511e-05,14.703241,0.576220,6.516910,166.290247,16.205296,0.605773,3.425577,91.639067,0.66575,-13651.12821,21
1.0,-5.0000,4.757000,1.00472e-05,14.710285,0.576286,6.520407,166.439874,16.212296,0.605826,3.427316,91.717208,0.66577,-13675.78261,21
1.0,-5.0000,4.758000,1.00432e-05,14.717329,0.576353,6.523905,166.589596,16.219297,0.605879,3.429056,91.795397,0.66579,-13700.47501,21
1.0,-5.0000,4.759000,1.00393e-05,14.724375,0.576420,6.527404,166.739413,16.226299,0.605931,3.430796,91.873634,0.66581,-13725.20545,21
1.0,-5.0000,4.760000,1.00354e-05,14.731421,0.576487,6.530904,166.889325,16.233303,0.605984,3.432536,91.951920,0.66583,-13749.97399,21
1.0,-5.0000,4.761000,1.00314e-05,14.738469,0.576553,6.534404,167.039331,16.240307,0.606037,3.434277,92.030253,0.66585,-13774.78068,21
1.0,-5.0000,4.762000,1.00275e-05,14.745518,0.576620,6.537905,167.189433,16.247313,0.606089,3.436017,92.108635,0.66587,-13799.62556,21
1.0,-5.0000,4.763000,1.00236e-05,14.752568,0.576687,6.541406,167.339629,16.254320,0.606142,3.437759,92.187064,0.66589,-13824.50868,21
1.0,-5.0000,4.764000,1.00197e-05,14.759620,0.576753,6.544909,167.489920,16.261329,0.606194,3.439500,92.265542,0.66591,-13849.43010,21
1.0,-5.0000,4.765000,1.00158e-05,14.766672,0.576820,6.548411,167.640306,16.268338,0.606247,3.441242,92.344068,0.66593,-13874.38986,21
1.0,-5.0000,4.766000,1.00118e-05,14.773726,0.576886,6.551915,167.790788,16.275349,0.606299,3.442984,92.422643,0.66595,-13899.38801,21
1.0,-5.0000,4.767000,1.00079e-05,14.780781,0.576953,6.555419,167.941364,16.282360,0.606352,3.444727,92.501265,0.66597,-13924.42461,21
1.0,-5.0000,4.768000,1.00040e-05,14.787836,0.577019,6.558924,168.092035,16.289373,0.606404,3.446470,92.579936,0.66598,-13949.49970,21
1.0,-5.0000,4.769000,1.00001e-05,14.794894,0.577085,6.562430,168.242802,16.296387,0.606456,3.448213,92.658655,0.66600,-13974.61333,21
1.0,-5.0000,4.770000,9.99621e-06,14.801952,0.577152,6.565936,168.393664,16.303403,0.606509,3.449957,92.737422,0.66602,-13999.76555,21
1.0,-5.0000,4.771000,9.99231e-06,14.809011,0.577218,6.569443,168.544621,16.310419,0.606561,3.451701,92.816238,0.66604,-14024.95642,21
1.0,-5.0000,4.772000,9.98840e-06,14.816072,0.577284,6.572951,168.695674,16.317437,0.606613,3.453445,92.895102,0.66606,-14050.18598,21
1.0,-5.0000,4.773000,9.98450e-06,14.823133,0.577350,6.576459,168.846821,16.324456,0.606665,3.455190,92.974014,0.66608,-14075.45428,21
1.0,-5.0000,4.774000,9.98061e-06,14.830196,0.577416,6.579969,168.998064,16.331476,0.606717,3.456935,93.052975,0.66610,-14100.76137,21
1.0,-5.0000,4.775000,9.97671e-06,14.837260,0.577482,6.583478,169.149403,16.338497,0.606769,3.458680,93.131984,0.66612,-14126.10731,21
1.0,-5.0000,4.776000,9.97282e-06,14.844325,0.577548,6.586989,169.300837,16.345519,0.606821,3.460426,93.211042,0.66614,-14151.49214,21
1.0,-5.0000,4.777000,9.96893e-06,14.851392,0.577614,6.590500,169.452367,16.352543,0.606873,3.462172,93.290148,0.66616,-14176.91591,21
1.0,-5.0000,4.778000,9.96504e-06,14.858459,0.577680,6.594012,169.603992,16.359567,0.606925,3.463919,93.369302,0.66617,-14202.37868,21
1.0,-5.0000,4.779000,9.96115e-06,14.865528,0.577746,6.597524,169.755712,16.366593,0.606977,3.465665,93.448505,0.66619,-14227.88049,21
1.0,-5.0000,4.780000,9.95727e-06,14.872598,0.577812,6.601037,169.907528,16.373620,0.607029,3.467412,93.527757,0.66621,-14253.42139,21
1.0,-5.0000,4.781000,9.95339e-06,14.879668,0.577878,6.604551,170.059440,16.380649,0.607081,3.469160,93.607056,0.66623,-14279.00144,21
1.0,-5.0000,4.782000,9.94951e-06,14.886741,0.577943,6.608066,170.211448,16.387678,0.607133,3.470908,93.686405,0.66625,-14304.62069,21
1.0,-5.0000,4.783000,9.94563e-06,14.893814,0.578009,6.611581,170.363551,16.394709,0.607185,3.472656,93.765802,0.66627,-14330.27918,21
1.0,-5.0000,4.784000,9.94175e-06,14.900888,0.578075,6.615097,170.515750,16.401740,0.607237,3.474404,93.845248,0.66629,-14355.97697,21
1.0,-5.0000,4.785000,9.93788e-06,14.907964,0.578140,6.618613,170.668045,16.408773,0.607288,3.476153,93.924742,0.66631,-14381.71410,21
1.0,-5.0000,4.786000,9.93401e-06,14.915040,0.578206,6.622130,170.820436,16.415808,0.607340,3.477902,94.004285,0.66633,-14407.49063,21
1.0,-5.0000,4.787000,9.93014e-06,14.922118,0.578271,6.625648,170.972923,16.422843,0.607392,3.479652,94.083876,0.66634,-14433.30662,21
1.0,-5.0000,4.788000,9.92627e-06,14.929197,0.578337,6.629167,171.125505,16.429879,0.607443,3.481402,94.163516,0.66636,-14459.16210,21
1.0,-5.0000,4.789000,9.92241e-06,14.936277,0.578402,6.632686,171.278184,16.436917,0.607495,3.483152,94.243205,0.66638,-14485.05713,21
1.0,-5.0000,4.790000,9.91854e-06,14.943359,0.578467,6.636206,171.430958,16.443956,0.607547,3.484902,94.322942,0.66640,-14510.99176,21
1.0,-5.0000,4.791000,9.91468e-06,14.950441,0.578533,6.639727,171.583829,16.450996,0.607598,3.486653,94.402729,0.66642,-14536.96605,21
1.0,-5.0000,4.792000,9.91082e-06,14.957525,0.578598,6.643248,171.736796,16.458037,0.607650,3.488405,94.482564,0.66644,-14562.98004,21
1.0,-5.0000,4.793000,9.90697e-06,14.964610,0.578663,6.646770,171.889859,16.465080,0.607701,3.490156,94.562447,0.66646,-14589.03379,21
1.0,-5.0000,4.794000,9.90311e-06,14.971696,0.578728,6.650293,172.043018,16.472123,0.607752,3.491908,94.642380,0.66648,-14615.12734,21
1.0,-5.0000,4.795000,9.89926e-06,14.978783,0.578793,6.653816,172.196273,16.479168,0.607804,3.493660,94.722361,0.66650,-14641.26075,21
1.0,-5.0000,4.796000,9.89541e-06,14.985871,0.578858,6.657340,172.349625,16.486214,0.607855,3.495413,94.802391,0.66651,-14667.43407,21
1.0,-5.0000,4.797000,9.89156e-06,14.992960,0.578924,6.660865,172.503073,16.493261,0.607907,3.497166,94.882470,0.66653,-14693.64735,21
1.0,-5.0000,4.798000,9.88772e-06,15.000051,0.578989,6.664391,172.656617,16.500310,0.607958,3.498919,94.962598,0.66655,-14719.90064,21
1.0,-5.0000,4.799000,9.88388e-06,15.007143,0.579053,6.667917,172.810258,16.507359,0.608009,3.500673,95.042775,0.66657,-14746.19399,21
1.0,-5.0000,4.800000,9.88003e-06,15.014236,0.579118,6.671444,172.963995,16.514410,0.608060,3.502427,95.123000,0.66659,-14772.52746,21
1.0,-5.0000,4.801000,9.87619e-06,15.021330,0.579183,6.674971,173.117828,16.521462,0.608111,3.504181,95.203275,0.66661,-14798.90109,21
1.0,-5.0000,4.802000,9.87236e-06,15.028425,0.579248,6.678499,173.271758,16.528515,0.608163,3.505936,95.283598,0.66663,-14825.31495,21
1.0,-5.0000,4.803000,9.86852e-06,15.035521,0.579313,6.682028,173.425785,16.535569,0.608214,3.507691,95.363971,0.66665,-14851.76907,21
1.0,-5.0000,4.804000,9.86469e-06,15.042619,0.579378,6.685557,173.579908,16.542624,0.608265,3.509447,95.444392,0.66666,-14878.26351,21
1.0,-5.0000,4.805000,9.86086e-06,15.049718,0.579442,6.689088,173.734128,16.549681,0.608316,3.511202,95.524863,0.66668,-14904.79832,21
1.0,-5.0000,4.806000,9.85703e-06,15.056817,0.579507,6.692619,173.888444,16.556739,0.608367,3.512959,95.605382,0.66670,-14931.37357,21
1.0,-5.0000,4.807000,9.85321e-06,15.063918,0.579571,6.696150,174.042857,16.563798,0.608418,3.514715,95.685951,0.66672,-14957.98928,21
1.0,-5.0000,4.808000,9.84938e-06,15.071021,0.579636,6.699682,174.197367,16.570858,0.608469,3.516472,95.766568,0.66674,-14984.64553,21
1.0,-5.0000,4.809000,9.84556e-06,15.078124,0.579700,6.703215,174.351974,16.577919,0.608520,3.518229,95.847235,0.66676,-15011.34235,21
1.0,-5.0000,4.810000,9.84174e-06,15.085229,0.579765,6.706749,174.506678,16.584982,0.608570,3.519986,95.927951,0.66678,-15038.07981,21
1.0,-5.0000,4.811000,9.83792e-06,15.092334,0.579829,6.710283,174.661478,16.592046,0.608621,3.521744,96.008716,0.66679,-15064.85796,21
1.0,-5.0000,4.812000,9.83411e-06,15.099441,0.579894,6.713818,174.816376,16.599111,0.608672,3.523502,96.089530,0.66681,-15091.67684,21
1.0,-5.0000,4.813000,9.83029e-06,15.106549,0.579958,6.717354,174.971370,16.606177,0.608723,3.525261,96.170393,0.66683,-15118.53651,21
1.0,-5.0000,4.814000,9.82648e-06,15.113658,0.580022,6.720890,175.126461,16.613244,0.608773,3.527020,96.251305,0.66685,-15145.43702,21
1.0,-5.0000,4.815000,9.82267e-06,15.120769,0.580086,6.724427,175.281650,16.620313,0.608824,3.528779,96.332267,0.66687,-15172.37843,21
1.0,-5.0000,4.816000,9.81886e-06,15.127880,0.580151,6.727965,175.436935,16.627382,0.608875,3.530539,96.413278,0.66689,-15199.36078,21
1.0,-5.0000,4.817000,9.81506e-06,15.134993,0.580215,6.731503,175.592318,16.634453,0.608925,3.532298,96.494338,0.66691,-15226.38413,21
1.0,-5.0000,4.818000,9.81126e-06,15.142106,0.580279,6.735042,175.747797,16.641525,0.608976,3.534059,96.575447,0.66693,-15253.44853,21
1.0,-5.0000,4.819000,9.80746e-06,15.149221,0.580343,6.738582,175.903374,16.648598,0.609027,3.535819,96.656606,0.66694,-15280.55404,21
1.0,-5.0000,4.820000,9.80366e-06,15.156338,0.580407,6.742123,176.059048,16.655673,0.609077,3.537580,96.737814,0.66696,-15307.70070,21
1.0,-5.0000,4.821000,9.79986e-06,15.163455,0.580471,6.745664,176.214820,16.662749,0.609127,3.539342,96.819071,0.66698,-15334.88858,21
1.0,-5.0000,4.822000,9.79607e-06,15.170573,0.580535,6.749206,176.370689,16.669825,0.609178,3.541103,96.900378,0.66700,-15362.11771,21
1.0,-5.0000,4.823000,9.79227e-06,15.177693,0.580599,6.752748,176.526655,16.676903,0.609228,3.542865,96.981734,0.66702,-15389.38816,21
1.0,-5.0000,4.824000,9.78848e-06,15.184814,0.580662,6.756291,176.682718,16.683983,0.609279,3.544627,97.063139,0.66704,-15416.69998,21
1.0,-5.0000,4.825000,9.78470e-06,15.191936,0.580726,6.759835,176.838879,16.691063,0.609329,3.546390,97.144594,0.66705,-15444.05321,21
1.0,-5.0000,4.826000,9.78091e-06,15.199059,0.580790,6.763380,176.995138,16.698144,0.609379,3.548153,97.226098,0.66707,-15471.44792,21
1.0,-5.0000,4.827000,9.77713e-06,15.206183,0.580854,6.766925,177.151494,16.705227,0.609430,3.549917,97.307652,0.66709,-15498.88416,21
1.0,-5.0000,4.828000,9.77334e-06,15.213309,0.580917,6.770471,177.307947,16.712311,0.609480,3.551680,97.389255,0.66711,-15526.36198,21
1.0,-5.0000,4.829000,9.76957e-06,15.220435,0.580981,6.774017,177.464498,16.719396,0.609530,3.553444,97.470908,0.66713,-15553.88143,21
1.0,-5.0000,4.830000,9.76579e-06,15.227563,0.581045,6.777565,177.621147,16.726483,0.609580,3.555209,97.552610,0.66715,-15581.44256,21
1.0,-5.0000,4.831000,9.76201e-06,15.234692,0.581108,6.781113,177.777894,16.733570,0.609630,3.556973,97.634362,0.66717,-15609.04544,21
1.0,-5.0000,4.832000,9.75824e-06,15.241822,0.581172,6.784661,177.934738,16.740659,0.609680,3.558739,97.716163,0.66718,-15636.69010,21
1.0,-5.0000,4.833000,9.75447e-06,15.248953,0.581235,6.788211,178.091680,16.747749,0.609730,3.560504,97.798014,0.66720,-15664.37662,21
1.0,-5.0000,4.834000,9.75070e-06,15.256086,0.581298,6.791761,178.248720,16.754840,0.609780,3.562270,97.879914,0.66722,-15692.10503,21
1.0,-5.0000,4.835000,9.74693e-06,15.263219,0.581362,6.795311,178.405858,16.761932,0.609830,3.564036,97.961864,0.66724,-15719.87539,21
1.0,-5.0000,4.836000,9.74317e-06,15.270354,0.581425,6.798863,178.563093,16.769026,0.609880,3.565802,98.043864,0.66726,-15747.68776,21
1.0,-5.0000,4.837000,9.73940e-06,15.277490,0.581488,6.802415,178.720427,16.776120,0.609930,3.567569,98.125913,0.66728,-15775.54219,21
1.0,-5.0000,4.838000,9.73564e-06,15.284627,0.581551,6.805967,178.877858,16.783216,0.609980,3.569336,98.208012,0.66729,-15803.43874,21
1.0,-5.0000,4.839000,9.73188e-06,15.291766,0.581615,6.809521,179.035388,16.790313,0.610030,3.571104,98.290161,0.66731,-15831.37745,21
1.0,-5.0000,4.840000,9.72813e-06,15.298905,0.581678,6.813075,179.193015,16.797411,0.610080,3.572872,98.372360,0.66733,-15859.35838,21
1.0,-5.0000,4.841000,9.72437e-06,15.306046,0.581741,6.816630,179.350741,16.804511,0.610130,3.574640,98.454608,0.66735,-15887.38158,21
1.0,-5.0000,4.842000,9.72062e-06,15.313188,0.581804,6.820185,179.508565,16.811611,0.610179,3.576409,98.536906,0.66737,-15915.44712,21
1.0,-5.0000,4.843000,9.71687e-06,15.320330,0.581867,6.823741,179.666487,16.818713,0.610229,3.578178,98.619254,0.66739,-15943.55504,21
1.0,-5.0000,4.844000,9.71312e-06,15.327475,0.581930,6.827298,179.824507,16.825816,0.610279,3.579947,98.701651,0.66740,-15971.70539,21
1.0,-5.0000,4.845000,9.70938e-06,15.334620,0.581993,6.830856,179.982626,16.832920,0.610328,3.581716,98.784098,0.66742,-15999.89823,21
1.0,-5.0000,4.846000,9.70563e-06,15.341766,0.582056,6.834414,180.140842,16.840026,0.610378,3.583486,98.866596,0.66744,-16028.13362,21
1.0,-5.0000,4.847000,9.70189e-06,15.348914,0.582118,6.837973,180.299158,16.847132,0.610428,3.585257,98.949143,0.66746,-16056.41161,21
1.0,-5.0000,4.848000,9.69815e-06,15.356063,0.582181,6.841533,180.457571,16.854240,0.610477,3.587027,99.031740,0.66748,-16084.73224,21
1.0,-5.0000,4.849000,9.69441e-06,15.363213,0.582244,6.845093,180.616083,16.861349,0.610527,3.588798,99.114387,0.66750,-16113.09559,21
1.0,-5.0000,4.850000,9.69068e-06,15.370364,0.582307,6.848654,180.774694,16.868459,0.610576,3.590570,99.197083,0.66751,-16141.50170,21
1.0,-5.0000,4.851000,9.68694e-06,15.377516,0.582369,6.852215,180.933403,16.875571,0.610626,3.592341,99.279830,0.66753,-16169.95062,21
1.0,-5.0000,4.852000,9.68321e-06,15.384670,0.582432,6.855778,181.092210,16.882683,0.610675,3.594113,99.362627,0.66755,-16198.44242,21
1.0,-5.0000,4.853000,9.67948e-06,15.391824,0.582494,6.859341,181.251116,16.889797,0.610724,3.595886,99.445474,0.66757,-16226.97713,21
1.0,-5.0000,4.854000,9.67575e-06,15.398980,0.582557,6.862904,181.410121,16.896912,0.610774,3.597659,99.528370,0.66759,-16255.55483,21
1.0,-5.0000,4.855000,9.67203e-06,15.406137,0.582619,6.866469,181.569224,16.904028,0.610823,3.599432,99.611317,0.66761,-16284.17556,21
1.0,-5.0000,4.856000,9.66830e-06,15.413296,0.582682,6.870034,181.728426,16.911145,0.610872,3.601205,99.694314,0.66762,-16312.83938,21
1.0,-5.0000,4.857000,9.66458e-06,15.420455,0.582744,6.873600,181.887727,16.918264,0.610922,3.602979,99.777361,0.66764,-16341.54634,21
1.0,-5.0000,4.858000,9.66086e-06,15.427615,0.582807,6.877166,182.047127,16.925384,0.610971,3.604753,99.860458,0.66766,-16370.29650,21
1.0,-5.0000,4.859000,9.65715e-06,15.434777,0.582869,6.880733,182.206626,16.932505,0.611020,3.606527,99.943605,0.66768,-16399.08992,21
1.0,-5.0000,4.860000,9.65343e-06,15.441940,0.582931,6.884301,182.366223,16.939627,0.611069,3.608302,100.026802,0.66770,-16427.92664,21
1.0,-5.0000,4.861000,9.64972e-06,15.449104,0.582993,6.887869,182.525919,16.946750,0.611118,3.610077,100.110049,0.66771,-16456.80672,21
1.0,-5.0000,4.862000,9.64601e-06,15.456269,0.583056,6.891438,182.685715,16.953875,0.611167,3.611853,100.193347,0.66773,-16485.73022,21
1.0,-5.0000,4.863000,9.64230e-06,15.463436,0.583118,6.895008,182.845609,16.961000,0.611216,3.613629,100.276694,0.66775,-16514.69720,21
1.0,-5.0000,4.864000,9.63859e-06,15.470603,0.583180,6.898579,183.005602,16.968127,0.611265,3.615405,100.360092,0.66777,-16543.70770,21
1.0,-5.0000,4.865000,9.63489e-06,15.477772,0.583242,6.902150,183.165695,16.975255,0.611314,3.617181,100.443540,0.66779,-16572.76178,21
1.0,-5.0000,4.866000,9.63118e-06,15.484942,0.583304,6.905722,183.325886,16.982385,0.611363,3.618958,100.527039,0.66781,-16601.85950,21
1.0,-5.0000,4.867000,9.62748e-06,15.492113,0.583366,6.909295,183.486177,16.989515,0.611412,3.620736,100.610587,0.66782,-16631.00092,21
1.0,-5.0000,4.868000,9.62378e-06,15.499285,0.583428,6.912868,183.646567,16.996647,0.611461,3.622513,100.694186,0.66784,-16660.18608,21
1.0,-5.0000,4.869000,9.62009e-06,15.506459,0.583490,6.916442,183.807056,17.003780,0.611510,3.624291,100.777836,0.66786,-16689.41505,21
1.0,-5.0000,4.870000,9.61639e-06,15.513633,0.583552,6.920016,183.967645,17.010914,0.611559,3.626069,100.861535,0.66788,-16718.68788,21
1.0,-5.0000,4.871000,9.61270e-06,15.520809,0.583613,6.923592,184.128332,17.018049,0.611608,3.627848,100.945285,0.66790,-16748.00462,21
1.0,-5.0000,4.872000,9.60901e-06,15.527986,0.583675,6.927168,184.289120,17.025186,0.611656,3.629627,101.029086,0.66791,-16777.36534,21
1.0,-5.0000,4.873000,9.60532e-06,15.535164,0.583737,6.930744,184.450006,17.032323,0.611705,3.631406,101.112936,0.66793,-16806.77008,21
1.0,-5.0000,4.874000,9.60163e-06,15.542343,0.583798,6.934322,184.610992,17.039462,0.611754,3.633186,101.196837,0.66795,-16836.21890,21
1.0,-5.0000,4.875000,9.59795e-06,15.549524,0.583860,6.937900,184.772078,17.046602,0.611802,3.634966,101.280789,0.66797,-16865.71186,21
1.0,-5.0000,4.876000,9.59427e-06,15.556706,0.583922,6.941479,184.933263,17.053744,0.611851,3.636746,101.364791,0.66799,-16895.24901,21
1.0,-5.0000,4.877000,9.59059e-06,15.563888,0.583983,6.945058,185.094548,17.060886,0.611899,3.638527,101.448844,0.66800,-16924.83042,21
1.0,-5.0000,4.878000,9.58691e-06,15.571073,0.584045,6.948638,185.255932,17.068030,0.611948,3.640308,101.532947,0.66802,-16954.45612,21
1.0,-5.0000,4.879000,9.58323e-06,15.578258,0.584106,6.952219,185.417416,17.075175,0.611997,3.642090,101.617100,0.66804,-16984.12619,21
1.0,-5.0000,4.880000,9.57956e-06,15.585444,0.584168,6.955800,185.579000,17.082321,0.612045,3.643871,101.701304,0.66806,-17013.84068,21
1.0,-5.0000,4.881000,9.57589e-06,15.592632,0.584229,6.959383,185.740683,17.089468,0.612093,3.645653,101.785559,0.66808,-17043.59964,21
1.0,-5.0000,4.882000,9.57221e-06,15.599820,0.584290,6.962965,185.902466,17.096616,0.612142,3.647436,101.869864,0.66809,-17073.40313,21
1.0,-5.0000,4.883000,9.56855e-06,15.607010,0.584352,6.966549,186.064349,17.103766,0.612190,3.649219,101.954220,0.66811,-17103.25121,21
1.0,-5.0000,4.884000,9.56488e-06,15.614201,0.584413,6.970133,186.226332,17.110917,0.612239,3.651002,102.038627,0.66813,-17133.14393,21
1.0,-5.0000,4.885000,9.56122e-06,15.621394,0.584474,6.973718,186.388415,17.118069,0.612287,3.652785,102.123084,0.66815,-17163.08134,21
1.0,-5.0000,4.886000,9.55755e-06,15.628587,0.584535,6.977304,186.550598,17.125222,0.612335,3.654569,102.207592,0.66817,-17193.06352,21
1.0,-5.0000,4.887000,9.55389e-06,15.635782,0.584596,6.980890,186.712881,17.132377,0.612383,3.656353,102.292150,0.66818,-17223.09050,21
1.0,-5.0000,4.888000,9.55024e-06,15.642977,0.584657,6.984477,186.875258,17.139532,0.612432,3.658138,102.376757,0.66820,-17253.16134,18
1.0,-5.0000,4.889000,9.54658e-06,15.650174,0.584718,6.988064,187.037741,17.146689,0.612480,3.659923,102.461417,0.66822,-17283.27812,18
1.0,-5.0000,4.890000,9.54293e-06,15.657372,0.584779,6.991653,187.200324,17.153847,0.612528,3.661708,102.546127,0.66824,-17313.43988,18
1.0,-5.0000,4.891000,9.53927e-06,15.664571,0.584840,6.995242,187.363007,17.161006,0.612576,3.663493,102.630889,0.66825,-17343.64668,18
1.0,-5.0000,4.892000,9.53562e-06,15.671772,0.584901,6.998831,187.525791,17.168167,0.612624,3.665279,102.715701,0.66827,-17373.89857,18
1.0,-5.0000,4.893000,9.53198e-06,15.678974,0.584962,7.002422,187.688674,17.175329,0.612672,3.667066,102.800564,0.66829,-17404.19562,18
1.0,-5.0000,4.894000,9.52833e-06,15.686177,0.585023,7.006013,187.851658,17.182492,0.612720,3.668852,102.885478,0.66831,-17434.53787,18
1.0,-5.0000,4.895000,9.52469e-06,15.693381,0.585084,7.009605,188.014743,17.189656,0.612768,3.670639,102.970443,0.66833,-17464.92539,18
1.0,-5.0000,4.896000,9.52104e-06,15.700586,0.585145,7.013197,188.177927,17.196821,0.612816,3.672426,103.055458,0.66834,-17495.35823,18
1.0,-5.0000,4.897000,9.51740e-06,15.707792,0.585205,7.016790,188.341212,17.203988,0.612864,3.674214,103.140525,0.66836,-17525.83644,18
1.0,-5.0000,4.898000,9.51377e-06,15.715000,0.585266,7.020384,188.504598,17.211155,0.612912,3.676002,103.225642,0.66838,-17556.36010,18
1.0,-5.0000,4.899000,9.51013e-06,15.722209,0.585327,7.023978,188.668084,17.218324,0.612960,3.677790,103.310811,0.66840,-17586.92925,18
1.0,-5.0000,4.900000,9.50650e-06,15.729419,0.585387,7.027574,188.831670,17.225494,0.613008,3.679579,103.396030,0.66842,-17617.54395,18
1.0,-5.0000,4.901000,9.50286e-06,15.736630,0.585448,7.031170,188.995357,17.232666,0.613056,3.681368,103.481300,0.66843,-17648.20425,18
1.0,-5.0000,4.902000,9.49923e-06,15.743842,0.585508,7.034766,189.159150,17.239839,0.613103,3.683158,103.566624,0.66845,-17678.91118,21
1.0,-5.0000,4.903000,9.49561e-06,15.751056,0.585569,7.038364,189.323039,17.247012,0.613151,3.684947,103.651997,0.66847,-17709.66287,21
1.0,-5.0000,4.904000,9.49198e-06,15.758271,0.585629,7.041962,189.487028,17.254187,0.613199,3.686738,103.737420,0.66849,-17740.46034,21
1.0,-5.0000,4.905000,9.48836e-06,15.765487,0.585690,7.045560,189.651117,17.261364,0.613246,3.688528,103.822894,0.66850,-17771.30364,21
1.0,-5.0000,4.906000,9.48473e-06,15.772704,0.585750,7.049159,189.815308,17.268541,0.613294,3.690319,103.908420,0.66852,-17802.19285,21
1.0,-5.0000,4.907000,9.48111e-06,15.779922,0.585810,7.052759,189.979599,17.275720,0.613342,3.692110,103.993997,0.66854,-17833.12800,21
1.0,-5.0000,4.908000,9.47750e-06,15.787141,0.585870,7.056360,190.143992,17.282899,0.613389,3.693901,104.079624,0.66856,-17864.10917,21
1.0,-5.0000,4.909000,9.47388e-06,15.794362,0.585931,7.059961,190.308485,17.290080,0.613437,3.695693,104.165303,0.66858,-17895.13640,21
1.0,-5.0000,4.910000,9.47026e-06,15.801584,0.585991,7.063564,190.473079,17.297262,0.613484,3.697485,104.251033,0.66859,-17926.20976,21
1.0,-5.0000,4.911000,9.46665e-06,15.808807,0.586051,7.067166,190.637774,17.304446,0.613532,3.699278,104.336814,0.66861,-17957.32931,21
1.0,-5.0000,4.912000,9.46304e-06,15.816031,0.586111,7.070770,190.802570,17.311630,0.613579,3.701071,104.422647,0.66863,-17988.49510,21
1.0,-5.0000,4.913000,9.45943e-06,15.823256,0.586171,7.074374,190.967467,17.318816,0.613627,3.702864,104.508530,0.66865,-18019.70718,21
1.0,-5.0000,4.914000,9.45583e-06,15.830483,0.586231,7.077979,191.132466,17.326003,0.613674,3.704658,104.594465,0.66866,-18050.96563,21
1.0,-5.0000,4.915000,9.45222e-06,15.837710,0.586291,7.081584,191.297565,17.333191,0.613721,3.706451,104.680452,0.66868,-18082.27049,21
1.0,-5.0000,4.916000,9.44862e-06,15.844939,0.586351,7.085190,191.462766,17.340381,0.613769,3.708246,104.766489,0.66870,-18113.62182,21
1.0,-5.0000,4.917000,9.44502e-06,15.852169,0.586411,7.088797,191.628068,17.347572,0.613816,3.710040,104.852578,0.66872,-18145.01969,21
1.0,-5.0000,4.918000,9.44142e-06,15.859400,0.586471,7.092405,191.793471,17.354763,0.613863,3.711835,104.938718,0.66873,-18176.46414,21
1.0,-5.0000,4.919000,9.43783e-06,15.866633,0.586531,7.096013,191.958976,17.361956,0.613910,3.713631,105.024909,0.66875,-18207.95525,21
1.0,-5.0000,4.920000,9.43423e-06,15.873867,0.586590,7.099622,192.124581,17.369151,0.613958,3.715426,105.111152,0.66877,-18239.49306,21
1.0,-5.0000,4.921000,9.43064e-06,15.881101,0.586650,7.103231,192.290289,17.376346,0.614005,3.717222,105.197446,0.66879,-18271.07764,21
1.0,-5.0000,4.922000,9.42705e-06,15.888337,0.586710,7.106842,192.456098,17.383543,0.614052,3.719019,105.283792,0.66880,-18302.70905,21
1.0,-5.0000,4.923000,9.42346e-06,15.895575,0.586770,7.110453,192.622008,17.390741,0.614099,3.720815,105.370189,0.66882,-18334.38734,21
1.0,-5.0000,4.924000,9.41988e-06,15.902813,0.586829,7.114064,192.788020,17.397940,0.614146,3.722612,105.456638,0.66884,-18366.11257,21
1.0,-5.0000,4.925000,9.41629e-06,15.910052,0.586889,7.117677,192.954133,17.405140,0.614193,3.724410,105.543138,0.66886,-18397.88479,21
1.0,-5.0000,4.926000,9.41271e-06,15.917293,0.586948,7.121290,193.120348,17.412342,0.614240,3.726207,105.629689,0.66887,-18429.70408,21
1.0,-5.0000,4.927000,9.40913e-06,15.924535,0.587008,7.124903,193.286664,17.419544,0.614287,3.728006,105.716292,0.66889,-18461.57049,21
1.0,-5.0000,4.928000,9.40555e-06,15.931778,0.587067,7.128518,193.453083,17.426748,0.614334,3.729804,105.802947,0.66891,-18493.48408,21
1.0,-5.0000,4.929000,9.40197e-06,15.939023,0.587127,7.132133,193.619603,17.433953,0.614381,3.731603,105.889653,0.66893,-18525.44490,21
1.0,-5.0000,4.930000,9.39840e-06,15.946268,0.587186,7.135749,193.786225,17.441160,0.614428,3.733402,105.976411,0.66894,-18557.45301,21
1.0,-5.0000,4.931000,9.39483e-06,15.953515,0.587245,7.139365,193.952948,17.448367,0.614475,3.735201,106.063220,0.66896,-18589.50848,21
1.0,-5.0000,4.932000,9.39126e-06,15.960763,0.587305,7.142982,194.119774,17.455576,0.614522,3.737001,106.150081,0.66898,-18621.61136,21
1.0,-5.0000,4.933000,9.38769e-06,15.968012,0.587364,7.146600,194.286701,17.462786,0.614568,3.738801,106.236993,0.66900,-18653.76172,21
1.0,-5.0000,4.934000,9.38412e-06,15.975262,0.587423,7.150218,194.453731,17.469997,0.614615,3.740602,106.323958,0.66901,-18685.95960,21
1.0,-5.0000,4.935000,9.38056e-06,15.982513,0.587482,7.153838,194.620862,17.477210,0.614662,3.742403,106.410974,0.66903,-18718.20508,21
1.0,-5.0000,4.936000,9.37699e-06,15.989766,0.587541,7.157458,194.788095,17.484423,0.614708,3.744204,106.498041,0.66905,-18750.49821,21
1.0,-5.0000,4.937000,9.37343e-06,15.997020,0.587600,7.161078,194.955431,17.491638,0.614755,3.746006,106.585161,0.66907,-18782.83905,21
1.0,-5.0000,4.938000,9.36987e-06,16.004275,0.587660,7.164699,195.122869,17.498854,0.614802,3.747807,106.672332,0.66908,-18815.22765,21
1.0,-5.0000,4.939000,9.36632e-06,16.011531,0.587719,7.168321,195.290408,17.506071,0.614848,3.749610,106.759555,0.66910,-18847.66409,21
1.0,-5.0000,4.940000,9.36276e-06,16.018788,0.587778,7.171944,195.458050,17.513290,0.614895,3.751412,106.846829,0.66912,-18880.14841,21
1.0,-5.0000,4.941000,9.35921e-06,16.026047,0.587836,7.175567,195.625794,17.520509,0.614941,3.753215,106.934156,0.66914,-18912.68069,21
1.0,-5.0000,4.942000,9.35566e-06,16.033307,0.587895,7.179191,195.793641,17.527730,0.614988,3.755019,107.021534,0.66915,-18945.26097,21
1.0,-5.0000,4.943000,9.35211e-06,16.040567,0.587954,7.182816,195.961590,17.534952,0.615034,3.756822,107.108964,0.66917,-18977.88931,21
1.0,-5.0000,4.944000,9.34856e-06,16.047830,0.588013,7.186441,196.129641,17.542176,0.615081,3.758626,107.196446,0.66919,-19010.56579,21
1.0,-5.0000,4.945000,9.34501e-06,16.055093,0.588072,7.190067,196.297794,17.549400,0.615127,3.760431,107.283980,0.66921,-19043.29045,21
1.0,-5.0000,4.946000,9.34147e-06,16.062358,0.588131,7.193694,196.466051,17.556626,0.615174,3.762235,107.371567,0.66922,-19076.06357,20
1.0,-5.0000,4.947000,9.33793e-06,16.069623,0.588189,7.197322,196.634410,17.563853,0.615220,3.764040,107.459204,0.66924,-19108.88479,20
1.0,-5.0000,4.948000,9.33439e-06,16.076890,0.588248,7.200950,196.802871,17.571081,0.615266,3.765846,107.546894,0.66926,-19141.75437,20
1.0,-5.0000,4.949000,9.33085e-06,16.084158,0.588307,7.204579,196.971435,17.578310,0.615313,3.767651,107.634636,0.66928,-19174.67239,20
1.0,-5.0000,4.950000,9.32732e-06,16.091427,0.588365,7.208208,197.140101,17.585541,0.615359,3.769458,107.722430,0.66929,-19207.63889,20
1.0,-5.0000,4.951000,9.32378e-06,16.098698,0.588424,7.211838,197.308870,17.592773,0.615405,3.771264,107.810275,0.66931,-19240.65395,20
1.0,-5.0000,4.952000,9.32025e-06,16.105970,0.588482,7.215469,197.477741,17.600006,0.615451,3.773071,107.898173,0.66933,-19273.71761,20
1.0,-5.0000,4.953000,9.31672e-06,16.113242,0.588541,7.219101,197.646716,17.607240,0.615497,3.774878,107.986123,0.66935,-19306.82994,20
1.0,-5.0000,4.954000,9.31319e-06,16.120516,0.588599,7.222733,197.815793,17.614475,0.615544,3.776685,108.074125,0.66936,-19339.99100,20
1.0,-5.0000,4.955000,9.30967e-06,16.127792,0.588657,7.226366,197.984973,17.621712,0.615590,3.778493,108.162179,0.66938,-19373.20085,20
1.0,-5.0000,4.956000,9.30614e-06,16.135068,0.588716,7.230000,198.154256,17.628950,0.615636,3.780301,108.250285,0.66940,-19406.45955,20
1.0,-5.0000,4.957000,9.30262e-06,16.142346,0.588774,7.233634,198.323641,17.636189,0.615682,3.782110,108.338443,0.66941,-19439.76717,20
1.0,-5.0000,4.958000,9.29910e-06,16.149625,0.588832,7.237269,198.493130,17.643429,0.615728,3.783919,108.426654,0.66943,-19473.12375,20
1.0,-5.0000,4.959000,9.29558e-06,16.156905,0.588891,7.240905,198.662722,17.650671,0.615774,3.785728,108.514916,0.66945,-19506.52937,20
1.0,-5.0000,4.960000,9.29207e-06,16.164186,0.588949,7.244541,198.832416,17.657914,0.615820,3.787538,108.603231,0.66947,-19539.98409,20
1.0,-5.0000,4.961000,9.28855e-06,16.171468,0.589007,7.248178,199.002214,17.665157,0.615866,3.789347,108.691598,0.66948,-19573.48796,20
1.0,-5.0000,4.962000,9.28504e-06,16.178752,0.589065,7.251816,199.172115,17.672403,0.615912,3.791158,108.780018,0.66950,-19607.04104,20
1.0,-5.0000,4.963000,9.28153e-06,16.186037,0.589123,7.255454,199.342119,17.679649,0.615957,3.792968,108.868489,0.66952,-19640.64340,20
1.0,-5.0000,4.964000,9.27802e-06,16.193323,0.589181,7.259094,199.512227,17.686897,0.616003,3.794779,108.957013,0.66953,-19674.29510,20
1.0,-5.0000,4.965000,9.27451e-06,16.200610,0.589239,7.262733,199.682437,17.694145,0.616049,3.796591,109.045590,0.66955,-19707.99620,20
1.0,-5.0000,4.966000,9.27101e-06,16.207898,0.589297,7.266374,199.852751,17.701395,0.616095,3.798402,109.134218,0.66957,-19741.74676,20
1.0,-5.0000,4.967000,9.26750e-06,16.215188,0.589355,7.270015,200.023168,17.708647,0.616140,3.800214,109.222899,0.66959,-19775.54685,20
1.0,-5.0000,4.968000,9.26400e-06,16.222478,0.589413,7.273657,200.193689,17.715899,0.616186,3.802027,109.311632,0.66960,-19809.39651,20
1.0,-5.0000,4.969000,9.26050e-06,16.229770,0.589471,7.277300,200.364313,17.723153,0.616232,3.803839,109.400418,0.66962,-19843.29582,20
1.0,-5.0000,4.970000,9.25701e-06,16.237063,0.589529,7.280943,200.535040,17.730408,0.616278,3.805652,109.489256,0.66964,-19877.24484,20
1.0,-5.0000,4.971000,9.25351e-06,16.244358,0.589586,7.284587,200.705871,17.737664,0.616323,3.807466,109.578147,0.66966,-19911.24363,20
1.0,-5.0000,4.972000,9.25002e-06,16.251653,0.589644,7.288231,200.876805,17.744921,0.616369,3.809280,109.667090,0.66967,-19945.29224,20
1.0,-5.0000,4.973000,9.24653e-06,16.258950,0.589702,7.291877,201.047843,17.752180,0.616414,3.811094,109.756085,0.66969,-19979.39075,20
1.0,-5.0000,4.974000,9.24304e-06,16.266248,0.589759,7.295523,201.218985,17.759439,0.616460,3.812908,109.845133,0.66971,-20013.53920,20
1.0,-5.0000,4.975000,9.23955e-06,16.273547,0.589817,7.299169,201.390230,17.766700,0.616505,3.814723,109.934234,0.66972,-20047.73768,20
1.0,-5.0000,4.976000,9.23606e-06,16.280847,0.589875,7.302817,201.561579,17.773962,0.616551,3.816538,110.023387,0.66974,-20081.98623,20
1.0,-5.0000,4.977000,9.23258e-06,16.288149,0.589932,7.306465,201.733032,17.781226,0.616596,3.818353,110.112592,0.66976,-20116.28491,20
1.0,-5.0000,4.978000,9.22910e-06,16.295452,0.589990,7.310114,201.904589,17.788490,0.616642,3.820169,110.201851,0.66977,-20150.63380,20
1.0,-5.0000,4.979000,9.22562e-06,16.302755,0.590047,7.313763,202.076249,17.795756,0.616687,3.821986,110.291162,0.66979,-20185.03295,20
1.0,-5.0000,4.980000,9.22214e-06,16.310061,0.590104,7.317413,202.248013,17.803023,0.616732,3.823802,110.380525,0.66981,-20219.48243,20
1.0,-5.0000,4.981000,9.21866e-06,16.317367,0.590162,7.321064,202.419882,17.810292,0.616778,3.825619,110.469941,0.66983,-20253.98229,20
1.0,-5.0000,4.982000,9.21519e-06,16.324674,0.590219,7.324716,202.591854,17.817561,0.616823,3.827436,110.559410,0.66984,-20288.53261,20
1.0,-5.0000,4.983000,9.21172e-06,16.331983,0.590276,7.328368,202.763930,17.824832,0.616868,3.829254,110.648931,0.66986,-20323.13343,20
1.0,-5.0000,4.984000,9.20825e-06,16.339293,0.590334,7.332021,202.936110,17.832104,0.616913,3.831072,110.738506,0.66988,-20357.78483,20
1.0,-5.0000,4.985000,9.20478e-06,16.346604,0.590391,7.335674,203.108394,17.839377,0.616959,3.832890,110.828132,0.66989,-20392.48686,20
1.0,-5.0000,4.986000,9.20131e-06,16.353916,0.590448,7.339328,203.280783,17.846651,0.617004,3.834709,110.917812,0.66991,-20427.23959,20
1.0,-5.0000,4.987000,9.19784e-06,16.361230,0.590505,7.342983,203.453276,17.853927,0.617049,3.836528,111.007545,0.66993,-20462.04309,20
1.0,-5.0000,4.988000,9.19438e-06,16.368544,0.590562,7.346639,203.625871,17.861204,0.617094,3.838347,111.097329,0.66995,-20496.89717,21
1.0,-5.0000,4.989000,9.19092e-06,16.375860,0.590619,7.350295,203.798573,17.868482,0.617139,3.840167,111.187168,0.66996,-20531.80238,21
1.0,-5.0000,4.990000,9.18746e-06,16.383177,0.590677,7.353952,203.971378,17.875761,0.617184,3.841987,111.277058,0.66998,-20566.75853,21
1.0,-5.0000,4.991000,9.18400e-06,16.390496,0.590734,7.357610,204.144288,17.883041,0.617229,3.843807,111.367002,0.67000,-20601.76570,21
1.0,-5.0000,4.992000,9.18055e-06,16.397815,0.590790,7.361268,204.317302,17.890323,0.617274,3.845628,111.456999,0.67001,-20636.82394,21
1.0,-5.0000,4.993000,9.17709e-06,16.405136,0.590847,7.364928,204.490420,17.897606,0.617319,3.847449,111.547048,0.67003,-20671.93332,21
1.0,-5.0000,4.994000,9.17364e-06,16.412458,0.590904,7.368587,204.663643,17.904890,0.617364,3.849270,111.637151,0.67005,-20707.09390,21
1.0,-5.0000,4.995000,9.17019e-06,16.419781,0.590961,7.372248,204.836971,17.912175,0.617409,3.851092,111.727306,0.67006,-20742.30574,21
1.0,-5.0000,4.996000,9.16674e-06,16.427105,0.591018,7.375909,205.010403,17.919462,0.617454,3.852914,111.817515,0.67008,-20777.56891,21
1.0,-5.0000,4.997000,9.16330e-06,16.434431,0.591075,7.379571,205.183940,17.926750,0.617499,3.854736,111.907776,0.67010,-20812.88347,21
1.0,-5.0000,4.998000,9.15985e-06,16.441757,0.591131,7.383233,205.357581,17.934039,0.617543,3.856559,111.998091,0.67011,-20848.24949,21
1.0,-5.0000,4.999000,9.15641e-06,16.449085,0.591188,7.386896,205.531327,17.941329,0.617588,3.858382,112.088458,0.67013,-20883.66702,21
1.0,-5.0000,5.000000,9.15297e-06,16.456414,0.591245,7.390560,205.705178,17.948621,0.617633,3.860206,112.178879,0.67015,-20919.13614,21
1.0,-5.0000,5.001000,9.14953e-06,16.463744,0.591301,7.394225,205.879133,17.955913,0.617678,3.862030,112.269352,0.67017,-20954.65690,21
1.0,-5.0000,5.002000,9.14609e-06,16.471076,0.591358,7.397890,206.053193,17.963207,0.617722,3.863854,112.359879,0.67018,-20990.22936,21
1.0,-5.0000,5.003000,9.14266e-06,16.478409,0.591415,7.401556,206.227358,17.970502,0.617767,3.865679,112.450459,0.67020,-21025.85360,21
1.0,-5.0000,5.004000,9.13923e-06,16.485743,0.591471,7.405223,206.401628,17.977799,0.617812,3.867503,112.541091,0.67022,-21061.52967,21
1.0,-5.0000,5.005000,9.13579e-06,16.493078,0.591528,7.408890,206.576003,17.985096,0.617856,3.869329,112.631778,0.67023,-21097.25764,21
1.0,-5.0000,5.006000,9.13237e-06,16.500414,0.591584,7.412558,206.750483,17.992395,0.617901,3.871154,112.722517,0.67025,-21133.03757,21
1.0,-5.0000,5.007000,9.12894e-06,16.507751,0.591640,7.416227,206.925068,17.999695,0.617945,3.872980,112.813309,0.67027,-21168.86953,21
1.0,-5.0000,5.008000,9.12551e-06,16.515090,0.591697,7.419896,207.099758,18.006996,0.617990,3.874807,112.904155,0.67028,-21204.75358,21
1.0,-5.0000,5.009000,9.12209e-06,16.522430,0.591753,7.423567,207.274553,18.014299,0.618034,3.876633,112.995054,0.67030,-21240.68978,21
1.0,-5.0000,5.010000,9.11867e-06,16.529771,0.591809,7.427237,207.449454,18.021602,0.618079,3.878460,113.086006,0.67032,-21276.67821,21
1.0,-5.0000,5.011000,9.11525e-06,16.537113,0.591866,7.430909,207.624459,18.028907,0.618123,3.880287,113.177011,0.67033,-21312.71891,21
1.0,-5.0000,5.012000,9.11183e-06,16.544457,0.591922,7.434581,207.799570,18.036214,0.618168,3.882115,113.268070,0.67035,-21348.81196,21
1.0,-5.0000,5.013000,9.10841e-06,16.551802,0.591978,7.438254,207.974786,18.043521,0.618212,3.883943,113.359182,0.67037,-21384.95742,21
1.0,-5.0000,5.014000,9.10500e-06,16.559148,0.592034,7.441927,208.150107,18.050829,0.618256,3.885772,113.450348,0.67038,-21421.15536,21
1.0,-5.0000,5.015000,9.10158e-06,16.566495,0.592090,7.445602,208.325534,18.058139,0.618301,3.887600,113.541567,0.67040,-21457.40583,21
1.0,-5.0000,5.016000,9.09817e-06,16.573843,0.592146,7.449277,208.501066,18.065450,0.618345,3.889429,113.632839,0.67042,-21493.70891,21
1.0,-5.0000,5.017000,9.09476e-06,16.581192,0.592202,7.452952,208.676703,18.072763,0.618389,3.891259,113.724164,0.67043,-21530.06466,21
1.0,-5.0000,5.018000,9.09136e-06,16.588543,0.592258,7.456628,208.852446,18.080076,0.618433,3.893089,113.815543,0.67045,-21566.47314,21
1.0,-5.0000,5.019000,9.08795e-06,16.595895,0.592314,7.460305,209.028294,18.087391,0.618478,3.894919,113.906976,0.67047,-21602.93442,21
1.0,-5.0000,5.020000,9.08455e-06,16.603248,0.592370,7.463983,209.204249,18.094707,0.618522,3.896749,113.998462,0.67048,-21639.44856,21
1.0,-5.0000,5.021000,9.08115e-06,16.610603,0.592426,7.467662,209.380308,18.102024,0.618566,3.898580,114.090001,0.67050,-21676.01563,21
1.0,-5.0000,5.022000,9.07775e-06,16.617958,0.592482,7.471341,209.556473,18.109342,0.618610,3.900411,114.181594,0.67052,-21712.63569,21
1.0,-5.0000,5.023000,9.07435e-06,16.625315,0.592538,7.475020,209.732744,18.116662,0.618654,3.902243,114.273241,0.67053,-21749.30880,21
1.0,-5.0000,5.024000,9.07095e-06,16.632673,0.592594,7.478701,209.909121,18.123983,0.618698,3.904075,114.364941,0.67055,-21786.03504,21
1.0,-5.0000,5.025000,9.06756e-06,16.640032,0.592649,7.482382,210.085604,18.131305,0.618742,3.905907,114.456695,0.67057,-21822.81447,21
1.0,-5.0000,5.026000,9.06417e-06,16.647392,0.592705,7.486064,210.262192,18.138628,0.618786,3.907739,114.548502,0.67058,-21859.64714,21
1.0,-5.0000,5.027000,9.06077e-06,16.654754,0.592761,7.489746,210.438886,18.145953,0.618830,3.909572,114.640363,0.67060,-21896.53314,21
1.0,-5.0000,5.028000,9.05739e-06,16.662117,0.592816,7.493429,210.615686,18.153278,0.618874,3.911406,114.732278,0.67062,-21933.47251,21
1.0,-5.0000,5.029000,9.05400e-06,16.669481,0.592872,7.497113,210.792593,18.160605,0.618918,3.913239,114.824246,0.67063,-21970.46534,21
1.0,-5.0000,5.030000,9.05061e-06,16.676846,0.592927,7.500798,210.969605,18.167934,0.618962,3.915073,114.916268,0.67065,-22007.51168,21
1.0,-5.0000,5.031000,9.04723e-06,16.684212,0.592983,7.504483,211.146723,18.175263,0.619006,3.916908,115.008343,0.67067,-22044.61159,21
1.0,-5.0000,5.032000,9.04385e-06,16.691580,0.593038,7.508169,211.323947,18.182594,0.619050,3.918742,115.100473,0.67068,-22081.76515,21
1.0,-5.0000,5.033000,9.04047e-06,16.698949,0.593094,7.511856,211.501277,18.189926,0.619093,3.920577,115.192656,0.67070,-22118.97242,21
1.0,-5.0000,5.034000,9.03709e-06,16.706319,0.593149,7.515543,211.678714,18.197259,0.619137,3.922413,115.284893,0.67072,-22156.23346,21
1.0,-5.0000,5.035000,9.03372e-06,16.713690,0.593205,7.519231,211.856256,18.204593,0.619181,3.924248,115.377183,0.67073,-22193.54835,21
1.0,-5.0000,5.036000,9.03034e-06,16.721062,0.593260,7.522920,212.033905,18.211929,0.619225,3.926084,115.469528,0.67075,-22230.91714,21
1.0,-5.0000,5.037000,9.02697e-06,16.728436,0.593315,7.526609,212.211661,18.219265,0.619268,3.927921,115.561926,0.67077,-22268.33990,21
1.0,-5.0000,5.038000,9.02360e-06,16.735811,0.593370,7.530299,212.389522,18.226603,0.619312,3.929758,115.654378,0.67078,-22305.81670,21
1.0,-5.0000,5.039000,9.02023e-06,16.743187,0.593426,7.533990,212.567490,18.233943,0.619356,3.931595,115.746884,0.67080,-22343.34760,21
1.0,-5.0000,5.040000,9.01686e-06,16.750564,0.593481,7.537682,212.745564,18.241283,0.619399,3.933432,115.839444,0.67082,-22380.93268,21
1.0,-5.0000,5.041000,9.01350e-06,16.757943,0.593536,7.541374,212.923745,18.248625,0.619443,3.935270,115.932058,0.67083,-22418.57199,21
1.0,-5.0000,5.042000,9.01013e-06,16.765322,0.593591,7.545067,213.102033,18.255968,0.619486,3.937108,116.024726,0.67085,-22456.26561,21
1.0,-5.0000,5.043000,9.00677e-06,16.772703,0.593646,7.548760,213.280426,18.263312,0.619530,3.938947,116.117448,0.67087,-22494.01359,21
1.0,-5.0000,5.044000,9.00341e-06,16.780085,0.593701,7.552454,213.458927,18.270657,0.619573,3.940786,116.210224,0.67088,-22531.81601,21
1.0,-5.0000,5.045000,9.00006e-06,16.787469,0.593756,7.556149,213.637534,18.278004,0.619617,3.942625,116.303053,0.67090,-22569.67292,21
1.0,-5.0000,5.046000,8.99670e-06,16.794853,0.593811,7.559845,213.816248,18.285352,0.619660,3.944464,116.395937,0.67092,-22607.58441,21
1.0,-5.0000,5.047000,8.99334e-06,16.802239,0.593866,7.563541,213.995068,18.292701,0.619703,3.946304,116.488875,0.67093,-22645.55053,21
1.0,-5.0000,5.048000,8.98999e-06,16.809626,0.593921,7.567238,214.173996,18.300051,0.619747,3.948144,116.581867,0.67095,-22683.57135,21
1.0,-5.0000,5.049000,8.98664e-06,16.817014,0.593976,7.570936,214.353030,18.307403,0.619790,3.949985,116.674913,0.67097,-22721.64694,21
1.0,-5.0000,5.050000,8.98329e-06,16.824403,0.594031,7.574634,214.532171,18.314756,0.619834,3.951826,116.768013,0.67098,-22759.77736,21
1.0,-5.0000,5.051000,8.97995e-06,16.831794,0.594086,7.578333,214.711418,18.322110,0.619877,3.953667,116.861168,0.67100,-22797.96269,21
1.0,-5.0000,5.052000,8.97660e-06,16.839185,0.594140,7.582033,214.890773,18.329465,0.619920,3.955509,116.954376,0.67102,-22836.20298,21
1.0,-5.0000,5.053000,8.97326e-06,16.846578,0.594195,7.585733,215.070235,18.336821,0.619963,3.957351,117.047639,0.67103,-22874.49830,21
1.0,-5.0000,5.054000,8.96992e-06,16.853973,0.594250,7.589435,215.249803,18.344179,0.620006,3.959193,117.140955,0.67105,-22912.84873,21
1.0,-5.0000,5.055000,8.96658e-06,16.861368,0.594304,7.593136,215.429479,18.351538,0.620050,3.961036,117.234326,0.67106,-22951.25433,21
1.0,-5.0000,5.056000,8.96324e-06,16.868765,0.594359,7.596839,215.609262,18.358898,0.620093,3.962879,117.327752,0.67108,-22989.71516,21
1.0,-5.0000,5.057000,8.95990e-06,16.876162,0.594413,7.600542,215.789152,18.366259,0.620136,3.964722,117.421231,0.67110,-23028.23129,21
1.0,-5.0000,5.058000,8.95657e-06,16.883561,0.594468,7.604246,215.969149,18.373622,0.620179,3.966566,117.514765,0.67111,-23066.80280,21
1.0,-5.0000,5.059000,8.95323e-06,16.890962,0.594523,7.607951,216.149254,18.380986,0.620222,3.968410,117.608353,0.67113,-23105.42974,21
1.0,-5.0000,5.060000,8.94990e-06,16.898363,0.594577,7.611656,216.329466,18.388351,0.620265,3.970255,117.701996,0.67115,-23144.11218,21
1.0,-5.0000,5.061000,8.94658e-06,16.905766,0.594631,7.615362,216.509785,18.395717,0.620308,3.972100,117.795693,0.67116,-23182.85020,21
1.0,-5.0000,5.062000,8.94325e-06,16.913170,0.594686,7.619069,216.690211,18.403085,0.620351,3.973945,117.889444,0.67118,-23221.64386,21
1.0,-5.0000,5.063000,8.93992e-06,16.920575,0.594740,7.622776,216.870745,18.410454,0.620394,3.975790,117.983249,0.67120,-23260.49322,21
1.0,-5.0000,5.064000,8.93660e-06,16.927981,0.594795,7.626484,217.051386,18.417824,0.620437,3.977636,118.077109,0.67121,-23299.39836,21
1.0,-5.0000,5.065000,8.93328e-06,16.935389,0.594849,7.630193,217.232135,18.425195,0.620480,3.979482,118.171024,0.67123,-23338.35935,21
1.0,-5.0000,5.066000,8.92996e-06,16.942797,0.594903,7.633902,217.412991,18.432567,0.620523,3.981329,118.264993,0.67124,-23377.37624,21
1.0,-5.0000,5.067000,8.92664e-06,16.950207,0.594957,7.637612,217.593955,18.439941,0.620566,3.983176,118.359016,0.67126,-23416.44911,21
1.0,-5.0000,5.068000,8.92332e-06,16.957618,0.595011,7.641323,217.775026,18.447316,0.620608,3.985023,118.453094,0.67128,-23455.57802,21
1.0,-5.0000,5.069000,8.92001e-06,16.965031,0.595066,7.645034,217.956206,18.454692,0.620651,3.986870,118.547226,0.67129,-23494.76305,21
1.0,-5.0000,5.070000,8.91669e-06,16.972444,0.595120,7.648747,218.137492,18.462070,0.620694,3.988718,118.641413,0.67131,-23534.00427,21
1.0,-5.0000,5.071000,8.91338e-06,16.979859,0.595174,7.652459,218.318887,18.469448,0.620737,3.990567,118.735655,0.67133,-23573.30173,21
1.0,-5.0000,5.072000,8.91007e-06,16.987275,0.595228,7.656173,218.500389,18.476828,0.620779,3.992415,118.829951,0.67134,-23612.65551,21
1.0,-5.0000,5.073000,8.90677e-06,16.994692,0.595282,7.659887,218.682000,18.484209,0.620822,3.994264,118.924302,0.67136,-23652.06568,21
1.0,-5.0000,5.074000,8.90346e-06,17.002111,0.595336,7.663602,218.863718,18.491592,0.620865,3.996114,119.018707,0.67137,-23691.53230,21
1.0,-5.0000,5.075000,8.90016e-06,17.009530,0.595390,7.667318,219.045544,18.498975,0.620907,3.997963,119.113167,0.67139,-23731.05544,21
#Timeout at 2026-05-29 19:55:48, beta=5.07600000000003, iter=5341, 2.3041150463143367e-05, 0.00029683656080692344, 2.5118194116657833e-05, 0.00016179744078215208, 
#Timeout at 2026-05-29 19:57:51, beta=5.0760000000000005, iter=5299, 0.0007065615527146463, 0.00910255334872545, 0.000754534803842688, 0.004860293684998851, 
#Timeout at 2026-05-29 19:59:54, beta=5.0760000000000005, iter=5394, 0.0019386926914499725, 0.024975960810365905, 0.0020514884962814506, 0.013214548265437998, 
#Timeout at 2026-05-29 20:01:57, beta=5.0760000000000005, iter=5513, 0.001938692691467736, 0.02497596081059328, 0.0020514884962956614, 0.013214548265523263, 
#Timeout at 2026-05-29 20:04:00, beta=5.0760000000000005, iter=5399, 7.656075527151529e-05, 0.0009863236353737648, 8.290023148660453e-05, 0.0005339971987154968, 
#Timeout at 2026-05-29 20:06:03, beta=5.0760000000000005, iter=5475, 0.0048317236156805166, 0.06224655418776592, 0.005043514079037692, 0.03248751350332668, 
#Timeout at 2026-05-29 20:08:06, beta=5.0760000000000005, iter=5441, 0.001938692691467736, 0.02497596081059328, 0.0020514884962956614, 0.013214548265523263, 
#Timeout at 2026-05-29 20:10:09, beta=5.0760000000000005, iter=5194, 0.00023977227217031327, 0.003088959327868679, 0.0002579190814806509, 0.0016613713198836422, 
#Timeout at 2026-05-29 20:12:12, beta=5.0760000000000005, iter=5501, 0.001938692691467736, 0.02497596081059328, 0.0020514884962956614, 0.013214548265523263, 
#Timeout at 2026-05-29 20:14:15, beta=5.0760000000000005, iter=5512, 0.0048317236157302546, 0.06224655418841962, 0.005043514079090983, 0.03248751350368195, 
