beta,q_v,q_h,r_v,q_v_hat,q_h_hat,r_v_hat,iter
0.0000,5.0000000000e-33,5.0000000014e-33,1.0000000000e+00,2.5000000007e-65,2.5000000000e-65,2.5000000000e-33,1.0
0.0100,2.5000000007e-65,2.5000000007e-65,1.0000000000e+00,1.2500000003e-69,1.2500000003e-69,2.5000000000e-33,1.0
0.0200,1.2500000003e-69,1.2500000007e-69,1.0000000000e+00,2.5000000014e-73,2.5000000007e-73,2.5000000000e-33,1.0
0.0300,2.5000000014e-73,2.5000000014e-73,1.0000000000e+00,1.1250000006e-76,1.1250000006e-76,2.5000000000e-33,1.0
0.0400,1.1250000006e-76,1.1250000009e-76,1.0000000000e+00,9.0000000075e-80,9.0000000050e-80,2.5000000000e-33,1.0
0.0500,9.0000000075e-80,9.0000000075e-80,1.0000000000e+00,1.1250000009e-82,1.1250000009e-82,2.5000000000e-33,1.0
0.0600,1.1250000009e-82,1.1250000012e-82,1.0000000000e+00,2.0250000022e-85,2.0250000017e-85,2.5000000000e-33,1.0
0.0700,2.0250000022e-85,2.0250000022e-85,1.0000000000e+00,4.9612500055e-88,4.9612500055e-88,2.5000000000e-33,1.0
0.0800,4.9612500055e-88,4.9612500069e-88,1.0000000000e+00,1.5876000022e-90,1.5876000018e-90,2.5000000000e-33,1.0
0.0900,1.5876000022e-90,1.5876000022e-90,1.0000000000e+00,6.4297800089e-93,6.4297800089e-93,2.5000000000e-33,1.0
0.1000,6.4297800089e-93,6.4297800107e-93,1.0000000000e+00,3.2148900053e-95,3.2148900044e-95,2.5000000000e-33,1.0
0.1100,3.2148900053e-95,3.2148900053e-95,1.0000000000e+00,1.9450084532e-97,1.9450084532e-97,2.5000000000e-33,1.0
0.1200,1.9450084532e-97,1.9450084538e-97,1.0000000000e+00,1.4004060867e-99,1.4004060863e-99,2.5000000000e-33,1.0
0.1300,1.4004060867e-99,1.4004060867e-99,1.0000000000e+00,1.1833431433e-101,1.1833431433e-101,2.5000000000e-33,1.0
0.1400,1.1833431433e-101,1.1833431436e-101,1.0000000000e+00,1.1596762807e-103,1.1596762804e-103,2.5000000000e-33,1.0
0.1500,1.1596762807e-103,1.1596762807e-103,1.0000000000e+00,1.3046358158e-105,1.3046358158e-105,2.5000000000e-33,1.0
0.1600,1.3046358158e-105,1.3046358162e-105,1.0000000000e+00,1.6699338447e-107,1.6699338442e-107,2.5000000000e-33,1.0
0.1700,1.6699338447e-107,1.6699338447e-107,1.0000000000e+00,2.4130544056e-109,2.4130544056e-109,2.5000000000e-33,1.0
0.1800,2.4130544056e-109,2.4130544063e-109,1.0000000000e+00,3.9091481381e-111,3.9091481371e-111,2.5000000000e-33,1.0
0.1900,3.9091481381e-111,3.9091481381e-111,1.0000000000e+00,7.0560123894e-113,7.0560123894e-113,2.5000000000e-33,1.0
0.2000,7.0560123894e-113,7.0560123913e-113,1.0000000000e+00,1.4112024783e-114,1.4112024779e-114,2.5000000000e-33,1.0
0.2100,1.4112024783e-114,1.4112024783e-114,1.0000000000e+00,3.1117014646e-116,3.1117014646e-116,2.5000000000e-33,1.0
0.2200,3.1117014646e-116,3.1117014654e-116,1.0000000000e+00,7.5303175463e-118,7.5303175443e-118,2.5000000000e-33,1.0
0.2300,7.5303175463e-118,7.5303175463e-118,1.0000000000e+00,1.9917689910e-119,1.9917689910e-119,2.5000000000e-33,1.0
0.2400,1.9917689910e-119,1.9917689916e-119,1.0000000000e+00,5.7362946957e-121,5.7362946941e-121,2.5000000000e-33,1.0
0.2500,5.7362946957e-121,5.7362946957e-121,1.0000000000e+00,1.7925920924e-122,1.7925920924e-122,2.5000000000e-33,1.0
0.2600,1.7925920924e-122,1.7925920929e-122,1.0000000000e+00,6.0589612740e-124,6.0589612723e-124,2.5000000000e-33,1.0
0.2700,6.0589612740e-124,6.0589612740e-124,1.0000000000e+00,2.2084913844e-125,2.2084913844e-125,2.5000000000e-33,1.0
0.2800,2.2084913844e-125,2.2084913850e-125,1.0000000000e+00,8.6572862291e-127,8.6572862267e-127,2.5000000000e-33,1.0
0.2900,8.6572862291e-127,8.6572862291e-127,1.0000000000e+00,3.6403888593e-128,3.6403888593e-128,2.5000000000e-33,1.0
0.3000,3.6403888593e-128,3.6403888603e-128,1.0000000000e+00,1.6381749872e-129,1.6381749867e-129,2.5000000000e-33,1.0
0.3100,1.6381749872e-129,1.6381749872e-129,1.0000000000e+00,7.8714308133e-131,7.8714308133e-131,2.5000000000e-33,1.0
0.3200,7.8714308133e-131,7.8714308155e-131,1.0000000000e+00,4.0301725775e-132,4.0301725764e-132,2.5000000000e-33,1.0
0.3300,4.0301725775e-132,4.0301725775e-132,1.0000000000e+00,2.1944289685e-133,2.1944289685e-133,2.5000000000e-33,1.0
0.3400,2.1944289685e-133,2.1944289691e-133,1.0000000000e+00,1.2683799441e-134,1.2683799438e-134,2.5000000000e-33,1.0
0.3500,1.2683799441e-134,1.2683799441e-134,1.0000000000e+00,7.7688271577e-136,7.7688271577e-136,2.5000000000e-33,1.0
0.3600,7.7688271577e-136,7.7688271599e-136,1.0000000000e+00,5.0341999996e-137,5.0341999982e-137,2.5000000000e-33,1.0
0.3700,5.0341999996e-137,5.0341999996e-137,1.0000000000e+00,3.4459098997e-138,3.4459098997e-138,2.5000000000e-33,1.0
0.3800,3.4459098997e-138,3.4459099007e-138,1.0000000000e+00,2.4879469483e-139,2.4879469476e-139,2.5000000000e-33,1.0
0.3900,2.4879469483e-139,2.4879469483e-139,1.0000000000e+00,1.8920836542e-140,1.8920836542e-140,2.5000000000e-33,1.0
0.4000,1.8920836542e-140,1.8920836547e-140,1.0000000000e+00,1.5136669238e-141,1.5136669233e-141,2.5000000000e-33,1.0
0.4100,1.5136669238e-141,1.5136669238e-141,1.0000000000e+00,1.2722370494e-142,1.2722370494e-142,2.5000000000e-33,1.0
0.4200,1.2722370494e-142,1.2722370498e-142,1.0000000000e+00,1.1221130779e-143,1.1221130776e-143,2.5000000000e-33,1.0
0.4300,1.1221130779e-143,1.1221130779e-143,1.0000000000e+00,1.0373935405e-144,1.0373935405e-144,2.5000000000e-33,1.0
0.4400,1.0373935405e-144,1.0373935408e-144,1.0000000000e+00,1.0041969475e-145,1.0041969472e-145,2.5000000000e-33,1.0
0.4500,1.0041969475e-145,1.0041969475e-145,1.0000000000e+00,1.0167494093e-146,1.0167494093e-146,2.5000000000e-33,1.0
0.4600,1.0167494093e-146,1.0167494096e-146,1.0000000000e+00,1.0757208754e-147,1.0757208751e-147,2.5000000000e-33,1.0
0.4700,1.0757208754e-147,1.0757208754e-147,1.0000000000e+00,1.1881337069e-148,1.1881337069e-148,2.5000000000e-33,1.0
0.4800,1.1881337069e-148,1.1881337072e-148,1.0000000000e+00,1.3687300307e-149,1.3687300303e-149,2.5000000000e-33,1.0
0.4900,1.3687300307e-149,1.3687300307e-149,1.0000000000e+00,1.6431604018e-150,1.6431604018e-150,2.5000000000e-33,1.0
0.5000,1.6431604018e-150,1.6431604023e-150,1.0000000000e+00,2.0539505029e-151,2.0539505023e-151,2.5000000000e-33,1.0
0.5100,2.0539505029e-151,2.0539505029e-151,1.0000000000e+00,2.6711626290e-152,2.6711626290e-152,2.5000000000e-33,1.0
0.5200,2.6711626290e-152,2.6711626297e-152,1.0000000000e+00,3.6114118754e-153,3.6114118744e-153,2.5000000000e-33,1.0
0.5300,3.6114118754e-153,3.6114118754e-153,1.0000000000e+00,5.0722279789e-154,5.0722279789e-154,2.5000000000e-33,1.0
0.5400,5.0722279789e-154,5.0722279803e-154,1.0000000000e+00,7.3953083953e-155,7.3953083933e-155,2.5000000000e-33,1.0
0.5500,7.3953083953e-155,7.3953083953e-155,1.0000000000e+00,1.1185403948e-155,1.1185403948e-155,2.5000000000e-33,1.0
0.5600,1.1185403948e-155,1.1185403951e-155,1.0000000000e+00,1.7538713395e-156,1.7538713390e-156,2.5000000000e-33,1.0
0.5700,1.7538713395e-156,1.7538713395e-156,1.0000000000e+00,2.8491639911e-157,2.8491639911e-157,2.5000000000e-33,1.0
0.5800,2.8491639911e-157,2.8491639918e-157,1.0000000000e+00,4.7922938343e-158,4.7922938330e-158,2.5000000000e-33,1.0
0.5900,4.7922938343e-158,4.7922938343e-158,1.0000000000e+00,8.3409874186e-159,8.3409874186e-159,2.5000000000e-33,1.0
0.6000,8.3409874186e-159,8.3409874209e-159,1.0000000000e+00,1.5013777358e-159,1.5013777353e-159,2.5000000000e-33,1.0
0.6100,1.5013777358e-159,1.5013777358e-159,1.0000000000e+00,2.7933132774e-160,2.7933132774e-160,2.5000000000e-33,1.0
0.6200,2.7933132774e-160,2.7933132781e-160,1.0000000000e+00,5.3687481206e-161,5.3687481191e-161,2.5000000000e-33,1.0
0.6300,5.3687481206e-161,5.3687481206e-161,1.0000000000e+00,1.0654280645e-161,1.0654280645e-161,2.5000000000e-33,1.0
0.6400,1.0654280645e-161,1.0654280648e-161,1.0000000000e+00,2.1819966768e-162,2.1819966762e-162,2.5000000000e-33,1.0
0.6500,2.1819966768e-162,2.1819966768e-162,1.0000000000e+00,4.6094679797e-163,4.6094679797e-163,2.5000000000e-33,1.0
0.6600,4.6094679797e-163,4.6094679809e-163,1.0000000000e+00,1.0039421262e-163,1.0039421260e-163,2.5000000000e-33,1.0
0.6700,1.0039421262e-163,1.0039421262e-163,1.0000000000e+00,2.2533481024e-164,2.2533481024e-164,2.5000000000e-33,1.0
0.6800,2.2533481024e-164,2.2533481030e-164,1.0000000000e+00,5.2097408141e-165,5.2097408127e-165,2.5000000000e-33,1.0
0.6900,5.2097408141e-165,5.2097408141e-165,1.0000000000e+00,1.2401788008e-165,1.2401788008e-165,2.5000000000e-33,1.0
0.7000,1.2401788008e-165,1.2401788011e-165,1.0000000000e+00,3.0384380628e-166,3.0384380620e-166,2.5000000000e-33,1.0
0.7100,3.0384380628e-166,3.0384380628e-166,1.0000000000e+00,7.6583831373e-167,7.6583831373e-167,2.5000000000e-33,1.0
0.7200,7.6583831373e-167,7.6583831394e-167,1.0000000000e+00,1.9850529097e-167,1.9850529092e-167,2.5000000000e-33,1.0
0.7300,1.9850529097e-167,1.9850529097e-167,1.0000000000e+00,5.2891734780e-168,5.2891734780e-168,2.5000000000e-33,1.0
0.7400,5.2891734780e-168,5.2891734794e-168,1.0000000000e+00,1.4481756987e-168,1.4481756983e-168,2.5000000000e-33,1.0
0.7500,1.4481756987e-168,1.4481756987e-168,1.0000000000e+00,4.0729941525e-169,4.0729941525e-169,2.5000000000e-33,1.0
0.7600,4.0729941525e-169,4.0729941536e-169,1.0000000000e+00,1.1762807116e-169,1.1762807112e-169,2.5000000000e-33,1.0
0.7700,1.1762807116e-169,1.1762807116e-169,1.0000000000e+00,3.4870841694e-170,3.4870841694e-170,2.5000000000e-33,1.0
0.7800,3.4870841694e-170,3.4870841704e-170,1.0000000000e+00,1.0607710046e-170,1.0607710043e-170,2.5000000000e-33,1.0
0.7900,1.0607710046e-170,1.0607710046e-170,1.0000000000e+00,3.3101359200e-171,3.3101359200e-171,2.5000000000e-33,1.0
0.8000,3.3101359200e-171,3.3101359209e-171,1.0000000000e+00,1.0592434947e-171,1.0592434944e-171,2.5000000000e-33,1.0
0.8100,1.0592434947e-171,1.0592434947e-171,1.0000000000e+00,3.4748482843e-172,3.4748482843e-172,2.5000000000e-33,1.0
0.8200,3.4748482843e-172,3.4748482853e-172,1.0000000000e+00,1.1682439935e-172,1.1682439932e-172,2.5000000000e-33,1.0
0.8300,1.1682439935e-172,1.1682439935e-172,1.0000000000e+00,4.0240164356e-173,4.0240164356e-173,2.5000000000e-33,1.0
0.8400,4.0240164356e-173,4.0240164368e-173,1.0000000000e+00,1.4196729989e-173,1.4196729985e-173,2.5000000000e-33,1.0
0.8500,1.4196729989e-173,1.4196729989e-173,1.0000000000e+00,5.1285687085e-174,5.1285687085e-174,2.5000000000e-33,1.0
0.8600,5.1285687085e-174,5.1285687099e-174,1.0000000000e+00,1.8965447089e-174,1.8965447084e-174,2.5000000000e-33,1.0
0.8700,1.8965447089e-174,1.8965447089e-174,1.0000000000e+00,7.1774734509e-175,7.1774734509e-175,2.5000000000e-33,1.0
0.8800,7.1774734509e-175,7.1774734529e-175,1.0000000000e+00,2.7791177210e-175,2.7791177202e-175,2.5000000000e-33,1.0
0.8900,2.7791177210e-175,2.7791177210e-175,1.0000000000e+00,1.1006695734e-175,1.1006695734e-175,2.5000000000e-33,1.0
0.9000,1.1006695734e-175,1.1006695737e-175,1.0000000000e+00,4.4577117734e-176,4.4577117722e-176,2.5000000000e-33,1.0
0.9100,4.4577117734e-176,4.4577117734e-176,1.0000000000e+00,1.8457155598e-176,1.8457155598e-176,2.5000000000e-33,1.0
0.9200,1.8457155598e-176,1.8457155603e-176,1.0000000000e+00,7.8110682512e-177,7.8110682491e-177,2.5000000000e-33,1.0
0.9300,7.8110682512e-177,7.8110682512e-177,1.0000000000e+00,3.3778964652e-177,3.3778964652e-177,2.5000000000e-33,1.0
0.9400,3.3778964652e-177,3.3778964662e-177,1.0000000000e+00,1.4923546588e-177,1.4923546583e-177,2.5000000000e-33,1.0
0.9500,1.4923546588e-177,1.4923546588e-177,1.0000000000e+00,6.7342503976e-178,6.7342503976e-178,2.5000000000e-33,1.0
0.9600,6.7342503976e-178,6.7342503995e-178,1.0000000000e+00,3.1031425841e-178,3.1031425832e-178,2.5000000000e-33,1.0
0.9700,3.1031425841e-178,3.1031425841e-178,1.0000000000e+00,1.4598734287e-178,1.4598734287e-178,2.5000000000e-33,1.0
0.9800,1.4598734287e-178,1.4598734291e-178,1.0000000000e+00,7.0103122065e-179,7.0103122045e-179,2.5000000000e-33,1.0
0.9900,7.0103122065e-179,7.0103122065e-179,1.0000000000e+00,3.4354034968e-179,3.4354034968e-179,2.5000000000e-33,1.0
1.0000,3.4354034968e-179,3.4354034977e-179,1.0000000000e+00,1.7177017489e-179,1.7177017484e-179,2.5000000000e-33,1.0
1.0100,1.7177017489e-179,1.7177017489e-179,1.0000000000e+00,8.7611377701e-180,8.7611377701e-180,2.5000000000e-33,1.0
1.0200,8.7611377701e-180,8.7611377725e-180,1.0000000000e+00,4.5575438693e-180,4.5575438680e-180,2.5000000000e-33,1.0
1.0300,4.5575438693e-180,4.5575438693e-180,1.0000000000e+00,2.4175491454e-180,2.4175491454e-180,2.5000000000e-33,1.0
1.0400,2.4175491454e-180,2.4175491461e-180,1.0000000000e+00,1.3074105782e-180,1.3074105779e-180,2.5000000000e-33,1.0
1.0500,1.3074105782e-180,1.3074105782e-180,1.0000000000e+00,7.2071008124e-181,7.2071008124e-181,2.5000000000e-33,1.0
1.0600,7.2071008124e-181,7.2071008144e-181,1.0000000000e+00,4.0489492375e-181,4.0489492364e-181,2.5000000000e-33,1.0
1.0700,4.0489492375e-181,4.0489492375e-181,1.0000000000e+00,2.3178209910e-181,2.3178209910e-181,2.5000000000e-33,1.0
1.0800,2.3178209910e-181,2.3178209917e-181,1.0000000000e+00,1.3517532023e-181,1.3517532020e-181,2.5000000000e-33,1.0
1.0900,1.3517532023e-181,1.3517532023e-181,1.0000000000e+00,8.0300898985e-182,8.0300898985e-182,2.5000000000e-33,1.0
1.1000,8.0300898985e-182,8.0300899007e-182,1.0000000000e+00,4.8582043899e-182,4.8582043886e-182,2.5000000000e-33,1.0
1.1100,4.8582043899e-182,4.8582043899e-182,1.0000000000e+00,2.9928968144e-182,2.9928968144e-182,2.5000000000e-33,1.0
1.1200,2.9928968144e-182,2.9928968153e-182,1.0000000000e+00,1.8771448825e-182,1.8771448820e-182,2.5000000000e-33,1.0
1.1300,1.8771448825e-182,1.8771448825e-182,1.0000000000e+00,1.1984631503e-182,1.1984631503e-182,2.5000000000e-33,1.0
1.1400,1.1984631503e-182,1.1984631506e-182,1.0000000000e+00,7.7876135525e-183,7.7876135503e-183,2.5000000000e-33,1.0
1.1500,7.7876135525e-183,7.7876135525e-183,1.0000000000e+00,5.1495594616e-183,5.1495594616e-183,2.5000000000e-33,1.0
1.1600,5.1495594616e-183,5.1495594630e-183,1.0000000000e+00,3.4646236067e-183,3.4646236057e-183,2.5000000000e-33,1.0
1.1700,3.4646236067e-183,3.4646236067e-183,1.0000000000e+00,2.3713616276e-183,2.3713616276e-183,2.5000000000e-33,1.0
1.1800,2.3713616276e-183,2.3713616283e-183,1.0000000000e+00,1.6509419656e-183,1.6509419651e-183,2.5000000000e-33,1.0
1.1900,1.6509419656e-183,1.6509419656e-183,1.0000000000e+00,1.1689494587e-183,1.1689494587e-183,2.5000000000e-33,1.0
1.2000,1.1689494587e-183,1.1689494591e-183,1.0000000000e+00,8.4164361053e-184,8.4164361029e-184,2.5000000000e-33,1.0
1.2100,8.4164361053e-184,8.4164361053e-184,1.0000000000e+00,6.1612520509e-184,6.1612520509e-184,2.5000000000e-33,1.0
1.2200,6.1612520509e-184,6.1612520526e-184,1.0000000000e+00,4.5852037775e-184,4.5852037763e-184,2.5000000000e-33,1.0
1.2300,4.5852037775e-184,4.5852037775e-184,1.0000000000e+00,3.4684773975e-184,3.4684773975e-184,2.5000000000e-33,1.0
1.2400,3.4684773975e-184,3.4684773985e-184,1.0000000000e+00,2.6665654239e-184,2.6665654232e-184,2.5000000000e-33,1.0
1.2500,2.6665654239e-184,2.6665654239e-184,1.0000000000e+00,2.0832542375e-184,2.0832542375e-184,2.5000000000e-33,1.0
1.2600,2.0832542375e-184,2.0832542380e-184,1.0000000000e+00,1.6536872141e-184,1.6536872137e-184,2.5000000000e-33,1.0
1.2700,1.6536872141e-184,1.6536872141e-184,1.0000000000e+00,1.3336160538e-184,1.3336160538e-184,2.5000000000e-33,1.0
1.2800,1.3336160538e-184,1.3336160542e-184,1.0000000000e+00,1.0924982716e-184,1.0924982713e-184,2.5000000000e-33,1.0
1.2900,1.0924982716e-184,1.0924982716e-184,1.0000000000e+00,9.0901318690e-185,9.0901318690e-185,2.5000000000e-33,1.0
1.3000,9.0901318690e-185,9.0901318715e-185,1.0000000000e+00,7.6811614314e-185,7.6811614293e-185,2.5000000000e-33,1.0
1.3100,7.6811614314e-185,7.6811614314e-185,1.0000000000e+00,6.5908205662e-185,6.5908205662e-185,2.5000000000e-33,1.0
1.3200,6.5908205662e-185,6.5908205680e-185,1.0000000000e+00,5.7419228789e-185,5.7419228773e-185,2.5000000000e-33,1.0
1.3300,5.7419228789e-185,5.7419228789e-185,1.0000000000e+00,5.0784436902e-185,5.0784436902e-185,2.5000000000e-33,1.0
1.3400,5.0784436902e-185,5.0784436916e-185,1.0000000000e+00,4.5594267463e-185,4.5594267451e-185,2.5000000000e-33,1.0
1.3500,4.5594267463e-185,4.5594267463e-185,1.0000000000e+00,4.1547776226e-185,4.1547776226e-185,2.5000000000e-33,1.0
1.3600,4.1547776226e-185,4.1547776237e-185,1.0000000000e+00,3.8423383464e-185,3.8423383454e-185,2.5000000000e-33,1.0
1.3700,3.8423383464e-185,3.8423383464e-185,1.0000000000e+00,3.6058424212e-185,3.6058424212e-185,2.5000000000e-33,1.0
1.3800,3.6058424212e-185,3.6058424222e-185,1.0000000000e+00,3.4334831544e-185,3.4334831535e-185,2.5000000000e-33,1.0
1.3900,3.4334831544e-185,3.4334831544e-185,1.0000000000e+00,3.3169164013e-185,3.3169164013e-185,2.5000000000e-33,1.0
1.4000,3.3169164013e-185,3.3169164023e-185,1.0000000000e+00,3.2505780742e-185,3.2505780733e-185,2.5000000000e-33,1.0
1.4100,3.2505780742e-185,3.2505780742e-185,1.0000000000e+00,3.2312371347e-185,3.2312371347e-185,2.5000000000e-33,1.0
1.4200,3.2312371347e-185,3.2312371356e-185,1.0000000000e+00,3.2577332801e-185,3.2577332792e-185,2.5000000000e-33,1.0
1.4300,3.2577332801e-185,3.2577332801e-185,1.0000000000e+00,3.3308693922e-185,3.3308693922e-185,2.5000000000e-33,1.0
1.4400,3.3308693922e-185,3.3308693931e-185,1.0000000000e+00,3.4534453868e-185,3.4534453858e-185,2.5000000000e-33,1.0
1.4500,3.4534453868e-185,3.4534453868e-185,1.0000000000e+00,3.6304344629e-185,3.6304344629e-185,2.5000000000e-33,1.0
1.4600,3.6304344629e-185,3.6304344639e-185,1.0000000000e+00,3.8693170516e-185,3.8693170505e-185,2.5000000000e-33,1.0
1.4700,3.8693170516e-185,3.8693170516e-185,1.0000000000e+00,4.1806036084e-185,4.1806036084e-185,2.5000000000e-33,1.0
1.4800,4.1806036084e-185,4.1806036096e-185,1.0000000000e+00,4.5785970732e-185,4.5785970719e-185,2.5000000000e-33,1.0
1.4900,4.5785970732e-185,4.5785970732e-185,1.0000000000e+00,5.0824716811e-185,5.0824716811e-185,2.5000000000e-33,1.0
1.5000,5.0824716811e-185,5.0824716825e-185,1.0000000000e+00,5.7177806428e-185,5.7177806412e-185,2.5000000000e-33,1.0
1.5100,5.7177806428e-185,5.7177806428e-185,1.0000000000e+00,6.5185558218e-185,6.5185558218e-185,2.5000000000e-33,1.0
1.5200,6.5185558218e-185,6.5185558236e-185,1.0000000000e+00,7.5302356875e-185,7.5302356854e-185,2.5000000000e-33,1.0
1.5300,7.5302356875e-185,7.5302356875e-185,1.0000000000e+00,8.8137643604e-185,8.8137643604e-185,2.5000000000e-33,1.0
1.5400,8.8137643604e-185,8.8137643628e-185,1.0000000000e+00,1.0451361781e-184,1.0451361779e-184,2.5000000000e-33,1.0
1.5500,1.0451361781e-184,1.0451361781e-184,1.0000000000e+00,1.2554698340e-184,1.2554698340e-184,2.5000000000e-33,1.0
1.5600,1.2554698340e-184,1.2554698343e-184,1.0000000000e+00,1.5276556944e-184,1.5276556940e-184,2.5000000000e-33,1.0
1.5700,1.5276556944e-184,1.5276556944e-184,1.0000000000e+00,1.8827592606e-184,1.8827592606e-184,2.5000000000e-33,1.0
1.5800,1.8827592606e-184,1.8827592611e-184,1.0000000000e+00,2.3500601097e-184,2.3500601091e-184,2.5000000000e-33,1.0
1.5900,2.3500601097e-184,2.3500601097e-184,1.0000000000e+00,2.9705934817e-184,2.9705934817e-184,2.5000000000e-33,1.0
1.6000,2.9705934817e-184,2.9705934825e-184,1.0000000000e+00,3.8023596576e-184,3.8023596566e-184,2.5000000000e-33,1.0
1.6100,3.8023596576e-184,3.8023596576e-184,1.0000000000e+00,4.9280482343e-184,4.9280482343e-184,2.5000000000e-33,1.0
1.6200,4.9280482343e-184,4.9280482356e-184,1.0000000000e+00,6.4665848948e-184,6.4665848930e-184,2.5000000000e-33,1.0
1.6300,6.4665848948e-184,6.4665848948e-184,1.0000000000e+00,8.5905347035e-184,8.5905347035e-184,2.5000000000e-33,1.0
1.6400,8.5905347035e-184,8.5905347059e-184,1.0000000000e+00,1.1552551072e-183,1.1552551069e-183,2.5000000000e-33,1.0
1.6500,1.1552551072e-183,1.1552551072e-183,1.0000000000e+00,1.5725910147e-183,1.5725910147e-183,2.5000000000e-33,1.0
1.6600,1.5725910147e-183,1.5725910152e-183,1.0000000000e+00,2.1667159007e-183,2.1667159001e-183,2.5000000000e-33,1.0
1.6700,2.1667159007e-183,2.1667159007e-183,1.0000000000e+00,3.0213769877e-183,3.0213769877e-183,2.5000000000e-33,1.0
1.6800,3.0213769877e-183,3.0213769886e-183,1.0000000000e+00,4.2637672063e-183,4.2637672051e-183,2.5000000000e-33,1.0
1.6900,4.2637672063e-183,4.2637672063e-183,1.0000000000e+00,6.0888727589e-183,6.0888727589e-183,2.5000000000e-33,1.0
1.7000,6.0888727589e-183,6.0888727606e-183,1.0000000000e+00,8.7984211391e-183,8.7984211366e-183,2.5000000000e-33,1.0
1.7100,8.7984211391e-183,8.7984211391e-183,1.0000000000e+00,1.2863731626e-182,1.2863731626e-182,2.5000000000e-33,1.0
1.7200,1.2863731626e-182,1.2863731630e-182,1.0000000000e+00,1.9028031827e-182,1.9028031822e-182,2.5000000000e-33,1.0
1.7300,1.9028031827e-182,1.9028031827e-182,1.0000000000e+00,2.8474498227e-182,2.8474498227e-182,2.5000000000e-33,1.0
1.7400,2.8474498227e-182,2.8474498235e-182,1.0000000000e+00,4.3104695429e-182,4.3104695417e-182,2.5000000000e-33,1.0
1.7500,4.3104695429e-182,4.3104695429e-182,1.0000000000e+00,6.6004064875e-182,6.6004064875e-182,2.5000000000e-33,1.0
1.7600,6.6004064875e-182,6.6004064893e-182,1.0000000000e+00,1.0222709571e-181,1.0222709568e-181,2.5000000000e-33,1.0
1.7700,1.0222709571e-181,1.0222709571e-181,1.0000000000e+00,1.6013363407e-181,1.6013363407e-181,2.5000000000e-33,1.0
1.7800,1.6013363407e-181,1.6013363411e-181,1.0000000000e+00,2.5368370316e-181,2.5368370309e-181,2.5000000000e-33,1.0
1.7900,2.5368370316e-181,2.5368370316e-181,1.0000000000e+00,4.0641397665e-181,4.0641397665e-181,2.5000000000e-33,1.0
1.8000,4.0641397665e-181,4.0641397677e-181,1.0000000000e+00,6.5839064236e-181,6.5839064218e-181,2.5000000000e-33,1.0
1.8100,6.5839064236e-181,6.5839064236e-181,1.0000000000e+00,1.0784767917e-180,1.0784767917e-180,2.5000000000e-33,1.0
1.8200,1.0784767917e-180,1.0784767920e-180,1.0000000000e+00,1.7861732629e-180,1.7861732624e-180,2.5000000000e-33,1.0
1.8300,1.7861732629e-180,1.7861732629e-180,1.0000000000e+00,2.9908578201e-180,2.9908578201e-180,2.5000000000e-33,1.0
1.8400,2.9908578201e-180,2.9908578210e-180,1.0000000000e+00,5.0629241193e-180,5.0629241179e-180,2.5000000000e-33,1.0
1.8500,5.0629241193e-180,5.0629241193e-180,1.0000000000e+00,8.6639288992e-180,8.6639288992e-180,2.5000000000e-33,1.0
1.8600,8.6639288992e-180,8.6639289016e-180,1.0000000000e+00,1.4986864214e-179,1.4986864210e-179,2.5000000000e-33,1.0
1.8700,1.4986864214e-179,1.4986864214e-179,1.0000000000e+00,2.6203782735e-179,2.6203782735e-179,2.5000000000e-33,1.0
1.8800,2.6203782735e-179,2.6203782742e-179,1.0000000000e+00,4.6307324862e-179,4.6307324849e-179,2.5000000000e-33,1.0
1.8900,4.6307324862e-179,4.6307324862e-179,1.0000000000e+00,8.2707197569e-179,8.2707197569e-179,2.5000000000e-33,1.0
1.9000,8.2707197569e-179,8.2707197592e-179,1.0000000000e+00,1.4928649165e-178,1.4928649161e-178,2.5000000000e-33,1.0
1.9100,1.4928649165e-178,1.4928649165e-178,1.0000000000e+00,2.7230602510e-178,2.7230602510e-178,2.5000000000e-33,1.0
1.9200,2.7230602510e-178,2.7230602518e-178,1.0000000000e+00,5.0191446561e-178,5.0191446547e-178,2.5000000000e-33,1.0
1.9300,5.0191446561e-178,5.0191446561e-178,1.0000000000e+00,9.3479059647e-178,9.3479059647e-178,2.5000000000e-33,1.0
1.9400,9.3479059647e-178,9.3479059673e-178,1.0000000000e+00,1.7590889449e-177,1.7590889444e-177,2.5000000000e-33,1.0
1.9500,1.7590889449e-177,1.7590889449e-177,1.0000000000e+00,3.3444678565e-177,3.3444678565e-177,2.5000000000e-33,1.0
1.9600,3.3444678565e-177,3.3444678575e-177,1.0000000000e+00,6.4240538606e-177,6.4240538588e-177,2.5000000000e-33,1.0
1.9700,6.4240538606e-177,6.4240538606e-177,1.0000000000e+00,1.2465555314e-176,1.2465555314e-176,2.5000000000e-33,1.0
1.9800,1.2465555314e-176,1.2465555317e-176,1.0000000000e+00,2.4434981533e-176,2.4434981526e-176,2.5000000000e-33,1.0
1.9900,2.4434981533e-176,2.4434981533e-176,1.0000000000e+00,4.8382485184e-176,4.8382485184e-176,2.5000000000e-33,1.0
2.0000,4.8382485184e-176,4.8382485197e-176,1.0000000000e+00,9.6764970395e-176,9.6764970368e-176,2.5000000000e-33,1.0
2.0100,9.6764970395e-176,9.6764970395e-176,1.0000000000e+00,1.9547007845e-175,1.9547007845e-175,2.5000000000e-33,1.0
2.0200,1.9547007845e-175,1.9547007850e-175,1.0000000000e+00,3.9879805416e-175,3.9879805405e-175,2.5000000000e-33,1.0
2.0300,3.9879805416e-175,3.9879805416e-175,1.0000000000e+00,8.2170345069e-175,8.2170345069e-175,2.5000000000e-33,1.0
2.0400,8.2170345069e-175,8.2170345091e-175,1.0000000000e+00,1.7098005407e-174,1.7098005402e-174,2.5000000000e-33,1.0
2.0500,1.7098005407e-174,1.7098005407e-174,1.0000000000e+00,3.5927183861e-174,3.5927183861e-174,2.5000000000e-33,1.0
2.0600,3.5927183861e-174,3.5927183871e-174,1.0000000000e+00,7.6230298737e-174,7.6230298716e-174,2.5000000000e-33,1.0
2.0700,7.6230298737e-174,7.6230298737e-174,1.0000000000e+00,1.6331960353e-173,1.6331960353e-173,2.5000000000e-33,1.0
2.0800,1.6331960353e-173,1.6331960357e-173,1.0000000000e+00,3.5329296645e-173,3.5329296635e-173,2.5000000000e-33,1.0
2.0900,3.5329296645e-173,3.5329296645e-173,1.0000000000e+00,7.7160950337e-173,7.7160950337e-173,2.5000000000e-33,1.0
2.1000,7.7160950337e-173,7.7160950359e-173,1.0000000000e+00,1.7013989554e-172,1.7013989549e-172,2.5000000000e-33,1.0
2.1100,1.7013989554e-172,1.7013989554e-172,1.0000000000e+00,3.7873991447e-172,3.7873991447e-172,2.5000000000e-33,1.0
2.1200,3.7873991447e-172,3.7873991457e-172,1.0000000000e+00,8.5110433603e-172,8.5110433580e-172,2.5000000000e-33,1.0
2.1300,8.5110433603e-172,8.5110433603e-172,1.0000000000e+00,1.9306876311e-171,1.9306876311e-171,2.5000000000e-33,1.0
2.1400,1.9306876311e-171,1.9306876316e-171,1.0000000000e+00,4.4208885388e-171,4.4208885376e-171,2.5000000000e-33,1.0
2.1500,4.4208885388e-171,4.4208885388e-171,1.0000000000e+00,1.0217778635e-170,1.0217778635e-170,2.5000000000e-33,1.0
2.1600,1.0217778635e-170,1.0217778638e-170,1.0000000000e+00,2.3836034007e-170,2.3836034001e-170,2.5000000000e-33,1.0
2.1700,2.3836034007e-170,2.3836034007e-170,1.0000000000e+00,5.6120750268e-170,5.6120750268e-170,2.5000000000e-33,1.0
2.1800,5.6120750268e-170,5.6120750284e-170,1.0000000000e+00,1.3335412682e-169,1.3335412679e-169,2.5000000000e-33,1.0
2.1900,1.3335412682e-169,1.3335412682e-169,1.0000000000e+00,3.1978986383e-169,3.1978986383e-169,2.5000000000e-33,1.0
2.2000,3.1978986383e-169,3.1978986392e-169,1.0000000000e+00,7.7389147069e-169,7.7389147047e-169,2.5000000000e-33,1.0
2.2100,7.7389147069e-169,7.7389147069e-169,1.0000000000e+00,1.8898816660e-168,1.8898816660e-168,2.5000000000e-33,1.0
2.2200,1.8898816660e-168,1.8898816665e-168,1.0000000000e+00,4.6570464026e-168,4.6570464013e-168,2.5000000000e-33,1.0
2.2300,4.6570464026e-168,4.6570464026e-168,1.0000000000e+00,1.1579513028e-167,1.1579513028e-167,2.5000000000e-33,1.0
2.2400,1.1579513028e-167,1.1579513031e-167,1.0000000000e+00,2.9050682292e-167,2.9050682284e-167,2.5000000000e-33,1.0
2.2500,2.9050682292e-167,2.9050682292e-167,1.0000000000e+00,7.3534539552e-167,7.3534539552e-167,2.5000000000e-33,1.0
2.2600,7.3534539552e-167,7.3534539572e-167,1.0000000000e+00,1.8779250716e-166,1.8779250711e-166,2.5000000000e-33,1.0
2.2700,1.8779250716e-166,1.8779250716e-166,1.0000000000e+00,4.8383800507e-166,4.8383800507e-166,2.5000000000e-33,1.0
2.2800,4.8383800507e-166,4.8383800521e-166,1.0000000000e+00,1.2575917431e-165,1.2575917428e-165,2.5000000000e-33,1.0
2.2900,1.2575917431e-165,1.2575917431e-165,1.0000000000e+00,3.2974684301e-165,3.2974684301e-165,2.5000000000e-33,1.0
2.3000,3.2974684301e-165,3.2974684310e-165,1.0000000000e+00,8.7218040000e-165,8.7218039976e-165,2.5000000000e-33,1.0
2.3100,8.7218040000e-165,8.7218040000e-165,1.0000000000e+00,2.3270209162e-164,2.3270209162e-164,2.5000000000e-33,1.0
2.3200,2.3270209162e-164,2.3270209169e-164,1.0000000000e+00,6.2624786914e-164,6.2624786897e-164,2.5000000000e-33,1.0
2.3300,6.2624786914e-164,6.2624786914e-164,1.0000000000e+00,1.6999185284e-163,1.6999185284e-163,2.5000000000e-33,1.0
2.3400,1.6999185284e-163,1.6999185289e-163,1.0000000000e+00,4.6540369483e-163,4.6540369470e-163,2.5000000000e-33,1.0
2.3500,4.6540369483e-163,4.6540369483e-163,1.0000000000e+00,1.2850959524e-162,1.2850959524e-162,2.5000000000e-33,1.0
2.3600,1.2850959524e-162,1.2850959527e-162,1.0000000000e+00,3.5787352091e-162,3.5787352081e-162,2.5000000000e-33,1.0
2.3700,3.5787352091e-162,3.5787352091e-162,1.0000000000e+00,1.0050698898e-161,1.0050698898e-161,2.5000000000e-33,1.0
2.3800,1.0050698898e-161,1.0050698901e-161,1.0000000000e+00,2.8465589427e-161,2.8465589419e-161,2.5000000000e-33,1.0
2.3900,2.8465589427e-161,2.8465589427e-161,1.0000000000e+00,8.1299146683e-161,8.1299146683e-161,2.5000000000e-33,1.0
2.4000,8.1299146683e-161,8.1299146705e-161,1.0000000000e+00,2.3414154251e-160,2.3414154245e-160,2.5000000000e-33,1.0
2.4100,2.3414154251e-160,2.3414154251e-160,1.0000000000e+00,6.7995874653e-160,6.7995874653e-160,2.5000000000e-33,1.0
2.4200,6.7995874653e-160,6.7995874672e-160,1.0000000000e+00,1.9910552021e-159,1.9910552016e-159,2.5000000000e-33,1.0
2.4300,1.9910552021e-159,1.9910552021e-159,1.0000000000e+00,5.8784909315e-159,5.8784909315e-159,2.5000000000e-33,1.0
2.4400,5.8784909315e-159,5.8784909332e-159,1.0000000000e+00,1.7499091810e-158,1.7499091805e-158,2.5000000000e-33,1.0
2.4500,1.7499091810e-158,1.7499091810e-158,1.0000000000e+00,5.2519149294e-158,5.2519149294e-158,2.5000000000e-33,1.0
2.4600,5.2519149294e-158,5.2519149309e-158,1.0000000000e+00,1.5891244198e-157,1.5891244193e-157,2.5000000000e-33,1.0
2.4700,1.5891244198e-157,1.5891244198e-157,1.0000000000e+00,4.8475445863e-157,4.8475445863e-157,2.5000000000e-33,1.0
2.4800,4.8475445863e-157,4.8475445877e-157,1.0000000000e+00,1.4907169116e-156,1.4907169112e-156,2.5000000000e-33,1.0
2.4900,1.4907169116e-156,1.4907169116e-156,1.0000000000e+00,4.6212969618e-156,4.6212969618e-156,2.5000000000e-33,1.0
2.5000,4.6212969618e-156,4.6212969631e-156,1.0000000000e+00,1.4441553010e-155,1.4441553006e-155,2.5000000000e-33,1.0
2.5100,1.4441553010e-155,1.4441553010e-155,1.0000000000e+00,4.5491614058e-155,4.5491614058e-155,2.5000000000e-33,1.0
2.5200,4.5491614058e-155,4.5491614071e-155,1.0000000000e+00,1.4444497300e-154,1.4444497296e-154,2.5000000000e-33,1.0
2.5300,1.4444497300e-154,1.4444497300e-154,1.0000000000e+00,4.6228891383e-154,4.6228891383e-154,2.5000000000e-33,1.0
2.5400,4.6228891383e-154,4.6228891396e-154,1.0000000000e+00,1.4912515786e-153,1.4912515782e-153,2.5000000000e-33,1.0
2.5500,1.4912515786e-153,1.4912515786e-153,1.0000000000e+00,4.8484316951e-153,4.8484316951e-153,2.5000000000e-33,1.0
2.5600,4.8484316951e-153,4.8484316964e-153,1.0000000000e+00,1.5887340983e-152,1.5887340978e-152,2.5000000000e-33,1.0
2.5700,1.5887340983e-152,1.5887340983e-152,1.0000000000e+00,5.2467149228e-152,5.2467149228e-152,2.5000000000e-33,1.0
2.5800,5.2467149228e-152,5.2467149243e-152,1.0000000000e+00,1.7462116611e-151,1.7462116606e-151,2.5000000000e-33,1.0
2.5900,1.7462116611e-151,1.7462116611e-151,1.0000000000e+00,5.8568812219e-151,5.8568812219e-151,2.5000000000e-33,1.0
2.6000,5.8568812219e-151,5.8568812235e-151,1.0000000000e+00,1.9796258536e-150,1.9796258530e-150,2.5000000000e-33,1.0
2.6100,1.9796258536e-150,1.9796258536e-150,1.0000000000e+00,6.7427046385e-150,6.7427046385e-150,2.5000000000e-33,1.0
2.6200,6.7427046385e-150,6.7427046404e-150,1.0000000000e+00,2.3142310867e-149,2.3142310860e-149,2.5000000000e-33,1.0
2.6300,2.3142310867e-149,2.3142310867e-149,1.0000000000e+00,8.0036525017e-149,8.0036525017e-149,2.5000000000e-33,1.0
2.6400,8.0036525017e-149,8.0036525039e-149,1.0000000000e+00,2.7891128246e-148,2.7891128238e-148,2.5000000000e-33,1.0
2.6500,2.7891128246e-148,2.7891128246e-148,1.0000000000e+00,9.7932724052e-148,9.7932724052e-148,2.5000000000e-33,1.0
2.6600,9.7932724052e-148,9.7932724079e-148,1.0000000000e+00,3.4646639125e-147,3.4646639115e-147,2.5000000000e-33,1.0
2.6700,3.4646639125e-147,3.4646639125e-147,1.0000000000e+00,1.2349621283e-146,1.2349621283e-146,2.5000000000e-33,1.0
2.6800,1.2349621283e-146,1.2349621286e-146,1.0000000000e+00,4.4349959963e-146,4.4349959951e-146,2.5000000000e-33,1.0
2.6900,4.4349959963e-146,4.4349959963e-146,1.0000000000e+00,1.6046037264e-145,1.6046037264e-145,2.5000000000e-33,1.0
2.7000,1.6046037264e-145,1.6046037269e-145,1.0000000000e+00,5.8487805845e-145,5.8487805829e-145,2.5000000000e-33,1.0
2.7100,5.8487805845e-145,5.8487805845e-145,1.0000000000e+00,2.1477014745e-144,2.1477014745e-144,2.5000000000e-33,1.0
2.7200,2.1477014745e-144,2.1477014751e-144,1.0000000000e+00,7.9447772968e-144,7.9447772946e-144,2.5000000000e-33,1.0
2.7300,7.9447772968e-144,7.9447772968e-144,1.0000000000e+00,2.9605815358e-143,2.9605815358e-143,2.5000000000e-33,1.0
2.7400,2.9605815358e-143,2.9605815366e-143,1.0000000000e+00,1.1113430972e-142,1.1113430969e-142,2.5000000000e-33,1.0
2.7500,1.1113430972e-142,1.1113430972e-142,1.0000000000e+00,4.2022660863e-142,4.2022660863e-142,2.5000000000e-33,1.0
2.7600,4.2022660863e-142,4.2022660875e-142,1.0000000000e+00,1.6005591074e-141,1.6005591070e-141,2.5000000000e-33,1.0
2.7700,1.6005591074e-141,1.6005591074e-141,1.0000000000e+00,6.1404649876e-141,6.1404649876e-141,2.5000000000e-33,1.0
2.7800,6.1404649876e-141,6.1404649893e-141,1.0000000000e+00,2.3727984812e-140,2.3727984805e-140,2.5000000000e-33,1.0
2.7900,2.3727984812e-140,2.3727984812e-140,1.0000000000e+00,9.2350503286e-140,9.2350503286e-140,2.5000000000e-33,1.0
2.8000,9.2350503286e-140,9.2350503311e-140,1.0000000000e+00,3.6201397298e-139,3.6201397288e-139,2.5000000000e-33,1.0
2.8100,3.6201397298e-139,3.6201397298e-139,1.0000000000e+00,1.4292492660e-138,1.4292492660e-138,2.5000000000e-33,1.0
2.8200,1.4292492660e-138,1.4292492664e-138,1.0000000000e+00,5.6829809331e-138,5.6829809316e-138,2.5000000000e-33,1.0
2.8300,5.6829809331e-138,5.6829809331e-138,1.0000000000e+00,2.2757212998e-137,2.2757212998e-137,2.5000000000e-33,1.0
2.8400,2.2757212998e-137,2.2757213004e-137,1.0000000000e+00,9.1775288602e-137,9.1775288577e-137,2.5000000000e-33,1.0
2.8500,9.1775288602e-137,9.1775288602e-137,1.0000000000e+00,3.7272239084e-136,3.7272239084e-136,2.5000000000e-33,1.0
2.8600,3.7272239084e-136,3.7272239094e-136,1.0000000000e+00,1.5243600345e-135,1.5243600340e-135,2.5000000000e-33,1.0
2.8700,1.5243600345e-135,1.5243600345e-135,1.0000000000e+00,6.2780005839e-135,6.2780005839e-135,2.5000000000e-33,1.0
2.8800,6.2780005839e-135,6.2780005857e-135,1.0000000000e+00,2.6036124029e-134,2.6036124022e-134,2.5000000000e-33,1.0
2.8900,2.6036124029e-134,2.6036124029e-134,1.0000000000e+00,1.0872815575e-133,1.0872815575e-133,2.5000000000e-33,1.0
2.9000,1.0872815575e-133,1.0872815578e-133,1.0000000000e+00,4.5720189506e-133,4.5720189493e-133,2.5000000000e-33,1.0
2.9100,4.5720189506e-133,4.5720189506e-133,1.0000000000e+00,1.9358156838e-132,1.9358156838e-132,2.5000000000e-33,1.0
2.9200,1.9358156838e-132,1.9358156843e-132,1.0000000000e+00,8.2527694253e-132,8.2527694231e-132,2.5000000000e-33,1.0
2.9300,8.2527694253e-132,8.2527694253e-132,1.0000000000e+00,3.5424600120e-131,3.5424600120e-131,2.5000000000e-33,1.0
2.9400,3.5424600120e-131,3.5424600130e-131,1.0000000000e+00,1.5309803684e-130,1.5309803680e-130,2.5000000000e-33,1.0
2.9500,1.5309803684e-130,1.5309803684e-130,1.0000000000e+00,6.6616783280e-130,6.6616783280e-130,2.5000000000e-33,1.0
2.9600,6.6616783280e-130,6.6616783298e-130,1.0000000000e+00,2.9183480427e-129,2.9183480419e-129,2.5000000000e-33,1.0
2.9700,2.9183480427e-129,2.9183480427e-129,1.0000000000e+00,1.2871228125e-128,1.2871228125e-128,2.5000000000e-33,1.0
2.9800,1.2871228125e-128,1.2871228129e-128,1.0000000000e+00,5.7150827137e-128,5.7150827121e-128,2.5000000000e-33,1.0
2.9900,5.7150827137e-128,5.7150827137e-128,1.0000000000e+00,2.5546705484e-127,2.5546705484e-127,2.5000000000e-33,1.0
3.0000,2.5546705484e-127,2.5546705491e-127,1.0000000000e+00,1.1496017471e-126,1.1496017468e-126,2.5000000000e-33,1.0
3.0100,1.1496017471e-126,1.1496017471e-126,1.0000000000e+00,5.2077533945e-126,5.2077533945e-126,2.5000000000e-33,1.0
3.0200,5.2077533945e-126,5.2077533959e-126,1.0000000000e+00,2.3748397036e-125,2.3748397030e-125,2.5000000000e-33,1.0
3.0300,2.3748397036e-125,2.3748397036e-125,1.0000000000e+00,1.0901582917e-124,1.0901582917e-124,2.5000000000e-33,1.0
3.0400,1.0901582917e-124,1.0901582920e-124,1.0000000000e+00,5.0374034359e-124,5.0374034345e-124,2.5000000000e-33,1.0
3.0500,5.0374034359e-124,5.0374034359e-124,1.0000000000e+00,2.3430222731e-123,2.3430222731e-123,2.5000000000e-33,1.0
3.0600,2.3430222731e-123,2.3430222738e-123,1.0000000000e+00,1.0969561681e-122,1.0969561678e-122,2.5000000000e-33,1.0
3.0700,1.0969561681e-122,1.0969561681e-122,1.0000000000e+00,5.1693510945e-122,5.1693510945e-122,2.5000000000e-33,1.0
3.0800,5.1693510945e-122,5.1693510959e-122,1.0000000000e+00,2.4519266118e-121,2.4519266112e-121,2.5000000000e-33,1.0
3.0900,2.4519266118e-121,2.4519266118e-121,1.0000000000e+00,1.1705620241e-120,1.1705620241e-120,2.5000000000e-33,1.0
3.1000,1.1705620241e-120,1.1705620244e-120,1.0000000000e+00,5.6245505275e-120,5.6245505259e-120,2.5000000000e-33,1.0
3.1100,5.6245505275e-120,5.6245505275e-120,1.0000000000e+00,2.7200607578e-119,2.7200607578e-119,2.5000000000e-33,1.0
3.1200,2.7200607578e-119,2.7200607586e-119,1.0000000000e+00,1.3239079724e-118,1.3239079721e-118,2.5000000000e-33,1.0
3.1300,1.3239079724e-118,1.3239079724e-118,1.0000000000e+00,6.4850970075e-118,6.4850970075e-118,2.5000000000e-33,1.0
3.1400,6.4850970075e-118,6.4850970093e-118,1.0000000000e+00,3.1970231236e-117,3.1970231227e-117,2.5000000000e-33,1.0
3.1500,3.1970231236e-117,3.1970231236e-117,1.0000000000e+00,1.5861230972e-116,1.5861230972e-116,2.5000000000e-33,1.0
3.1600,1.5861230972e-116,1.5861230977e-116,1.0000000000e+00,7.9191954019e-116,7.9191953998e-116,2.5000000000e-33,1.0
3.1700,7.9191954019e-116,7.9191954019e-116,1.0000000000e+00,3.9789601337e-115,3.9789601337e-115,2.5000000000e-33,1.0
3.1800,3.9789601337e-115,3.9789601348e-115,1.0000000000e+00,2.0118418234e-114,2.0118418228e-114,2.5000000000e-33,1.0
3.1900,2.0118418234e-114,2.0118418234e-114,1.0000000000e+00,1.0236351789e-113,1.0236351789e-113,2.5000000000e-33,1.0
3.2000,1.0236351789e-113,1.0236351792e-113,1.0000000000e+00,5.2410121176e-113,5.2410121162e-113,2.5000000000e-33,1.0
3.2100,5.2410121176e-113,5.2410121176e-113,1.0000000000e+00,2.7001956481e-112,2.7001956481e-112,2.5000000000e-33,1.0
3.2200,2.7001956481e-112,2.7001956488e-112,1.0000000000e+00,1.3998354283e-111,1.3998354279e-111,2.5000000000e-33,1.0
3.2300,1.3998354283e-111,1.3998354283e-111,1.0000000000e+00,7.3021715197e-111,7.3021715197e-111,2.5000000000e-33,1.0
3.2400,7.3021715197e-111,7.3021715217e-111,1.0000000000e+00,3.8327637883e-110,3.8327637873e-110,2.5000000000e-33,1.0
3.2500,3.8327637883e-110,3.8327637883e-110,1.0000000000e+00,2.0241783757e-109,2.0241783757e-109,2.5000000000e-33,1.0
3.2600,2.0241783757e-109,2.0241783763e-109,1.0000000000e+00,1.0756079056e-108,1.0756079053e-108,2.5000000000e-33,1.0
3.2700,1.0756079056e-108,1.0756079056e-108,1.0000000000e+00,5.7506838868e-108,5.7506838868e-108,2.5000000000e-33,1.0
3.2800,5.7506838868e-108,5.7506838884e-108,1.0000000000e+00,3.0934078772e-107,3.0934078764e-107,2.5000000000e-33,1.0
3.2900,3.0934078772e-107,3.0934078772e-107,1.0000000000e+00,1.6741678102e-106,1.6741678102e-106,2.5000000000e-33,1.0
3.3000,1.6741678102e-106,1.6741678107e-106,1.0000000000e+00,9.1158437291e-106,9.1158437266e-106,2.5000000000e-33,1.0
3.3100,9.1158437291e-106,9.1158437291e-106,1.0000000000e+00,4.9937047740e-105,4.9937047740e-105,2.5000000000e-33,1.0
3.3200,4.9937047740e-105,4.9937047754e-105,1.0000000000e+00,2.7521305758e-104,2.7521305751e-104,2.5000000000e-33,1.0
3.3300,2.7521305758e-104,2.7521305758e-104,1.0000000000e+00,1.5259050371e-103,1.5259050371e-103,2.5000000000e-33,1.0
3.3400,1.5259050371e-103,1.5259050375e-103,1.0000000000e+00,8.5111931183e-103,8.5111931160e-103,2.5000000000e-33,1.0
3.3500,8.5111931183e-103,8.5111931183e-103,1.0000000000e+00,4.7758432385e-102,4.7758432385e-102,2.5000000000e-33,1.0
3.3600,4.7758432385e-102,4.7758432398e-102,1.0000000000e+00,2.6958679920e-101,2.6958679913e-101,2.5000000000e-33,1.0
3.3700,2.6958679920e-101,2.6958679920e-101,1.0000000000e+00,1.5308351599e-100,1.5308351599e-100,2.5000000000e-33,1.0
3.3800,1.5308351599e-100,1.5308351604e-100,1.0000000000e+00,8.7444366030e-100,8.7444366006e-100,2.5000000000e-33,1.0
3.3900,8.7444366030e-100,8.7444366030e-100,1.0000000000e+00,5.0245969943e-99,5.0245969943e-99,2.5000000000e-33,1.0
3.4000,5.0245969943e-99,5.0245969956e-99,1.0000000000e+00,2.9042170635e-98,2.9042170627e-98,2.5000000000e-33,1.0
3.4100,2.9042170635e-98,2.9042170635e-98,1.0000000000e+00,1.6885263218e-97,1.6885263218e-97,2.5000000000e-33,1.0
3.4200,1.6885263218e-97,1.6885263223e-97,1.0000000000e+00,9.8748396378e-97,9.8748396351e-97,2.5000000000e-33,1.0
3.4300,9.8748396378e-97,9.8748396378e-97,1.0000000000e+00,5.8088250428e-96,5.8088250428e-96,2.5000000000e-33,1.0
3.4400,5.8088250428e-96,5.8088250444e-96,1.0000000000e+00,3.4369656023e-95,3.4369656013e-95,2.5000000000e-33,1.0
3.4500,3.4369656023e-95,3.4369656023e-95,1.0000000000e+00,2.0454241540e-94,2.0454241540e-94,2.5000000000e-33,1.0
3.4600,2.0454241540e-94,2.0454241546e-94,1.0000000000e+00,1.2243499905e-93,1.2243499901e-93,2.5000000000e-33,1.0
3.4700,1.2243499905e-93,1.2243499905e-93,1.0000000000e+00,7.3711379001e-93,7.3711379001e-93,2.5000000000e-33,1.0
3.4800,7.3711379001e-93,7.3711379021e-93,1.0000000000e+00,4.4633714225e-92,4.4633714213e-92,2.5000000000e-33,1.0
3.4900,4.4633714225e-92,4.4633714225e-92,1.0000000000e+00,2.7182155132e-91,2.7182155132e-91,2.5000000000e-33,1.0
3.5000,2.7182155132e-91,2.7182155139e-91,1.0000000000e+00,1.6649070023e-90,1.6649070018e-90,2.5000000000e-33,1.0
3.5100,1.6649070023e-90,1.6649070023e-90,1.0000000000e+00,1.0255910379e-89,1.0255910379e-89,2.5000000000e-33,1.0
3.5200,1.0255910379e-89,1.0255910382e-89,1.0000000000e+00,6.3537416000e-89,6.3537415982e-89,2.5000000000e-33,1.0
3.5300,6.3537416000e-89,6.3537416000e-89,1.0000000000e+00,3.9586669351e-88,3.9586669351e-88,2.5000000000e-33,1.0
3.5400,3.9586669351e-88,3.9586669362e-88,1.0000000000e+00,2.4804215289e-87,2.4804215282e-87,2.5000000000e-33,1.0
3.5500,2.4804215289e-87,2.4804215289e-87,1.0000000000e+00,1.5629756159e-86,1.5629756159e-86,2.5000000000e-33,1.0
3.5600,1.5629756159e-86,1.5629756163e-86,1.0000000000e+00,9.9042638856e-86,9.9042638828e-86,2.5000000000e-33,1.0
3.5700,9.9042638856e-86,9.9042638856e-86,1.0000000000e+00,6.3114426398e-85,6.3114426398e-85,2.5000000000e-33,1.0
3.5800,6.3114426398e-85,6.3114426415e-85,1.0000000000e+00,4.0444986735e-84,4.0444986724e-84,2.5000000000e-33,1.0
3.5900,4.0444986735e-84,4.0444986735e-84,1.0000000000e+00,2.6062951677e-83,2.6062951677e-83,2.5000000000e-33,1.0
3.6000,2.6062951677e-83,2.6062951684e-83,1.0000000000e+00,1.6888792691e-82,1.6888792687e-82,2.5000000000e-33,1.0
3.6100,1.6888792691e-82,1.6888792691e-82,1.0000000000e+00,1.1004821762e-81,1.1004821762e-81,2.5000000000e-33,1.0
3.6200,1.1004821762e-81,1.1004821765e-81,1.0000000000e+00,7.2105793167e-81,7.2105793147e-81,2.5000000000e-33,1.0
3.6300,7.2105793167e-81,7.2105793167e-81,1.0000000000e+00,4.7506541299e-80,4.7506541299e-80,2.5000000000e-33,1.0
3.6400,4.7506541299e-80,4.7506541312e-80,1.0000000000e+00,3.1472133489e-79,3.1472133480e-79,2.5000000000e-33,1.0
3.6500,3.1472133489e-79,3.1472133489e-79,1.0000000000e+00,2.0964374920e-78,2.0964374920e-78,2.5000000000e-33,1.0
3.6600,2.0964374920e-78,2.0964374926e-78,1.0000000000e+00,1.4041519038e-77,1.4041519034e-77,2.5000000000e-33,1.0
3.6700,1.4041519038e-77,1.4041519038e-77,1.0000000000e+00,9.4561907885e-77,9.4561907885e-77,2.5000000000e-33,1.0
3.6800,9.4561907885e-77,9.4561907911e-77,1.0000000000e+00,6.4029759084e-76,6.4029759067e-76,2.5000000000e-33,1.0
3.6900,6.4029759084e-76,6.4029759084e-76,1.0000000000e+00,4.3591780134e-75,4.3591780134e-75,2.5000000000e-33,1.0
3.7000,4.3591780134e-75,4.3591780146e-75,1.0000000000e+00,2.9838573510e-74,2.9838573501e-74,2.5000000000e-33,1.0
3.7100,2.9838573510e-74,2.9838573510e-74,1.0000000000e+00,2.0535055482e-73,2.0535055482e-73,2.5000000000e-33,1.0
3.7200,2.0535055482e-73,2.0535055488e-73,1.0000000000e+00,1.4208615593e-72,1.4208615589e-72,2.5000000000e-33,1.0
3.7300,1.4208615593e-72,1.4208615593e-72,1.0000000000e+00,9.8841523943e-72,9.8841523943e-72,2.5000000000e-33,1.0
3.7400,9.8841523943e-72,9.8841523970e-72,1.0000000000e+00,6.9127785034e-71,6.9127785015e-71,2.5000000000e-33,1.0
3.7500,6.9127785034e-71,6.9127785034e-71,1.0000000000e+00,4.8605473852e-70,4.8605473852e-70,2.5000000000e-33,1.0
3.7600,4.8605473852e-70,4.8605473866e-70,1.0000000000e+00,3.4358237366e-69,3.4358237357e-69,2.5000000000e-33,1.0
3.7700,3.4358237366e-69,3.4358237366e-69,1.0000000000e+00,2.4416509593e-68,2.4416509593e-68,2.5000000000e-33,1.0
3.7800,2.4416509593e-68,2.4416509600e-68,1.0000000000e+00,1.7443642788e-67,1.7443642784e-67,2.5000000000e-33,1.0
3.7900,1.7443642788e-67,1.7443642788e-67,1.0000000000e+00,1.2528111469e-66,1.2528111469e-66,2.5000000000e-33,1.0
3.8000,1.2528111469e-66,1.2528111472e-66,1.0000000000e+00,9.0452964830e-66,9.0452964805e-66,2.5000000000e-33,1.0
3.8100,9.0452964830e-66,9.0452964830e-66,1.0000000000e+00,6.5651214138e-65,6.5651214138e-65,2.5000000000e-33,1.0
3.8200,6.5651214138e-65,6.5651214156e-65,1.0000000000e+00,4.7900438873e-64,4.7900438860e-64,2.5000000000e-33,1.0
3.8300,4.7900438873e-64,4.7900438873e-64,1.0000000000e+00,3.5132337389e-63,3.5132337389e-63,2.5000000000e-33,1.0
3.8400,3.5132337389e-63,3.5132337399e-63,1.0000000000e+00,2.5902369717e-62,2.5902369710e-62,2.5000000000e-33,1.0
3.8500,2.5902369717e-62,2.5902369717e-62,1.0000000000e+00,1.9196893757e-61,1.9196893757e-61,2.5000000000e-33,1.0
3.8600,1.9196893757e-61,1.9196893762e-61,1.0000000000e+00,1.4301301915e-60,1.4301301911e-60,2.5000000000e-33,1.0
3.8700,1.4301301915e-60,1.4301301915e-60,1.0000000000e+00,1.0709458432e-59,1.0709458432e-59,2.5000000000e-33,1.0
3.8800,1.0709458432e-59,1.0709458435e-59,1.0000000000e+00,8.0612235535e-59,8.0612235513e-59,2.5000000000e-33,1.0
3.8900,8.0612235535e-59,8.0612235535e-59,1.0000000000e+00,6.0991620467e-58,6.0991620467e-58,2.5000000000e-33,1.0
3.9000,6.0991620467e-58,6.0991620484e-58,1.0000000000e+00,4.6384127378e-57,4.6384127365e-57,2.5000000000e-33,1.0
3.9100,4.6384127378e-57,4.6384127378e-57,1.0000000000e+00,3.5456258888e-56,3.5456258888e-56,2.5000000000e-33,1.0
3.9200,3.5456258888e-56,3.5456258898e-56,1.0000000000e+00,2.7241752837e-55,2.7241752829e-55,2.5000000000e-33,1.0
3.9300,2.7241752837e-55,2.7241752837e-55,1.0000000000e+00,2.1037307419e-54,2.1037307419e-54,2.5000000000e-33,1.0
3.9400,2.1037307419e-54,2.1037307425e-54,1.0000000000e+00,1.6328737277e-53,1.6328737273e-53,2.5000000000e-33,1.0
3.9500,1.6328737277e-53,1.6328737277e-53,1.0000000000e+00,1.2738456168e-52,1.2738456168e-52,2.5000000000e-33,1.0
3.9600,1.2738456168e-52,1.2738456172e-52,1.0000000000e+00,9.9879687153e-52,9.9879687125e-52,2.5000000000e-33,1.0
3.9700,9.9879687153e-52,9.9879687153e-52,1.0000000000e+00,7.8709688062e-51,7.8709688062e-51,2.5000000000e-33,1.0
3.9800,7.8709688062e-51,7.8709688084e-51,1.0000000000e+00,6.2339647156e-50,6.2339647139e-50,2.5000000000e-33,1.0
3.9900,6.2339647156e-50,6.2339647156e-50,1.0000000000e+00,4.9622670835e-49,4.9622670835e-49,2.5000000000e-33,1.0
4.0000,4.9622670835e-49,4.9622670848e-49,1.0000000000e+00,3.9698136679e-48,3.9698136668e-48,2.5000000000e-33,1.0
4.0100,3.9698136679e-48,3.9698136679e-48,1.0000000000e+00,3.1917500380e-47,3.1917500380e-47,2.5000000000e-33,1.0
4.0200,3.1917500380e-47,3.1917500389e-47,1.0000000000e+00,2.5789978664e-46,2.5789978657e-46,2.5000000000e-33,1.0
4.0300,2.5789978664e-46,2.5789978664e-46,1.0000000000e+00,2.0942623225e-45,2.0942623225e-45,2.5000000000e-33,1.0
4.0400,2.0942623225e-45,2.0942623230e-45,1.0000000000e+00,1.7090855966e-44,1.7090855961e-44,2.5000000000e-33,1.0
4.0500,1.7090855966e-44,1.7090855966e-44,1.0000000000e+00,1.4016638249e-43,1.4016638249e-43,2.5000000000e-33,1.0
4.0600,1.4016638249e-43,1.4016638253e-43,1.0000000000e+00,1.1552232915e-42,1.1552232912e-42,2.5000000000e-33,1.0
4.0700,1.1552232915e-42,1.1552232915e-42,1.0000000000e+00,9.5680791509e-42,9.5680791509e-42,2.5000000000e-33,1.0
4.0800,9.5680791509e-42,9.5680791535e-42,1.0000000000e+00,7.9637036411e-41,7.9637036389e-41,2.5000000000e-33,1.0
4.0900,7.9637036411e-41,7.9637036411e-41,1.0000000000e+00,6.6608815439e-40,6.6608815439e-40,2.5000000000e-33,1.0
4.1000,6.6608815439e-40,6.6608815457e-40,1.0000000000e+00,5.5984709392e-39,5.5984709376e-39,2.5000000000e-33,1.0
4.1100,5.5984709392e-39,5.5984709392e-39,1.0000000000e+00,4.7284965476e-38,4.7284965476e-38,2.5000000000e-33,1.0
4.1200,4.7284965476e-38,4.7284965489e-38,1.0000000000e+00,4.0131695910e-37,4.0131695899e-37,2.5000000000e-33,1.0
4.1300,4.0131695910e-37,4.0131695910e-37,1.0000000000e+00,3.4226116198e-36,3.4226116198e-36,2.5000000000e-33,1.0
4.1400,3.4226116198e-36,3.4226116208e-36,1.0000000000e+00,2.9331097068e-35,2.9331097060e-35,2.5000000000e-33,1.0
4.1500,2.9331097068e-35,2.9331097068e-35,1.0000000000e+00,2.5257740962e-34,2.5257740962e-34,2.5000000000e-33,1.0
4.1600,2.5257740962e-34,2.5257740969e-34,1.0000000000e+00,2.1855018106e-33,2.1855018100e-33,2.5000000000e-33,1.0
4.1700,2.1855018106e-33,2.1855018106e-33,1.0000000000e+00,1.9001736217e-32,1.9001736217e-32,2.5000000000e-33,1.0
4.1800,1.9001736217e-32,1.9001736222e-32,1.0000000000e+00,1.6600296799e-31,1.6600296794e-31,2.5000000000e-33,1.0
4.1900,1.6600296799e-31,1.6600296799e-31,1.0000000000e+00,1.4571823531e-30,1.4571823531e-30,2.5000000000e-33,1.0
4.2000,1.4571823531e-30,1.4571823535e-30,1.0000000000e+00,1.2852348358e-29,1.2852348355e-29,2.5000000000e-33,1.0
4.2100,1.2852348358e-29,1.2852348358e-29,1.0000000000e+00,1.1389815377e-28,1.1389815377e-28,2.5000000000e-33,1.0
4.2200,1.1389815377e-28,1.1389815380e-28,1.0000000000e+00,1.0141719411e-27,1.0141719408e-27,2.5000000000e-33,1.0
4.2300,1.0141719411e-27,1.0141719411e-27,1.0000000000e+00,9.0732385621e-27,9.0732385621e-27,2.5000000000e-33,1.0
4.2400,9.0732385621e-27,9.0732385646e-27,1.0000000000e+00,8.1557526809e-26,8.1557526787e-26,2.5000000000e-33,1.0
4.2500,8.1557526809e-26,8.1557526809e-26,1.0000000000e+00,7.3656641400e-25,7.3656641400e-25,2.5000000000e-33,1.0
4.2600,7.3656641400e-25,7.3656641420e-25,1.0000000000e+00,6.6834563292e-24,6.6834563273e-24,2.5000000000e-33,1.0
4.2700,6.6834563292e-24,6.6834563292e-24,1.0000000000e+00,6.0929395452e-23,6.0929395452e-23,2.5000000000e-33,1.0
4.2800,6.0929395452e-23,6.0929395469e-23,1.0000000000e+00,5.5806451898e-22,5.5806451882e-22,2.5000000000e-33,1.0
4.2900,5.5806451898e-22,5.5806451898e-22,1.0000000000e+00,5.1353376069e-21,5.1353376069e-21,2.5000000000e-33,1.0
4.3000,5.1353376069e-21,5.1353376083e-21,1.0000000000e+00,4.7476196189e-20,4.7476196175e-20,2.5000000000e-33,1.0
4.3100,4.7476196189e-20,4.7476196189e-20,1.0000000000e+00,4.4096128401e-19,4.4096128401e-19,2.5000000000e-33,1.0
4.3200,4.4096128401e-19,4.4096128413e-19,1.0000000000e+00,4.1146979345e-18,4.1146979334e-18,2.5000000000e-33,1.0
4.3300,4.1146979345e-18,4.1146979345e-18,1.0000000000e+00,3.8573030052e-17,3.8573030052e-17,2.5000000000e-33,1.0
4.3400,3.8573030052e-17,3.8573030063e-17,1.0000000000e+00,3.6327308252e-16,3.6327308242e-16,2.5000000000e-33,1.0
4.3500,3.6327308252e-16,3.6327308252e-16,1.0000000000e+00,3.4370174520e-15,3.4370174520e-15,2.5000000000e-33,1.0
4.3600,3.4370174520e-15,3.4370174530e-15,1.0000000000e+00,3.2668163487e-14,3.2668163478e-14,2.5000000000e-33,1.0
4.3700,3.2668163487e-14,3.2668163487e-14,1.0000000000e+00,3.1193032565e-13,3.1193032565e-13,2.5000000000e-33,1.0
4.3800,3.1193032565e-13,3.1193032573e-13,1.0000000000e+00,2.9920980705e-12,2.9920980697e-12,2.5000000000e-33,1.0
4.3900,2.9920980705e-12,2.9920980705e-12,9.9999999999e-01,2.8832006612e-11,2.8832006612e-11,2.5000000000e-33,1.0
4.4000,2.7909382392e-10,2.8832006620e-11,9.9999999944e-01,2.7909382408e-10,2.7016282156e-09,2.5000000000e-33,3.0
4.4100,2.6270766429e-08,2.7016282114e-09,9.9999994746e-01,2.6270767809e-08,2.5545824630e-07,2.5000000000e-33,3.0
4.4200,2.4953543635e-06,2.5545820286e-07,9.9999500929e-01,2.4953668172e-06,2.4375120494e-05,2.5000000000e-33,3.0
4.4300,2.3906139539e-04,2.4374724401e-05,9.9952182003e-01,2.3917576445e-04,2.3457779892e-03,2.5000000000e-33,3.0
4.4400,2.2055655851e-02,2.3421144101e-03,9.5537951687e-01,2.3085753317e-02,2.1739818859e-01,2.5000000000e-33,3.0
4.4500,2.2684129885e-01,1.8937496998e-01,1.2097886954e-01,1.8750489215e+00,2.2460124102e+00,2.5000000000e-33,3.0
4.4600,9.7399591541e-02,8.1885787862e-01,1.1959385960e-02,8.1441966892e+00,9.6871685755e-01,2.5000000000e-33,3.0
4.4700,1.2708352587e-01,5.6986343495e-01,2.2322015917e-02,5.6931921537e+00,1.2696216110e+00,2.5000000000e-33,3.0
4.4800,1.1448737513e-01,6.5595838441e-01,1.7392230338e-02,6.5826735793e+00,1.1489037069e+00,2.5000000000e-33,3.0
4.4900,1.1830860788e-01,6.2435982218e-01,1.8798305772e-02,6.2935782255e+00,1.1925566829e+00,2.5000000000e-33,3.0
4.5000,1.1632259131e-01,6.3620147856e-01,1.8058195997e-02,6.4415399704e+00,1.1777662370e+00,2.5000000000e-33,3.0
4.5100,1.1647580141e-01,6.3224390748e-01,1.8114567366e-02,6.4299521513e+00,1.1845647241e+00,2.5000000000e-33,3.0
4.5200,1.1585418873e-01,6.3406987328e-01,1.7886598047e-02,6.4771505695e+00,1.1834737087e+00,2.5000000000e-33,3.0
4.5300,1.1551849358e-01,6.3377763200e-01,1.7764304177e-02,6.5028437042e+00,1.1852717274e+00,2.5000000000e-33,3.0
4.5400,1.1508097890e-01,6.3425909199e-01,1.7605774537e-02,6.5365473502e+00,1.1860015523e+00,2.5000000000e-33,3.0
4.5500,1.1468334032e-01,6.3445428635e-01,1.7462531417e-02,6.5673949316e+00,1.1871159265e+00,2.5000000000e-33,3.0
4.5600,1.1427370601e-01,6.3475207099e-01,1.7315797409e-02,6.5993903316e+00,1.1880808666e+00,2.5000000000e-33,3.0
4.5700,1.1387106397e-01,6.3500967123e-01,1.7172385701e-02,6.6310567413e+00,1.1890928919e+00,2.5000000000e-33,3.0
4.5800,1.1346843930e-01,6.3527958992e-01,1.7029787091e-02,6.6629393950e+00,1.1900796851e+00,2.5000000000e-33,3.0
4.5900,1.1306837952e-01,6.3554253135e-01,1.6888892569e-02,6.6948368024e+00,1.1910679633e+00,2.5000000000e-33,3.0
4.6000,1.1266993629e-01,6.3580562379e-01,1.6749352246e-02,6.7268234997e+00,1.1920479260e+00,2.5000000000e-33,3.0
4.6100,1.1227344594e-01,6.3606626102e-01,1.6611270005e-02,6.7588718929e+00,1.1930232503e+00,2.5000000000e-33,3.0
4.6200,1.1187877229e-01,6.3632542607e-01,1.6474584096e-02,6.7909922121e+00,1.1939926336e+00,2.5000000000e-33,3.0
4.6300,1.1148595314e-01,6.3658277697e-01,1.6339293740e-02,6.8231806658e+00,1.1949566144e+00,2.5000000000e-33,3.0
4.6400,1.1109496221e-01,6.3683846104e-01,1.6205376144e-02,6.8554386654e+00,1.1959150492e+00,2.5000000000e-33,3.0
4.6500,1.1070579687e-01,6.3709244442e-01,1.6072816913e-02,6.8877656897e+00,1.1968680464e+00,2.5000000000e-33,3.0
4.6600,1.1031844581e-01,6.3734476008e-01,1.5941598885e-02,6.9201619360e+00,1.1978156209e+00,2.5000000000e-33,3.0
4.6700,1.0993290093e-01,6.3759541602e-01,1.5811706229e-02,6.9526273342e+00,1.1987578215e+00,2.5000000000e-33,3.0
4.6800,1.0954915298e-01,6.3784442927e-01,1.5683122930e-02,6.9851619139e+00,1.1996946841e+00,2.5000000000e-33,3.0
4.6900,1.0916719318e-01,6.3809181330e-01,1.5555833346e-02,7.0177656672e+00,1.2006262490e+00,2.5000000000e-33,3.0
4.7000,1.0878701259e-01,6.3833758266e-01,1.5429821995e-02,7.0504386004e+00,1.2015525541e+00,2.5000000000e-33,3.0
4.7100,1.0840860237e-01,6.3858175130e-01,1.5305073631e-02,7.0831807145e+00,1.2024736380e+00,2.5000000000e-33,3.0
4.7200,1.0803195368e-01,6.3882433318e-01,1.5181573208e-02,7.1159920122e+00,1.2033895384e+00,2.5000000000e-33,3.0
4.7300,1.0765705769e-01,6.3906534206e-01,1.5059305892e-02,7.1488724957e+00,1.2043002930e+00,2.5000000000e-33,3.0
4.7400,1.0728390563e-01,6.3930479156e-01,1.4938257051e-02,7.1818221674e+00,1.2052059391e+00,2.5000000000e-33,3.0
4.7500,1.0691248873e-01,6.3954269513e-01,1.4818412256e-02,7.2148410295e+00,1.2061065135e+00,2.5000000000e-33,3.0
4.7600,1.0654279826e-01,6.3977906612e-01,1.4699757271e-02,7.2479290842e+00,1.2070020529e+00,2.5000000000e-33,3.0
4.7700,1.0617482550e-01,6.4001391769e-01,1.4582278060e-02,7.2810863339e+00,1.2078925935e+00,2.5000000000e-33,3.0
4.7800,1.0580856177e-01,6.4024726288e-01,1.4465960774e-02,7.3143127806e+00,1.2087781714e+00,2.5000000000e-33,3.0
4.7900,1.0544399843e-01,6.4047911460e-01,1.4350791755e-02,7.3476084267e+00,1.2096588222e+00,2.5000000000e-33,3.0
4.8000,1.0508112684e-01,6.4070948560e-01,1.4236757530e-02,7.3809732741e+00,1.2105345812e+00,2.5000000000e-33,3.0
4.8100,1.0471993840e-01,6.4093838851e-01,1.4123844808e-02,7.4144073252e+00,1.2114054834e+00,2.5000000000e-33,3.0
4.8200,1.0436042456e-01,6.4116583582e-01,1.4012040479e-02,7.4479105820e+00,1.2122715637e+00,2.5000000000e-33,3.0
4.8300,1.0400257676e-01,6.4139183987e-01,1.3901331610e-02,7.4814830466e+00,1.2131328565e+00,2.5000000000e-33,3.0
4.8400,1.0364638651e-01,6.4161641291e-01,1.3791705442e-02,7.5151247211e+00,1.2139893959e+00,2.5000000000e-33,3.0
4.8500,1.0329184533e-01,6.4183956702e-01,1.3683149388e-02,7.5488356076e+00,1.2148412158e+00,2.5000000000e-33,3.0
4.8600,1.0293894475e-01,6.4206131417e-01,1.3575651031e-02,7.5826157080e+00,1.2156883498e+00,2.5000000000e-33,3.0
4.8700,1.0258767638e-01,6.4228166620e-01,1.3469198119e-02,7.6164650246e+00,1.2165308310e+00,2.5000000000e-33,3.0
4.8800,1.0223803182e-01,6.4250063484e-01,1.3363778565e-02,7.6503835591e+00,1.2173686925e+00,2.5000000000e-33,3.0
4.8900,1.0189000273e-01,6.4271823166e-01,1.3259380445e-02,7.6843713137e+00,1.2182019671e+00,2.5000000000e-33,3.0
4.9000,1.0154358077e-01,6.4293446816e-01,1.3155991990e-02,7.7184282903e+00,1.2190306871e+00,2.5000000000e-33,3.0
4.9100,1.0119875765e-01,6.4314935568e-01,1.3053601593e-02,7.7525544908e+00,1.2198548847e+00,2.5000000000e-33,3.0
4.9200,1.0085552513e-01,6.4336290544e-01,1.2952197798e-02,7.7867499172e+00,1.2206745917e+00,2.5000000000e-33,3.0
4.9300,1.0051387497e-01,6.4357512858e-01,1.2851769301e-02,7.8210145714e+00,1.2214898399e+00,2.5000000000e-33,3.0
4.9400,1.0017379898e-01,6.4378603610e-01,1.2752304949e-02,7.8553484552e+00,1.2223006604e+00,2.5000000000e-33,3.0
4.9500,9.9835289007e-02,6.4399563887e-01,1.2653793736e-02,7.8897515707e+00,1.2231070844e+00,2.5000000000e-33,3.0
4.9600,9.9498336918e-02,6.4420394767e-01,1.2556224802e-02,7.9242239196e+00,1.2239091428e+00,2.5000000000e-33,3.0
4.9700,9.9162934623e-02,6.4441097318e-01,1.2459587429e-02,7.9587655037e+00,1.2247068659e+00,2.5000000000e-33,3.0
4.9800,9.8829074063e-02,6.4461672594e-01,1.2363871041e-02,7.9933763249e+00,1.2255002842e+00,2.5000000000e-33,3.0
4.9900,9.8496747213e-02,6.4482121639e-01,1.2269065199e-02,8.0280563851e+00,1.2262894276e+00,2.5000000000e-33,3.0
5.0000,9.8165946081e-02,6.4502445488e-01,1.2175159604e-02,8.0628056860e+00,1.2270743260e+00,2.5000000000e-33,3.0
5.0100,9.7836662712e-02,6.4522645163e-01,1.2082144088e-02,8.0976242293e+00,1.2278550089e+00,2.5000000000e-33,3.0
5.0200,9.7508889181e-02,6.4542721678e-01,1.1990008620e-02,8.1325120169e+00,1.2286315055e+00,2.5000000000e-33,3.0
5.0300,9.7182617601e-02,6.4562676035e-01,1.1898743295e-02,8.1674690505e+00,1.2294038448e+00,2.5000000000e-33,3.0
5.0400,9.6857840119e-02,6.4582509226e-01,1.1808338341e-02,8.2024953318e+00,1.2301720558e+00,2.5000000000e-33,3.0
5.0500,9.6534548915e-02,6.4602222233e-01,1.1718784111e-02,8.2375908625e+00,1.2309361669e+00,2.5000000000e-33,3.0
5.0600,9.6212736206e-02,6.4621816028e-01,1.1630071084e-02,8.2727556443e+00,1.2316962064e+00,2.5000000000e-33,3.0
5.0700,9.5892394242e-02,6.4641291575e-01,1.1542189861e-02,8.3079896790e+00,1.2324522024e+00,2.5000000000e-33,3.0
5.0800,9.5573515309e-02,6.4660649824e-01,1.1455131166e-02,8.3432929681e+00,1.2332041827e+00,2.5000000000e-33,3.0
5.0900,9.5256091728e-02,6.4679891720e-01,1.1368885842e-02,8.3786655134e+00,1.2339521750e+00,2.5000000000e-33,3.0
5.1000,9.4940115855e-02,6.4699018196e-01,1.1283444849e-02,8.4141073164e+00,1.2346962067e+00,2.5000000000e-33,3.0
5.1100,9.4625580082e-02,6.4718030177e-01,1.1198799264e-02,8.4496183789e+00,1.2354363048e+00,2.5000000000e-33,3.0
5.1200,9.4312476835e-02,6.4736928576e-01,1.1114940279e-02,8.4851987023e+00,1.2361724964e+00,2.5000000000e-33,3.0
5.1300,9.4000798576e-02,6.4755714300e-01,1.1031859199e-02,8.5208482883e+00,1.2369048080e+00,2.5000000000e-33,3.0
5.1400,9.3690537803e-02,6.4774388246e-01,1.0949547440e-02,8.5565671385e+00,1.2376332663e+00,2.5000000000e-33,3.0
5.1500,9.3381687049e-02,6.4792951301e-01,1.0867996525e-02,8.5923552544e+00,1.2383578974e+00,2.5000000000e-33,3.0
5.1600,9.3074238881e-02,6.4811404345e-01,1.0787198090e-02,8.6282126376e+00,1.2390787274e+00,2.5000000000e-33,3.0
5.1700,9.2768185904e-02,6.4829748247e-01,1.0707143872e-02,8.6641392897e+00,1.2397957821e+00,2.5000000000e-33,3.0
5.1800,9.2463520757e-02,6.4847983871e-01,1.0627825718e-02,8.7001352120e+00,1.2405090872e+00,2.5000000000e-33,3.0
5.1900,9.2160236115e-02,6.4866112067e-01,1.0549235575e-02,8.7362004063e+00,1.2412186680e+00,2.5000000000e-33,3.0
5.2000,9.1858324689e-02,6.4884133682e-01,1.0471365493e-02,8.7723348739e+00,1.2419245498e+00,2.5000000000e-33,3.0
5.2100,9.1557779225e-02,6.4902049553e-01,1.0394207622e-02,8.8085386163e+00,1.2426267575e+00,2.5000000000e-33,3.0
5.2200,9.1258592504e-02,6.4919860506e-01,1.0317754212e-02,8.8448116350e+00,1.2433253160e+00,2.5000000000e-33,3.0
5.2300,9.0960757344e-02,6.4937567362e-01,1.0241997610e-02,8.8811539315e+00,1.2440202498e+00,2.5000000000e-33,3.0
5.2400,9.0664266597e-02,6.4955170934e-01,1.0166930260e-02,8.9175655072e+00,1.2447115833e+00,2.5000000000e-33,3.0
5.2500,9.0369113152e-02,6.4972672026e-01,1.0092544698e-02,8.9540463636e+00,1.2453993406e+00,2.5000000000e-33,3.0
5.2600,9.0075289932e-02,6.4990071434e-01,1.0018833557e-02,8.9905965020e+00,1.2460835459e+00,2.5000000000e-33,3.0
5.2700,8.9782789897e-02,6.5007369946e-01,9.9457895605e-03,9.0272159239e+00,1.2467642228e+00,2.5000000000e-33,3.0
5.2800,8.9491606041e-02,6.5024568344e-01,9.8734055231e-03,9.0639046306e+00,1.2474413949e+00,2.5000000000e-33,3.0
5.2900,8.9201731394e-02,6.5041667401e-01,9.8016743487e-03,9.1006626236e+00,1.2481150858e+00,2.5000000000e-33,3.0
5.3000,8.8913159023e-02,6.5058667883e-01,9.7305890299e-03,9.1374899042e+00,1.2487853185e+00,2.5000000000e-33,3.0
5.3100,8.8625882027e-02,6.5075570549e-01,9.6601426461e-03,9.1743864738e+00,1.2494521161e+00,2.5000000000e-33,3.0
5.3200,8.8339893543e-02,6.5092376150e-01,9.5903283626e-03,9.2113523337e+00,1.2501155015e+00,2.5000000000e-33,3.0
5.3300,8.8055186743e-02,6.5109085429e-01,9.5211394293e-03,9.2483874852e+00,1.2507754973e+00,2.5000000000e-33,3.0
5.3400,8.7771754832e-02,6.5125699124e-01,9.4525691795e-03,9.2854919298e+00,1.2514321260e+00,2.5000000000e-33,3.0
5.3500,8.7489591053e-02,6.5142217966e-01,9.3846110290e-03,9.3226656686e+00,1.2520854100e+00,2.5000000000e-33,3.0
5.3600,8.7208688681e-02,6.5158642675e-01,9.3172584742e-03,9.3599087030e+00,1.2527353712e+00,2.5000000000e-33,3.0
5.3700,8.6929041029e-02,6.5174973969e-01,9.2505050921e-03,9.3972210343e+00,1.2533820316e+00,2.5000000000e-33,3.0
5.3800,8.6650641443e-02,6.5191212557e-01,9.1843445381e-03,9.4346026637e+00,1.2540254131e+00,2.5000000000e-33,3.0
5.3900,8.6373483305e-02,6.5207359142e-01,9.1187705455e-03,9.4720535926e+00,1.2546655372e+00,2.5000000000e-33,3.0
5.4000,8.6097560030e-02,6.5223414418e-01,9.0537769243e-03,9.5095738221e+00,1.2553024252e+00,2.5000000000e-33,3.0
5.4100,8.5822865070e-02,6.5239379076e-01,8.9893575601e-03,9.5471633536e+00,1.2559360986e+00,2.5000000000e-33,3.0
5.4200,8.5549391910e-02,6.5255253797e-01,8.9255064131e-03,9.5848221882e+00,1.2565665782e+00,2.5000000000e-33,3.0
5.4300,8.5277134069e-02,6.5271039259e-01,8.8622175171e-03,9.6225503273e+00,1.2571938852e+00,2.5000000000e-33,3.0
5.4400,8.5006085103e-02,6.5286736131e-01,8.7994849782e-03,9.6603477719e+00,1.2578180400e+00,2.5000000000e-33,3.0
5.4500,8.4736238599e-02,6.5302345077e-01,8.7373029742e-03,9.6982145233e+00,1.2584390635e+00,2.5000000000e-33,3.0
5.4600,8.4467588181e-02,6.5317866755e-01,8.6756657534e-03,9.7361505827e+00,1.2590569759e+00,2.5000000000e-33,3.0
5.4700,8.4200127505e-02,6.5333301815e-01,8.6145676337e-03,9.7741559513e+00,1.2596717975e+00,2.5000000000e-33,3.0
5.4800,8.3933850263e-02,6.5348650902e-01,8.5540030016e-03,9.8122306303e+00,1.2602835485e+00,2.5000000000e-33,3.0
5.4900,8.3668750180e-02,6.5363914657e-01,8.4939663111e-03,9.8503746208e+00,1.2608922487e+00,2.5000000000e-33,3.0
5.5000,8.3404821015e-02,6.5379093712e-01,8.4344520833e-03,9.8885879239e+00,1.2614979179e+00,2.5000000000e-33,3.0
5.5100,8.3142056560e-02,6.5394188694e-01,8.3754549048e-03,9.9268705409e+00,1.2621005757e+00,2.5000000000e-33,3.0
5.5200,8.2880450642e-02,6.5409200226e-01,8.3169694273e-03,9.9652224728e+00,1.2627002416e+00,2.5000000000e-33,3.0
5.5300,8.2619997120e-02,6.5424128922e-01,8.2589903665e-03,1.0003643721e+01,1.2632969350e+00,2.5000000000e-33,3.0
5.5400,8.2360689887e-02,6.5438975393e-01,8.2015125014e-03,1.0042134286e+01,1.2638906749e+00,2.5000000000e-33,3.0
5.5500,8.2102522870e-02,6.5453740244e-01,8.1445306733e-03,1.0080694169e+01,1.2644814804e+00,2.5000000000e-33,3.0
5.5600,8.1845490029e-02,6.5468424074e-01,8.0880397847e-03,1.0119323372e+01,1.2650693703e+00,2.5000000000e-33,3.0
5.5700,8.1589585355e-02,6.5483027475e-01,8.0320347991e-03,1.0158021896e+01,1.2656543633e+00,2.5000000000e-33,3.0
5.5800,8.1334802876e-02,6.5497551036e-01,7.9765107398e-03,1.0196789740e+01,1.2662364781e+00,2.5000000000e-33,3.0
5.5900,8.1081136649e-02,6.5511995340e-01,7.9214626889e-03,1.0235626908e+01,1.2668157331e+00,2.5000000000e-33,3.0
5.6000,8.0828580765e-02,6.5526360964e-01,7.8668857869e-03,1.0274533399e+01,1.2673921464e+00,2.5000000000e-33,3.0
5.6100,8.0577129349e-02,6.5540648480e-01,7.8127752318e-03,1.0313509215e+01,1.2679657363e+00,2.5000000000e-33,3.0
5.6200,8.0326776556e-02,6.5554858454e-01,7.7591262782e-03,1.0352554357e+01,1.2685365207e+00,2.5000000000e-33,3.0
5.6300,8.0077516576e-02,6.5568991450e-01,7.7059342365e-03,1.0391668825e+01,1.2691045176e+00,2.5000000000e-33,3.0
5.6400,7.9829343628e-02,6.5583048022e-01,7.6531944724e-03,1.0430852622e+01,1.2696697445e+00,2.5000000000e-33,3.0
5.6500,7.9582251965e-02,6.5597028723e-01,7.6009024062e-03,1.0470105747e+01,1.2702322192e+00,2.5000000000e-33,3.0
5.6600,7.9336235873e-02,6.5610934099e-01,7.5490535115e-03,1.0509428202e+01,1.2707919590e+00,2.5000000000e-33,3.0
5.6700,7.9091289669e-02,6.5624764693e-01,7.4976433153e-03,1.0548819988e+01,1.2713489812e+00,2.5000000000e-33,3.0
5.6800,7.8847407700e-02,6.5638521040e-01,7.4466673968e-03,1.0588281106e+01,1.2719033031e+00,2.5000000000e-33,3.0
5.6900,7.8604584346e-02,6.5652203673e-01,7.3961213865e-03,1.0627811557e+01,1.2724549416e+00,2.5000000000e-33,3.0
5.7000,7.8362814019e-02,6.5665813119e-01,7.3460009661e-03,1.0667411341e+01,1.2730039137e+00,2.5000000000e-33,3.0
5.7100,7.8122091161e-02,6.5679349901e-01,7.2963018676e-03,1.0707080461e+01,1.2735502362e+00,2.5000000000e-33,3.0
5.7200,7.7882410247e-02,6.5692814536e-01,7.2470198724e-03,1.0746818916e+01,1.2740939257e+00,2.5000000000e-33,3.0
5.7300,7.7643765780e-02,6.5706207538e-01,7.1981508108e-03,1.0786626707e+01,1.2746349987e+00,2.5000000000e-33,3.0
5.7400,7.7406152297e-02,6.5719529416e-01,7.1496905616e-03,1.0826503837e+01,1.2751734717e+00,2.5000000000e-33,3.0
5.7500,7.7169564365e-02,6.5732780672e-01,7.1016350510e-03,1.0866450305e+01,1.2757093609e+00,2.5000000000e-33,3.0
5.7600,7.6933996579e-02,6.5745961808e-01,7.0539802523e-03,1.0906466112e+01,1.2762426825e+00,2.5000000000e-33,3.0
5.7700,7.6699443569e-02,6.5759073319e-01,7.0067221853e-03,1.0946551260e+01,1.2767734524e+00,2.5000000000e-33,3.0
5.7800,7.6465899992e-02,6.5772115694e-01,6.9598569155e-03,1.0986705750e+01,1.2773016866e+00,2.5000000000e-33,3.0
5.7900,7.6233360535e-02,6.5785089422e-01,6.9133805537e-03,1.1026929581e+01,1.2778274010e+00,2.5000000000e-33,3.0
5.8000,7.6001819918e-02,6.5797994983e-01,6.8672892552e-03,1.1067222756e+01,1.2783506110e+00,2.5000000000e-33,3.0
5.8100,7.5771272888e-02,6.5810832857e-01,6.8215792193e-03,1.1107585275e+01,1.2788713324e+00,2.5000000000e-33,3.0
5.8200,7.5541714224e-02,6.5823603517e-01,6.7762466888e-03,1.1148017139e+01,1.2793895804e+00,2.5000000000e-33,3.0
5.8300,7.5313138733e-02,6.5836307432e-01,6.7312879496e-03,1.1188518348e+01,1.2799053705e+00,2.5000000000e-33,3.0
5.8400,7.5085541251e-02,6.5848945069e-01,6.6866993296e-03,1.1229088905e+01,1.2804187178e+00,2.5000000000e-33,3.0
5.8500,7.4858916646e-02,6.5861516888e-01,6.6424771987e-03,1.1269728809e+01,1.2809296375e+00,2.5000000000e-33,3.0
5.8600,7.4633259814e-02,6.5874023348e-01,6.5986179680e-03,1.1310438061e+01,1.2814381444e+00,2.5000000000e-33,3.0
5.8700,7.4408565678e-02,6.5886464902e-01,6.5551180892e-03,1.1351216662e+01,1.2819442534e+00,2.5000000000e-33,3.0
5.8800,7.4184829194e-02,6.5898841999e-01,6.5119740545e-03,1.1392064614e+01,1.2824479792e+00,2.5000000000e-33,3.0
5.8900,7.3962045342e-02,6.5911155085e-01,6.4691823954e-03,1.1432981917e+01,1.2829493366e+00,2.5000000000e-33,3.0
5.9000,7.3740209136e-02,6.5923404602e-01,6.4267396829e-03,1.1473968571e+01,1.2834483400e+00,2.5000000000e-33,3.0
5.9100,7.3519315613e-02,6.5935590989e-01,6.3846425264e-03,1.1515024578e+01,1.2839450038e+00,2.5000000000e-33,3.0
5.9200,7.3299359843e-02,6.5947714678e-01,6.3428875736e-03,1.1556149938e+01,1.2844393424e+00,2.5000000000e-33,3.0
5.9300,7.3080336922e-02,6.5959776101e-01,6.3014715098e-03,1.1597344653e+01,1.2849313699e+00,2.5000000000e-33,3.0
5.9400,7.2862241973e-02,6.5971775685e-01,6.2603910578e-03,1.1638608723e+01,1.2854211004e+00,2.5000000000e-33,3.0
5.9500,7.2645070150e-02,6.5983713853e-01,6.2196429766e-03,1.1679942148e+01,1.2859085480e+00,2.5000000000e-33,3.0
5.9600,7.2428816633e-02,6.5995591024e-01,6.1792240620e-03,1.1721344931e+01,1.2863937265e+00,2.5000000000e-33,3.0
5.9700,7.2213476630e-02,6.6007407614e-01,6.1391311451e-03,1.1762817070e+01,1.2868766496e+00,2.5000000000e-33,3.0
5.9800,7.1999045375e-02,6.6019164036e-01,6.0993610928e-03,1.1804358568e+01,1.2873573311e+00,2.5000000000e-33,3.0
5.9900,7.1785518132e-02,6.6030860698e-01,6.0599108067e-03,1.1845969425e+01,1.2878357846e+00,2.5000000000e-33,3.0
6.0000,7.1572890191e-02,6.6042498007e-01,6.0207772227e-03,1.1887649641e+01,1.2883120234e+00,2.5000000000e-33,3.0
6.0100,7.1361156868e-02,6.6054076363e-01,5.9819573109e-03,1.1929399218e+01,1.2887860611e+00,2.5000000000e-33,3.0
6.0200,7.1150313508e-02,6.6065596166e-01,5.9434480751e-03,1.1971218156e+01,1.2892579108e+00,2.5000000000e-33,3.0
6.0300,7.0940355482e-02,6.6077057811e-01,5.9052465520e-03,1.2013106457e+01,1.2897275858e+00,2.5000000000e-33,3.0
6.0400,7.0731278187e-02,6.6088461689e-01,5.8673498112e-03,1.2055064120e+01,1.2901950992e+00,2.5000000000e-33,3.0
6.0500,7.0523077047e-02,6.6099808189e-01,5.8297549547e-03,1.2097091146e+01,1.2906604638e+00,2.5000000000e-33,3.0
6.0600,7.0315747512e-02,6.6111097697e-01,5.7924591162e-03,1.2139187537e+01,1.2911236927e+00,2.5000000000e-33,3.0
6.0700,7.0109285060e-02,6.6122330595e-01,5.7554594613e-03,1.2181353293e+01,1.2915847986e+00,2.5000000000e-33,3.0
6.0800,6.9903685193e-02,6.6133507261e-01,5.7187531865e-03,1.2223588414e+01,1.2920437942e+00,2.5000000000e-33,3.0
6.0900,6.9698943440e-02,6.6144628071e-01,5.6823375190e-03,1.2265892902e+01,1.2925006921e+00,2.5000000000e-33,3.0
6.1000,6.9495055354e-02,6.6155693398e-01,5.6462097165e-03,1.2308266757e+01,1.2929555049e+00,2.5000000000e-33,3.0
6.1100,6.9292016518e-02,6.6166703611e-01,5.6103670666e-03,1.2350709979e+01,1.2934082449e+00,2.5000000000e-33,3.0
6.1200,6.9089822536e-02,6.6177659076e-01,5.5748068868e-03,1.2393222571e+01,1.2938589246e+00,2.5000000000e-33,3.0
6.1300,6.8888469039e-02,6.6188560157e-01,5.5395265234e-03,1.2435804531e+01,1.2943075561e+00,2.5000000000e-33,3.0
6.1400,6.8687951684e-02,6.6199407215e-01,5.5045233519e-03,1.2478455861e+01,1.2947541516e+00,2.5000000000e-33,3.0
6.1500,6.8488266152e-02,6.6210200605e-01,5.4697947763e-03,1.2521176562e+01,1.2951987233e+00,2.5000000000e-33,3.0
6.1600,6.8289408151e-02,6.6220940684e-01,5.4353382287e-03,1.2563966634e+01,1.2956412830e+00,2.5000000000e-33,3.0
6.1700,6.8091373411e-02,6.6231627802e-01,5.4011511691e-03,1.2606826078e+01,1.2960818426e+00,2.5000000000e-33,3.0
6.1800,6.7894157688e-02,6.6242262307e-01,5.3672310850e-03,1.2649754895e+01,1.2965204140e+00,2.5000000000e-33,3.0
6.1900,6.7697756764e-02,6.6252844546e-01,5.3335754909e-03,1.2692753085e+01,1.2969570090e+00,2.5000000000e-33,3.0
6.2000,6.7502166443e-02,6.6263374861e-01,5.3001819283e-03,1.2735820648e+01,1.2973916390e+00,2.5000000000e-33,3.0
6.2100,6.7307382554e-02,6.6273853593e-01,5.2670479652e-03,1.2778957587e+01,1.2978243158e+00,2.5000000000e-33,3.0
6.2200,6.7113400951e-02,6.6284281078e-01,5.2341711956e-03,1.2822163900e+01,1.2982550507e+00,2.5000000000e-33,3.0
6.2300,6.6920217513e-02,6.6294657651e-01,5.2015492394e-03,1.2865439590e+01,1.2986838551e+00,2.5000000000e-33,3.0
6.2400,6.6727828139e-02,6.6304983644e-01,5.1691797423e-03,1.2908784656e+01,1.2991107405e+00,2.5000000000e-33,3.0
6.2500,6.6536228755e-02,6.6315259385e-01,5.1370603747e-03,1.2952199099e+01,1.2995357179e+00,2.5000000000e-33,3.0
6.2600,6.6345415311e-02,6.6325485202e-01,5.1051888325e-03,1.2995682919e+01,1.2999587985e+00,2.5000000000e-33,3.0
6.2700,6.6155383778e-02,6.6335661417e-01,5.0735628358e-03,1.3039236119e+01,1.3003799935e+00,2.5000000000e-33,3.0
6.2800,6.5966130153e-02,6.6345788353e-01,5.0421801291e-03,1.3082858697e+01,1.3007993137e+00,2.5000000000e-33,3.0
6.2900,6.5777650453e-02,6.6355866327e-01,5.0110384809e-03,1.3126550655e+01,1.3012167701e+00,2.5000000000e-33,3.0
6.3000,6.5589940720e-02,6.6365895655e-01,4.9801356837e-03,1.3170311993e+01,1.3016323736e+00,2.5000000000e-33,3.0
6.3100,6.5402997021e-02,6.6375876651e-01,4.9494695530e-03,1.3214142712e+01,1.3020461348e+00,2.5000000000e-33,3.0
6.3200,6.5216815442e-02,6.6385809626e-01,4.9190379279e-03,1.3258042812e+01,1.3024580645e+00,2.5000000000e-33,3.0
6.3300,6.5031392093e-02,6.6395694887e-01,4.8888386700e-03,1.3302012294e+01,1.3028681733e+00,2.5000000000e-33,3.0
6.3400,6.4846723108e-02,6.6405532742e-01,4.8588696637e-03,1.3346051159e+01,1.3032764717e+00,2.5000000000e-33,3.0
6.3500,6.4662804642e-02,6.6415323492e-01,4.8291288157e-03,1.3390159408e+01,1.3036829701e+00,2.5000000000e-33,3.0
6.3600,6.4479632872e-02,6.6425067440e-01,4.7996140548e-03,1.3434337040e+01,1.3040876789e+00,2.5000000000e-33,3.0
6.3700,6.4297203999e-02,6.6434764884e-01,4.7703233316e-03,1.3478584056e+01,1.3044906085e+00,2.5000000000e-33,3.0
6.3800,6.4115514244e-02,6.6444416119e-01,4.7412546181e-03,1.3522900457e+01,1.3048917690e+00,2.5000000000e-33,3.0
6.3900,6.3934559850e-02,6.6454021440e-01,4.7124059078e-03,1.3567286244e+01,1.3052911706e+00,2.5000000000e-33,3.0
6.4000,6.3754337084e-02,6.6463581139e-01,4.6837752151e-03,1.3611741417e+01,1.3056888235e+00,2.5000000000e-33,3.0
6.4100,6.3574842232e-02,6.6473095504e-01,4.6553605751e-03,1.3656265977e+01,1.3060847376e+00,2.5000000000e-33,3.0
6.4200,6.3396071603e-02,6.6482564822e-01,4.6271600437e-03,1.3700859924e+01,1.3064789228e+00,2.5000000000e-33,3.0
6.4300,6.3218021527e-02,6.6491989379e-01,4.5991716968e-03,1.3745523258e+01,1.3068713891e+00,2.5000000000e-33,3.0
6.4400,6.3040688356e-02,6.6501369455e-01,4.5713936305e-03,1.3790255981e+01,1.3072621463e+00,2.5000000000e-33,3.0
6.4500,6.2864068461e-02,6.6510705333e-01,4.5438239607e-03,1.3835058093e+01,1.3076512041e+00,2.5000000000e-33,3.0
6.4600,6.2688158236e-02,6.6519997289e-01,4.5164608228e-03,1.3879929594e+01,1.3080385721e+00,2.5000000000e-33,3.0
6.4700,6.2512954095e-02,6.6529245599e-01,4.4893023717e-03,1.3924870485e+01,1.3084242600e+00,2.5000000000e-33,3.0
6.4800,6.2338452475e-02,6.6538450536e-01,4.4623467812e-03,1.3969880767e+01,1.3088082774e+00,2.5000000000e-33,3.0
6.4900,6.2164649829e-02,6.6547612373e-01,4.4355922442e-03,1.4014960440e+01,1.3091906336e+00,2.5000000000e-33,3.0
6.5000,6.1991542635e-02,6.6556731379e-01,4.4090369722e-03,1.4060109504e+01,1.3095713382e+00,2.5000000000e-33,3.0
6.5100,6.1819127389e-02,6.6565807820e-01,4.3826791950e-03,1.4105327960e+01,1.3099504003e+00,2.5000000000e-33,3.0
6.5200,6.1647400608e-02,6.6574841963e-01,4.3565171609e-03,1.4150615809e+01,1.3103278294e+00,2.5000000000e-33,3.0
6.5300,6.1476358830e-02,6.6583834069e-01,4.3305491360e-03,1.4195973051e+01,1.3107036346e+00,2.5000000000e-33,3.0
6.5400,6.1305998610e-02,6.6592784400e-01,4.3047734043e-03,1.4241399686e+01,1.3110778251e+00,2.5000000000e-33,3.0
6.5500,6.1136316527e-02,6.6601693216e-01,4.2791882675e-03,1.4286895716e+01,1.3114504099e+00,2.5000000000e-33,3.0
6.5600,6.0967309177e-02,6.6610560772e-01,4.2537920446e-03,1.4332461140e+01,1.3118213981e+00,2.5000000000e-33,3.0
6.5700,6.0798973177e-02,6.6619387324e-01,4.2285830716e-03,1.4378095960e+01,1.3121907986e+00,2.5000000000e-33,3.0
6.5800,6.0631305162e-02,6.6628173125e-01,4.2035597019e-03,1.4423800175e+01,1.3125586204e+00,2.5000000000e-33,3.0
6.5900,6.0464301788e-02,6.6636918427e-01,4.1787203054e-03,1.4469573786e+01,1.3129248722e+00,2.5000000000e-33,3.0
6.6000,6.0297959730e-02,6.6645623477e-01,4.1540632686e-03,1.4515416793e+01,1.3132895629e+00,2.5000000000e-33,3.0
6.6100,6.0132275682e-02,6.6654288524e-01,4.1295869947e-03,1.4561329198e+01,1.3136527012e+00,2.5000000000e-33,3.0
6.6200,5.9967246357e-02,6.6662913813e-01,4.1052899028e-03,1.4607311000e+01,1.3140142956e+00,2.5000000000e-33,3.0
6.6300,5.9802868487e-02,6.6671499587e-01,4.0811704282e-03,1.4653362201e+01,1.3143743549e+00,2.5000000000e-33,3.0
6.6400,5.9639138823e-02,6.6680046087e-01,4.0572270219e-03,1.4699482800e+01,1.3147328875e+00,2.5000000000e-33,3.0
6.6500,5.9476054135e-02,6.6688553554e-01,4.0334581508e-03,1.4745672798e+01,1.3150899020e+00,2.5000000000e-33,3.0
6.6600,5.9313611211e-02,6.6697022226e-01,4.0098622971e-03,1.4791932195e+01,1.3154454067e+00,2.5000000000e-33,3.0
6.6700,5.9151806857e-02,6.6705452337e-01,3.9864379584e-03,1.4838260992e+01,1.3157994100e+00,2.5000000000e-33,3.0
6.6800,5.8990637900e-02,6.6713844124e-01,3.9631836474e-03,1.4884659190e+01,1.3161519203e+00,2.5000000000e-33,3.0
6.6900,5.8830101182e-02,6.6722197818e-01,3.9400978917e-03,1.4931126789e+01,1.3165029458e+00,2.5000000000e-33,3.0
6.7000,5.8670193565e-02,6.6730513650e-01,3.9171792339e-03,1.4977663789e+01,1.3168524946e+00,2.5000000000e-33,3.0
6.7100,5.8510911929e-02,6.6738791849e-01,3.8944262309e-03,1.5024270190e+01,1.3172005749e+00,2.5000000000e-33,3.0
6.7200,5.8352253172e-02,6.6747032642e-01,3.8718374543e-03,1.5070945994e+01,1.3175471948e+00,2.5000000000e-33,3.0
6.7300,5.8194214209e-02,6.6755236255e-01,3.8494114899e-03,1.5117691201e+01,1.3178923624e+00,2.5000000000e-33,3.0
6.7400,5.8036791974e-02,6.6763402911e-01,3.8271469377e-03,1.5164505810e+01,1.3182360855e+00,2.5000000000e-33,3.0
6.7500,5.7879983418e-02,6.6771532834e-01,3.8050424116e-03,1.5211389824e+01,1.3185783722e+00,2.5000000000e-33,3.0
6.7600,5.7723785508e-02,6.6779626242e-01,3.7830965392e-03,1.5258343241e+01,1.3189192303e+00,2.5000000000e-33,3.0
6.7700,5.7568195232e-02,6.6787683356e-01,3.7613079620e-03,1.5305366062e+01,1.3192586676e+00,2.5000000000e-33,3.0
6.7800,5.7413209591e-02,6.6795704392e-01,3.7396753348e-03,1.5352458289e+01,1.3195966919e+00,2.5000000000e-33,3.0
6.7900,5.7258825608e-02,6.6803689566e-01,3.7181973258e-03,1.5399619921e+01,1.3199333108e+00,2.5000000000e-33,3.0
6.8000,5.7105040318e-02,6.6811639092e-01,3.6968726165e-03,1.5446850958e+01,1.3202685322e+00,2.5000000000e-33,3.0
6.8100,5.6951850777e-02,6.6819553182e-01,3.6756999013e-03,1.5494151402e+01,1.3206023634e+00,2.5000000000e-33,3.0
6.8200,5.6799254056e-02,6.6827432047e-01,3.6546778875e-03,1.5541521252e+01,1.3209348122e+00,2.5000000000e-33,3.0
6.8300,5.6647247244e-02,6.6835275896e-01,3.6338052952e-03,1.5588960509e+01,1.3212658860e+00,2.5000000000e-33,3.0
6.8400,5.6495827444e-02,6.6843084938e-01,3.6130808572e-03,1.5636469173e+01,1.3215955922e+00,2.5000000000e-33,3.0
6.8500,5.6344991780e-02,6.6850859377e-01,3.5925033187e-03,1.5684047246e+01,1.3219239384e+00,2.5000000000e-33,3.0
6.8600,5.6194737388e-02,6.6858599418e-01,3.5720714371e-03,1.5731694726e+01,1.3222509318e+00,2.5000000000e-33,3.0
6.8700,5.6045061423e-02,6.6866305266e-01,3.5517839822e-03,1.5779411615e+01,1.3225765797e+00,2.5000000000e-33,3.0
6.8800,5.5895961055e-02,6.6873977120e-01,3.5316397357e-03,1.5827197913e+01,1.3229008895e+00,2.5000000000e-33,3.0
6.8900,5.5747433472e-02,6.6881615182e-01,3.5116374914e-03,1.5875053620e+01,1.3232238683e+00,2.5000000000e-33,3.0
6.9000,5.5599475876e-02,6.6889219650e-01,3.4917760547e-03,1.5922978738e+01,1.3235455232e+00,2.5000000000e-33,3.0
6.9100,5.5452085486e-02,6.6896790721e-01,3.4720542427e-03,1.5970973265e+01,1.3238658615e+00,2.5000000000e-33,3.0
6.9200,5.5305259536e-02,6.6904328591e-01,3.4524708842e-03,1.6019037203e+01,1.3241848901e+00,2.5000000000e-33,3.0
6.9300,5.5158995278e-02,6.6911833454e-01,3.4330248191e-03,1.6067170552e+01,1.3245026162e+00,2.5000000000e-33,3.0
6.9400,5.5013289978e-02,6.6919305503e-01,3.4137148989e-03,1.6115373313e+01,1.3248190466e+00,2.5000000000e-33,3.0
6.9500,5.4868140917e-02,6.6926744929e-01,3.3945399860e-03,1.6163645485e+01,1.3251341883e+00,2.5000000000e-33,3.0
6.9600,5.4723545392e-02,6.6934151922e-01,3.3754989539e-03,1.6211987069e+01,1.3254480482e+00,2.5000000000e-33,3.0
6.9700,5.4579500717e-02,6.6941526672e-01,3.3565906872e-03,1.6260398066e+01,1.3257606332e+00,2.5000000000e-33,3.0
6.9800,5.4436004219e-02,6.6948869366e-01,3.3378140809e-03,1.6308878475e+01,1.3260719500e+00,2.5000000000e-33,3.0
6.9900,5.4293053241e-02,6.6956180188e-01,3.3191680411e-03,1.6357428298e+01,1.3263820053e+00,2.5000000000e-33,3.0
7.0000,5.4150645142e-02,6.6963459325e-01,3.3006514841e-03,1.6406047535e+01,1.3266908060e+00,2.5000000000e-33,3.0
7.0100,5.4008777295e-02,6.6970706958e-01,3.2822633367e-03,1.6454736185e+01,1.3269983586e+00,2.5000000000e-33,3.0
7.0200,5.3867447089e-02,6.6977923271e-01,3.2640025363e-03,1.6503494250e+01,1.3273046698e+00,2.5000000000e-33,3.0
7.0300,5.3726651926e-02,6.6985108444e-01,3.2458680301e-03,1.6552321729e+01,1.3276097461e+00,2.5000000000e-33,3.0
7.0400,5.3586389224e-02,6.6992262655e-01,3.2278587758e-03,1.6601218624e+01,1.3279135941e+00,2.5000000000e-33,3.0
7.0500,5.3446656416e-02,6.6999386084e-01,3.2099737407e-03,1.6650184934e+01,1.3282162202e+00,2.5000000000e-33,3.0
7.0600,5.3307450948e-02,6.7006478906e-01,3.1922119022e-03,1.6699220660e+01,1.3285176310e+00,2.5000000000e-33,3.0
7.0700,5.3168770283e-02,6.7013541298e-01,3.1745722475e-03,1.6748325802e+01,1.3288178329e+00,2.5000000000e-33,3.0
7.0800,5.3030611896e-02,6.7020573433e-01,3.1570537733e-03,1.6797500361e+01,1.3291168321e+00,2.5000000000e-33,3.0
7.0900,5.2892973277e-02,6.7027575484e-01,3.1396554861e-03,1.6846744336e+01,1.3294146350e+00,2.5000000000e-33,3.0
7.1000,5.2755851931e-02,6.7034547623e-01,3.1223764016e-03,1.6896057728e+01,1.3297112479e+00,2.5000000000e-33,3.0
7.1100,5.2619245376e-02,6.7041490022e-01,3.1052155449e-03,1.6945440539e+01,1.3300066771e+00,2.5000000000e-33,3.0
7.1200,5.2483151145e-02,6.7048402848e-01,3.0881719506e-03,1.6994892767e+01,1.3303009287e+00,2.5000000000e-33,3.0
7.1300,5.2347566784e-02,6.7055286270e-01,3.0712446621e-03,1.7044414413e+01,1.3305940089e+00,2.5000000000e-33,3.0
7.1400,5.2212489854e-02,6.7062140454e-01,3.0544327321e-03,1.7094005478e+01,1.3308859239e+00,2.5000000000e-33,3.0
7.1500,5.2077917928e-02,6.7068965568e-01,3.0377352222e-03,1.7143665961e+01,1.3311766796e+00,2.5000000000e-33,3.0
7.1600,5.1943848595e-02,6.7075761774e-01,3.0211512028e-03,1.7193395864e+01,1.3314662823e+00,2.5000000000e-33,3.0
7.1700,5.1810279456e-02,6.7082529237e-01,3.0046797531e-03,1.7243195187e+01,1.3317547378e+00,2.5000000000e-33,3.0
7.1800,5.1677208126e-02,6.7089268119e-01,2.9883199610e-03,1.7293063929e+01,1.3320420521e+00,2.5000000000e-33,3.0
7.1900,5.1544632233e-02,6.7095978580e-01,2.9720709229e-03,1.7343002091e+01,1.3323282312e+00,2.5000000000e-33,3.0
7.2000,5.1412549418e-02,6.7102660781e-01,2.9559317439e-03,1.7393009675e+01,1.3326132809e+00,2.5000000000e-33,3.0
7.2100,5.1280957337e-02,6.7109314881e-01,2.9399015371e-03,1.7443086678e+01,1.3328972072e+00,2.5000000000e-33,3.0
7.2200,5.1149853658e-02,6.7115941036e-01,2.9239794242e-03,1.7493233104e+01,1.3331800157e+00,2.5000000000e-33,3.0
7.2300,5.1019236062e-02,6.7122539405e-01,2.9081645352e-03,1.7543448950e+01,1.3334617124e+00,2.5000000000e-33,3.0
7.2400,5.0889102244e-02,6.7129110141e-01,2.8924560080e-03,1.7593734219e+01,1.3337423029e+00,2.5000000000e-33,3.0
7.2500,5.0759449910e-02,6.7135653400e-01,2.8768529886e-03,1.7644088909e+01,1.3340217929e+00,2.5000000000e-33,3.0
7.2600,5.0630276780e-02,6.7142169335e-01,2.8613546311e-03,1.7694513022e+01,1.3343001882e+00,2.5000000000e-33,3.0
7.2700,5.0501580588e-02,6.7148658098e-01,2.8459600972e-03,1.7745006558e+01,1.3345774943e+00,2.5000000000e-33,3.0
7.2800,5.0373359079e-02,6.7155119840e-01,2.8306685567e-03,1.7795569517e+01,1.3348537169e+00,2.5000000000e-33,3.0
7.2900,5.0245610011e-02,6.7161554712e-01,2.8154791869e-03,1.7846201899e+01,1.3351288615e+00,2.5000000000e-33,3.0
7.3000,5.0118331155e-02,6.7167962863e-01,2.8003911728e-03,1.7896903705e+01,1.3354029336e+00,2.5000000000e-33,3.0
7.3100,4.9991520293e-02,6.7174344439e-01,2.7854037069e-03,1.7947674935e+01,1.3356759388e+00,2.5000000000e-33,3.0
7.3200,4.9865175222e-02,6.7180699590e-01,2.7705159893e-03,1.7998515589e+01,1.3359478824e+00,2.5000000000e-33,3.0
7.3300,4.9739293750e-02,6.7187028460e-01,2.7557272274e-03,1.8049425667e+01,1.3362187700e+00,2.5000000000e-33,3.0
7.3400,4.9613873695e-02,6.7193331195e-01,2.7410366358e-03,1.8100405171e+01,1.3364886068e+00,2.5000000000e-33,3.0
7.3500,4.9488912892e-02,6.7199607939e-01,2.7264434365e-03,1.8151454099e+01,1.3367573983e+00,2.5000000000e-33,3.0
7.3600,4.9364409183e-02,6.7205858834e-01,2.7119468586e-03,1.8202572453e+01,1.3370251498e+00,2.5000000000e-33,3.0
7.3700,4.9240360426e-02,6.7212084022e-01,2.6975461383e-03,1.8253760233e+01,1.3372918666e+00,2.5000000000e-33,3.0
7.3800,4.9116764488e-02,6.7218283646e-01,2.6832405187e-03,1.8305017439e+01,1.3375575539e+00,2.5000000000e-33,3.0
7.3900,4.8993619250e-02,6.7224457844e-01,2.6690292501e-03,1.8356344071e+01,1.3378222169e+00,2.5000000000e-33,3.0
7.4000,4.8870922604e-02,6.7230606756e-01,2.6549115893e-03,1.8407740130e+01,1.3380858609e+00,2.5000000000e-33,3.0
7.4100,4.8748672453e-02,6.7236730521e-01,2.6408868002e-03,1.8459205616e+01,1.3383484910e+00,2.5000000000e-33,3.0
7.4200,4.8626866713e-02,6.7242829274e-01,2.6269541534e-03,1.8510740528e+01,1.3386101122e+00,2.5000000000e-33,3.0
7.4300,4.8505503310e-02,6.7248903153e-01,2.6131129258e-03,1.8562344868e+01,1.3388707298e+00,2.5000000000e-33,3.0
7.4400,4.8384580183e-02,6.7254952294e-01,2.5993624014e-03,1.8614018636e+01,1.3391303488e+00,2.5000000000e-33,3.0
7.4500,4.8264095281e-02,6.7260976829e-01,2.5857018703e-03,1.8665761832e+01,1.3393889742e+00,2.5000000000e-33,3.0
7.4600,4.8144046566e-02,6.7266976894e-01,2.5721306293e-03,1.8717574456e+01,1.3396466109e+00,2.5000000000e-33,3.0
7.4700,4.8024432010e-02,6.7272952620e-01,2.5586479815e-03,1.8769456509e+01,1.3399032641e+00,2.5000000000e-33,3.0
7.4800,4.7905249597e-02,6.7278904139e-01,2.5452532362e-03,1.8821407991e+01,1.3401589385e+00,2.5000000000e-33,3.0
7.4900,4.7786497322e-02,6.7284831582e-01,2.5319457091e-03,1.8873428901e+01,1.3404136392e+00,2.5000000000e-33,3.0
7.5000,4.7668173190e-02,6.7290735080e-01,2.5187247220e-03,1.8925519241e+01,1.3406673710e+00,2.5000000000e-33,3.0
7.5100,4.7550275218e-02,6.7296614761e-01,2.5055896030e-03,1.8977679011e+01,1.3409201387e+00,2.5000000000e-33,3.0
7.5200,4.7432801434e-02,6.7302470752e-01,2.4925396860e-03,1.9029908210e+01,1.3411719471e+00,2.5000000000e-33,3.0
7.5300,4.7315749877e-02,6.7308303183e-01,2.4795743110e-03,1.9082206840e+01,1.3414228011e+00,2.5000000000e-33,3.0
7.5400,4.7199118597e-02,6.7314112179e-01,2.4666928241e-03,1.9134574900e+01,1.3416727054e+00,2.5000000000e-33,3.0
7.5500,4.7082905652e-02,6.7319897865e-01,2.4538945770e-03,1.9187012390e+01,1.3419216647e+00,2.5000000000e-33,3.0
7.5600,4.6967109115e-02,6.7325660367e-01,2.4411789273e-03,1.9239519312e+01,1.3421696838e+00,2.5000000000e-33,3.0
7.5700,4.6851727067e-02,6.7331399808e-01,2.4285452386e-03,1.9292095664e+01,1.3424167672e+00,2.5000000000e-33,3.0
7.5800,4.6736757600e-02,6.7337116312e-01,2.4159928798e-03,1.9344741448e+01,1.3426629197e+00,2.5000000000e-33,3.0
7.5900,4.6622198817e-02,6.7342810001e-01,2.4035212257e-03,1.9397456664e+01,1.3429081458e+00,2.5000000000e-33,3.0
7.6000,4.6508048830e-02,6.7348480997e-01,2.3911296567e-03,1.9450241312e+01,1.3431524502e+00,2.5000000000e-33,3.0
7.6100,4.6394305763e-02,6.7354129419e-01,2.3788175585e-03,1.9503095392e+01,1.3433958374e+00,2.5000000000e-33,3.0
7.6200,4.6280967749e-02,6.7359755388e-01,2.3665843225e-03,1.9556018904e+01,1.3436383119e+00,2.5000000000e-33,3.0
7.6300,4.6168032932e-02,6.7365359024e-01,2.3544293454e-03,1.9609011849e+01,1.3438798782e+00,2.5000000000e-33,3.0
7.6400,4.6055499466e-02,6.7370940444e-01,2.3423520294e-03,1.9662074227e+01,1.3441205408e+00,2.5000000000e-33,3.0
7.6500,4.5943365515e-02,6.7376499765e-01,2.3303517817e-03,1.9715206038e+01,1.3443603042e+00,2.5000000000e-33,3.0
7.6600,4.5831629254e-02,6.7382037105e-01,2.3184280150e-03,1.9768407282e+01,1.3445991727e+00,2.5000000000e-33,3.0
7.6700,4.5720288865e-02,6.7387552580e-01,2.3065801472e-03,1.9821677960e+01,1.3448371508e+00,2.5000000000e-33,3.0
7.6800,4.5609342545e-02,6.7393046304e-01,2.2948076012e-03,1.9875018072e+01,1.3450742429e+00,2.5000000000e-33,3.0
7.6900,4.5498788495e-02,6.7398518393e-01,2.2831098051e-03,1.9928427618e+01,1.3453104532e+00,2.5000000000e-33,3.0
7.7000,4.5388624930e-02,6.7403968959e-01,2.2714861921e-03,1.9981906598e+01,1.3455457860e+00,2.5000000000e-33,3.0
7.7100,4.5278850072e-02,6.7409398116e-01,2.2599362003e-03,2.0035455013e+01,1.3457802458e+00,2.5000000000e-33,3.0
7.7200,4.5169462156e-02,6.7414805976e-01,2.2484592727e-03,2.0089072862e+01,1.3460138367e+00,2.5000000000e-33,3.0
7.7300,4.5060459424e-02,6.7420192650e-01,2.2370548572e-03,2.0142760147e+01,1.3462465630e+00,2.5000000000e-33,3.0
7.7400,4.4951840127e-02,6.7425558250e-01,2.2257224067e-03,2.0196516867e+01,1.3464784288e+00,2.5000000000e-33,3.0
7.7500,4.4843602528e-02,6.7430902884e-01,2.2144613787e-03,2.0250343022e+01,1.3467094384e+00,2.5000000000e-33,3.0
7.7600,4.4735744898e-02,6.7436226664e-01,2.2032712356e-03,2.0304238614e+01,1.3469395960e+00,2.5000000000e-33,3.0
7.7700,4.4628265517e-02,6.7441529696e-01,2.1921514444e-03,2.0358203641e+01,1.3471689056e+00,2.5000000000e-33,3.0
7.7800,4.4521162674e-02,6.7446812088e-01,2.1811014768e-03,2.0412238104e+01,1.3473973714e+00,2.5000000000e-33,3.0
7.7900,4.4414434670e-02,6.7452073949e-01,2.1701208092e-03,2.0466342004e+01,1.3476249975e+00,2.5000000000e-33,3.0
7.8000,4.4308079811e-02,6.7457315385e-01,2.1592089222e-03,2.0520515340e+01,1.3478517879e+00,2.5000000000e-33,3.0
7.8100,4.4202096416e-02,6.7462536501e-01,2.1483653015e-03,2.0574758113e+01,1.3480777466e+00,2.5000000000e-33,3.0
7.8200,4.4096482812e-02,6.7467737402e-01,2.1375894367e-03,2.0629070323e+01,1.3483028778e+00,2.5000000000e-33,3.0
7.8300,4.3991237333e-02,6.7472918192e-01,2.1268808222e-03,2.0683451971e+01,1.3485271853e+00,2.5000000000e-33,3.0
7.8400,4.3886358324e-02,6.7478078977e-01,2.1162389566e-03,2.0737903056e+01,1.3487506731e+00,2.5000000000e-33,3.0
7.8500,4.3781844139e-02,6.7483219858e-01,2.1056633429e-03,2.0792423578e+01,1.3489733452e+00,2.5000000000e-33,3.0
7.8600,4.3677693140e-02,6.7488340938e-01,2.0951534884e-03,2.0847013539e+01,1.3491952055e+00,2.5000000000e-33,3.0
7.8700,4.3573903697e-02,6.7493442318e-01,2.0847089048e-03,2.0901672938e+01,1.3494162580e+00,2.5000000000e-33,3.0
7.8800,4.3470474192e-02,6.7498524101e-01,2.0743291076e-03,2.0956401775e+01,1.3496365063e+00,2.5000000000e-33,3.0
7.8900,4.3367403013e-02,6.7503586386e-01,2.0640136170e-03,2.1011200050e+01,1.3498559545e+00,2.5000000000e-33,3.0
7.9000,4.3264688556e-02,6.7508629273e-01,2.0537619569e-03,2.1066067765e+01,1.3500746064e+00,2.5000000000e-33,3.0
7.9100,4.3162329228e-02,6.7513652861e-01,2.0435736555e-03,2.1121004918e+01,1.3502924657e+00,2.5000000000e-33,3.0
7.9200,4.3060323443e-02,6.7518657249e-01,2.0334482451e-03,2.1176011510e+01,1.3505095362e+00,2.5000000000e-33,3.0
7.9300,4.2958669624e-02,6.7523642535e-01,2.0233852618e-03,2.1231087542e+01,1.3507258217e+00,2.5000000000e-33,3.0
7.9400,4.2857366203e-02,6.7528608815e-01,2.0133842459e-03,2.1286233014e+01,1.3509413260e+00,2.5000000000e-33,3.0
7.9500,4.2756411619e-02,6.7533556187e-01,2.0034447414e-03,2.1341447925e+01,1.3511560527e+00,2.5000000000e-33,3.0
7.9600,4.2655804321e-02,6.7538484747e-01,1.9935662965e-03,2.1396732276e+01,1.3513700055e+00,2.5000000000e-33,3.0
7.9700,4.2555542764e-02,6.7543394590e-01,1.9837484630e-03,2.1452086067e+01,1.3515831882e+00,2.5000000000e-33,3.0
7.9800,4.2455625414e-02,6.7548285811e-01,1.9739907966e-03,2.1507509299e+01,1.3517956043e+00,2.5000000000e-33,3.0
7.9900,4.2356050743e-02,6.7553158504e-01,1.9642928568e-03,2.1563001971e+01,1.3520072575e+00,2.5000000000e-33,3.0
8.0000,4.2256817232e-02,6.7558012763e-01,1.9546542068e-03,2.1618564084e+01,1.3522181514e+00,2.5000000000e-33,3.0
8.0100,4.2157923371e-02,6.7562848681e-01,1.9450744136e-03,2.1674195638e+01,1.3524282896e+00,2.5000000000e-33,3.0
8.0200,4.2059367657e-02,6.7567666349e-01,1.9355530478e-03,2.1729896633e+01,1.3526376757e+00,2.5000000000e-33,3.0
8.0300,4.1961148594e-02,6.7572465861e-01,1.9260896836e-03,2.1785667070e+01,1.3528463132e+00,2.5000000000e-33,3.0
8.0400,4.1863264696e-02,6.7577247308e-01,1.9166838989e-03,2.1841506948e+01,1.3530542056e+00,2.5000000000e-33,3.0
8.0500,4.1765714483e-02,6.7582010779e-01,1.9073352752e-03,2.1897416268e+01,1.3532613564e+00,2.5000000000e-33,3.0
8.0600,4.1668496486e-02,6.7586756366e-01,1.8980433974e-03,2.1953395029e+01,1.3534677692e+00,2.5000000000e-33,3.0
8.0700,4.1571609240e-02,6.7591484158e-01,1.8888078539e-03,2.2009443233e+01,1.3536734473e+00,2.5000000000e-33,3.0
8.0800,4.1475051289e-02,6.7596194243e-01,1.8796282368e-03,2.2065560879e+01,1.3538783942e+00,2.5000000000e-33,3.0
8.0900,4.1378821186e-02,6.7600886711e-01,1.8705041413e-03,2.2121747968e+01,1.3540826134e+00,2.5000000000e-33,3.0
8.1000,4.1282917491e-02,6.7605561649e-01,1.8614351662e-03,2.2178004499e+01,1.3542861083e+00,2.5000000000e-33,3.0
8.1100,4.1187338771e-02,6.7610219145e-01,1.8524209137e-03,2.2234330473e+01,1.3544888822e+00,2.5000000000e-33,3.0
8.1200,4.1092083601e-02,6.7614859285e-01,1.8434609893e-03,2.2290725890e+01,1.3546909385e+00,2.5000000000e-33,3.0
8.1300,4.0997150563e-02,6.7619482156e-01,1.8345550016e-03,2.2347190751e+01,1.3548922805e+00,2.5000000000e-33,3.0
8.1400,4.0902538248e-02,6.7624087843e-01,1.8257025628e-03,2.2403725054e+01,1.3550929117e+00,2.5000000000e-33,3.0
8.1500,4.0808245253e-02,6.7628676432e-01,1.8169032882e-03,2.2460328802e+01,1.3552928352e+00,2.5000000000e-33,3.0
8.1600,4.0714270183e-02,6.7633248008e-01,1.8081567962e-03,2.2517001993e+01,1.3554920543e+00,2.5000000000e-33,3.0
8.1700,4.0620611649e-02,6.7637802653e-01,1.7994627085e-03,2.2573744628e+01,1.3556905725e+00,2.5000000000e-33,3.0
8.1800,4.0527268272e-02,6.7642340453e-01,1.7908206500e-03,2.2630556707e+01,1.3558883928e+00,2.5000000000e-33,3.0
8.1900,4.0434238678e-02,6.7646861490e-01,1.7822302487e-03,2.2687438230e+01,1.3560855185e+00,2.5000000000e-33,3.0
8.2000,4.0341521501e-02,6.7651365847e-01,1.7736911354e-03,2.2744389198e+01,1.3562819529e+00,2.5000000000e-33,3.0
8.2100,4.0249115382e-02,6.7655853606e-01,1.7652029445e-03,2.2801409610e+01,1.3564776991e+00,2.5000000000e-33,3.0
8.2200,4.0157018970e-02,6.7660324849e-01,1.7567653129e-03,2.2858499468e+01,1.3566727603e+00,2.5000000000e-33,3.0
8.2300,4.0065230919e-02,6.7664779656e-01,1.7483778809e-03,2.2915658770e+01,1.3568671397e+00,2.5000000000e-33,3.0
8.2400,3.9973749893e-02,6.7669218108e-01,1.7400402915e-03,2.2972887517e+01,1.3570608404e+00,2.5000000000e-33,3.0
8.2500,3.9882574559e-02,6.7673640286e-01,1.7317521909e-03,2.3030185710e+01,1.3572538655e+00,2.5000000000e-33,3.0
8.2600,3.9791703596e-02,6.7678046269e-01,1.7235132279e-03,2.3087553348e+01,1.3574462181e+00,2.5000000000e-33,3.0
8.2700,3.9701135686e-02,6.7682436135e-01,1.7153230546e-03,2.3144990432e+01,1.3576379014e+00,2.5000000000e-33,3.0
8.2800,3.9610869518e-02,6.7686809964e-01,1.7071813256e-03,2.3202496961e+01,1.3578289184e+00,2.5000000000e-33,3.0
8.2900,3.9520903791e-02,6.7691167834e-01,1.6990876984e-03,2.3260072937e+01,1.3580192721e+00,2.5000000000e-33,3.0
8.3000,3.9431237208e-02,6.7695509823e-01,1.6910418336e-03,2.3317718359e+01,1.3582089656e+00,2.5000000000e-33,3.0
8.3100,3.9341868479e-02,6.7699836007e-01,1.6830433942e-03,2.3375433227e+01,1.3583980019e+00,2.5000000000e-33,3.0
8.3200,3.9252796322e-02,6.7704146464e-01,1.6750920463e-03,2.3433217541e+01,1.3585863841e+00,2.5000000000e-33,3.0
8.3300,3.9164019460e-02,6.7708441270e-01,1.6671874584e-03,2.3491071302e+01,1.3587741150e+00,2.5000000000e-33,3.0
8.3400,3.9075536625e-02,6.7712720500e-01,1.6593293021e-03,2.3548994510e+01,1.3589611976e+00,2.5000000000e-33,3.0
8.3500,3.8987346552e-02,6.7716984230e-01,1.6515172512e-03,2.3606987165e+01,1.3591476350e+00,2.5000000000e-33,3.0
8.3600,3.8899447986e-02,6.7721232535e-01,1.6437509826e-03,2.3665049267e+01,1.3593334300e+00,2.5000000000e-33,3.0
8.3700,3.8811839677e-02,6.7725465489e-01,1.6360301757e-03,2.3723180816e+01,1.3595185856e+00,2.5000000000e-33,3.0
8.3800,3.8724520382e-02,6.7729683166e-01,1.6283545123e-03,2.3781381813e+01,1.3597031046e+00,2.5000000000e-33,3.0
8.3900,3.8637488864e-02,6.7733885640e-01,1.6207236770e-03,2.3839652257e+01,1.3598869899e+00,2.5000000000e-33,3.0
8.4000,3.8550743892e-02,6.7738072984e-01,1.6131373570e-03,2.3897992149e+01,1.3600702445e+00,2.5000000000e-33,3.0
8.4100,3.8464284242e-02,6.7742245270e-01,1.6055952419e-03,2.3956401489e+01,1.3602528712e+00,2.5000000000e-33,3.0
8.4200,3.8378108697e-02,6.7746402572e-01,1.5980970238e-03,2.4014880276e+01,1.3604348727e+00,2.5000000000e-33,3.0
8.4300,3.8292216044e-02,6.7750544959e-01,1.5906423975e-03,2.4073428512e+01,1.3606162520e+00,2.5000000000e-33,3.0
8.4400,3.8206605079e-02,6.7754672505e-01,1.5832310599e-03,2.4132046197e+01,1.3607970118e+00,2.5000000000e-33,3.0
8.4500,3.8121274602e-02,6.7758785280e-01,1.5758627108e-03,2.4190733330e+01,1.3609771549e+00,2.5000000000e-33,3.0
8.4600,3.8036223421e-02,6.7762883354e-01,1.5685370521e-03,2.4249489911e+01,1.3611566841e+00,2.5000000000e-33,3.0
8.4700,3.7951450349e-02,6.7766966797e-01,1.5612537882e-03,2.4308315941e+01,1.3613356022e+00,2.5000000000e-33,3.0
8.4800,3.7866954205e-02,6.7771035680e-01,1.5540126259e-03,2.4367211421e+01,1.3615139118e+00,2.5000000000e-33,3.0
8.4900,3.7782733814e-02,6.7775090071e-01,1.5468132742e-03,2.4426176349e+01,1.3616916158e+00,2.5000000000e-33,3.0
8.5000,3.7698788009e-02,6.7779130039e-01,1.5396554447e-03,2.4485210727e+01,1.3618687168e+00,2.5000000000e-33,3.0
8.5100,3.7615115626e-02,6.7783155653e-01,1.5325388511e-03,2.4544314554e+01,1.3620452176e+00,2.5000000000e-33,3.0
8.5200,3.7531715509e-02,6.7787166981e-01,1.5254632095e-03,2.4603487830e+01,1.3622211207e+00,2.5000000000e-33,3.0
8.5300,3.7448586508e-02,6.7791164090e-01,1.5184282382e-03,2.4662730556e+01,1.3623964290e+00,2.5000000000e-33,3.0
8.5400,3.7365727476e-02,6.7795147048e-01,1.5114336579e-03,2.4722042732e+01,1.3625711450e+00,2.5000000000e-33,3.0
8.5500,3.7283137277e-02,6.7799115921e-01,1.5044791913e-03,2.4781424358e+01,1.3627452714e+00,2.5000000000e-33,3.0
8.5600,3.7200814776e-02,6.7803070776e-01,1.4975645635e-03,2.4840875434e+01,1.3629188108e+00,2.5000000000e-33,3.0
8.5700,3.7118758845e-02,6.7807011679e-01,1.4906895017e-03,2.4900395960e+01,1.3630917658e+00,2.5000000000e-33,3.0
8.5800,3.7036968365e-02,6.7810938696e-01,1.4838537353e-03,2.4959985937e+01,1.3632641390e+00,2.5000000000e-33,3.0
8.5900,3.6955442218e-02,6.7814851891e-01,1.4770569958e-03,2.5019645364e+01,1.3634359330e+00,2.5000000000e-33,3.0
8.6000,3.6874179295e-02,6.7818751330e-01,1.4702990170e-03,2.5079374242e+01,1.3636071503e+00,2.5000000000e-33,3.0
8.6100,3.6793178490e-02,6.7822637078e-01,1.4635795346e-03,2.5139172571e+01,1.3637777936e+00,2.5000000000e-33,3.0
8.6200,3.6712438706e-02,6.7826509197e-01,1.4568982864e-03,2.5199040350e+01,1.3639478653e+00,2.5000000000e-33,3.0
8.6300,3.6631958849e-02,6.7830367753e-01,1.4502550126e-03,2.5258977581e+01,1.3641173680e+00,2.5000000000e-33,3.0
8.6400,3.6551737830e-02,6.7834212809e-01,1.4436494549e-03,2.5318984262e+01,1.3642863042e+00,2.5000000000e-33,3.0
8.6500,3.6471774568e-02,6.7838044427e-01,1.4370813576e-03,2.5379060396e+01,1.3644546763e+00,2.5000000000e-33,3.0
8.6600,3.6392067987e-02,6.7841862670e-01,1.4305504667e-03,2.5439205980e+01,1.3646224870e+00,2.5000000000e-33,3.0
8.6700,3.6312617014e-02,6.7845667600e-01,1.4240565302e-03,2.5499421016e+01,1.3647897385e+00,2.5000000000e-33,3.0
8.6800,3.6233420584e-02,6.7849459280e-01,1.4175992982e-03,2.5559705504e+01,1.3649564335e+00,2.5000000000e-33,3.0
8.6900,3.6154477636e-02,6.7853237771e-01,1.4111785226e-03,2.5620059444e+01,1.3651225743e+00,2.5000000000e-33,3.0
8.7000,3.6075787116e-02,6.7857003133e-01,1.4047939576e-03,2.5680482836e+01,1.3652881634e+00,2.5000000000e-33,3.0
8.7100,3.5997347973e-02,6.7860755429e-01,1.3984453589e-03,2.5740975680e+01,1.3654532032e+00,2.5000000000e-33,3.0
8.7200,3.5919159162e-02,6.7864494718e-01,1.3921324843e-03,2.5801537976e+01,1.3656176960e+00,2.5000000000e-33,3.0
8.7300,3.5841219646e-02,6.7868221061e-01,1.3858550937e-03,2.5862169725e+01,1.3657816444e+00,2.5000000000e-33,3.0
8.7400,3.5763528389e-02,6.7871934517e-01,1.3796129484e-03,2.5922870926e+01,1.3659450506e+00,2.5000000000e-33,3.0
8.7500,3.5686084363e-02,6.7875635146e-01,1.3734058120e-03,2.5983641579e+01,1.3661079170e+00,2.5000000000e-33,3.0
8.7600,3.5608886545e-02,6.7879323007e-01,1.3672334498e-03,2.6044481686e+01,1.3662702460e+00,2.5000000000e-33,3.0
8.7700,3.5531933915e-02,6.7882998158e-01,1.3610956289e-03,2.6105391245e+01,1.3664320400e+00,2.5000000000e-33,3.0
8.7800,3.5455225460e-02,6.7886660659e-01,1.3549921182e-03,2.6166370258e+01,1.3665933012e+00,2.5000000000e-33,3.0
8.7900,3.5378760173e-02,6.7890310566e-01,1.3489226884e-03,2.6227418723e+01,1.3667540319e+00,2.5000000000e-33,3.0
8.8000,3.5302537050e-02,6.7893947939e-01,1.3428871120e-03,2.6288536642e+01,1.3669142346e+00,2.5000000000e-33,3.0
8.8100,3.5226555092e-02,6.7897572834e-01,1.3368851633e-03,2.6349724014e+01,1.3670739113e+00,2.5000000000e-33,3.0
8.8200,3.5150813307e-02,6.7901185309e-01,1.3309166184e-03,2.6410980840e+01,1.3672330646e+00,2.5000000000e-33,3.0
8.8300,3.5075310707e-02,6.7904785419e-01,1.3249812549e-03,2.6472307119e+01,1.3673916965e+00,2.5000000000e-33,3.0
8.8400,3.5000046307e-02,6.7908373223e-01,1.3190788523e-03,2.6533702853e+01,1.3675498093e+00,2.5000000000e-33,3.0
8.8500,3.4925019130e-02,6.7911948775e-01,1.3132091919e-03,2.6595168040e+01,1.3677074054e+00,2.5000000000e-33,3.0
8.8600,3.4850228202e-02,6.7915512131e-01,1.3073720565e-03,2.6656702681e+01,1.3678644869e+00,2.5000000000e-33,3.0
8.8700,3.4775672555e-02,6.7919063348e-01,1.3015672306e-03,2.6718306776e+01,1.3680210560e+00,2.5000000000e-33,3.0
8.8800,3.4701351225e-02,6.7922602480e-01,1.2957945003e-03,2.6779980325e+01,1.3681771150e+00,2.5000000000e-33,3.0
8.8900,3.4627263252e-02,6.7926129582e-01,1.2900536537e-03,2.6841723329e+01,1.3683326660e+00,2.5000000000e-33,3.0
8.9000,3.4553407683e-02,6.7929644709e-01,1.2843444801e-03,2.6903535787e+01,1.3684877113e+00,2.5000000000e-33,3.0
8.9100,3.4479783567e-02,6.7933147915e-01,1.2786667706e-03,2.6965417700e+01,1.3686422529e+00,2.5000000000e-33,3.0
8.9200,3.4406389961e-02,6.7936639253e-01,1.2730203179e-03,2.7027369067e+01,1.3687962931e+00,2.5000000000e-33,3.0
8.9300,3.4333225924e-02,6.7940118778e-01,1.2674049163e-03,2.7089389890e+01,1.3689498340e+00,2.5000000000e-33,3.0
8.9400,3.4260290521e-02,6.7943586542e-01,1.2618203616e-03,2.7151480167e+01,1.3691028777e+00,2.5000000000e-33,3.0
8.9500,3.4187582821e-02,6.7947042600e-01,1.2562664512e-03,2.7213639899e+01,1.3692554264e+00,2.5000000000e-33,3.0
8.9600,3.4115101897e-02,6.7950487002e-01,1.2507429842e-03,2.7275869087e+01,1.3694074822e+00,2.5000000000e-33,3.0
8.9700,3.4042846828e-02,6.7953919803e-01,1.2452497609e-03,2.7338167729e+01,1.3695590472e+00,2.5000000000e-33,3.0
8.9800,3.3970816698e-02,6.7957341054e-01,1.2397865834e-03,2.7400535828e+01,1.3697101234e+00,2.5000000000e-33,3.0
8.9900,3.3899010593e-02,6.7960750806e-01,1.2343532553e-03,2.7462973381e+01,1.3698607130e+00,2.5000000000e-33,3.0
9.0000,3.3827427605e-02,6.7964149112e-01,1.2289495815e-03,2.7525480390e+01,1.3700108180e+00,2.5000000000e-33,3.0
9.0100,3.3756066832e-02,6.7967536023e-01,1.2235753684e-03,2.7588056855e+01,1.3701604405e+00,2.5000000000e-33,3.0
9.0200,3.3684927373e-02,6.7970911589e-01,1.2182304242e-03,2.7650702776e+01,1.3703095825e+00,2.5000000000e-33,3.0
9.0300,3.3614008334e-02,6.7974275862e-01,1.2129145582e-03,2.7713418153e+01,1.3704582461e+00,2.5000000000e-33,3.0
9.0400,3.3543308826e-02,6.7977628891e-01,1.2076275812e-03,2.7776202986e+01,1.3706064333e+00,2.5000000000e-33,3.0
9.0500,3.3472827961e-02,6.7980970727e-01,1.2023693055e-03,2.7839057275e+01,1.3707541461e+00,2.5000000000e-33,3.0
9.0600,3.3402564860e-02,6.7984301420e-01,1.1971395449e-03,2.7901981020e+01,1.3709013865e+00,2.5000000000e-33,3.0
9.0700,3.3332518643e-02,6.7987621019e-01,1.1919381144e-03,2.7964974222e+01,1.3710481565e+00,2.5000000000e-33,3.0
9.0800,3.3262688439e-02,6.7990929573e-01,1.1867648306e-03,2.8028036880e+01,1.3711944581e+00,2.5000000000e-33,3.0
9.0900,3.3193073379e-02,6.7994227132e-01,1.1816195113e-03,2.8091168995e+01,1.3713402932e+00,2.5000000000e-33,3.0
9.1000,3.3123672598e-02,6.7997513745e-01,1.1765019758e-03,2.8154370566e+01,1.3714856639e+00,2.5000000000e-33,3.0
9.1100,3.3054485237e-02,6.8000789459e-01,1.1714120447e-03,2.8217641594e+01,1.3716305721e+00,2.5000000000e-33,3.0
9.1200,3.2985510438e-02,6.8004054323e-01,1.1663495400e-03,2.8280982079e+01,1.3717750197e+00,2.5000000000e-33,3.0
9.1300,3.2916747352e-02,6.8007308384e-01,1.1613142849e-03,2.8344392021e+01,1.3719190087e+00,2.5000000000e-33,3.0
9.1400,3.2848195130e-02,6.8010551692e-01,1.1563061042e-03,2.8407871421e+01,1.3720625409e+00,2.5000000000e-33,3.0
9.1500,3.2779852928e-02,6.8013784292e-01,1.1513248236e-03,2.8471420277e+01,1.3722056184e+00,2.5000000000e-33,3.0
9.1600,3.2711719907e-02,6.8017006233e-01,1.1463702705e-03,2.8535038591e+01,1.3723482429e+00,2.5000000000e-33,3.0
9.1700,3.2643795232e-02,6.8020217560e-01,1.1414422733e-03,2.8598726362e+01,1.3724904165e+00,2.5000000000e-33,3.0
9.1800,3.2576078072e-02,6.8023418321e-01,1.1365406619e-03,2.8662483591e+01,1.3726321409e+00,2.5000000000e-33,3.0
9.1900,3.2508567600e-02,6.8026608562e-01,1.1316652674e-03,2.8726310277e+01,1.3727734180e+00,2.5000000000e-33,3.0
9.2000,3.2441262992e-02,6.8029788329e-01,1.1268159220e-03,2.8790206421e+01,1.3729142498e+00,2.5000000000e-33,3.0
9.2100,3.2374163429e-02,6.8032957668e-01,1.1219924593e-03,2.8854172023e+01,1.3730546381e+00,2.5000000000e-33,3.0
9.2200,3.2307268097e-02,6.8036116625e-01,1.1171947142e-03,2.8918207082e+01,1.3731945846e+00,2.5000000000e-33,3.0
9.2300,3.2240576183e-02,6.8039265245e-01,1.1124225227e-03,2.8982311600e+01,1.3733340914e+00,2.5000000000e-33,3.0
9.2400,3.2174086881e-02,6.8042403572e-01,1.1076757220e-03,2.9046485576e+01,1.3734731600e+00,2.5000000000e-33,3.0
9.2500,3.2107799387e-02,6.8045531653e-01,1.1029541505e-03,2.9110729010e+01,1.3736117925e+00,2.5000000000e-33,3.0
9.2600,3.2041712902e-02,6.8048649531e-01,1.0982576481e-03,2.9175041903e+01,1.3737499906e+00,2.5000000000e-33,3.0
9.2700,3.1975826630e-02,6.8051757251e-01,1.0935860553e-03,2.9239424254e+01,1.3738877561e+00,2.5000000000e-33,3.0
9.2800,3.1910139779e-02,6.8054854858e-01,1.0889392144e-03,2.9303876063e+01,1.3740250908e+00,2.5000000000e-33,3.0
9.2900,3.1844651561e-02,6.8057942394e-01,1.0843169684e-03,2.9368397331e+01,1.3741619964e+00,2.5000000000e-33,3.0
9.3000,3.1779361193e-02,6.8061019904e-01,1.0797191617e-03,2.9432988057e+01,1.3742984748e+00,2.5000000000e-33,3.0
9.3100,3.1714267893e-02,6.8064087431e-01,1.0751456398e-03,2.9497648243e+01,1.3744345276e+00,2.5000000000e-33,3.0
9.3200,3.1649370885e-02,6.8067145018e-01,1.0705962492e-03,2.9562377887e+01,1.3745701568e+00,2.5000000000e-33,3.0
9.3300,3.1584669396e-02,6.8070192708e-01,1.0660708378e-03,2.9627176990e+01,1.3747053639e+00,2.5000000000e-33,3.0
9.3400,3.1520162657e-02,6.8073230545e-01,1.0615692543e-03,2.9692045553e+01,1.3748401507e+00,2.5000000000e-33,3.0
9.3500,3.1455849902e-02,6.8076258570e-01,1.0570913488e-03,2.9756983574e+01,1.3749745190e+00,2.5000000000e-33,3.0
9.3600,3.1391730370e-02,6.8079276826e-01,1.0526369722e-03,2.9821991055e+01,1.3751084705e+00,2.5000000000e-33,3.0
9.3700,3.1327803302e-02,6.8082285354e-01,1.0482059768e-03,2.9887067995e+01,1.3752420069e+00,2.5000000000e-33,3.0
9.3800,3.1264067944e-02,6.8085284197e-01,1.0437982158e-03,2.9952214394e+01,1.3753751298e+00,2.5000000000e-33,3.0
9.3900,3.1200523544e-02,6.8088273396e-01,1.0394135434e-03,3.0017430254e+01,1.3755078410e+00,2.5000000000e-33,3.0
9.4000,3.1137169356e-02,6.8091252993e-01,1.0350518151e-03,3.0082715572e+01,1.3756401422e+00,2.5000000000e-33,3.0
9.4100,3.1074004636e-02,6.8094223028e-01,1.0307128873e-03,3.0148070351e+01,1.3757720350e+00,2.5000000000e-33,3.0
9.4200,3.1011028643e-02,6.8097183543e-01,1.0263966173e-03,3.0213494589e+01,1.3759035210e+00,2.5000000000e-33,3.0
9.4300,3.0948240641e-02,6.8100134578e-01,1.0221028638e-03,3.0278988287e+01,1.3760346021e+00,2.5000000000e-33,3.0
9.4400,3.0885639896e-02,6.8103076174e-01,1.0178314862e-03,3.0344551445e+01,1.3761652797e+00,2.5000000000e-33,3.0
9.4500,3.0823225679e-02,6.8106008371e-01,1.0135823451e-03,3.0410184063e+01,1.3762955556e+00,2.5000000000e-33,3.0
9.4600,3.0760997263e-02,6.8108931209e-01,1.0093553021e-03,3.0475886141e+01,1.3764254313e+00,2.5000000000e-33,3.0
9.4700,3.0698953926e-02,6.8111844728e-01,1.0051502197e-03,3.0541657680e+01,1.3765549086e+00,2.5000000000e-33,3.0
9.4800,3.0637094948e-02,6.8114748968e-01,1.0009669614e-03,3.0607498678e+01,1.3766839889e+00,2.5000000000e-33,3.0
9.4900,3.0575419614e-02,6.8117643968e-01,9.9680539184e-04,3.0673409138e+01,1.3768126740e+00,2.5000000000e-33,3.0
9.5000,3.0513927211e-02,6.8120529767e-01,9.9266537647e-04,3.0739389057e+01,1.3769409654e+00,2.5000000000e-33,3.0
9.5100,3.0452617029e-02,6.8123406404e-01,9.8854678180e-04,3.0805438437e+01,1.3770688647e+00,2.5000000000e-33,3.0
9.5200,3.0391488364e-02,6.8126273918e-01,9.8444947528e-04,3.0871557278e+01,1.3771963735e+00,2.5000000000e-33,3.0
9.5300,3.0330540511e-02,6.8129132348e-01,9.8037332530e-04,3.0937745580e+01,1.3773234934e+00,2.5000000000e-33,3.0
9.5400,3.0269772774e-02,6.8131981731e-01,9.7631820120e-04,3.1004003343e+01,1.3774502259e+00,2.5000000000e-33,3.0
9.5500,3.0209184454e-02,6.8134822107e-01,9.7228397329e-04,3.1070330566e+01,1.3775765726e+00,2.5000000000e-33,3.0
9.5600,3.0148774860e-02,6.8137653513e-01,9.6827051276e-04,3.1136727250e+01,1.3777025350e+00,2.5000000000e-33,3.0
9.5700,3.0088543303e-02,6.8140475987e-01,9.6427769176e-04,3.1203193396e+01,1.3778281148e+00,2.5000000000e-33,3.0
9.5800,3.0028489097e-02,6.8143289566e-01,9.6030538334e-04,3.1269729003e+01,1.3779533134e+00,2.5000000000e-33,3.0
9.5900,2.9968611558e-02,6.8146094288e-01,9.5635346147e-04,3.1336334071e+01,1.3780781323e+00,2.5000000000e-33,3.0
9.6000,2.9908910008e-02,6.8148890191e-01,9.5242180101e-04,3.1403008600e+01,1.3782025732e+00,2.5000000000e-33,3.0
9.6100,2.9849383769e-02,6.8151677310e-01,9.4851027770e-04,3.1469752591e+01,1.3783266374e+00,2.5000000000e-33,3.0
9.6200,2.9790032168e-02,6.8154455683e-01,9.4461876820e-04,3.1536566043e+01,1.3784503265e+00,2.5000000000e-33,3.0
9.6300,2.9730854537e-02,6.8157225347e-01,9.4074715002e-04,3.1603448956e+01,1.3785736420e+00,2.5000000000e-33,3.0
9.6400,2.9671850206e-02,6.8159986338e-01,9.3689530156e-04,3.1670401332e+01,1.3786965855e+00,2.5000000000e-33,3.0
9.6500,2.9613018514e-02,6.8162738691e-01,9.3306310207e-04,3.1737423169e+01,1.3788191583e+00,2.5000000000e-33,3.0
9.6600,2.9554358798e-02,6.8165482444e-01,9.2925043166e-04,3.1804514468e+01,1.3789413619e+00,2.5000000000e-33,3.0
9.6700,2.9495870402e-02,6.8168217632e-01,9.2545717130e-04,3.1871675229e+01,1.3790631979e+00,2.5000000000e-33,3.0
9.6800,2.9437552670e-02,6.8170944290e-01,9.2168320280e-04,3.1938905451e+01,1.3791846677e+00,2.5000000000e-33,3.0
9.6900,2.9379404952e-02,6.8173662455e-01,9.1792840880e-04,3.2006205136e+01,1.3793057727e+00,2.5000000000e-33,3.0
9.7000,2.9321426600e-02,6.8176372161e-01,9.1419267278e-04,3.2073574283e+01,1.3794265144e+00,2.5000000000e-33,3.0
9.7100,2.9263616966e-02,6.8179073443e-01,9.1047587904e-04,3.2141012892e+01,1.3795468942e+00,2.5000000000e-33,3.0
9.7200,2.9205975410e-02,6.8181766337e-01,9.0677791269e-04,3.2208520964e+01,1.3796669136e+00,2.5000000000e-33,3.0
9.7300,2.9148501292e-02,6.8184450877e-01,9.0309865966e-04,3.2276098497e+01,1.3797865740e+00,2.5000000000e-33,3.0
9.7400,2.9091193975e-02,6.8187127098e-01,8.9943800668e-04,3.2343745494e+01,1.3799058768e+00,2.5000000000e-33,3.0
9.7500,2.9034052827e-02,6.8189795034e-01,8.9579584128e-04,3.2411461952e+01,1.3800248234e+00,2.5000000000e-33,3.0
9.7600,2.8977077215e-02,6.8192454720e-01,8.9217205176e-04,3.2479247873e+01,1.3801434153e+00,2.5000000000e-33,3.0
9.7700,2.8920266513e-02,6.8195106188e-01,8.8856652725e-04,3.2547103257e+01,1.3802616537e+00,2.5000000000e-33,3.0
9.7800,2.8863620097e-02,6.8197749474e-01,8.8497915761e-04,3.2615028104e+01,1.3803795402e+00,2.5000000000e-33,3.0
9.7900,2.8807137344e-02,6.8200384611e-01,8.8140983350e-04,3.2683022414e+01,1.3804970761e+00,2.5000000000e-33,3.0
9.8000,2.8750817635e-02,6.8203011632e-01,8.7785844634e-04,3.2751086186e+01,1.3806142628e+00,2.5000000000e-33,3.0
9.8100,2.8694660355e-02,6.8205630571e-01,8.7432488831e-04,3.2819219421e+01,1.3807311017e+00,2.5000000000e-33,3.0
9.8200,2.8638664890e-02,6.8208241461e-01,8.7080905234e-04,3.2887422119e+01,1.3808475941e+00,2.5000000000e-33,3.0
9.8300,2.8582830630e-02,6.8210844335e-01,8.6731083211e-04,3.2955694281e+01,1.3809637413e+00,2.5000000000e-33,3.0
9.8400,2.8527156967e-02,6.8213439226e-01,8.6383012205e-04,3.3024035905e+01,1.3810795448e+00,2.5000000000e-33,3.0
9.8500,2.8471643296e-02,6.8216026165e-01,8.6036681730e-04,3.3092446993e+01,1.3811950059e+00,2.5000000000e-33,3.0
9.8600,2.8416289016e-02,6.8218605187e-01,8.5692081377e-04,3.3160927544e+01,1.3813101258e+00,2.5000000000e-33,3.0
9.8700,2.8361093528e-02,6.8221176323e-01,8.5349200805e-04,3.3229477559e+01,1.3814249061e+00,2.5000000000e-33,3.0
9.8800,2.8306056235e-02,6.8223739605e-01,8.5008029749e-04,3.3298097037e+01,1.3815393479e+00,2.5000000000e-33,3.0
9.8900,2.8251176543e-02,6.8226295066e-01,8.4668558012e-04,3.3366785978e+01,1.3816534526e+00,2.5000000000e-33,3.0
9.9000,2.8196453861e-02,6.8228842737e-01,8.4330775470e-04,3.3435544383e+01,1.3817672215e+00,2.5000000000e-33,3.0
9.9100,2.8141887602e-02,6.8231382650e-01,8.3994672068e-04,3.3504372252e+01,1.3818806559e+00,2.5000000000e-33,3.0
9.9200,2.8087477179e-02,6.8233914836e-01,8.3660237821e-04,3.3573269584e+01,1.3819937571e+00,2.5000000000e-33,3.0
9.9300,2.8033222009e-02,6.8236439326e-01,8.3327462812e-04,3.3642236381e+01,1.3821065265e+00,2.5000000000e-33,3.0
9.9400,2.7979121514e-02,6.8238956153e-01,8.2996337195e-04,3.3711272641e+01,1.3822189652e+00,2.5000000000e-33,3.0
9.9500,2.7925175114e-02,6.8241465347e-01,8.2666851189e-04,3.3780378365e+01,1.3823310746e+00,2.5000000000e-33,3.0
9.9600,2.7871382236e-02,6.8243966938e-01,8.2338995083e-04,3.3849553553e+01,1.3824428560e+00,2.5000000000e-33,3.0
9.9700,2.7817742306e-02,6.8246460958e-01,8.2012759230e-04,3.3918798205e+01,1.3825543106e+00,2.5000000000e-33,3.0
9.9800,2.7764254755e-02,6.8248947437e-01,8.1688134053e-04,3.3988112322e+01,1.3826654397e+00,2.5000000000e-33,3.0
9.9900,2.7710919017e-02,6.8251426405e-01,8.1365110039e-04,3.4057495902e+01,1.3827762445e+00,2.5000000000e-33,3.0
10.0000,2.7657734526e-02,6.8253897894e-01,8.1043677738e-04,3.4126948947e+01,1.3828867263e+00,2.5000000000e-33,3.0
10.0100,2.7604700722e-02,6.8256361932e-01,8.0723827770e-04,3.4196471456e+01,1.3829968864e+00,2.5000000000e-33,3.0
10.0200,2.7551817043e-02,6.8258818550e-01,8.0405550815e-04,3.4266063430e+01,1.3831067259e+00,2.5000000000e-33,3.0
10.0300,2.7499082935e-02,6.8261267777e-01,8.0088837619e-04,3.4335724868e+01,1.3832162462e+00,2.5000000000e-33,3.0
10.0400,2.7446497841e-02,6.8263709644e-01,7.9773678991e-04,3.4405455770e+01,1.3833254484e+00,2.5000000000e-33,3.0
10.0500,2.7394061212e-02,6.8266144179e-01,7.9460065801e-04,3.4475256137e+01,1.3834343338e+00,2.5000000000e-33,3.0
10.0600,2.7341772497e-02,6.8268571413e-01,7.9147988984e-04,3.4545125969e+01,1.3835429035e+00,2.5000000000e-33,3.0
10.0700,2.7289631149e-02,6.8270991374e-01,7.8837439535e-04,3.4615065266e+01,1.3836511589e+00,2.5000000000e-33,3.0
10.0800,2.7237636625e-02,6.8273404091e-01,7.8528408513e-04,3.4685074027e+01,1.3837591010e+00,2.5000000000e-33,3.0
10.0900,2.7185788382e-02,6.8275809594e-01,7.8220887033e-04,3.4755152254e+01,1.3838667311e+00,2.5000000000e-33,3.0
10.1000,2.7134085882e-02,6.8278207910e-01,7.7914866276e-04,3.4825299945e+01,1.3839740504e+00,2.5000000000e-33,3.0
10.1100,2.7082528587e-02,6.8280599070e-01,7.7610337479e-04,3.4895517101e+01,1.3840810601e+00,2.5000000000e-33,3.0
10.1200,2.7031115963e-02,6.8282983100e-01,7.7307291941e-04,3.4965803722e+01,1.3841877613e+00,2.5000000000e-33,3.0
10.1300,2.6979847478e-02,6.8285360030e-01,7.7005721018e-04,3.5036159809e+01,1.3842941553e+00,2.5000000000e-33,3.0
10.1400,2.6928722601e-02,6.8287729888e-01,7.6705616126e-04,3.5106585360e+01,1.3844002432e+00,2.5000000000e-33,3.0
10.1500,2.6877740807e-02,6.8290092702e-01,7.6406968738e-04,3.5177080377e+01,1.3845060261e+00,2.5000000000e-33,3.0
10.1600,2.6826901569e-02,6.8292448499e-01,7.6109770386e-04,3.5247644859e+01,1.3846115053e+00,2.5000000000e-33,3.0
10.1700,2.6776204365e-02,6.8294797308e-01,7.5814012658e-04,3.5318278806e+01,1.3847166818e+00,2.5000000000e-33,3.0
10.1800,2.6725648675e-02,6.8297139156e-01,7.5519687200e-04,3.5388982219e+01,1.3848215569e+00,2.5000000000e-33,3.0
10.1900,2.6675233982e-02,6.8299474071e-01,7.5226785714e-04,3.5459755098e+01,1.3849261316e+00,2.5000000000e-33,3.0
10.2000,2.6624959769e-02,6.8301802079e-01,7.4935299956e-04,3.5530597442e+01,1.3850304072e+00,2.5000000000e-33,3.0
10.2100,2.6574825524e-02,6.8304123209e-01,7.4645221741e-04,3.5601509251e+01,1.3851343847e+00,2.5000000000e-33,3.0
10.2200,2.6524830735e-02,6.8306437488e-01,7.4356542936e-04,3.5672490527e+01,1.3852380653e+00,2.5000000000e-33,3.0
10.2300,2.6474974893e-02,6.8308744942e-01,7.4069255464e-04,3.5743541268e+01,1.3853414500e+00,2.5000000000e-33,3.0
10.2400,2.6425257493e-02,6.8311045598e-01,7.3783351303e-04,3.5814661474e+01,1.3854445401e+00,2.5000000000e-33,3.0
10.2500,2.6375678031e-02,6.8313339482e-01,7.3498822483e-04,3.5885851147e+01,1.3855473366e+00,2.5000000000e-33,3.0
10.2600,2.6326236004e-02,6.8315626623e-01,7.3215661088e-04,3.5957110285e+01,1.3856498406e+00,2.5000000000e-33,3.0
10.2700,2.6276930912e-02,6.8317907045e-01,7.2933859256e-04,3.6028438890e+01,1.3857520532e+00,2.5000000000e-33,3.0
10.2800,2.6227762259e-02,6.8320180776e-01,7.2653409177e-04,3.6099836960e+01,1.3858539756e+00,2.5000000000e-33,3.0
10.2900,2.6178729549e-02,6.8322447841e-01,7.2374303093e-04,3.6171304497e+01,1.3859556087e+00,2.5000000000e-33,3.0
10.3000,2.6129832290e-02,6.8324708266e-01,7.2096533297e-04,3.6242841500e+01,1.3860569538e+00,2.5000000000e-33,3.0
10.3100,2.6081069989e-02,6.8326962078e-01,7.1820092135e-04,3.6314447969e+01,1.3861580118e+00,2.5000000000e-33,3.0
10.3200,2.6032442160e-02,6.8329209302e-01,7.1544972003e-04,3.6386123904e+01,1.3862587840e+00,2.5000000000e-33,3.0
10.3300,2.5983948315e-02,6.8331449964e-01,7.1271165348e-04,3.6457869306e+01,1.3863592712e+00,2.5000000000e-33,3.0
10.3400,2.5935587970e-02,6.8333684090e-01,7.0998664668e-04,3.6529684173e+01,1.3864594746e+00,2.5000000000e-33,3.0
10.3500,2.5887360644e-02,6.8335911704e-01,7.0727462508e-04,3.6601568508e+01,1.3865593953e+00,2.5000000000e-33,3.0
10.3600,2.5839265855e-02,6.8338132833e-01,7.0457551466e-04,3.6673522309e+01,1.3866590343e+00,2.5000000000e-33,3.0
10.3700,2.5791303127e-02,6.8340347501e-01,7.0188924188e-04,3.6745545576e+01,1.3867583926e+00,2.5000000000e-33,3.0
10.3800,2.5743471983e-02,6.8342555734e-01,6.9921573366e-04,3.6817638310e+01,1.3868574713e+00,2.5000000000e-33,3.0
10.3900,2.5695771950e-02,6.8344757556e-01,6.9655491745e-04,3.6889800511e+01,1.3869562715e+00,2.5000000000e-33,3.0
10.4000,2.5648202556e-02,6.8346952992e-01,6.9390672115e-04,3.6962032178e+01,1.3870547942e+00,2.5000000000e-33,3.0
10.4100,2.5600763332e-02,6.8349142067e-01,6.9127107314e-04,3.7034333312e+01,1.3871530404e+00,2.5000000000e-33,3.0
10.4200,2.5553453810e-02,6.8351324805e-01,6.8864790227e-04,3.7106703913e+01,1.3872510111e+00,2.5000000000e-33,3.0
10.4300,2.5506273525e-02,6.8353501232e-01,6.8603713788e-04,3.7179143981e+01,1.3873487074e+00,2.5000000000e-33,3.0
10.4400,2.5459222015e-02,6.8355671371e-01,6.8343870975e-04,3.7251653515e+01,1.3874461303e+00,2.5000000000e-33,3.0
10.4500,2.5412298816e-02,6.8357835246e-01,6.8085254813e-04,3.7324232517e+01,1.3875432807e+00,2.5000000000e-33,3.0
10.4600,2.5365503472e-02,6.8359992882e-01,6.7827858374e-04,3.7396880986e+01,1.3876401598e+00,2.5000000000e-33,3.0
10.4700,2.5318835523e-02,6.8362144302e-01,6.7571674775e-04,3.7469598922e+01,1.3877367685e+00,2.5000000000e-33,3.0
10.4800,2.5272294515e-02,6.8364289531e-01,6.7316697176e-04,3.7542386325e+01,1.3878331078e+00,2.5000000000e-33,3.0
10.4900,2.5225879995e-02,6.8366428593e-01,6.7062918786e-04,3.7615243195e+01,1.3879291786e+00,2.5000000000e-33,3.0
10.5000,2.5179591512e-02,6.8368561510e-01,6.6810332855e-04,3.7688169532e+01,1.3880249821e+00,2.5000000000e-33,3.0
10.5100,2.5133428616e-02,6.8370688307e-01,6.6558932679e-04,3.7761165337e+01,1.3881205191e+00,2.5000000000e-33,3.0
10.5200,2.5087390860e-02,6.8372809006e-01,6.6308711597e-04,3.7834230609e+01,1.3882157907e+00,2.5000000000e-33,3.0
10.5300,2.5041477798e-02,6.8374923632e-01,6.6059662991e-04,3.7907365349e+01,1.3883107978e+00,2.5000000000e-33,3.0
10.5400,2.4995688988e-02,6.8377032207e-01,6.5811780289e-04,3.7980569556e+01,1.3884055414e+00,2.5000000000e-33,3.0
10.5500,2.4950023989e-02,6.8379134755e-01,6.5565056958e-04,3.8053843230e+01,1.3885000225e+00,2.5000000000e-33,3.0
10.5600,2.4904482359e-02,6.8381231298e-01,6.5319486511e-04,3.8127186372e+01,1.3885942420e+00,2.5000000000e-33,3.0
10.5700,2.4859063663e-02,6.8383321859e-01,6.5075062500e-04,3.8200598982e+01,1.3886882009e+00,2.5000000000e-33,3.0
10.5800,2.4813767464e-02,6.8385406461e-01,6.4831778522e-04,3.8274081059e+01,1.3887819002e+00,2.5000000000e-33,3.0
10.5900,2.4768593328e-02,6.8387485128e-01,6.4589628214e-04,3.8347632604e+01,1.3888753407e+00,2.5000000000e-33,3.0
10.6000,2.4723540824e-02,6.8389557880e-01,6.4348605254e-04,3.8421253617e+01,1.3889685235e+00,2.5000000000e-33,3.0
10.6100,2.4678609521e-02,6.8391624741e-01,6.4108703363e-04,3.8494944098e+01,1.3890614494e+00,2.5000000000e-33,3.0
10.6200,2.4633798992e-02,6.8393685733e-01,6.3869916299e-04,3.8568704046e+01,1.3891541195e+00,2.5000000000e-33,3.0
10.6300,2.4589108810e-02,6.8395740879e-01,6.3632237865e-04,3.8642533462e+01,1.3892465346e+00,2.5000000000e-33,3.0
10.6400,2.4544538551e-02,6.8397790199e-01,6.3395661901e-04,3.8716432347e+01,1.3893386958e+00,2.5000000000e-33,3.0
10.6500,2.4500087791e-02,6.8399833718e-01,6.3160182287e-04,3.8790400699e+01,1.3894306038e+00,2.5000000000e-33,3.0
10.6600,2.4455756112e-02,6.8401871455e-01,6.2925792944e-04,3.8864438520e+01,1.3895222596e+00,2.5000000000e-33,3.0
10.6700,2.4411543092e-02,6.8403903434e-01,6.2692487830e-04,3.8938545808e+01,1.3896136642e+00,2.5000000000e-33,3.0
10.6800,2.4367448316e-02,6.8405929675e-01,6.2460260945e-04,3.9012722565e+01,1.3897048184e+00,2.5000000000e-33,3.0
10.6900,2.4323471368e-02,6.8407950201e-01,6.2229106325e-04,3.9086968790e+01,1.3897957232e+00,2.5000000000e-33,3.0
10.7000,2.4279611834e-02,6.8409965033e-01,6.1999018046e-04,3.9161284483e+01,1.3898863794e+00,2.5000000000e-33,3.0
10.7100,2.4235869302e-02,6.8411974192e-01,6.1769990221e-04,3.9235669644e+01,1.3899767880e+00,2.5000000000e-33,3.0
10.7200,2.4192243364e-02,6.8413977699e-01,6.1542017000e-04,3.9310124274e+01,1.3900669499e+00,2.5000000000e-33,3.0
10.7300,2.4148733610e-02,6.8415975577e-01,6.1315092574e-04,3.9384648373e+01,1.3901568659e+00,2.5000000000e-33,3.0
10.7400,2.4105339633e-02,6.8417967845e-01,6.1089211168e-04,3.9459241939e+01,1.3902465369e+00,2.5000000000e-33,3.0
10.7500,2.4062061030e-02,6.8419954526e-01,6.0864367044e-04,3.9533904974e+01,1.3903359639e+00,2.5000000000e-33,3.0
10.7600,2.4018897398e-02,6.8421935639e-01,6.0640554503e-04,3.9608637478e+01,1.3904251477e+00,2.5000000000e-33,3.0
10.7700,2.3975848334e-02,6.8423911206e-01,6.0417767881e-04,3.9683439450e+01,1.3905140891e+00,2.5000000000e-33,3.0
10.7800,2.3932913440e-02,6.8425881247e-01,6.0196001550e-04,3.9758310891e+01,1.3906027891e+00,2.5000000000e-33,3.0
10.7900,2.3890092318e-02,6.8427845783e-01,5.9975249918e-04,3.9833251801e+01,1.3906912485e+00,2.5000000000e-33,3.0
10.8000,2.3847384572e-02,6.8429804834e-01,5.9755507430e-04,3.9908262179e+01,1.3907794682e+00,2.5000000000e-33,3.0
10.8100,2.3804789806e-02,6.8431758422e-01,5.9536768564e-04,3.9983342027e+01,1.3908674490e+00,2.5000000000e-33,3.0
10.8200,2.3762307630e-02,6.8433706565e-01,5.9319027835e-04,4.0058491343e+01,1.3909551919e+00,2.5000000000e-33,3.0
10.8300,2.3719937650e-02,6.8435649285e-01,5.9102279792e-04,4.0133710127e+01,1.3910426975e+00,2.5000000000e-33,3.0
10.8400,2.3677679479e-02,6.8437586602e-01,5.8886519020e-04,4.0208998381e+01,1.3911299669e+00,2.5000000000e-33,3.0
10.8500,2.3635532729e-02,6.8439518535e-01,5.8671740136e-04,4.0284356104e+01,1.3912170008e+00,2.5000000000e-33,3.0
10.8600,2.3593497012e-02,6.8441445105e-01,5.8457937793e-04,4.0359783296e+01,1.3913038001e+00,2.5000000000e-33,3.0
10.8700,2.3551571946e-02,6.8443366331e-01,5.8245106677e-04,4.0435279956e+01,1.3913903656e+00,2.5000000000e-33,3.0
10.8800,2.3509757147e-02,6.8445282234e-01,5.8033241509e-04,4.0510846086e+01,1.3914766982e+00,2.5000000000e-33,3.0
10.8900,2.3468052234e-02,6.8447192832e-01,5.7822337042e-04,4.0586481685e+01,1.3915627986e+00,2.5000000000e-33,3.0
10.9000,2.3426456827e-02,6.8449098145e-01,5.7612388062e-04,4.0662186753e+01,1.3916486678e+00,2.5000000000e-33,3.0
10.9100,2.3384970549e-02,6.8450998194e-01,5.7403389389e-04,4.0737961291e+01,1.3917343065e+00,2.5000000000e-33,3.0
10.9200,2.3343593023e-02,6.8452892997e-01,5.7195335875e-04,4.0813805297e+01,1.3918197155e+00,2.5000000000e-33,3.0
10.9300,2.3302323875e-02,6.8454782573e-01,5.6988222405e-04,4.0889718773e+01,1.3919048958e+00,2.5000000000e-33,3.0
10.9400,2.3261162732e-02,6.8456666943e-01,5.6782043895e-04,4.0965701719e+01,1.3919898480e+00,2.5000000000e-33,3.0
10.9500,2.3220109221e-02,6.8458546124e-01,5.6576795294e-04,4.1041754133e+01,1.3920745729e+00,2.5000000000e-33,3.0
10.9600,2.3179162974e-02,6.8460420137e-01,5.6372471583e-04,4.1117876017e+01,1.3921590715e+00,2.5000000000e-33,3.0
10.9700,2.3138323621e-02,6.8462288999e-01,5.6169067774e-04,4.1194067371e+01,1.3922433445e+00,2.5000000000e-33,3.0
10.9800,2.3097590795e-02,6.8464152730e-01,5.5966578910e-04,4.1270328194e+01,1.3923273927e+00,2.5000000000e-33,3.0
10.9900,2.3056964133e-02,6.8466011349e-01,5.5765000066e-04,4.1346658487e+01,1.3924112168e+00,2.5000000000e-33,3.0
11.0000,2.3016443268e-02,6.8467864875e-01,5.5564326347e-04,4.1423058249e+01,1.3924948177e+00,2.5000000000e-33,3.0
11.0100,2.2976027841e-02,6.8469713325e-01,5.5364552888e-04,4.1499527481e+01,1.3925781962e+00,2.5000000000e-33,3.0
11.0200,2.2935717489e-02,6.8471556719e-01,5.5165674857e-04,4.1576066183e+01,1.3926613531e+00,2.5000000000e-33,3.0
11.0300,2.2895511854e-02,6.8473395075e-01,5.4967687450e-04,4.1652674354e+01,1.3927442890e+00,2.5000000000e-33,3.0
11.0400,2.2855410577e-02,6.8475228411e-01,5.4770585893e-04,4.1729351996e+01,1.3928270049e+00,2.5000000000e-33,3.0
11.0500,2.2815413304e-02,6.8477056746e-01,5.4574365443e-04,4.1806099107e+01,1.3929095015e+00,2.5000000000e-33,3.0
11.0600,2.2775519678e-02,6.8478880097e-01,5.4379021385e-04,4.1882915687e+01,1.3929917795e+00,2.5000000000e-33,3.0
11.0700,2.2735729348e-02,6.8480698484e-01,5.4184549035e-04,4.1959801738e+01,1.3930738397e+00,2.5000000000e-33,3.0
11.0800,2.2696041961e-02,6.8482511923e-01,5.3990943737e-04,4.2036757259e+01,1.3931556829e+00,2.5000000000e-33,3.0
11.0900,2.2656457167e-02,6.8484320434e-01,5.3798200865e-04,4.2113782250e+01,1.3932373098e+00,2.5000000000e-33,3.0
11.1000,2.2616974617e-02,6.8486124033e-01,5.3606315820e-04,4.2190876710e+01,1.3933187213e+00,2.5000000000e-33,3.0
11.1100,2.2577593964e-02,6.8487922738e-01,5.3415284033e-04,4.2268040641e+01,1.3933999179e+00,2.5000000000e-33,3.0
11.1200,2.2538314862e-02,6.8489716568e-01,5.3225100963e-04,4.2345274042e+01,1.3934809006e+00,2.5000000000e-33,3.0
11.1300,2.2499136967e-02,6.8491505540e-01,5.3035762096e-04,4.2422576913e+01,1.3935616701e+00,2.5000000000e-33,3.0
11.1400,2.2460059935e-02,6.8493289671e-01,5.2847262949e-04,4.2499949254e+01,1.3936422270e+00,2.5000000000e-33,3.0
11.1500,2.2421083426e-02,6.8495068979e-01,5.2659599062e-04,4.2577391066e+01,1.3937225721e+00,2.5000000000e-33,3.0
11.1600,2.2382207099e-02,6.8496843481e-01,5.2472766007e-04,4.2654902347e+01,1.3938027063e+00,2.5000000000e-33,3.0
11.1700,2.2343430616e-02,6.8498613195e-01,5.2286759382e-04,4.2732483099e+01,1.3938826301e+00,2.5000000000e-33,3.0
11.1800,2.2304753639e-02,6.8500378138e-01,5.2101574809e-04,4.2810133322e+01,1.3939623443e+00,2.5000000000e-33,3.0
11.1900,2.2266175832e-02,6.8502138326e-01,5.1917207943e-04,4.2887853014e+01,1.3940418498e+00,2.5000000000e-33,3.0
11.2000,2.2227696860e-02,6.8503893778e-01,5.1733654460e-04,4.2965642177e+01,1.3941211471e+00,2.5000000000e-33,3.0
11.2100,2.2189316392e-02,6.8505644509e-01,5.1550910065e-04,4.3043500811e+01,1.3942002370e+00,2.5000000000e-33,3.0
11.2200,2.2151034095e-02,6.8507390538e-01,5.1368970491e-04,4.3121428915e+01,1.3942791203e+00,2.5000000000e-33,3.0
11.2300,2.2112849638e-02,6.8509131881e-01,5.1187831494e-04,4.3199426490e+01,1.3943577975e+00,2.5000000000e-33,3.0
11.2400,2.2074762693e-02,6.8510868554e-01,5.1007488858e-04,4.3277493535e+01,1.3944362696e+00,2.5000000000e-33,3.0
11.2500,2.2036772932e-02,6.8512600574e-01,5.0827938393e-04,4.3355630051e+01,1.3945145371e+00,2.5000000000e-33,3.0
11.2600,2.1998880029e-02,6.8514327958e-01,5.0649175934e-04,4.3433836037e+01,1.3945926008e+00,2.5000000000e-33,3.0
11.2700,2.1961083659e-02,6.8516050723e-01,5.0471197340e-04,4.3512111494e+01,1.3946704613e+00,2.5000000000e-33,3.0
11.2800,2.1923383499e-02,6.8517768884e-01,5.0293998499e-04,4.3590456422e+01,1.3947481195e+00,2.5000000000e-33,3.0
11.2900,2.1885779225e-02,6.8519482459e-01,5.0117575321e-04,4.3668870821e+01,1.3948255759e+00,2.5000000000e-33,3.0
11.3000,2.1848270518e-02,6.8521191464e-01,4.9941923742e-04,4.3747354690e+01,1.3949028312e+00,2.5000000000e-33,3.0
11.3100,2.1810857058e-02,6.8522895914e-01,4.9767039722e-04,4.3825908030e+01,1.3949798863e+00,2.5000000000e-33,3.0
11.3200,2.1773538526e-02,6.8524595827e-01,4.9592919248e-04,4.3904530841e+01,1.3950567416e+00,2.5000000000e-33,3.0
11.3300,2.1736314606e-02,6.8526291217e-01,4.9419558329e-04,4.3983223123e+01,1.3951333980e+00,2.5000000000e-33,3.0
11.3400,2.1699184982e-02,6.8527982102e-01,4.9246952998e-04,4.4061984876e+01,1.3952098561e+00,2.5000000000e-33,3.0
11.3500,2.1662149340e-02,6.8529668497e-01,4.9075099315e-04,4.4140816100e+01,1.3952861166e+00,2.5000000000e-33,3.0
11.3600,2.1625207366e-02,6.8531350419e-01,4.8903993361e-04,4.4219716795e+01,1.3953621802e+00,2.5000000000e-33,3.0
11.3700,2.1588358748e-02,6.8533027882e-01,4.8733631241e-04,4.4298686961e+01,1.3954380475e+00,2.5000000000e-33,3.0
11.3800,2.1551603177e-02,6.8534700903e-01,4.8564009087e-04,4.4377726598e+01,1.3955137193e+00,2.5000000000e-33,3.0
11.3900,2.1514940344e-02,6.8536369497e-01,4.8395123049e-04,4.4456835706e+01,1.3955891961e+00,2.5000000000e-33,3.0
11.4000,2.1478369939e-02,6.8538033680e-01,4.8226969305e-04,4.4536014285e+01,1.3956644786e+00,2.5000000000e-33,3.0
11.4100,2.1441891657e-02,6.8539693468e-01,4.8059544053e-04,4.4615262336e+01,1.3957395676e+00,2.5000000000e-33,3.0
11.4200,2.1405505192e-02,6.8541348876e-01,4.7892843517e-04,4.4694579858e+01,1.3958144636e+00,2.5000000000e-33,3.0
11.4300,2.1369210239e-02,6.8542999919e-01,4.7726863940e-04,4.4773966851e+01,1.3958891674e+00,2.5000000000e-33,3.0
11.4400,2.1333006497e-02,6.8544646613e-01,4.7561601591e-04,4.4853423315e+01,1.3959636795e+00,2.5000000000e-33,3.0
11.4500,2.1296893663e-02,6.8546288973e-01,4.7397052760e-04,4.4932949251e+01,1.3960380007e+00,2.5000000000e-33,3.0
11.4600,2.1260871436e-02,6.8547927015e-01,4.7233213759e-04,4.5012544658e+01,1.3961121316e+00,2.5000000000e-33,3.0
11.4700,2.1224939518e-02,6.8549560752e-01,4.7070080923e-04,4.5092209536e+01,1.3961860727e+00,2.5000000000e-33,3.0
11.4800,2.1189097611e-02,6.8551190202e-01,4.6907650608e-04,4.5171943886e+01,1.3962598249e+00,2.5000000000e-33,3.0
11.4900,2.1153345417e-02,6.8552815377e-01,4.6745919194e-04,4.5251747707e+01,1.3963333886e+00,2.5000000000e-33,3.0
11.5000,2.1117682641e-02,6.8554436295e-01,4.6584883080e-04,4.5331621000e+01,1.3964067646e+00,2.5000000000e-33,3.0
11.5100,2.1082108989e-02,6.8556052968e-01,4.6424538689e-04,4.5411563764e+01,1.3964799535e+00,2.5000000000e-33,3.0
11.5200,2.1046624167e-02,6.8557665413e-01,4.6264882463e-04,4.5491576000e+01,1.3965529559e+00,2.5000000000e-33,3.0
11.5300,2.1011227884e-02,6.8559273644e-01,4.6105910867e-04,4.5571657708e+01,1.3966257725e+00,2.5000000000e-33,3.0
11.5400,2.0975919847e-02,6.8560877675e-01,4.5947620388e-04,4.5651808887e+01,1.3966984038e+00,2.5000000000e-33,3.0
11.5500,2.0940699769e-02,6.8562477521e-01,4.5790007531e-04,4.5732029538e+01,1.3967708505e+00,2.5000000000e-33,3.0
11.5600,2.0905567360e-02,6.8564073197e-01,4.5633068824e-04,4.5812319660e+01,1.3968431132e+00,2.5000000000e-33,3.0
11.5700,2.0870522334e-02,6.8565664718e-01,4.5476800816e-04,4.5892679254e+01,1.3969151926e+00,2.5000000000e-33,3.0
11.5800,2.0835564403e-02,6.8567252097e-01,4.5321200075e-04,4.5973108320e+01,1.3969870892e+00,2.5000000000e-33,3.0
11.5900,2.0800693282e-02,6.8568835349e-01,4.5166263190e-04,4.6053606858e+01,1.3970588036e+00,2.5000000000e-33,3.0
11.6000,2.0765908689e-02,6.8570414489e-01,4.5011986772e-04,4.6134174868e+01,1.3971303366e+00,2.5000000000e-33,3.0
11.6100,2.0731210340e-02,6.8571989530e-01,4.4858367450e-04,4.6214812349e+01,1.3972016886e+00,2.5000000000e-33,3.0
11.6200,2.0696597954e-02,6.8573560487e-01,4.4705401873e-04,4.6295519303e+01,1.3972728604e+00,2.5000000000e-33,3.0
11.6300,2.0662071250e-02,6.8575127374e-01,4.4553086712e-04,4.6376295728e+01,1.3973438524e+00,2.5000000000e-33,3.0
11.6400,2.0627629948e-02,6.8576690204e-01,4.4401418655e-04,4.6457141626e+01,1.3974146653e+00,2.5000000000e-33,3.0
11.6500,2.0593273772e-02,6.8578248993e-01,4.4250394412e-04,4.6538056995e+01,1.3974852998e+00,2.5000000000e-33,3.0
11.6600,2.0559002443e-02,6.8579803754e-01,4.4100010711e-04,4.6619041836e+01,1.3975557563e+00,2.5000000000e-33,3.0
11.6700,2.0524815686e-02,6.8581354501e-01,4.3950264299e-04,4.6700096150e+01,1.3976260355e+00,2.5000000000e-33,3.0
11.6800,2.0490713225e-02,6.8582901247e-01,4.3801151945e-04,4.6781219935e+01,1.3976961380e+00,2.5000000000e-33,3.0
11.6900,2.0456694788e-02,6.8584444006e-01,4.3652670433e-04,4.6862413193e+01,1.3977660643e+00,2.5000000000e-33,3.0
11.7000,2.0422760101e-02,6.8585982793e-01,4.3504816569e-04,4.6943675923e+01,1.3978358151e+00,2.5000000000e-33,3.0
11.7100,2.0388908893e-02,6.8587517620e-01,4.3357587178e-04,4.7025008125e+01,1.3979053910e+00,2.5000000000e-33,3.0
11.7200,2.0355140893e-02,6.8589048502e-01,4.3210979100e-04,4.7106409799e+01,1.3979747924e+00,2.5000000000e-33,3.0
11.7300,2.0321455832e-02,6.8590575452e-01,4.3064989199e-04,4.7187880945e+01,1.3980440201e+00,2.5000000000e-33,3.0
11.7400,2.0287853442e-02,6.8592098483e-01,4.2919614352e-04,4.7269421564e+01,1.3981130745e+00,2.5000000000e-33,3.0
11.7500,2.0254333455e-02,6.8593617608e-01,4.2774851459e-04,4.7351031655e+01,1.3981819563e+00,2.5000000000e-33,3.0
11.7600,2.0220895605e-02,6.8595132842e-01,4.2630697436e-04,4.7432711218e+01,1.3982506660e+00,2.5000000000e-33,3.0
11.7700,2.0187539627e-02,6.8596644197e-01,4.2487149216e-04,4.7514460254e+01,1.3983192042e+00,2.5000000000e-33,3.0
11.7800,2.0154265258e-02,6.8598151686e-01,4.2344203752e-04,4.7596278762e+01,1.3983875715e+00,2.5000000000e-33,3.0
11.7900,2.0121072233e-02,6.8599655324e-01,4.2201858014e-04,4.7678166743e+01,1.3984557684e+00,2.5000000000e-33,3.0
11.8000,2.0087960291e-02,6.8601155122e-01,4.2060108990e-04,4.7760124196e+01,1.3985237954e+00,2.5000000000e-33,3.0
11.8100,2.0054929171e-02,6.8602651094e-01,4.1918953686e-04,4.7842151121e+01,1.3985916533e+00,2.5000000000e-33,3.0
11.8200,2.0021978613e-02,6.8604143254e-01,4.1778389123e-04,4.7924247519e+01,1.3986593424e+00,2.5000000000e-33,3.0
11.8300,1.9989108359e-02,6.8605631613e-01,4.1638412343e-04,4.8006413390e+01,1.3987268634e+00,2.5000000000e-33,3.0
11.8400,1.9956318149e-02,6.8607116185e-01,4.1499020403e-04,4.8088648733e+01,1.3987942168e+00,2.5000000000e-33,3.0
11.8500,1.9923607729e-02,6.8608596983e-01,4.1360210378e-04,4.8170953549e+01,1.3988614032e+00,2.5000000000e-33,3.0
11.8600,1.9890976841e-02,6.8610074019e-01,4.1221979359e-04,4.8253327837e+01,1.3989284230e+00,2.5000000000e-33,3.0
11.8700,1.9858425231e-02,6.8611547307e-01,4.1084324455e-04,4.8335771599e+01,1.3989952770e+00,2.5000000000e-33,3.0
11.8800,1.9825952646e-02,6.8613016858e-01,4.0947242792e-04,4.8418284832e+01,1.3990619656e+00,2.5000000000e-33,3.0
11.8900,1.9793558832e-02,6.8614482686e-01,4.0810731511e-04,4.8500867539e+01,1.3991284893e+00,2.5000000000e-33,3.0
11.9000,1.9761243537e-02,6.8615944803e-01,4.0674787772e-04,4.8583519718e+01,1.3991948487e+00,2.5000000000e-33,3.0
11.9100,1.9729006512e-02,6.8617403222e-01,4.0539408749e-04,4.8666241370e+01,1.3992610443e+00,2.5000000000e-33,3.0
11.9200,1.9696847505e-02,6.8618857955e-01,4.0404591634e-04,4.8749032495e+01,1.3993270767e+00,2.5000000000e-33,3.0
11.9300,1.9664766269e-02,6.8620309015e-01,4.0270333635e-04,4.8831893093e+01,1.3993929464e+00,2.5000000000e-33,3.0
11.9400,1.9632762555e-02,6.8621756414e-01,4.0136631976e-04,4.8914823163e+01,1.3994586539e+00,2.5000000000e-33,3.0
11.9500,1.9600836116e-02,6.8623200163e-01,4.0003483897e-04,4.8997822707e+01,1.3995241997e+00,2.5000000000e-33,3.0
11.9600,1.9568986707e-02,6.8624640277e-01,3.9870886654e-04,4.9080891723e+01,1.3995895845e+00,2.5000000000e-33,3.0
11.9700,1.9537214083e-02,6.8626076766e-01,3.9738837518e-04,4.9164030212e+01,1.3996548087e+00,2.5000000000e-33,3.0
11.9800,1.9505518000e-02,6.8627509643e-01,3.9607333777e-04,4.9247238175e+01,1.3997198728e+00,2.5000000000e-33,3.0
11.9900,1.9473898214e-02,6.8628938920e-01,3.9476372735e-04,4.9330515610e+01,1.3997847773e+00,2.5000000000e-33,3.0
12.0000,1.9442354484e-02,6.8630364609e-01,3.9345951709e-04,4.9413862518e+01,1.3998495229e+00,2.5000000000e-33,3.0
12.0100,1.9410886569e-02,6.8631786722e-01,3.9216068035e-04,4.9497278900e+01,1.3999141099e+00,2.5000000000e-33,3.0
12.0200,1.9379494228e-02,6.8633205271e-01,3.9086719060e-04,4.9580764754e+01,1.3999785389e+00,2.5000000000e-33,3.0
12.0300,1.9348177222e-02,6.8634620268e-01,3.8957902151e-04,4.9664320082e+01,1.4000428104e+00,2.5000000000e-33,3.0
12.0400,1.9316935312e-02,6.8636031725e-01,3.8829614687e-04,4.9747944883e+01,1.4001069250e+00,2.5000000000e-33,3.0
12.0500,1.9285768263e-02,6.8637439654e-01,3.8701854061e-04,4.9831639157e+01,1.4001708831e+00,2.5000000000e-33,3.0
12.0600,1.9254675836e-02,6.8638844066e-01,3.8574617685e-04,4.9915402904e+01,1.4002346852e+00,2.5000000000e-33,3.0
12.0700,1.9223657797e-02,6.8640244973e-01,3.8447902983e-04,4.9999236124e+01,1.4002983319e+00,2.5000000000e-33,3.0
12.0800,1.9192713911e-02,6.8641642387e-01,3.8321707393e-04,5.0083138818e+01,1.4003618236e+00,2.5000000000e-33,3.0
12.0900,1.9161843944e-02,6.8643036319e-01,3.8196028370e-04,5.0167110985e+01,1.4004251609e+00,2.5000000000e-33,3.0
12.1000,1.9131047664e-02,6.8644426781e-01,3.8070863383e-04,5.0251152625e+01,1.4004883442e+00,2.5000000000e-33,3.0
12.1100,1.9100324838e-02,6.8645813784e-01,3.7946209913e-04,5.0335263739e+01,1.4005513741e+00,2.5000000000e-33,3.0
12.1200,1.9069675236e-02,6.8647197341e-01,3.7822065458e-04,5.0419444325e+01,1.4006142510e+00,2.5000000000e-33,3.0
12.1300,1.9039098628e-02,6.8648577462e-01,3.7698427529e-04,5.0503694386e+01,1.4006769754e+00,2.5000000000e-33,3.0
12.1400,1.9008594783e-02,6.8649954158e-01,3.7575293653e-04,5.0588013919e+01,1.4007395479e+00,2.5000000000e-33,3.0
12.1500,1.8978163475e-02,6.8651327442e-01,3.7452661369e-04,5.0672402927e+01,1.4008019688e+00,2.5000000000e-33,3.0
12.1600,1.8947804476e-02,6.8652697324e-01,3.7330528230e-04,5.0756861407e+01,1.4008642388e+00,2.5000000000e-33,3.0
12.1700,1.8917517559e-02,6.8654063816e-01,3.7208891804e-04,5.0841389361e+01,1.4009263582e+00,2.5000000000e-33,3.0
12.1800,1.8887302498e-02,6.8655426928e-01,3.7087749672e-04,5.0925986789e+01,1.4009883276e+00,2.5000000000e-33,3.0
12.1900,1.8857159069e-02,6.8656786672e-01,3.6967099430e-04,5.1010653690e+01,1.4010501474e+00,2.5000000000e-33,3.0
12.2000,1.8827087048e-02,6.8658143059e-01,3.6846938685e-04,5.1095390065e+01,1.4011118181e+00,2.5000000000e-33,3.0
12.2100,1.8797086212e-02,6.8659496101e-01,3.6727265061e-04,5.1180195913e+01,1.4011733403e+00,2.5000000000e-33,3.0
12.2200,1.8767156338e-02,6.8660845807e-01,3.6608076193e-04,5.1265071235e+01,1.4012347143e+00,2.5000000000e-33,3.0
12.2300,1.8737297206e-02,6.8662192189e-01,3.6489369730e-04,5.1350016031e+01,1.4012959406e+00,2.5000000000e-33,3.0
12.2400,1.8707508594e-02,6.8663535259e-01,3.6371143334e-04,5.1435030300e+01,1.4013570198e+00,2.5000000000e-33,3.0
12.2500,1.8677790284e-02,6.8664875026e-01,3.6253394680e-04,5.1520114043e+01,1.4014179522e+00,2.5000000000e-33,3.0
12.2600,1.8648142056e-02,6.8666211502e-01,3.6136121458e-04,5.1605267259e+01,1.4014787384e+00,2.5000000000e-33,3.0
12.2700,1.8618563692e-02,6.8667544697e-01,3.6019321368e-04,5.1690489950e+01,1.4015393788e+00,2.5000000000e-33,3.0
12.2800,1.8589054976e-02,6.8668874622e-01,3.5902992126e-04,5.1775782114e+01,1.4015998739e+00,2.5000000000e-33,3.0
12.2900,1.8559615690e-02,6.8670201288e-01,3.5787131459e-04,5.1861143752e+01,1.4016602242e+00,2.5000000000e-33,3.0
12.3000,1.8530245621e-02,6.8671524706e-01,3.5671737106e-04,5.1946574864e+01,1.4017204300e+00,2.5000000000e-33,3.0
12.3100,1.8500944552e-02,6.8672844886e-01,3.5556806820e-04,5.2032075449e+01,1.4017804919e+00,2.5000000000e-33,3.0
12.3200,1.8471712271e-02,6.8674161838e-01,3.5442338368e-04,5.2117645509e+01,1.4018404103e+00,2.5000000000e-33,3.0
12.3300,1.8442548564e-02,6.8675475574e-01,3.5328329527e-04,5.2203285042e+01,1.4019001857e+00,2.5000000000e-33,3.0
12.3400,1.8413453219e-02,6.8676786103e-01,3.5214778087e-04,5.2288994050e+01,1.4019598185e+00,2.5000000000e-33,3.0
12.3500,1.8384426024e-02,6.8678093436e-01,3.5101681852e-04,5.2374772531e+01,1.4020193091e+00,2.5000000000e-33,3.0
12.3600,1.8355466770e-02,6.8679397584e-01,3.4989038635e-04,5.2460620486e+01,1.4020786581e+00,2.5000000000e-33,3.0
12.3700,1.8326575246e-02,6.8680698557e-01,3.4876846265e-04,5.2546537915e+01,1.4021378659e+00,2.5000000000e-33,3.0
12.3800,1.8297751244e-02,6.8681996365e-01,3.4765102581e-04,5.2632524818e+01,1.4021969329e+00,2.5000000000e-33,3.0
12.3900,1.8268994555e-02,6.8683291018e-01,3.4653805435e-04,5.2718581196e+01,1.4022558596e+00,2.5000000000e-33,3.0
12.4000,1.8240304973e-02,6.8684582527e-01,3.4542952689e-04,5.2804707047e+01,1.4023146463e+00,2.5000000000e-33,3.0
12.4100,1.8211682289e-02,6.8685870902e-01,3.4432542219e-04,5.2890902372e+01,1.4023732936e+00,2.5000000000e-33,3.0
12.4200,1.8183126300e-02,6.8687156153e-01,3.4322571912e-04,5.2977167172e+01,1.4024318019e+00,2.5000000000e-33,3.0
12.4300,1.8154636799e-02,6.8688438289e-01,3.4213039668e-04,5.3063501445e+01,1.4024901716e+00,2.5000000000e-33,3.0
12.4400,1.8126213582e-02,6.8689717322e-01,3.4103943396e-04,5.3149905193e+01,1.4025484031e+00,2.5000000000e-33,3.0
12.4500,1.8097856447e-02,6.8690993261e-01,3.3995281019e-04,5.3236378415e+01,1.4026064969e+00,2.5000000000e-33,3.0
12.4600,1.8069565190e-02,6.8692266116e-01,3.3887050471e-04,5.3322921111e+01,1.4026644535e+00,2.5000000000e-33,3.0
12.4700,1.8041339609e-02,6.8693535898e-01,3.3779249697e-04,5.3409533281e+01,1.4027222732e+00,2.5000000000e-33,3.0
12.4800,1.8013179504e-02,6.8694802615e-01,3.3671876653e-04,5.3496214926e+01,1.4027799565e+00,2.5000000000e-33,3.0
12.4900,1.7985084673e-02,6.8696066278e-01,3.3564929307e-04,5.3582966045e+01,1.4028375038e+00,2.5000000000e-33,3.0
12.5000,1.7957054918e-02,6.8697326897e-01,3.3458405638e-04,5.3669786638e+01,1.4028949155e+00,2.5000000000e-33,3.0
12.5100,1.7929090040e-02,6.8698584481e-01,3.3352303637e-04,5.3756676705e+01,1.4029521921e+00,2.5000000000e-33,3.0
12.5200,1.7901189839e-02,6.8699839040e-01,3.3246621304e-04,5.3843636247e+01,1.4030093339e+00,2.5000000000e-33,3.0
12.5300,1.7873354120e-02,6.8701090584e-01,3.3141356653e-04,5.3930665263e+01,1.4030663415e+00,2.5000000000e-33,3.0
12.5400,1.7845582685e-02,6.8702339123e-01,3.3036507707e-04,5.4017763754e+01,1.4031232151e+00,2.5000000000e-33,3.0
12.5500,1.7817875339e-02,6.8703584665e-01,3.2932072499e-04,5.4104931719e+01,1.4031799553e+00,2.5000000000e-33,3.0
12.5600,1.7790231886e-02,6.8704827222e-01,3.2828049075e-04,5.4192169158e+01,1.4032365624e+00,2.5000000000e-33,3.0
12.5700,1.7762652132e-02,6.8706066801e-01,3.2724435491e-04,5.4279476072e+01,1.4032930369e+00,2.5000000000e-33,3.0
12.5800,1.7735135883e-02,6.8707303414e-01,3.2621229814e-04,5.4366852460e+01,1.4033493792e+00,2.5000000000e-33,3.0
12.5900,1.7707682947e-02,6.8708537069e-01,3.2518430119e-04,5.4454298323e+01,1.4034055897e+00,2.5000000000e-33,3.0
12.6000,1.7680293131e-02,6.8709767775e-01,3.2416034496e-04,5.4541813660e+01,1.4034616687e+00,2.5000000000e-33,3.0
12.6100,1.7652966243e-02,6.8710995543e-01,3.2314041042e-04,5.4629398472e+01,1.4035176168e+00,2.5000000000e-33,3.0
12.6200,1.7625702093e-02,6.8712220381e-01,3.2212447865e-04,5.4717052758e+01,1.4035734342e+00,2.5000000000e-33,3.0
12.6300,1.7598500491e-02,6.8713442299e-01,3.2111253086e-04,5.4804776519e+01,1.4036291215e+00,2.5000000000e-33,3.0
12.6400,1.7571361247e-02,6.8714661305e-01,3.2010454832e-04,5.4892569755e+01,1.4036846790e+00,2.5000000000e-33,3.0
12.6500,1.7544284173e-02,6.8715877411e-01,3.1910051244e-04,5.4980432465e+01,1.4037401071e+00,2.5000000000e-33,3.0
12.6600,1.7517269081e-02,6.8717090623e-01,3.1810040470e-04,5.5068364649e+01,1.4037954062e+00,2.5000000000e-33,3.0
12.6700,1.7490315784e-02,6.8718300952e-01,3.1710420672e-04,5.5156366309e+01,1.4038505767e+00,2.5000000000e-33,3.0
12.6800,1.7463424094e-02,6.8719508408e-01,3.1611190017e-04,5.5244437443e+01,1.4039056190e+00,2.5000000000e-33,3.0
12.6900,1.7436593827e-02,6.8720712998e-01,3.1512346688e-04,5.5332578052e+01,1.4039605336e+00,2.5000000000e-33,3.0
12.7000,1.7409824796e-02,6.8721914732e-01,3.1413888871e-04,5.5420788135e+01,1.4040153207e+00,2.5000000000e-33,3.0
12.7100,1.7383116819e-02,6.8723113619e-01,3.1315814769e-04,5.5509067694e+01,1.4040699808e+00,2.5000000000e-33,3.0
12.7200,1.7356469710e-02,6.8724309668e-01,3.1218122588e-04,5.5597416727e+01,1.4041245143e+00,2.5000000000e-33,3.0
12.7300,1.7329883286e-02,6.8725502888e-01,3.1120810550e-04,5.5685835234e+01,1.4041789216e+00,2.5000000000e-33,3.0
12.7400,1.7303357366e-02,6.8726693287e-01,3.1023876882e-04,5.5774323217e+01,1.4042332030e+00,2.5000000000e-33,3.0
12.7500,1.7276891768e-02,6.8727880876e-01,3.0927319822e-04,5.5862880675e+01,1.4042873590e+00,2.5000000000e-33,3.0
12.7600,1.7250486310e-02,6.8729065662e-01,3.0831137619e-04,5.5951507607e+01,1.4043413899e+00,2.5000000000e-33,3.0
12.7700,1.7224140812e-02,6.8730247655e-01,3.0735328529e-04,5.6040204014e+01,1.4043952961e+00,2.5000000000e-33,3.0
12.7800,1.7197855095e-02,6.8731426863e-01,3.0639890821e-04,5.6128969896e+01,1.4044490780e+00,2.5000000000e-33,3.0
12.7900,1.7171628979e-02,6.8732603295e-01,3.0544822768e-04,5.6217805253e+01,1.4045027360e+00,2.5000000000e-33,3.0
12.8000,1.7145462286e-02,6.8733776959e-01,3.0450122658e-04,5.6306710085e+01,1.4045562705e+00,2.5000000000e-33,3.0
12.8100,1.7119354838e-02,6.8734947865e-01,3.0355788785e-04,5.6395684392e+01,1.4046096817e+00,2.5000000000e-33,3.0
12.8200,1.7093306458e-02,6.8736116021e-01,3.0261819453e-04,5.6484728174e+01,1.4046629702e+00,2.5000000000e-33,3.0
12.8300,1.7067316970e-02,6.8737281436e-01,3.0168212974e-04,5.6573841431e+01,1.4047161362e+00,2.5000000000e-33,3.0
12.8400,1.7041386198e-02,6.8738444117e-01,3.0074967671e-04,5.6663024162e+01,1.4047691802e+00,2.5000000000e-33,3.0
12.8500,1.7015513967e-02,6.8739604075e-01,2.9982081876e-04,5.6752276369e+01,1.4048221025e+00,2.5000000000e-33,3.0
12.8600,1.6989700103e-02,6.8740761317e-01,2.9889553928e-04,5.6841598051e+01,1.4048749036e+00,2.5000000000e-33,3.0
12.8700,1.6963944431e-02,6.8741915851e-01,2.9797382176e-04,5.6930989208e+01,1.4049275836e+00,2.5000000000e-33,3.0
12.8800,1.6938246778e-02,6.8743067687e-01,2.9705564978e-04,5.7020449840e+01,1.4049801432e+00,2.5000000000e-33,3.0
12.8900,1.6912606972e-02,6.8744216832e-01,2.9614100702e-04,5.7109979948e+01,1.4050325825e+00,2.5000000000e-33,3.0
12.9000,1.6887024841e-02,6.8745363295e-01,2.9522987722e-04,5.7199579530e+01,1.4050849019e+00,2.5000000000e-33,3.0
12.9100,1.6861500214e-02,6.8746507085e-01,2.9432224423e-04,5.7289248587e+01,1.4051371019e+00,2.5000000000e-33,3.0
12.9200,1.6836032920e-02,6.8747648209e-01,2.9341809197e-04,5.7378987120e+01,1.4051891828e+00,2.5000000000e-33,3.0
12.9300,1.6810622789e-02,6.8748786676e-01,2.9251740447e-04,5.7468795128e+01,1.4052411449e+00,2.5000000000e-33,3.0
12.9400,1.6785269651e-02,6.8749922494e-01,2.9162016582e-04,5.7558672611e+01,1.4052929887e+00,2.5000000000e-33,3.0
12.9500,1.6759973338e-02,6.8751055672e-01,2.9072636021e-04,5.7648619569e+01,1.4053447144e+00,2.5000000000e-33,3.0
12.9600,1.6734733682e-02,6.8752186217e-01,2.8983597190e-04,5.7738636003e+01,1.4053963224e+00,2.5000000000e-33,3.0
12.9700,1.6709550515e-02,6.8753314138e-01,2.8894898525e-04,5.7828721911e+01,1.4054478131e+00,2.5000000000e-33,3.0
12.9800,1.6684423670e-02,6.8754439443e-01,2.8806538471e-04,5.7918877295e+01,1.4054991868e+00,2.5000000000e-33,3.0
12.9900,1.6659352981e-02,6.8755562139e-01,2.8718515477e-04,5.8009102155e+01,1.4055504439e+00,2.5000000000e-33,3.0
13.0000,1.6634338282e-02,6.8756682236e-01,2.8630828006e-04,5.8099396489e+01,1.4056015848e+00,2.5000000000e-33,3.0
13.0100,1.6609379407e-02,6.8757799741e-01,2.8543474525e-04,5.8189760299e+01,1.4056526097e+00,2.5000000000e-33,3.0
13.0200,1.6584476194e-02,6.8758914661e-01,2.8456453511e-04,5.8280193585e+01,1.4057035191e+00,2.5000000000e-33,3.0
13.0300,1.6559628477e-02,6.8760027006e-01,2.8369763449e-04,5.8370696346e+01,1.4057543132e+00,2.5000000000e-33,3.0
13.0400,1.6534836093e-02,6.8761136783e-01,2.8283402831e-04,5.8461268582e+01,1.4058049925e+00,2.5000000000e-33,3.0
13.0500,1.6510098880e-02,6.8762243999e-01,2.8197370158e-04,5.8551910293e+01,1.4058555572e+00,2.5000000000e-33,3.0
13.0600,1.6485416675e-02,6.8763348663e-01,2.8111663938e-04,5.8642621480e+01,1.4059060078e+00,2.5000000000e-33,3.0
13.0700,1.6460789317e-02,6.8764450783e-01,2.8026282688e-04,5.8733402143e+01,1.4059563445e+00,2.5000000000e-33,3.0
13.0800,1.6436216645e-02,6.8765550366e-01,2.7941224933e-04,5.8824252281e+01,1.4060065677e+00,2.5000000000e-33,3.0
13.0900,1.6411698499e-02,6.8766647420e-01,2.7856489205e-04,5.8915171894e+01,1.4060566777e+00,2.5000000000e-33,3.0
13.1000,1.6387234718e-02,6.8767741953e-01,2.7772074043e-04,5.9006160983e+01,1.4061066750e+00,2.5000000000e-33,3.0
13.1100,1.6362825144e-02,6.8768833973e-01,2.7687977995e-04,5.9097219547e+01,1.4061565597e+00,2.5000000000e-33,3.0
13.1200,1.6338469618e-02,6.8769923487e-01,2.7604199616e-04,5.9188347587e+01,1.4062063323e+00,2.5000000000e-33,3.0
13.1300,1.6314167981e-02,6.8771010503e-01,2.7520737470e-04,5.9279545103e+01,1.4062559930e+00,2.5000000000e-33,3.0
13.1400,1.6289920078e-02,6.8772095028e-01,2.7437590127e-04,5.9370812094e+01,1.4063055423e+00,2.5000000000e-33,3.0
13.1500,1.6265725749e-02,6.8773177071e-01,2.7354756165e-04,5.9462148560e+01,1.4063549804e+00,2.5000000000e-33,3.0
13.1600,1.6241584840e-02,6.8774256639e-01,2.7272234169e-04,5.9553554503e+01,1.4064043077e+00,2.5000000000e-33,3.0
13.1700,1.6217497194e-02,6.8775333739e-01,2.7190022732e-04,5.9645029921e+01,1.4064535245e+00,2.5000000000e-33,3.0
13.1800,1.6193462657e-02,6.8776408379e-01,2.7108120455e-04,5.9736574814e+01,1.4065026312e+00,2.5000000000e-33,3.0
13.1900,1.6169481072e-02,6.8777480566e-01,2.7026525946e-04,5.9828189183e+01,1.4065516280e+00,2.5000000000e-33,3.0
13.2000,1.6145552288e-02,6.8778550308e-01,2.6945237818e-04,5.9919873028e+01,1.4066005153e+00,2.5000000000e-33,3.0
13.2100,1.6121676149e-02,6.8779617612e-01,2.6864254695e-04,6.0011626349e+01,1.4066492934e+00,2.5000000000e-33,3.0
13.2200,1.6097852503e-02,6.8780682486e-01,2.6783575205e-04,6.0103449145e+01,1.4066979627e+00,2.5000000000e-33,3.0
13.2300,1.6074081197e-02,6.8781744937e-01,2.6703197986e-04,6.0195341417e+01,1.4067465234e+00,2.5000000000e-33,3.0
13.2400,1.6050362080e-02,6.8782804973e-01,2.6623121681e-04,6.0287303165e+01,1.4067949759e+00,2.5000000000e-33,3.0
13.2500,1.6026695000e-02,6.8783862600e-01,2.6543344941e-04,6.0379334389e+01,1.4068433205e+00,2.5000000000e-33,3.0
13.2600,1.6003079806e-02,6.8784917826e-01,2.6463866424e-04,6.0471435088e+01,1.4068915575e+00,2.5000000000e-33,3.0
13.2700,1.5979516349e-02,6.8785970659e-01,2.6384684795e-04,6.0563605263e+01,1.4069396872e+00,2.5000000000e-33,3.0
13.2800,1.5956004478e-02,6.8787021105e-01,2.6305798725e-04,6.0655844914e+01,1.4069877101e+00,2.5000000000e-33,3.0
13.2900,1.5932544044e-02,6.8788069172e-01,2.6227206893e-04,6.0748154041e+01,1.4070356262e+00,2.5000000000e-33,3.0
13.3000,1.5909134899e-02,6.8789114866e-01,2.6148907985e-04,6.0840532643e+01,1.4070834361e+00,2.5000000000e-33,3.0
13.3100,1.5885776894e-02,6.8790158196e-01,2.6070900693e-04,6.0932980722e+01,1.4071311400e+00,2.5000000000e-33,3.0
13.3200,1.5862469881e-02,6.8791199168e-01,2.5993183717e-04,6.1025498276e+01,1.4071787381e+00,2.5000000000e-33,3.0
13.3300,1.5839213715e-02,6.8792237789e-01,2.5915755763e-04,6.1118085307e+01,1.4072262309e+00,2.5000000000e-33,3.0
13.3400,1.5816008248e-02,6.8793274067e-01,2.5838615542e-04,6.1210741813e+01,1.4072736186e+00,2.5000000000e-33,3.0
13.3500,1.5792853333e-02,6.8794308008e-01,2.5761761775e-04,6.1303467795e+01,1.4073209016e+00,2.5000000000e-33,3.0
13.3600,1.5769748827e-02,6.8795339620e-01,2.5685193188e-04,6.1396263253e+01,1.4073680801e+00,2.5000000000e-33,3.0
13.3700,1.5746694583e-02,6.8796368909e-01,2.5608908513e-04,6.1489128187e+01,1.4074151545e+00,2.5000000000e-33,3.0
13.3800,1.5723690458e-02,6.8797395883e-01,2.5532906490e-04,6.1582062597e+01,1.4074621250e+00,2.5000000000e-33,3.0
13.3900,1.5700736306e-02,6.8798420548e-01,2.5457185864e-04,6.1675066483e+01,1.4075089920e+00,2.5000000000e-33,3.0
13.4000,1.5677831986e-02,6.8799442911e-01,2.5381745387e-04,6.1768139845e+01,1.4075557557e+00,2.5000000000e-33,3.0
13.4100,1.5654977353e-02,6.8800462979e-01,2.5306583818e-04,6.1861282684e+01,1.4076024165e+00,2.5000000000e-33,3.0
13.4200,1.5632172266e-02,6.8801480760e-01,2.5231699922e-04,6.1954494998e+01,1.4076489747e+00,2.5000000000e-33,3.0
13.4300,1.5609416583e-02,6.8802496260e-01,2.5157092471e-04,6.2047776788e+01,1.4076954305e+00,2.5000000000e-33,3.0
13.4400,1.5586710161e-02,6.8803509485e-01,2.5082760242e-04,6.2141128054e+01,1.4077417843e+00,2.5000000000e-33,3.0
13.4500,1.5564052861e-02,6.8804520442e-01,2.5008702018e-04,6.2234548797e+01,1.4077880364e+00,2.5000000000e-33,3.0
13.4600,1.5541444542e-02,6.8805529139e-01,2.4934916592e-04,6.2328039015e+01,1.4078341870e+00,2.5000000000e-33,3.0
13.4700,1.5518885063e-02,6.8806535583e-01,2.4861402758e-04,6.2421598710e+01,1.4078802364e+00,2.5000000000e-33,3.0
13.4800,1.5496374286e-02,6.8807539778e-01,2.4788159320e-04,6.2515227881e+01,1.4079261851e+00,2.5000000000e-33,3.0
13.4900,1.5473912072e-02,6.8808541734e-01,2.4715185086e-04,6.2608926528e+01,1.4079720331e+00,2.5000000000e-33,3.0
13.5000,1.5451498282e-02,6.8809541455e-01,2.4642478872e-04,6.2702694651e+01,1.4080177809e+00,2.5000000000e-33,3.0
13.5100,1.5429132777e-02,6.8810538949e-01,2.4570039498e-04,6.2796532250e+01,1.4080634287e+00,2.5000000000e-33,3.0
13.5200,1.5406815422e-02,6.8811534222e-01,2.4497865792e-04,6.2890439326e+01,1.4081089769e+00,2.5000000000e-33,3.0
13.5300,1.5384546078e-02,6.8812527282e-01,2.4425956586e-04,6.2984415877e+01,1.4081544256e+00,2.5000000000e-33,3.0
13.5400,1.5362324610e-02,6.8813518134e-01,2.4354310720e-04,6.3078461905e+01,1.4081997752e+00,2.5000000000e-33,3.0
13.5500,1.5340150880e-02,6.8814506785e-01,2.4282927038e-04,6.3172577410e+01,1.4082450260e+00,2.5000000000e-33,3.0
13.5600,1.5318024755e-02,6.8815493241e-01,2.4211804392e-04,6.3266762390e+01,1.4082901783e+00,2.5000000000e-33,3.0
13.5700,1.5295946098e-02,6.8816477510e-01,2.4140941637e-04,6.3361016847e+01,1.4083352323e+00,2.5000000000e-33,3.0
13.5800,1.5273914775e-02,6.8817459597e-01,2.4070337637e-04,6.3455340780e+01,1.4083801883e+00,2.5000000000e-33,3.0
13.5900,1.5251930652e-02,6.8818439509e-01,2.3999991261e-04,6.3549734189e+01,1.4084250467e+00,2.5000000000e-33,3.0
13.6000,1.5229993595e-02,6.8819417252e-01,2.3929901381e-04,6.3644197075e+01,1.4084698076e+00,2.5000000000e-33,3.0
13.6100,1.5208103471e-02,6.8820392834e-01,2.3860066878e-04,6.3738729437e+01,1.4085144715e+00,2.5000000000e-33,3.0
13.6200,1.5186260148e-02,6.8821366259e-01,2.3790486638e-04,6.3833331276e+01,1.4085590385e+00,2.5000000000e-33,3.0
13.6300,1.5164463492e-02,6.8822337535e-01,2.3721159551e-04,6.3928002590e+01,1.4086035089e+00,2.5000000000e-33,3.0
13.6400,1.5142713373e-02,6.8823306668e-01,2.3652084515e-04,6.4022743382e+01,1.4086478830e+00,2.5000000000e-33,3.0
13.6500,1.5121009660e-02,6.8824273664e-01,2.3583260432e-04,6.4117553649e+01,1.4086921611e+00,2.5000000000e-33,3.0
13.6600,1.5099352220e-02,6.8825238530e-01,2.3514686209e-04,6.4212433393e+01,1.4087363435e+00,2.5000000000e-33,3.0
13.6700,1.5077740924e-02,6.8826201271e-01,2.3446360762e-04,6.4307382614e+01,1.4087804305e+00,2.5000000000e-33,3.0
13.6800,1.5056175642e-02,6.8827161894e-01,2.3378283007e-04,6.4402401310e+01,1.4088244222e+00,2.5000000000e-33,3.0
13.6900,1.5034656244e-02,6.8828120406e-01,2.3310451871e-04,6.4497489484e+01,1.4088683191e+00,2.5000000000e-33,3.0
13.7000,1.5013182602e-02,6.8829076811e-01,2.3242866282e-04,6.4592647134e+01,1.4089121212e+00,2.5000000000e-33,3.0
13.7100,1.4991754586e-02,6.8830031118e-01,2.3175525177e-04,6.4687874260e+01,1.4089558291e+00,2.5000000000e-33,3.0
13.7200,1.4970372068e-02,6.8830983330e-01,2.3108427496e-04,6.4783170863e+01,1.4089994428e+00,2.5000000000e-33,3.0
13.7300,1.4949034922e-02,6.8831933456e-01,2.3041572185e-04,6.4878536942e+01,1.4090429627e+00,2.5000000000e-33,3.0
13.7400,1.4927743019e-02,6.8832881501e-01,2.2974958195e-04,6.4973972498e+01,1.4090863890e+00,2.5000000000e-33,3.0
13.7500,1.4906496233e-02,6.8833827470e-01,2.2908584483e-04,6.5069477530e+01,1.4091297220e+00,2.5000000000e-33,3.0
13.7600,1.4885294437e-02,6.8834771371e-01,2.2842450012e-04,6.5165052039e+01,1.4091729620e+00,2.5000000000e-33,3.0
13.7700,1.4864137506e-02,6.8835713208e-01,2.2776553747e-04,6.5260696025e+01,1.4092161093e+00,2.5000000000e-33,3.0
13.7800,1.4843025314e-02,6.8836652989e-01,2.2710894662e-04,6.5356409487e+01,1.4092591640e+00,2.5000000000e-33,3.0
13.7900,1.4821957735e-02,6.8837590719e-01,2.2645471734e-04,6.5452192426e+01,1.4093021265e+00,2.5000000000e-33,3.0
13.8000,1.4800934646e-02,6.8838526403e-01,2.2580283946e-04,6.5548044841e+01,1.4093449970e+00,2.5000000000e-33,3.0
13.8100,1.4779955922e-02,6.8839460049e-01,2.2515330284e-04,6.5643966733e+01,1.4093877758e+00,2.5000000000e-33,3.0
13.8200,1.4759021439e-02,6.8840391662e-01,2.2450609743e-04,6.5739958102e+01,1.4094304631e+00,2.5000000000e-33,3.0
13.8300,1.4738131074e-02,6.8841321247e-01,2.2386121320e-04,6.5836018947e+01,1.4094730593e+00,2.5000000000e-33,3.0
13.8400,1.4717284704e-02,6.8842248811e-01,2.2321864018e-04,6.5932149269e+01,1.4095155645e+00,2.5000000000e-33,3.0
13.8500,1.4696482207e-02,6.8843174360e-01,2.2257836845e-04,6.6028349068e+01,1.4095579791e+00,2.5000000000e-33,3.0
13.8600,1.4675723460e-02,6.8844097899e-01,2.2194038813e-04,6.6124618343e+01,1.4096003032e+00,2.5000000000e-33,3.0
13.8700,1.4655008342e-02,6.8845019434e-01,2.2130468940e-04,6.6220957095e+01,1.4096425371e+00,2.5000000000e-33,3.0
13.8800,1.4634336731e-02,6.8845938971e-01,2.2067126249e-04,6.6317365324e+01,1.4096846812e+00,2.5000000000e-33,3.0
13.8900,1.4613708507e-02,6.8846856516e-01,2.2004009768e-04,6.6413843030e+01,1.4097267355e+00,2.5000000000e-33,3.0
13.9000,1.4593123550e-02,6.8847772074e-01,2.1941118528e-04,6.6510390212e+01,1.4097687005e+00,2.5000000000e-33,3.0
13.9100,1.4572581739e-02,6.8848685652e-01,2.1878451567e-04,6.6607006871e+01,1.4098105764e+00,2.5000000000e-33,3.0
13.9200,1.4552082954e-02,6.8849597254e-01,2.1816007928e-04,6.6703693007e+01,1.4098523633e+00,2.5000000000e-33,3.0
13.9300,1.4531627078e-02,6.8850506888e-01,2.1753786656e-04,6.6800448620e+01,1.4098940616e+00,2.5000000000e-33,3.0
13.9400,1.4511213990e-02,6.8851414557e-01,2.1691786803e-04,6.6897273709e+01,1.4099356715e+00,2.5000000000e-33,3.0
13.9500,1.4490843573e-02,6.8852320269e-01,2.1630007426e-04,6.6994168276e+01,1.4099771932e+00,2.5000000000e-33,3.0
13.9600,1.4470515708e-02,6.8853224028e-01,2.1568447585e-04,6.7091132319e+01,1.4100186270e+00,2.5000000000e-33,3.0
13.9700,1.4450230279e-02,6.8854125841e-01,2.1507106346e-04,6.7188165839e+01,1.4100599732e+00,2.5000000000e-33,3.0
13.9800,1.4429987167e-02,6.8855025712e-01,2.1445982779e-04,6.7285268836e+01,1.4101012320e+00,2.5000000000e-33,3.0
13.9900,1.4409786257e-02,6.8855923648e-01,2.1385075958e-04,6.7382441310e+01,1.4101424036e+00,2.5000000000e-33,3.0
14.0000,1.4389627431e-02,6.8856819653e-01,2.1324384964e-04,6.7479683260e+01,1.4101834883e+00,2.5000000000e-33,3.0
14.0100,1.4369510575e-02,6.8857713734e-01,2.1263908880e-04,6.7576994688e+01,1.4102244863e+00,2.5000000000e-33,3.0
14.0200,1.4349435571e-02,6.8858605896e-01,2.1203646795e-04,6.7674375592e+01,1.4102653978e+00,2.5000000000e-33,3.0
14.0300,1.4329402306e-02,6.8859496145e-01,2.1143597801e-04,6.7771825974e+01,1.4103062232e+00,2.5000000000e-33,3.0
14.0400,1.4309410665e-02,6.8860384485e-01,2.1083760996e-04,6.7869345832e+01,1.4103469627e+00,2.5000000000e-33,3.0
14.0500,1.4289460532e-02,6.8861270923e-01,2.1024135482e-04,6.7966935167e+01,1.4103876164e+00,2.5000000000e-33,3.0
14.0600,1.4269551795e-02,6.8862155464e-01,2.0964720365e-04,6.8064593979e+01,1.4104281846e+00,2.5000000000e-33,3.0
14.0700,1.4249684339e-02,6.8863038113e-01,2.0905514755e-04,6.8162322269e+01,1.4104686676e+00,2.5000000000e-33,3.0
14.0800,1.4229858052e-02,6.8863918876e-01,2.0846517769e-04,6.8260120035e+01,1.4105090657e+00,2.5000000000e-33,3.0
14.0900,1.4210072820e-02,6.8864797757e-01,2.0787728525e-04,6.8357987278e+01,1.4105493789e+00,2.5000000000e-33,3.0
14.1000,1.4190328532e-02,6.8865674763e-01,2.0729146147e-04,6.8455923998e+01,1.4105896077e+00,2.5000000000e-33,3.0
14.1100,1.4170625074e-02,6.8866549899e-01,2.0670769763e-04,6.8553930196e+01,1.4106297521e+00,2.5000000000e-33,3.0
14.1200,1.4150962336e-02,6.8867423170e-01,2.0612598505e-04,6.8652005870e+01,1.4106698126e+00,2.5000000000e-33,3.0
14.1300,1.4131340206e-02,6.8868294581e-01,2.0554631511e-04,6.8750151021e+01,1.4107097892e+00,2.5000000000e-33,3.0
14.1400,1.4111758573e-02,6.8869164137e-01,2.0496867921e-04,6.8848365650e+01,1.4107496822e+00,2.5000000000e-33,3.0
14.1500,1.4092217326e-02,6.8870031845e-01,2.0439306879e-04,6.8946649755e+01,1.4107894918e+00,2.5000000000e-33,3.0
14.1600,1.4072716357e-02,6.8870897709e-01,2.0381947536e-04,6.9045003338e+01,1.4108292183e+00,2.5000000000e-33,3.0
14.1700,1.4053255553e-02,6.8871761734e-01,2.0324789044e-04,6.9143426398e+01,1.4108688620e+00,2.5000000000e-33,3.0
14.1800,1.4033834807e-02,6.8872623925e-01,2.0267830562e-04,6.9241918935e+01,1.4109084230e+00,2.5000000000e-33,3.0
14.1900,1.4014454010e-02,6.8873484288e-01,2.0211071250e-04,6.9340480949e+01,1.4109479015e+00,2.5000000000e-33,3.0
14.2000,1.3995113052e-02,6.8874342829e-01,2.0154510275e-04,6.9439112440e+01,1.4109872979e+00,2.5000000000e-33,3.0
14.2100,1.3975811825e-02,6.8875199551e-01,2.0098146806e-04,6.9537813408e+01,1.4110266122e+00,2.5000000000e-33,3.0
14.2200,1.3956550221e-02,6.8876054460e-01,2.0041980018e-04,6.9636583853e+01,1.4110658448e+00,2.5000000000e-33,3.0
14.2300,1.3937328133e-02,6.8876907562e-01,1.9986009087e-04,6.9735423776e+01,1.4111049959e+00,2.5000000000e-33,3.0
14.2400,1.3918145453e-02,6.8877758861e-01,1.9930233196e-04,6.9834333176e+01,1.4111440657e+00,2.5000000000e-33,3.0
14.2500,1.3899002075e-02,6.8878608362e-01,1.9874651532e-04,6.9933312053e+01,1.4111830544e+00,2.5000000000e-33,3.0
14.2600,1.3879897892e-02,6.8879456071e-01,1.9819263282e-04,7.0032360407e+01,1.4112219623e+00,2.5000000000e-33,3.0
14.2700,1.3860832798e-02,6.8880301993e-01,1.9764067643e-04,7.0131478239e+01,1.4112607895e+00,2.5000000000e-33,3.0
14.2800,1.3841806687e-02,6.8881146132e-01,1.9709063810e-04,7.0230665547e+01,1.4112995363e+00,2.5000000000e-33,3.0
14.2900,1.3822819453e-02,6.8881988494e-01,1.9654250986e-04,7.0329922333e+01,1.4113382030e+00,2.5000000000e-33,3.0
14.3000,1.3803870993e-02,6.8882829084e-01,1.9599628376e-04,7.0429248597e+01,1.4113767896e+00,2.5000000000e-33,3.0
14.3100,1.3784961200e-02,6.8883667906e-01,1.9545195189e-04,7.0528644337e+01,1.4114152966e+00,2.5000000000e-33,3.0
14.3200,1.3766089970e-02,6.8884504965e-01,1.9490950638e-04,7.0628109555e+01,1.4114537239e+00,2.5000000000e-33,3.0
14.3300,1.3747257200e-02,6.8885340267e-01,1.9436893941e-04,7.0727644250e+01,1.4114920720e+00,2.5000000000e-33,3.0
14.3400,1.3728462786e-02,6.8886173816e-01,1.9383024318e-04,7.0827248422e+01,1.4115303410e+00,2.5000000000e-33,3.0
14.3500,1.3709706624e-02,6.8887005618e-01,1.9329340994e-04,7.0926922072e+01,1.4115685311e+00,2.5000000000e-33,3.0
14.3600,1.3690988611e-02,6.8887835677e-01,1.9275843196e-04,7.1026665199e+01,1.4116066426e+00,2.5000000000e-33,3.0
14.3700,1.3672308646e-02,6.8888663998e-01,1.9222530157e-04,7.1126477803e+01,1.4116446756e+00,2.5000000000e-33,3.0
14.3800,1.3653666624e-02,6.8889490585e-01,1.9169401113e-04,7.1226359885e+01,1.4116826304e+00,2.5000000000e-33,3.0
14.3900,1.3635062446e-02,6.8890315445e-01,1.9116455302e-04,7.1326311444e+01,1.4117205071e+00,2.5000000000e-33,3.0
14.4000,1.3616496008e-02,6.8891138581e-01,1.9063691967e-04,7.1426332481e+01,1.4117583061e+00,2.5000000000e-33,3.0
14.4100,1.3597967209e-02,6.8891959998e-01,1.9011110356e-04,7.1526422995e+01,1.4117960274e+00,2.5000000000e-33,3.0
14.4200,1.3579475950e-02,6.8892779702e-01,1.8958709718e-04,7.1626582986e+01,1.4118336714e+00,2.5000000000e-33,3.0
14.4300,1.3561022128e-02,6.8893597696e-01,1.8906489308e-04,7.1726812455e+01,1.4118712382e+00,2.5000000000e-33,3.0
14.4400,1.3542605644e-02,6.8894413986e-01,1.8854448383e-04,7.1827111401e+01,1.4119087281e+00,2.5000000000e-33,3.0
14.4500,1.3524226397e-02,6.8895228577e-01,1.8802586203e-04,7.1927479824e+01,1.4119461412e+00,2.5000000000e-33,3.0
14.4600,1.3505884289e-02,6.8896041472e-01,1.8750902033e-04,7.2027917725e+01,1.4119834777e+00,2.5000000000e-33,3.0
14.4700,1.3487579220e-02,6.8896852677e-01,1.8699395142e-04,7.2128425104e+01,1.4120207380e+00,2.5000000000e-33,3.0
14.4800,1.3469311091e-02,6.8897662197e-01,1.8648064801e-04,7.2229001960e+01,1.4120579221e+00,2.5000000000e-33,3.0
14.4900,1.3451079803e-02,6.8898470036e-01,1.8596910285e-04,7.2329648293e+01,1.4120950302e+00,2.5000000000e-33,3.0
14.5000,1.3432885258e-02,6.8899276199e-01,1.8545930873e-04,7.2430364104e+01,1.4121320627e+00,2.5000000000e-33,3.0
14.5100,1.3414727358e-02,6.8900080690e-01,1.8495125846e-04,7.2531149392e+01,1.4121690197e+00,2.5000000000e-33,3.0
14.5200,1.3396606005e-02,6.8900883514e-01,1.8444494490e-04,7.2632004158e+01,1.4122059013e+00,2.5000000000e-33,3.0
14.5300,1.3378521102e-02,6.8901684676e-01,1.8394036093e-04,7.2732928402e+01,1.4122427079e+00,2.5000000000e-33,3.0
14.5400,1.3360472552e-02,6.8902484180e-01,1.8343749949e-04,7.2833922123e+01,1.4122794395e+00,2.5000000000e-33,3.0
14.5500,1.3342460259e-02,6.8903282031e-01,1.8293635352e-04,7.2934985321e+01,1.4123160965e+00,2.5000000000e-33,3.0
14.5600,1.3324484125e-02,6.8904078234e-01,1.8243691602e-04,7.3036117997e+01,1.4123526789e+00,2.5000000000e-33,3.0
14.5700,1.3306544056e-02,6.8904872792e-01,1.8193918000e-04,7.3137320151e+01,1.4123891871e+00,2.5000000000e-33,3.0
14.5800,1.3288639954e-02,6.8905665711e-01,1.8144313853e-04,7.3238591782e+01,1.4124256212e+00,2.5000000000e-33,3.0
14.5900,1.3270771726e-02,6.8906456995e-01,1.8094878469e-04,7.3339932891e+01,1.4124619814e+00,2.5000000000e-33,3.0
14.6000,1.3252939274e-02,6.8907246648e-01,1.8045611160e-04,7.3441343477e+01,1.4124982679e+00,2.5000000000e-33,3.0
14.6100,1.3235142506e-02,6.8908034675e-01,1.7996511242e-04,7.3542823541e+01,1.4125344809e+00,2.5000000000e-33,3.0
14.6200,1.3217381326e-02,6.8908821081e-01,1.7947578033e-04,7.3644373083e+01,1.4125706206e+00,2.5000000000e-33,3.0
14.6300,1.3199655640e-02,6.8909605869e-01,1.7898810856e-04,7.3745992102e+01,1.4126066872e+00,2.5000000000e-33,3.0
14.6400,1.3181965355e-02,6.8910389045e-01,1.7850209036e-04,7.3847680599e+01,1.4126426809e+00,2.5000000000e-33,3.0
14.6500,1.3164310376e-02,6.8911170612e-01,1.7801771900e-04,7.3949438574e+01,1.4126786019e+00,2.5000000000e-33,3.0
14.6600,1.3146690611e-02,6.8911950576e-01,1.7753498781e-04,7.4051266026e+01,1.4127144503e+00,2.5000000000e-33,3.0
14.6700,1.3129105966e-02,6.8912728940e-01,1.7705389012e-04,7.4153162956e+01,1.4127502265e+00,2.5000000000e-33,3.0
14.6800,1.3111556349e-02,6.8913505709e-01,1.7657441933e-04,7.4255129363e+01,1.4127859305e+00,2.5000000000e-33,3.0
14.6900,1.3094041668e-02,6.8914280887e-01,1.7609656883e-04,7.4357165249e+01,1.4128215626e+00,2.5000000000e-33,3.0
14.7000,1.3076561831e-02,6.8915054479e-01,1.7562033207e-04,7.4459270612e+01,1.4128571230e+00,2.5000000000e-33,3.0
14.7100,1.3059116745e-02,6.8915826488e-01,1.7514570252e-04,7.4561445452e+01,1.4128926118e+00,2.5000000000e-33,3.0
14.7200,1.3041706319e-02,6.8916596920e-01,1.7467267368e-04,7.4663689771e+01,1.4129280292e+00,2.5000000000e-33,3.0
14.7300,1.3024330463e-02,6.8917365779e-01,1.7420123908e-04,7.4766003567e+01,1.4129633755e+00,2.5000000000e-33,3.0
14.7400,1.3006989085e-02,6.8918133068e-01,1.7373139230e-04,7.4868386841e+01,1.4129986508e+00,2.5000000000e-33,3.0
14.7500,1.2989682095e-02,6.8918898792e-01,1.7326312691e-04,7.4970839592e+01,1.4130338554e+00,2.5000000000e-33,3.0
14.7600,1.2972409402e-02,6.8919662956e-01,1.7279643655e-04,7.5073361822e+01,1.4130689893e+00,2.5000000000e-33,3.0
14.7700,1.2955170917e-02,6.8920425563e-01,1.7233131486e-04,7.5175953529e+01,1.4131040528e+00,2.5000000000e-33,3.0
14.7800,1.2937966551e-02,6.8921186618e-01,1.7186775553e-04,7.5278614714e+01,1.4131390461e+00,2.5000000000e-33,3.0
14.7900,1.2920796212e-02,6.8921946125e-01,1.7140575228e-04,7.5381345377e+01,1.4131739694e+00,2.5000000000e-33,3.0
14.8000,1.2903659814e-02,6.8922704088e-01,1.7094529885e-04,7.5484145517e+01,1.4132088228e+00,2.5000000000e-33,3.0
14.8100,1.2886557266e-02,6.8923460512e-01,1.7048638900e-04,7.5587015136e+01,1.4132436065e+00,2.5000000000e-33,3.0
14.8200,1.2869488480e-02,6.8924215400e-01,1.7002901654e-04,7.5689954232e+01,1.4132783208e+00,2.5000000000e-33,3.0
14.8300,1.2852453368e-02,6.8924968757e-01,1.6957317529e-04,7.5792962806e+01,1.4133129658e+00,2.5000000000e-33,3.0
14.8400,1.2835451842e-02,6.8925720586e-01,1.6911885913e-04,7.5896040858e+01,1.4133475416e+00,2.5000000000e-33,3.0
14.8500,1.2818483815e-02,6.8926470893e-01,1.6866606193e-04,7.5999188388e+01,1.4133820486e+00,2.5000000000e-33,3.0
14.8600,1.2801549199e-02,6.8927219681e-01,1.6821477761e-04,7.6102405395e+01,1.4134164867e+00,2.5000000000e-33,3.0
14.8700,1.2784647907e-02,6.8927966954e-01,1.6776500011e-04,7.6205691881e+01,1.4134508564e+00,2.5000000000e-33,3.0
14.8800,1.2767779852e-02,6.8928712716e-01,1.6731672341e-04,7.6309047844e+01,1.4134851576e+00,2.5000000000e-33,3.0
14.8900,1.2750944947e-02,6.8929456972e-01,1.6686994151e-04,7.6412473285e+01,1.4135193906e+00,2.5000000000e-33,3.0
14.9000,1.2734143108e-02,6.8930199725e-01,1.6642464843e-04,7.6515968205e+01,1.4135535557e+00,2.5000000000e-33,3.0
14.9100,1.2717374246e-02,6.8930940979e-01,1.6598083823e-04,7.6619532602e+01,1.4135876528e+00,2.5000000000e-33,3.0
14.9200,1.2700638278e-02,6.8931680739e-01,1.6553850500e-04,7.6723166477e+01,1.4136216823e+00,2.5000000000e-33,3.0
14.9300,1.2683935117e-02,6.8932419009e-01,1.6509764285e-04,7.6826869830e+01,1.4136556444e+00,2.5000000000e-33,3.0
14.9400,1.2667264678e-02,6.8933155792e-01,1.6465824591e-04,7.6930642661e+01,1.4136895391e+00,2.5000000000e-33,3.0
14.9500,1.2650626876e-02,6.8933891092e-01,1.6422030836e-04,7.7034484969e+01,1.4137233667e+00,2.5000000000e-33,3.0
14.9600,1.2634021627e-02,6.8934624914e-01,1.6378382438e-04,7.7138396756e+01,1.4137571273e+00,2.5000000000e-33,3.0
14.9700,1.2617448847e-02,6.8935357262e-01,1.6334878820e-04,7.7242378021e+01,1.4137908212e+00,2.5000000000e-33,3.0
14.9800,1.2600908451e-02,6.8936088139e-01,1.6291519405e-04,7.7346428764e+01,1.4138244484e+00,2.5000000000e-33,3.0
14.9900,1.2584400356e-02,6.8936817549e-01,1.6248303623e-04,7.7450548985e+01,1.4138580093e+00,2.5000000000e-33,3.0
15.0000,1.2567924479e-02,6.8937545496e-01,1.6205230901e-04,7.7554738683e+01,1.4138915038e+00,2.5000000000e-33,3.0
15.0100,1.2551480735e-02,6.8938271985e-01,1.6162300674e-04,7.7658997860e+01,1.4139249323e+00,2.5000000000e-33,3.0
15.0200,1.2535069042e-02,6.8938997018e-01,1.6119512376e-04,7.7763326515e+01,1.4139582949e+00,2.5000000000e-33,3.0
15.0300,1.2518689317e-02,6.8939720601e-01,1.6076865446e-04,7.7867724648e+01,1.4139915918e+00,2.5000000000e-33,3.0
15.0400,1.2502341479e-02,6.8940442736e-01,1.6034359323e-04,7.7972192258e+01,1.4140248231e+00,2.5000000000e-33,3.0
15.0500,1.2486025444e-02,6.8941163429e-01,1.5991993450e-04,7.8076729347e+01,1.4140579890e+00,2.5000000000e-33,3.0
15.0600,1.2469741130e-02,6.8941882681e-01,1.5949767274e-04,7.8181335914e+01,1.4140910897e+00,2.5000000000e-33,3.0
15.0700,1.2453488457e-02,6.8942600498e-01,1.5907680242e-04,7.8286011959e+01,1.4141241253e+00,2.5000000000e-33,3.0
15.0800,1.2437267343e-02,6.8943316883e-01,1.5865731806e-04,7.8390757482e+01,1.4141570961e+00,2.5000000000e-33,3.0
15.0900,1.2421077706e-02,6.8944031840e-01,1.5823921417e-04,7.8495572484e+01,1.4141900022e+00,2.5000000000e-33,3.0
15.1000,1.2404919466e-02,6.8944745373e-01,1.5782248533e-04,7.8600456963e+01,1.4142228437e+00,2.5000000000e-33,3.0
15.1100,1.2388792542e-02,6.8945457486e-01,1.5740712610e-04,7.8705410920e+01,1.4142556208e+00,2.5000000000e-33,3.0
15.1200,1.2372696853e-02,6.8946168182e-01,1.5699313111e-04,7.8810434356e+01,1.4142883338e+00,2.5000000000e-33,3.0
15.1300,1.2356632321e-02,6.8946877464e-01,1.5658049497e-04,7.8915527269e+01,1.4143209827e+00,2.5000000000e-33,3.0
15.1400,1.2340598864e-02,6.8947585338e-01,1.5616921235e-04,7.9020689661e+01,1.4143535677e+00,2.5000000000e-33,3.0
15.1500,1.2324596403e-02,6.8948291806e-01,1.5575927793e-04,7.9125921531e+01,1.4143860890e+00,2.5000000000e-33,3.0
15.1600,1.2308624860e-02,6.8948996873e-01,1.5535068642e-04,7.9231222879e+01,1.4144185468e+00,2.5000000000e-33,3.0
15.1700,1.2292684154e-02,6.8949700542e-01,1.5494343253e-04,7.9336593705e+01,1.4144509412e+00,2.5000000000e-33,3.0
15.1800,1.2276774207e-02,6.8950402816e-01,1.5453751103e-04,7.9442034009e+01,1.4144832724e+00,2.5000000000e-33,3.0
15.1900,1.2260894940e-02,6.8951103700e-01,1.5413291669e-04,7.9547543792e+01,1.4145155405e+00,2.5000000000e-33,3.0
15.2000,1.2245046276e-02,6.8951803196e-01,1.5372964432e-04,7.9653123052e+01,1.4145477458e+00,2.5000000000e-33,3.0
15.2100,1.2229228135e-02,6.8952501310e-01,1.5332768874e-04,7.9758771791e+01,1.4145798883e+00,2.5000000000e-33,3.0
15.2200,1.2213440441e-02,6.8953198043e-01,1.5292704480e-04,7.9864490008e+01,1.4146119683e+00,2.5000000000e-33,3.0
15.2300,1.2197683115e-02,6.8953893401e-01,1.5252770736e-04,7.9970277703e+01,1.4146439859e+00,2.5000000000e-33,3.0
15.2400,1.2181956081e-02,6.8954587386e-01,1.5212967133e-04,8.0076134877e+01,1.4146759413e+00,2.5000000000e-33,3.0
15.2500,1.2166259260e-02,6.8955280003e-01,1.5173293163e-04,8.0182061529e+01,1.4147078346e+00,2.5000000000e-33,3.0
15.2600,1.2150592576e-02,6.8955971254e-01,1.5133748319e-04,8.0288057658e+01,1.4147396659e+00,2.5000000000e-33,3.0
15.2700,1.2134955954e-02,6.8956661144e-01,1.5094332099e-04,8.0394123267e+01,1.4147714355e+00,2.5000000000e-33,3.0
15.2800,1.2119349315e-02,6.8957349676e-01,1.5055044000e-04,8.0500258353e+01,1.4148031436e+00,2.5000000000e-33,3.0
15.2900,1.2103772584e-02,6.8958036853e-01,1.5015883524e-04,8.0606462918e+01,1.4148347901e+00,2.5000000000e-33,3.0
15.3000,1.2088225686e-02,6.8958722680e-01,1.4976850174e-04,8.0712736961e+01,1.4148663754e+00,2.5000000000e-33,3.0
15.3100,1.2072708544e-02,6.8959407159e-01,1.4937943456e-04,8.0819080482e+01,1.4148978996e+00,2.5000000000e-33,3.0
15.3200,1.2057221084e-02,6.8960090294e-01,1.4899162878e-04,8.0925493481e+01,1.4149293628e+00,2.5000000000e-33,3.0
15.3300,1.2041763229e-02,6.8960772089e-01,1.4860507949e-04,8.1031975959e+01,1.4149607652e+00,2.5000000000e-33,3.0
15.3400,1.2026334905e-02,6.8961452547e-01,1.4821978182e-04,8.1138527915e+01,1.4149921070e+00,2.5000000000e-33,3.0
15.3500,1.2010936037e-02,6.8962131672e-01,1.4783573092e-04,8.1245149350e+01,1.4150233882e+00,2.5000000000e-33,3.0
15.3600,1.1995566552e-02,6.8962809467e-01,1.4745292194e-04,8.1351840262e+01,1.4150546092e+00,2.5000000000e-33,3.0
15.3700,1.1980226374e-02,6.8963485936e-01,1.4707135008e-04,8.1458600653e+01,1.4150857699e+00,2.5000000000e-33,3.0
15.3800,1.1964915429e-02,6.8964161082e-01,1.4669101055e-04,8.1565430523e+01,1.4151168706e+00,2.5000000000e-33,3.0
15.3900,1.1949633644e-02,6.8964834908e-01,1.4631189857e-04,8.1672329870e+01,1.4151479114e+00,2.5000000000e-33,3.0
15.4000,1.1934380945e-02,6.8965507418e-01,1.4593400941e-04,8.1779298696e+01,1.4151788925e+00,2.5000000000e-33,3.0
15.4100,1.1919157260e-02,6.8966178616e-01,1.4555733833e-04,8.1886337001e+01,1.4152098140e+00,2.5000000000e-33,3.0
15.4200,1.1903962514e-02,6.8966848504e-01,1.4518188064e-04,8.1993444784e+01,1.4152406761e+00,2.5000000000e-33,3.0
15.4300,1.1888796635e-02,6.8967517087e-01,1.4480763165e-04,8.2100622045e+01,1.4152714790e+00,2.5000000000e-33,3.0
15.4400,1.1873659550e-02,6.8968184368e-01,1.4443458669e-04,8.2207868784e+01,1.4153022227e+00,2.5000000000e-33,3.0
15.4500,1.1858551188e-02,6.8968850349e-01,1.4406274113e-04,8.2315185002e+01,1.4153329075e+00,2.5000000000e-33,3.0
15.4600,1.1843471475e-02,6.8969515035e-01,1.4369209034e-04,8.2422570699e+01,1.4153635334e+00,2.5000000000e-33,3.0
15.4700,1.1828420340e-02,6.8970178429e-01,1.4332262973e-04,8.2530025873e+01,1.4153941007e+00,2.5000000000e-33,3.0
15.4800,1.1813397711e-02,6.8970840533e-01,1.4295435472e-04,8.2637550527e+01,1.4154246094e+00,2.5000000000e-33,3.0
15.4900,1.1798403516e-02,6.8971501352e-01,1.4258726074e-04,8.2745144658e+01,1.4154550598e+00,2.5000000000e-33,3.0
15.5000,1.1783437685e-02,6.8972160889e-01,1.4222134327e-04,8.2852808268e+01,1.4154854520e+00,2.5000000000e-33,3.0
15.5100,1.1768500146e-02,6.8972819147e-01,1.4185659778e-04,8.2960541357e+01,1.4155157860e+00,2.5000000000e-33,3.0
15.5200,1.1753590829e-02,6.8973476130e-01,1.4149301977e-04,8.3068343924e+01,1.4155460622e+00,2.5000000000e-33,3.0
15.5300,1.1738709662e-02,6.8974131840e-01,1.4113060477e-04,8.3176215969e+01,1.4155762806e+00,2.5000000000e-33,3.0
15.5400,1.1723856576e-02,6.8974786281e-01,1.4076934832e-04,8.3284157493e+01,1.4156064414e+00,2.5000000000e-33,3.0
15.5500,1.1709031500e-02,6.8975439456e-01,1.4040924599e-04,8.3392168495e+01,1.4156365446e+00,2.5000000000e-33,3.0
15.5600,1.1694234364e-02,6.8976091368e-01,1.4005029335e-04,8.3500248976e+01,1.4156665906e+00,2.5000000000e-33,3.0
15.5700,1.1679465099e-02,6.8976742022e-01,1.3969248601e-04,8.3608398935e+01,1.4156965793e+00,2.5000000000e-33,3.0
15.5800,1.1664723634e-02,6.8977391419e-01,1.3933581959e-04,8.3716618373e+01,1.4157265110e+00,2.5000000000e-33,3.0
15.5900,1.1650009901e-02,6.8978039564e-01,1.3898028973e-04,8.3824907289e+01,1.4157563858e+00,2.5000000000e-33,3.0
15.6000,1.1635323831e-02,6.8978686459e-01,1.3862589209e-04,8.3933265684e+01,1.4157862038e+00,2.5000000000e-33,3.0
15.6100,1.1620665355e-02,6.8979332108e-01,1.3827262235e-04,8.4041693557e+01,1.4158159652e+00,2.5000000000e-33,3.0
15.6200,1.1606034403e-02,6.8979976514e-01,1.3792047621e-04,8.4150190909e+01,1.4158456701e+00,2.5000000000e-33,3.0
15.6300,1.1591430908e-02,6.8980619680e-01,1.3756944939e-04,8.4258757739e+01,1.4158753187e+00,2.5000000000e-33,3.0
15.6400,1.1576854801e-02,6.8981261609e-01,1.3721953762e-04,8.4367394048e+01,1.4159049111e+00,2.5000000000e-33,3.0
15.6500,1.1562306015e-02,6.8981902304e-01,1.3687073666e-04,8.4476099836e+01,1.4159344475e+00,2.5000000000e-33,3.0
15.6600,1.1547784481e-02,6.8982541769e-01,1.3652304229e-04,8.4584875101e+01,1.4159639279e+00,2.5000000000e-33,3.0
15.6700,1.1533290131e-02,6.8983180007e-01,1.3617645030e-04,8.4693719846e+01,1.4159933526e+00,2.5000000000e-33,3.0
15.6800,1.1518822899e-02,6.8983817021e-01,1.3583095650e-04,8.4802634069e+01,1.4160227216e+00,2.5000000000e-33,3.0
15.6900,1.1504382718e-02,6.8984452813e-01,1.3548655672e-04,8.4911617771e+01,1.4160520352e+00,2.5000000000e-33,3.0
15.7000,1.1489969519e-02,6.8985087388e-01,1.3514324682e-04,8.5020670951e+01,1.4160812934e+00,2.5000000000e-33,3.0
15.7100,1.1475583237e-02,6.8985720748e-01,1.3480102265e-04,8.5129793610e+01,1.4161104964e+00,2.5000000000e-33,3.0
15.7200,1.1461223804e-02,6.8986352896e-01,1.3445988011e-04,8.5238985747e+01,1.4161396443e+00,2.5000000000e-33,3.0
15.7300,1.1446891155e-02,6.8986983836e-01,1.3411981510e-04,8.5348247364e+01,1.4161687373e+00,2.5000000000e-33,3.0
15.7400,1.1432585224e-02,6.8987613570e-01,1.3378082354e-04,8.5457578458e+01,1.4161977755e+00,2.5000000000e-33,3.0
15.7500,1.1418305943e-02,6.8988242102e-01,1.3344290137e-04,8.5566979032e+01,1.4162267590e+00,2.5000000000e-33,3.0
15.7600,1.1404053248e-02,6.8988869434e-01,1.3310604454e-04,8.5676449084e+01,1.4162556880e+00,2.5000000000e-33,3.0
15.7700,1.1389827073e-02,6.8989495570e-01,1.3277024905e-04,8.5785988614e+01,1.4162845626e+00,2.5000000000e-33,3.0
15.7800,1.1375627353e-02,6.8990120513e-01,1.3243551087e-04,8.5895597623e+01,1.4163133830e+00,2.5000000000e-33,3.0
15.7900,1.1361454021e-02,6.8990744265e-01,1.3210182602e-04,8.6005276111e+01,1.4163421493e+00,2.5000000000e-33,3.0
15.8000,1.1347307015e-02,6.8991366830e-01,1.3176919052e-04,8.6115024078e+01,1.4163708616e+00,2.5000000000e-33,3.0
15.8100,1.1333186267e-02,6.8991988212e-01,1.3143760043e-04,8.6224841523e+01,1.4163995200e+00,2.5000000000e-33,3.0
15.8200,1.1319091715e-02,6.8992608411e-01,1.3110705181e-04,8.6334728447e+01,1.4164281247e+00,2.5000000000e-33,3.0
15.8300,1.1305023294e-02,6.8993227433e-01,1.3077754073e-04,8.6444684849e+01,1.4164566759e+00,2.5000000000e-33,3.0
15.8400,1.1290980939e-02,6.8993845279e-01,1.3044906330e-04,8.6554710731e+01,1.4164851736e+00,2.5000000000e-33,3.0
15.8500,1.1276964587e-02,6.8994461954e-01,1.3012161563e-04,8.6664806091e+01,1.4165136180e+00,2.5000000000e-33,3.0
15.8600,1.1262974173e-02,6.8995077458e-01,1.2979519385e-04,8.6774970929e+01,1.4165420092e+00,2.5000000000e-33,3.0
15.8700,1.1249009635e-02,6.8995691797e-01,1.2946979411e-04,8.6885205247e+01,1.4165703473e+00,2.5000000000e-33,3.0
15.8800,1.1235070908e-02,6.8996304972e-01,1.2914541258e-04,8.6995509043e+01,1.4165986326e+00,2.5000000000e-33,3.0
15.8900,1.1221157930e-02,6.8996916987e-01,1.2882204544e-04,8.7105882318e+01,1.4166268651e+00,2.5000000000e-33,3.0
15.9000,1.1207270637e-02,6.8997527844e-01,1.2849968888e-04,8.7216325071e+01,1.4166550449e+00,2.5000000000e-33,3.0
15.9100,1.1193408967e-02,6.8998137547e-01,1.2817833913e-04,8.7326837303e+01,1.4166831722e+00,2.5000000000e-33,3.0
15.9200,1.1179572857e-02,6.8998746097e-01,1.2785799241e-04,8.7437419014e+01,1.4167112471e+00,2.5000000000e-33,3.0
15.9300,1.1165762245e-02,6.8999353499e-01,1.2753864498e-04,8.7548070204e+01,1.4167392697e+00,2.5000000000e-33,3.0
15.9400,1.1151977067e-02,6.8999959756e-01,1.2722029310e-04,8.7658790873e+01,1.4167672402e+00,2.5000000000e-33,3.0
15.9500,1.1138217264e-02,6.9000564869e-01,1.2690293305e-04,8.7769581020e+01,1.4167951587e+00,2.5000000000e-33,3.0
15.9600,1.1124482771e-02,6.9001168842e-01,1.2658656112e-04,8.7880440646e+01,1.4168230253e+00,2.5000000000e-33,3.0
15.9700,1.1110773529e-02,6.9001771677e-01,1.2627117364e-04,8.7991369751e+01,1.4168508402e+00,2.5000000000e-33,3.0
15.9800,1.1097089474e-02,6.9002373379e-01,1.2595676693e-04,8.8102368335e+01,1.4168786035e+00,2.5000000000e-33,3.0
15.9900,1.1083430546e-02,6.9002973948e-01,1.2564333733e-04,8.8213436397e+01,1.4169063152e+00,2.5000000000e-33,3.0
16.0000,1.1069796685e-02,6.9003573389e-01,1.2533088121e-04,8.8324573938e+01,1.4169339756e+00,2.5000000000e-33,3.0
16.0100,1.1056187828e-02,6.9004171704e-01,1.2501939495e-04,8.8435780958e+01,1.4169615848e+00,2.5000000000e-33,3.0
16.0200,1.1042603915e-02,6.9004768896e-01,1.2470887494e-04,8.8547057457e+01,1.4169891428e+00,2.5000000000e-33,3.0
16.0300,1.1029044885e-02,6.9005364968e-01,1.2439931758e-04,8.8658403435e+01,1.4170166499e+00,2.5000000000e-33,3.0
16.0400,1.1015510678e-02,6.9005959922e-01,1.2409071930e-04,8.8769818891e+01,1.4170441061e+00,2.5000000000e-33,3.0
16.0500,1.1002001235e-02,6.9006553762e-01,1.2378307654e-04,8.8881303827e+01,1.4170715115e+00,2.5000000000e-33,3.0
16.0600,1.0988516494e-02,6.9007146489e-01,1.2347638576e-04,8.8992858241e+01,1.4170988664e+00,2.5000000000e-33,3.0
16.0700,1.0975056396e-02,6.9007738108e-01,1.2317064342e-04,8.9104482134e+01,1.4171261707e+00,2.5000000000e-33,3.0
16.0800,1.0961620881e-02,6.9008328620e-01,1.2286584601e-04,8.9216175506e+01,1.4171534247e+00,2.5000000000e-33,3.0
16.0900,1.0948209891e-02,6.9008918028e-01,1.2256199003e-04,8.9327938357e+01,1.4171806285e+00,2.5000000000e-33,3.0
16.1000,1.0934823364e-02,6.9009506336e-01,1.2225907200e-04,8.9439770686e+01,1.4172077821e+00,2.5000000000e-33,3.0
16.1100,1.0921461243e-02,6.9010093545e-01,1.2195708845e-04,8.9551672495e+01,1.4172348858e+00,2.5000000000e-33,3.0
16.1200,1.0908123469e-02,6.9010679659e-01,1.2165603592e-04,8.9663643782e+01,1.4172619395e+00,2.5000000000e-33,3.0
16.1300,1.0894809982e-02,6.9011264681e-01,1.2135591097e-04,8.9775684548e+01,1.4172889436e+00,2.5000000000e-33,3.0
16.1400,1.0881520724e-02,6.9011848612e-01,1.2105671019e-04,8.9887794794e+01,1.4173158979e+00,2.5000000000e-33,3.0
16.1500,1.0868255636e-02,6.9012431456e-01,1.2075843015e-04,8.9999974518e+01,1.4173428028e+00,2.5000000000e-33,3.0
16.1600,1.0855014661e-02,6.9013013216e-01,1.2046106746e-04,9.0112223721e+01,1.4173696583e+00,2.5000000000e-33,3.0
16.1700,1.0841797740e-02,6.9013593894e-01,1.2016461875e-04,9.0224542403e+01,1.4173964645e+00,2.5000000000e-33,3.0
16.1800,1.0828604815e-02,6.9014173493e-01,1.1986908065e-04,9.0336930563e+01,1.4174232216e+00,2.5000000000e-33,3.0
16.1900,1.0815435829e-02,6.9014752015e-01,1.1957444980e-04,9.0449388203e+01,1.4174499297e+00,2.5000000000e-33,3.0
16.2000,1.0802290724e-02,6.9015329463e-01,1.1928072287e-04,9.0561915322e+01,1.4174765888e+00,2.5000000000e-33,3.0
16.2100,1.0789169443e-02,6.9015905841e-01,1.1898789653e-04,9.0674511919e+01,1.4175031992e+00,2.5000000000e-33,3.0
16.2200,1.0776071927e-02,6.9016481149e-01,1.1869596749e-04,9.0787177996e+01,1.4175297608e+00,2.5000000000e-33,3.0
16.2300,1.0762998122e-02,6.9017055392e-01,1.1840493243e-04,9.0899913551e+01,1.4175562740e+00,2.5000000000e-33,3.0
16.2400,1.0749947969e-02,6.9017628572e-01,1.1811478808e-04,9.1012718586e+01,1.4175827387e+00,2.5000000000e-33,3.0
16.2500,1.0736921411e-02,6.9018200691e-01,1.1782553118e-04,9.1125593099e+01,1.4176091551e+00,2.5000000000e-33,3.0
16.2600,1.0723918393e-02,6.9018771752e-01,1.1753715847e-04,9.1238537092e+01,1.4176355232e+00,2.5000000000e-33,3.0
16.2700,1.0710938857e-02,6.9019341757e-01,1.1724966672e-04,9.1351550563e+01,1.4176618433e+00,2.5000000000e-33,3.0
16.2800,1.0697982749e-02,6.9019910710e-01,1.1696305269e-04,9.1464633513e+01,1.4176881155e+00,2.5000000000e-33,3.0
16.2900,1.0685050011e-02,6.9020478612e-01,1.1667731318e-04,9.1577785943e+01,1.4177143398e+00,2.5000000000e-33,3.0
16.3000,1.0672140587e-02,6.9021045467e-01,1.1639244499e-04,9.1691007851e+01,1.4177405163e+00,2.5000000000e-33,3.0
16.3100,1.0659254423e-02,6.9021611277e-01,1.1610844494e-04,9.1804299239e+01,1.4177666453e+00,2.5000000000e-33,3.0
16.3200,1.0646391462e-02,6.9022176045e-01,1.1582530985e-04,9.1917660105e+01,1.4177927267e+00,2.5000000000e-33,3.0
16.3300,1.0633551650e-02,6.9022739772e-01,1.1554303657e-04,9.2031090450e+01,1.4178187607e+00,2.5000000000e-33,3.0
16.3400,1.0620734930e-02,6.9023302462e-01,1.1526162196e-04,9.2144590275e+01,1.4178447475e+00,2.5000000000e-33,3.0
16.3500,1.0607941248e-02,6.9023864118e-01,1.1498106288e-04,9.2258159578e+01,1.4178706871e+00,2.5000000000e-33,3.0
16.3600,1.0595170549e-02,6.9024424741e-01,1.1470135623e-04,9.2371798361e+01,1.4178965797e+00,2.5000000000e-33,3.0
16.3700,1.0582422778e-02,6.9024984334e-01,1.1442249889e-04,9.2485506622e+01,1.4179224253e+00,2.5000000000e-33,3.0
16.3800,1.0569697881e-02,6.9025542900e-01,1.1414448777e-04,9.2599284363e+01,1.4179482241e+00,2.5000000000e-33,3.0
16.3900,1.0556995804e-02,6.9026100442e-01,1.1386731980e-04,9.2713131582e+01,1.4179739762e+00,2.5000000000e-33,3.0
16.4000,1.0544316491e-02,6.9026656961e-01,1.1359099192e-04,9.2827048281e+01,1.4179996817e+00,2.5000000000e-33,3.0
16.4100,1.0531659890e-02,6.9027212460e-01,1.1331550107e-04,9.2941034459e+01,1.4180253408e+00,2.5000000000e-33,3.0
16.4200,1.0519025945e-02,6.9027766943e-01,1.1304084422e-04,9.3055090115e+01,1.4180509534e+00,2.5000000000e-33,3.0
16.4300,1.0506414604e-02,6.9028320410e-01,1.1276701833e-04,9.3169215251e+01,1.4180765198e+00,2.5000000000e-33,3.0
16.4400,1.0493825813e-02,6.9028872865e-01,1.1249402040e-04,9.3283409866e+01,1.4181020401e+00,2.5000000000e-33,3.0
16.4500,1.0481259518e-02,6.9029424311e-01,1.1222184743e-04,9.3397673960e+01,1.4181275143e+00,2.5000000000e-33,3.0
16.4600,1.0468715665e-02,6.9029974749e-01,1.1195049643e-04,9.3512007533e+01,1.4181529426e+00,2.5000000000e-33,3.0
16.4700,1.0456194203e-02,6.9030524182e-01,1.1167996442e-04,9.3626410586e+01,1.4181783251e+00,2.5000000000e-33,3.0
16.4800,1.0443695078e-02,6.9031072613e-01,1.1141024845e-04,9.3740883117e+01,1.4182036618e+00,2.5000000000e-33,3.0
16.4900,1.0431218236e-02,6.9031620044e-01,1.1114134556e-04,9.3855425127e+01,1.4182289530e+00,2.5000000000e-33,3.0
16.5000,1.0418763627e-02,6.9032166477e-01,1.1087325281e-04,9.3970036617e+01,1.4182541987e+00,2.5000000000e-33,3.0
16.5100,1.0406331196e-02,6.9032711915e-01,1.1060596729e-04,9.4084717586e+01,1.4182793990e+00,2.5000000000e-33,3.0
16.5200,1.0393920891e-02,6.9033256361e-01,1.1033948607e-04,9.4199468034e+01,1.4183045540e+00,2.5000000000e-33,3.0
16.5300,1.0381532661e-02,6.9033799816e-01,1.1007380627e-04,9.4314287961e+01,1.4183296638e+00,2.5000000000e-33,3.0
16.5400,1.0369166453e-02,6.9034342283e-01,1.0980892498e-04,9.4429177367e+01,1.4183547287e+00,2.5000000000e-33,3.0
16.5500,1.0356822216e-02,6.9034883765e-01,1.0954483934e-04,9.4544136252e+01,1.4183797485e+00,2.5000000000e-33,3.0
16.5600,1.0344499897e-02,6.9035424263e-01,1.0928154648e-04,9.4659164616e+01,1.4184047235e+00,2.5000000000e-33,3.0
16.5700,1.0332199446e-02,6.9035963781e-01,1.0901904354e-04,9.4774262460e+01,1.4184296538e+00,2.5000000000e-33,3.0
16.5800,1.0319920810e-02,6.9036502321e-01,1.0875732770e-04,9.4889429783e+01,1.4184545395e+00,2.5000000000e-33,3.0
16.5900,1.0307663938e-02,6.9037039884e-01,1.0849639611e-04,9.5004666585e+01,1.4184793806e+00,2.5000000000e-33,3.0
16.6000,1.0295428780e-02,6.9037576474e-01,1.0823624597e-04,9.5119972866e+01,1.4185041773e+00,2.5000000000e-33,3.0
16.6100,1.0283215284e-02,6.9038112092e-01,1.0797687447e-04,9.5235348626e+01,1.4185289297e+00,2.5000000000e-33,3.0
16.6200,1.0271023399e-02,6.9038646742e-01,1.0771827882e-04,9.5350793865e+01,1.4185536379e+00,2.5000000000e-33,3.0
16.6300,1.0258853075e-02,6.9039180425e-01,1.0746045623e-04,9.5466308584e+01,1.4185783020e+00,2.5000000000e-33,3.0
16.6400,1.0246704261e-02,6.9039713143e-01,1.0720340394e-04,9.5581892782e+01,1.4186029221e+00,2.5000000000e-33,3.0
16.6500,1.0234576907e-02,6.9040244900e-01,1.0694711919e-04,9.5697546459e+01,1.4186274983e+00,2.5000000000e-33,3.0
16.6600,1.0222470963e-02,6.9040775697e-01,1.0669159923e-04,9.5813269615e+01,1.4186520308e+00,2.5000000000e-33,3.0
16.6700,1.0210386377e-02,6.9041305537e-01,1.0643684133e-04,9.5929062251e+01,1.4186765195e+00,2.5000000000e-33,3.0
16.6800,1.0198323102e-02,6.9041834421e-01,1.0618284276e-04,9.6044924365e+01,1.4187009647e+00,2.5000000000e-33,3.0
16.6900,1.0186281086e-02,6.9042362353e-01,1.0592960081e-04,9.6160855959e+01,1.4187253663e+00,2.5000000000e-33,3.0
16.7000,1.0174260279e-02,6.9042889334e-01,1.0567711279e-04,9.6276857032e+01,1.4187497247e+00,2.5000000000e-33,3.0
16.7100,1.0162260634e-02,6.9043415368e-01,1.0542537599e-04,9.6392927585e+01,1.4187740397e+00,2.5000000000e-33,3.0
16.7200,1.0150282099e-02,6.9043940455e-01,1.0517438775e-04,9.6509067616e+01,1.4187983116e+00,2.5000000000e-33,3.0
16.7300,1.0138324626e-02,6.9044464599e-01,1.0492414539e-04,9.6625277127e+01,1.4188225404e+00,2.5000000000e-33,3.0
16.7400,1.0126388166e-02,6.9044987801e-01,1.0467464627e-04,9.6741556118e+01,1.4188467262e+00,2.5000000000e-33,3.0
16.7500,1.0114472670e-02,6.9045510064e-01,1.0442588772e-04,9.6857904587e+01,1.4188708692e+00,2.5000000000e-33,3.0
16.7600,1.0102578088e-02,6.9046031391e-01,1.0417786713e-04,9.6974322536e+01,1.4188949694e+00,2.5000000000e-33,3.0
16.7700,1.0090704373e-02,6.9046551782e-01,1.0393058186e-04,9.7090809964e+01,1.4189190269e+00,2.5000000000e-33,3.0
16.7800,1.0078851476e-02,6.9047071241e-01,1.0368402931e-04,9.7207366871e+01,1.4189430419e+00,2.5000000000e-33,3.0
16.7900,1.0067019348e-02,6.9047589771e-01,1.0343820687e-04,9.7323993257e+01,1.4189670144e+00,2.5000000000e-33,3.0
16.8000,1.0055207941e-02,6.9048107372e-01,1.0319311194e-04,9.7440689123e+01,1.4189909446e+00,2.5000000000e-33,3.0
16.8100,1.0043417207e-02,6.9048624047e-01,1.0294874196e-04,9.7557454468e+01,1.4190148325e+00,2.5000000000e-33,3.0
16.8200,1.0031647098e-02,6.9049139799e-01,1.0270509435e-04,9.7674289293e+01,1.4190386782e+00,2.5000000000e-33,3.0
16.8300,1.0019897566e-02,6.9049654630e-01,1.0246216656e-04,9.7791193596e+01,1.4190624819e+00,2.5000000000e-33,3.0
16.8400,1.0008168564e-02,6.9050168541e-01,1.0221995602e-04,9.7908167379e+01,1.4190862436e+00,2.5000000000e-33,3.0
16.8500,9.9964600437e-03,6.9050681536e-01,1.0197846022e-04,9.8025210642e+01,1.4191099634e+00,2.5000000000e-33,3.0
16.8600,9.9847719580e-03,6.9051193615e-01,1.0173767661e-04,9.8142323383e+01,1.4191336414e+00,2.5000000000e-33,3.0
16.8700,9.9731042595e-03,6.9051704783e-01,1.0149760268e-04,9.8259505604e+01,1.4191572778e+00,2.5000000000e-33,3.0
16.8800,9.9614569011e-03,6.9052215039e-01,1.0125823593e-04,9.8376757304e+01,1.4191808726e+00,2.5000000000e-33,3.0
16.8900,9.9498298358e-03,6.9052724388e-01,1.0101957386e-04,9.8494078484e+01,1.4192044260e+00,2.5000000000e-33,3.0
16.9000,9.9382230168e-03,6.9053232830e-01,1.0078161398e-04,9.8611469143e+01,1.4192279379e+00,2.5000000000e-33,3.0
16.9100,9.9266363971e-03,6.9053740368e-01,1.0054435381e-04,9.8728929281e+01,1.4192514086e+00,2.5000000000e-33,3.0
16.9200,9.9150699303e-03,6.9054247005e-01,1.0030779090e-04,9.8846458899e+01,1.4192748381e+00,2.5000000000e-33,3.0
16.9300,9.9035235699e-03,6.9054752742e-01,1.0007192278e-04,9.8964057996e+01,1.4192982264e+00,2.5000000000e-33,3.0
16.9400,9.8919972695e-03,6.9055257581e-01,9.9836747014e-05,9.9081726572e+01,1.4193215738e+00,2.5000000000e-33,3.0
16.9500,9.8804909830e-03,6.9055761525e-01,9.9602261162e-05,9.9199464628e+01,1.4193448803e+00,2.5000000000e-33,3.0
16.9600,9.8690046642e-03,6.9056264576e-01,9.9368462798e-05,9.9317272163e+01,1.4193681460e+00,2.5000000000e-33,3.0
16.9700,9.8575382671e-03,6.9056766735e-01,9.9135349508e-05,9.9435149178e+01,1.4193913710e+00,2.5000000000e-33,3.0
16.9800,9.8460917461e-03,6.9057268006e-01,9.8902918886e-05,9.9553095672e+01,1.4194145553e+00,2.5000000000e-33,3.0
16.9900,9.8346650554e-03,6.9057768389e-01,9.8671168537e-05,9.9671111645e+01,1.4194376992e+00,2.5000000000e-33,3.0
17.0000,9.8232581494e-03,6.9058267887e-01,9.8440096073e-05,9.9789197097e+01,1.4194608026e+00,2.5000000000e-33,3.0
17.0100,9.8118709827e-03,6.9058766503e-01,9.8209699120e-05,9.9907352029e+01,1.4194838657e+00,2.5000000000e-33,3.0
17.0200,9.8005035101e-03,6.9059264238e-01,9.7979975310e-05,1.0002557644e+02,1.4195068885e+00,2.5000000000e-33,3.0
17.0300,9.7891556863e-03,6.9059761094e-01,9.7750922287e-05,1.0014387033e+02,1.4195298712e+00,2.5000000000e-33,3.0
17.0400,9.7778274663e-03,6.9060257074e-01,9.7522537703e-05,1.0026223370e+02,1.4195528138e+00,2.5000000000e-33,3.0
17.0500,9.7665188053e-03,6.9060752179e-01,9.7294819220e-05,1.0038066655e+02,1.4195757165e+00,2.5000000000e-33,3.0
17.0600,9.7552296585e-03,6.9061246412e-01,9.7067764511e-05,1.0049916888e+02,1.4195985793e+00,2.5000000000e-33,3.0
17.0700,9.7439599811e-03,6.9061739774e-01,9.6841371257e-05,1.0061774069e+02,1.4196214023e+00,2.5000000000e-33,3.0
17.0800,9.7327097287e-03,6.9062232268e-01,9.6615637148e-05,1.0073638198e+02,1.4196441857e+00,2.5000000000e-33,3.0
17.0900,9.7214788569e-03,6.9062723895e-01,9.6390559884e-05,1.0085509274e+02,1.4196669295e+00,2.5000000000e-33,3.0
17.1000,9.7102673213e-03,6.9063214659e-01,9.6166137176e-05,1.0097387299e+02,1.4196896337e+00,2.5000000000e-33,3.0
17.1100,9.6990750780e-03,6.9063704560e-01,9.5942366742e-05,1.0109272272e+02,1.4197122986e+00,2.5000000000e-33,3.0
17.1200,9.6879020827e-03,6.9064193600e-01,9.5719246310e-05,1.0121164192e+02,1.4197349241e+00,2.5000000000e-33,3.0
17.1300,9.6767482917e-03,6.9064681783e-01,9.5496773617e-05,1.0133063061e+02,1.4197575104e+00,2.5000000000e-33,3.0
17.1400,9.6656136612e-03,6.9065169109e-01,9.5274946410e-05,1.0144968877e+02,1.4197800576e+00,2.5000000000e-33,3.0
17.1500,9.6544981474e-03,6.9065655581e-01,9.5053762444e-05,1.0156881642e+02,1.4198025657e+00,2.5000000000e-33,3.0
17.1600,9.6434017070e-03,6.9066141200e-01,9.4833219483e-05,1.0168801354e+02,1.4198250348e+00,2.5000000000e-33,3.0
17.1700,9.6323242965e-03,6.9066625970e-01,9.4613315303e-05,1.0180728014e+02,1.4198474651e+00,2.5000000000e-33,3.0
17.1800,9.6212658725e-03,6.9067109891e-01,9.4394047685e-05,1.0192661623e+02,1.4198698567e+00,2.5000000000e-33,3.0
17.1900,9.6102263921e-03,6.9067592966e-01,9.4175414422e-05,1.0204602179e+02,1.4198922095e+00,2.5000000000e-33,3.0
17.2000,9.5992058120e-03,6.9068075196e-01,9.3957413313e-05,1.0216549683e+02,1.4199145237e+00,2.5000000000e-33,3.0
17.2100,9.5882040895e-03,6.9068556585e-01,9.3740042168e-05,1.0228504135e+02,1.4199367994e+00,2.5000000000e-33,3.0
17.2200,9.5772211816e-03,6.9069037133e-01,9.3523298806e-05,1.0240465535e+02,1.4199590367e+00,2.5000000000e-33,3.0
17.2300,9.5662570459e-03,6.9069516842e-01,9.3307181054e-05,1.0252433883e+02,1.4199812357e+00,2.5000000000e-33,3.0
17.2400,9.5553116396e-03,6.9069995715e-01,9.3091686748e-05,1.0264409179e+02,1.4200033964e+00,2.5000000000e-33,3.0
17.2500,9.5443849204e-03,6.9070473753e-01,9.2876813732e-05,1.0276391423e+02,1.4200255189e+00,2.5000000000e-33,3.0
17.2600,9.5334768459e-03,6.9070950959e-01,9.2662559860e-05,1.0288380615e+02,1.4200476034e+00,2.5000000000e-33,3.0
17.2700,9.5225873741e-03,6.9071427334e-01,9.2448922994e-05,1.0300376755e+02,1.4200696499e+00,2.5000000000e-33,3.0
17.2800,9.5117164627e-03,6.9071902880e-01,9.2235901004e-05,1.0312379843e+02,1.4200916585e+00,2.5000000000e-33,3.0
17.2900,9.5008640698e-03,6.9072377600e-01,9.2023491769e-05,1.0324389878e+02,1.4201136293e+00,2.5000000000e-33,3.0
17.3000,9.4900301536e-03,6.9072851495e-01,9.1811693178e-05,1.0336406862e+02,1.4201355623e+00,2.5000000000e-33,3.0
17.3100,9.4792146725e-03,6.9073324566e-01,9.1600503125e-05,1.0348430794e+02,1.4201574578e+00,2.5000000000e-33,3.0
17.3200,9.4684175847e-03,6.9073796817e-01,9.1389919517e-05,1.0360461673e+02,1.4201793156e+00,2.5000000000e-33,3.0
17.3300,9.4576388488e-03,6.9074268248e-01,9.1179940266e-05,1.0372499501e+02,1.4202011360e+00,2.5000000000e-33,3.0
17.3400,9.4468784234e-03,6.9074738862e-01,9.0970563292e-05,1.0384544276e+02,1.4202229190e+00,2.5000000000e-33,3.0
17.3500,9.4361362673e-03,6.9075208661e-01,9.0761786527e-05,1.0396596000e+02,1.4202446648e+00,2.5000000000e-33,3.0
17.3600,9.4254123393e-03,6.9075677646e-01,9.0553607908e-05,1.0408654671e+02,1.4202663733e+00,2.5000000000e-33,3.0
17.3700,9.4147065984e-03,6.9076145820e-01,9.0346025381e-05,1.0420720290e+02,1.4202880446e+00,2.5000000000e-33,3.0
17.3800,9.4040190037e-03,6.9076613184e-01,9.0139036900e-05,1.0432792858e+02,1.4203096790e+00,2.5000000000e-33,3.0
17.3900,9.3933495144e-03,6.9077079740e-01,8.9932640429e-05,1.0444872373e+02,1.4203312763e+00,2.5000000000e-33,3.0
17.4000,9.3826980899e-03,6.9077545490e-01,8.9726833938e-05,1.0456958836e+02,1.4203528368e+00,2.5000000000e-33,3.0
17.4100,9.3720646895e-03,6.9078010435e-01,8.9521615405e-05,1.0469052247e+02,1.4203743606e+00,2.5000000000e-33,3.0
17.4200,9.3614492728e-03,6.9078474579e-01,8.9316982819e-05,1.0481152607e+02,1.4203958476e+00,2.5000000000e-33,3.0
17.4300,9.3508517995e-03,6.9078937922e-01,8.9112934173e-05,1.0493259914e+02,1.4204172979e+00,2.5000000000e-33,3.0
17.4400,9.3402722294e-03,6.9079400466e-01,8.8909467472e-05,1.0505374169e+02,1.4204387118e+00,2.5000000000e-33,3.0
17.4500,9.3297105222e-03,6.9079862213e-01,8.8706580725e-05,1.0517495372e+02,1.4204600891e+00,2.5000000000e-33,3.0
17.4600,9.3191666381e-03,6.9080323166e-01,8.8504271952e-05,1.0529623523e+02,1.4204814301e+00,2.5000000000e-33,3.0
17.4700,9.3086405371e-03,6.9080783325e-01,8.8302539179e-05,1.0541758622e+02,1.4205027348e+00,2.5000000000e-33,3.0
17.4800,9.2981321794e-03,6.9081242693e-01,8.8101380441e-05,1.0553900669e+02,1.4205240033e+00,2.5000000000e-33,3.0
17.4900,9.2876415255e-03,6.9081701271e-01,8.7900793780e-05,1.0566049664e+02,1.4205452357e+00,2.5000000000e-33,3.0
17.5000,9.2771685356e-03,6.9082159062e-01,8.7700777247e-05,1.0578205606e+02,1.4205664320e+00,2.5000000000e-33,3.0
17.5100,9.2667131704e-03,6.9082616067e-01,8.7501328900e-05,1.0590368497e+02,1.4205875924e+00,2.5000000000e-33,3.0
17.5200,9.2562753906e-03,6.9083072288e-01,8.7302446803e-05,1.0602538336e+02,1.4206087168e+00,2.5000000000e-33,3.0
17.5300,9.2458551568e-03,6.9083527726e-01,8.7104129032e-05,1.0614715123e+02,1.4206298055e+00,2.5000000000e-33,3.0
17.5400,9.2354524300e-03,6.9083982384e-01,8.6906373665e-05,1.0626898857e+02,1.4206508584e+00,2.5000000000e-33,3.0
17.5500,9.2250671712e-03,6.9084436263e-01,8.6709178792e-05,1.0639089540e+02,1.4206718757e+00,2.5000000000e-33,3.0
17.5600,9.2146993414e-03,6.9084889366e-01,8.6512542510e-05,1.0651287171e+02,1.4206928574e+00,2.5000000000e-33,3.0
17.5700,9.2043489019e-03,6.9085341693e-01,8.6316462921e-05,1.0663491749e+02,1.4207138037e+00,2.5000000000e-33,3.0
17.5800,9.1940158139e-03,6.9085793246e-01,8.6120938137e-05,1.0675703276e+02,1.4207347145e+00,2.5000000000e-33,3.0
17.5900,9.1837000389e-03,6.9086244028e-01,8.5925966276e-05,1.0687921750e+02,1.4207555900e+00,2.5000000000e-33,3.0
17.6000,9.1734015384e-03,6.9086694040e-01,8.5731545466e-05,1.0700147173e+02,1.4207764303e+00,2.5000000000e-33,3.0
17.6100,9.1631202741e-03,6.9087143284e-01,8.5537673838e-05,1.0712379543e+02,1.4207972354e+00,2.5000000000e-33,3.0
17.6200,9.1528562076e-03,6.9087591762e-01,8.5344349533e-05,1.0724618862e+02,1.4208180054e+00,2.5000000000e-33,3.0
17.6300,9.1426093008e-03,6.9088039474e-01,8.5151570701e-05,1.0736865128e+02,1.4208387404e+00,2.5000000000e-33,3.0
17.6400,9.1323795156e-03,6.9088486424e-01,8.4959335497e-05,1.0749118343e+02,1.4208594405e+00,2.5000000000e-33,3.0
17.6500,9.1221668142e-03,6.9088932613e-01,8.4767642082e-05,1.0761378505e+02,1.4208801057e+00,2.5000000000e-33,3.0
17.6600,9.1119711586e-03,6.9089378042e-01,8.4576488628e-05,1.0773645615e+02,1.4209007361e+00,2.5000000000e-33,3.0
17.6700,9.1017925111e-03,6.9089822714e-01,8.4385873311e-05,1.0785919674e+02,1.4209213319e+00,2.5000000000e-33,3.0
17.6800,9.0916308341e-03,6.9090266629e-01,8.4195794315e-05,1.0798200680e+02,1.4209418930e+00,2.5000000000e-33,3.0
17.6900,9.0814860901e-03,6.9090709791e-01,8.4006249833e-05,1.0810488634e+02,1.4209624196e+00,2.5000000000e-33,3.0
17.7000,9.0713582415e-03,6.9091152199e-01,8.3817238062e-05,1.0822783536e+02,1.4209829117e+00,2.5000000000e-33,3.0
17.7100,9.0612472512e-03,6.9091593857e-01,8.3628757209e-05,1.0835085386e+02,1.4210033695e+00,2.5000000000e-33,3.0
17.7200,9.0511530818e-03,6.9092034766e-01,8.3440805486e-05,1.0847394185e+02,1.4210237929e+00,2.5000000000e-33,3.0
17.7300,9.0410756963e-03,6.9092474927e-01,8.3253381112e-05,1.0859709931e+02,1.4210441821e+00,2.5000000000e-33,3.0
17.7400,9.0310150575e-03,6.9092914342e-01,8.3066482315e-05,1.0872032625e+02,1.4210645372e+00,2.5000000000e-33,3.0
17.7500,9.0209711287e-03,6.9093353013e-01,8.2880107328e-05,1.0884362267e+02,1.4210848581e+00,2.5000000000e-33,3.0
17.7600,9.0109438730e-03,6.9093790942e-01,8.2694254392e-05,1.0896698857e+02,1.4211051451e+00,2.5000000000e-33,3.0
17.7700,9.0009332536e-03,6.9094228130e-01,8.2508921753e-05,1.0909042395e+02,1.4211253981e+00,2.5000000000e-33,3.0
17.7800,8.9909392340e-03,6.9094664578e-01,8.2324107667e-05,1.0921392881e+02,1.4211456173e+00,2.5000000000e-33,3.0
17.7900,8.9809617776e-03,6.9095100290e-01,8.2139810395e-05,1.0933750315e+02,1.4211658027e+00,2.5000000000e-33,3.0
17.8000,8.9710008481e-03,6.9095535266e-01,8.1956028203e-05,1.0946114697e+02,1.4211859543e+00,2.5000000000e-33,3.0
17.8100,8.9610564090e-03,6.9095969507e-01,8.1772759368e-05,1.0958486027e+02,1.4212060724e+00,2.5000000000e-33,3.0
17.8200,8.9511284242e-03,6.9096403016e-01,8.1590002171e-05,1.0970864305e+02,1.4212261569e+00,2.5000000000e-33,3.0
17.8300,8.9412168576e-03,6.9096835794e-01,8.1407754898e-05,1.0983249530e+02,1.4212462079e+00,2.5000000000e-33,3.0
17.8400,8.9313216732e-03,6.9097267843e-01,8.1226015847e-05,1.0995641704e+02,1.4212662256e+00,2.5000000000e-33,3.0
17.8500,8.9214428349e-03,6.9097699165e-01,8.1044783317e-05,1.1008040826e+02,1.4212862098e+00,2.5000000000e-33,3.0
17.8600,8.9115803071e-03,6.9098129761e-01,8.0864055617e-05,1.1020446896e+02,1.4213061609e+00,2.5000000000e-33,3.0
17.8700,8.9017340540e-03,6.9098559632e-01,8.0683831061e-05,1.1032859914e+02,1.4213260787e+00,2.5000000000e-33,3.0
17.8800,8.8919040398e-03,6.9098988781e-01,8.0504107971e-05,1.1045279879e+02,1.4213459634e+00,2.5000000000e-33,3.0
17.8900,8.8820902293e-03,6.9099417208e-01,8.0324884674e-05,1.1057706793e+02,1.4213658151e+00,2.5000000000e-33,3.0
17.9000,8.8722925868e-03,6.9099844917e-01,8.0146159505e-05,1.1070140655e+02,1.4213856339e+00,2.5000000000e-33,3.0
17.9100,8.8625110770e-03,6.9100271907e-01,7.9967930805e-05,1.1082581465e+02,1.4214054197e+00,2.5000000000e-33,3.0
17.9200,8.8527456647e-03,6.9100698182e-01,7.9790196919e-05,1.1095029222e+02,1.4214251727e+00,2.5000000000e-33,3.0
17.9300,8.8429963148e-03,6.9101123741e-01,7.9612956203e-05,1.1107483928e+02,1.4214448930e+00,2.5000000000e-33,3.0
17.9400,8.8332629922e-03,6.9101548588e-01,7.9436207016e-05,1.1119945582e+02,1.4214645806e+00,2.5000000000e-33,3.0
17.9500,8.8235456619e-03,6.9101972723e-01,7.9259947723e-05,1.1132414183e+02,1.4214842356e+00,2.5000000000e-33,3.0
17.9600,8.8138442891e-03,6.9102396149e-01,7.9084176699e-05,1.1144889733e+02,1.4215038580e+00,2.5000000000e-33,3.0
17.9700,8.8041588391e-03,6.9102818866e-01,7.8908892321e-05,1.1157372230e+02,1.4215234480e+00,2.5000000000e-33,3.0
17.9800,8.7944892771e-03,6.9103240877e-01,7.8734092974e-05,1.1169861676e+02,1.4215430056e+00,2.5000000000e-33,3.0
17.9900,8.7848355685e-03,6.9103662182e-01,7.8559777051e-05,1.1182358069e+02,1.4215625309e+00,2.5000000000e-33,3.0
18.0000,8.7751976789e-03,6.9104082784e-01,7.8385942949e-05,1.1194861411e+02,1.4215820240e+00,2.5000000000e-33,3.0
18.0100,8.7655755739e-03,6.9104502684e-01,7.8212589072e-05,1.1207371701e+02,1.4216014849e+00,2.5000000000e-33,3.0
18.0200,8.7559692192e-03,6.9104921884e-01,7.8039713829e-05,1.1219888938e+02,1.4216209136e+00,2.5000000000e-33,3.0
18.0300,8.7463785806e-03,6.9105340385e-01,7.7867315637e-05,1.1232413124e+02,1.4216403104e+00,2.5000000000e-33,3.0
18.0400,8.7368036240e-03,6.9105758188e-01,7.7695392918e-05,1.1244944257e+02,1.4216596751e+00,2.5000000000e-33,3.0
18.0500,8.7272443152e-03,6.9106175296e-01,7.7523944101e-05,1.1257482338e+02,1.4216790080e+00,2.5000000000e-33,3.0
18.0600,8.7177006206e-03,6.9106591710e-01,7.7352967619e-05,1.1270027368e+02,1.4216983091e+00,2.5000000000e-33,3.0
18.0700,8.7081725060e-03,6.9107007431e-01,7.7182461913e-05,1.1282579345e+02,1.4217175784e+00,2.5000000000e-33,3.0
18.0800,8.6986599380e-03,6.9107422461e-01,7.7012425430e-05,1.1295138271e+02,1.4217368160e+00,2.5000000000e-33,3.0
18.0900,8.6891628827e-03,6.9107836801e-01,7.6842856621e-05,1.1307704144e+02,1.4217560220e+00,2.5000000000e-33,3.0
18.1000,8.6796813066e-03,6.9108250454e-01,7.6673753946e-05,1.1320276966e+02,1.4217751964e+00,2.5000000000e-33,3.0
18.1100,8.6702151762e-03,6.9108663420e-01,7.6505115868e-05,1.1332856735e+02,1.4217943394e+00,2.5000000000e-33,3.0
18.1200,8.6607644582e-03,6.9109075701e-01,7.6336940857e-05,1.1345443452e+02,1.4218134510e+00,2.5000000000e-33,3.0
18.1300,8.6513291192e-03,6.9109487298e-01,7.6169227390e-05,1.1358037118e+02,1.4218325312e+00,2.5000000000e-33,3.0
18.1400,8.6419091261e-03,6.9109898213e-01,7.6001973948e-05,1.1370637731e+02,1.4218515801e+00,2.5000000000e-33,3.0
18.1500,8.6325044457e-03,6.9110308448e-01,7.5835179019e-05,1.1383245292e+02,1.4218705979e+00,2.5000000000e-33,3.0
18.1600,8.6231150450e-03,6.9110718004e-01,7.5668841097e-05,1.1395859802e+02,1.4218895845e+00,2.5000000000e-33,3.0
18.1700,8.6137408911e-03,6.9111126883e-01,7.5502958680e-05,1.1408481259e+02,1.4219085400e+00,2.5000000000e-33,3.0
18.1800,8.6043819510e-03,6.9111535085e-01,7.5337530274e-05,1.1421109664e+02,1.4219274646e+00,2.5000000000e-33,3.0
18.1900,8.5950381922e-03,6.9111942613e-01,7.5172554390e-05,1.1433745018e+02,1.4219463582e+00,2.5000000000e-33,3.0
18.2000,8.5857095818e-03,6.9112349468e-01,7.5008029543e-05,1.1446387319e+02,1.4219652209e+00,2.5000000000e-33,3.0
18.2100,8.5763960872e-03,6.9112755652e-01,7.4843954256e-05,1.1459036568e+02,1.4219840529e+00,2.5000000000e-33,3.0
18.2200,8.5670976761e-03,6.9113161165e-01,7.4680327056e-05,1.1471692765e+02,1.4220028541e+00,2.5000000000e-33,3.0
18.2300,8.5578143159e-03,6.9113566010e-01,7.4517146477e-05,1.1484355911e+02,1.4220216246e+00,2.5000000000e-33,3.0
18.2400,8.5485459744e-03,6.9113970188e-01,7.4354411057e-05,1.1497026004e+02,1.4220403646e+00,2.5000000000e-33,3.0
18.2500,8.5392926193e-03,6.9114373700e-01,7.4192119342e-05,1.1509703045e+02,1.4220590740e+00,2.5000000000e-33,3.0
18.2600,8.5300542184e-03,6.9114776548e-01,7.4030269881e-05,1.1522387034e+02,1.4220777530e+00,2.5000000000e-33,3.0
18.2700,8.5208307397e-03,6.9115178733e-01,7.3868861230e-05,1.1535077972e+02,1.4220964015e+00,2.5000000000e-33,3.0
18.2800,8.5116221511e-03,6.9115580258e-01,7.3707891949e-05,1.1547775857e+02,1.4221150197e+00,2.5000000000e-33,3.0
18.2900,8.5024284209e-03,6.9115981122e-01,7.3547360605e-05,1.1560480690e+02,1.4221336077e+00,2.5000000000e-33,3.0
18.3000,8.4932495172e-03,6.9116381328e-01,7.3387265771e-05,1.1573192471e+02,1.4221521654e+00,2.5000000000e-33,3.0
18.3100,8.4840854082e-03,6.9116780877e-01,7.3227606023e-05,1.1585911201e+02,1.4221706930e+00,2.5000000000e-33,3.0
18.3200,8.4749360623e-03,6.9117179770e-01,7.3068379945e-05,1.1598636878e+02,1.4221891905e+00,2.5000000000e-33,3.0
18.3300,8.4658014480e-03,6.9117578010e-01,7.2909586124e-05,1.1611369503e+02,1.4222076581e+00,2.5000000000e-33,3.0
18.3400,8.4566815337e-03,6.9117975596e-01,7.2751223154e-05,1.1624109076e+02,1.4222260956e+00,2.5000000000e-33,3.0
18.3500,8.4475762881e-03,6.9118372532e-01,7.2593289634e-05,1.1636855597e+02,1.4222445033e+00,2.5000000000e-33,3.0
18.3600,8.4384856799e-03,6.9118768818e-01,7.2435784168e-05,1.1649609067e+02,1.4222628812e+00,2.5000000000e-33,3.0
18.3700,8.4294096779e-03,6.9119164455e-01,7.2278705365e-05,1.1662369484e+02,1.4222812294e+00,2.5000000000e-33,3.0
18.3800,8.4203482508e-03,6.9119559446e-01,7.2122051841e-05,1.1675136849e+02,1.4222995478e+00,2.5000000000e-33,3.0
18.3900,8.4113013677e-03,6.9119953791e-01,7.1965822215e-05,1.1687911162e+02,1.4223178366e+00,2.5000000000e-33,3.0
18.4000,8.4022689975e-03,6.9120347492e-01,7.1810015113e-05,1.1700692423e+02,1.4223360959e+00,2.5000000000e-33,3.0
18.4100,8.3932511094e-03,6.9120740550e-01,7.1654629164e-05,1.1713480633e+02,1.4223543257e+00,2.5000000000e-33,3.0
18.4200,8.3842476726e-03,6.9121132967e-01,7.1499663004e-05,1.1726275790e+02,1.4223725260e+00,2.5000000000e-33,3.0
18.4300,8.3752586563e-03,6.9121524744e-01,7.1345115274e-05,1.1739077895e+02,1.4223906970e+00,2.5000000000e-33,3.0
18.4400,8.3662840299e-03,6.9121915882e-01,7.1190984620e-05,1.1751886948e+02,1.4224088387e+00,2.5000000000e-33,3.0
18.4500,8.3573237628e-03,6.9122306384e-01,7.1037269693e-05,1.1764702949e+02,1.4224269511e+00,2.5000000000e-33,3.0
18.4600,8.3483778244e-03,6.9122696249e-01,7.0883969149e-05,1.1777525899e+02,1.4224450343e+00,2.5000000000e-33,3.0
18.4700,8.3394461845e-03,6.9123085480e-01,7.0731081648e-05,1.1790355796e+02,1.4224630884e+00,2.5000000000e-33,3.0
18.4800,8.3305288127e-03,6.9123474078e-01,7.0578605858e-05,1.1803192641e+02,1.4224811135e+00,2.5000000000e-33,3.0
18.4900,8.3216256787e-03,6.9123862045e-01,7.0426540448e-05,1.1816036434e+02,1.4224991096e+00,2.5000000000e-33,3.0
18.5000,8.3127367523e-03,6.9124249381e-01,7.0274884096e-05,1.1828887175e+02,1.4225170767e+00,2.5000000000e-33,3.0
18.5100,8.3038620035e-03,6.9124636088e-01,7.0123635482e-05,1.1841744864e+02,1.4225350150e+00,2.5000000000e-33,3.0
18.5200,8.2950014023e-03,6.9125022168e-01,6.9972793293e-05,1.1854609502e+02,1.4225529245e+00,2.5000000000e-33,3.0
18.5300,8.2861549187e-03,6.9125407621e-01,6.9822356219e-05,1.1867481087e+02,1.4225708052e+00,2.5000000000e-33,3.0
18.5400,8.2773225229e-03,6.9125792450e-01,6.9672322956e-05,1.1880359620e+02,1.4225886573e+00,2.5000000000e-33,3.0
18.5500,8.2685041850e-03,6.9126176655e-01,6.9522692206e-05,1.1893245101e+02,1.4226064807e+00,2.5000000000e-33,3.0
18.5600,8.2596998755e-03,6.9126560239e-01,6.9373462673e-05,1.1906137531e+02,1.4226242755e+00,2.5000000000e-33,3.0
18.5700,8.2509095647e-03,6.9126943201e-01,6.9224633069e-05,1.1919036908e+02,1.4226420419e+00,2.5000000000e-33,3.0
18.5800,8.2421332230e-03,6.9127325544e-01,6.9076202108e-05,1.1931943233e+02,1.4226597798e+00,2.5000000000e-33,3.0
18.5900,8.2333708210e-03,6.9127707269e-01,6.8928168511e-05,1.1944856506e+02,1.4226774893e+00,2.5000000000e-33,3.0
18.6000,8.2246223293e-03,6.9128088377e-01,6.8780531004e-05,1.1957776727e+02,1.4226951705e+00,2.5000000000e-33,3.0
18.6100,8.2158877186e-03,6.9128468869e-01,6.8633288314e-05,1.1970703897e+02,1.4227128235e+00,2.5000000000e-33,3.0
18.6200,8.2071669597e-03,6.9128848748e-01,6.8486439178e-05,1.1983638014e+02,1.4227304482e+00,2.5000000000e-33,3.0
18.6300,8.1984600234e-03,6.9129228013e-01,6.8339982334e-05,1.1996579079e+02,1.4227480448e+00,2.5000000000e-33,3.0
18.6400,8.1897668806e-03,6.9129606667e-01,6.8193916526e-05,1.2009527092e+02,1.4227656134e+00,2.5000000000e-33,3.0
18.6500,8.1810875023e-03,6.9129984711e-01,6.8048240503e-05,1.2022482054e+02,1.4227831539e+00,2.5000000000e-33,3.0
18.6600,8.1724218596e-03,6.9130362146e-01,6.7902953018e-05,1.2035443963e+02,1.4228006664e+00,2.5000000000e-33,3.0
18.6700,8.1637699237e-03,6.9130738974e-01,6.7758052829e-05,1.2048412820e+02,1.4228181511e+00,2.5000000000e-33,3.0
18.6800,8.1551316658e-03,6.9131115195e-01,6.7613538698e-05,1.2061388625e+02,1.4228356079e+00,2.5000000000e-33,3.0
18.6900,8.1465070572e-03,6.9131490811e-01,6.7469409393e-05,1.2074371379e+02,1.4228530369e+00,2.5000000000e-33,3.0
18.7000,8.1378960692e-03,6.9131865824e-01,6.7325663685e-05,1.2087361080e+02,1.4228704382e+00,2.5000000000e-33,3.0
18.7100,8.1292986733e-03,6.9132240234e-01,6.7182300351e-05,1.2100357729e+02,1.4228878118e+00,2.5000000000e-33,3.0
18.7200,8.1207148410e-03,6.9132614044e-01,6.7039318172e-05,1.2113361327e+02,1.4229051579e+00,2.5000000000e-33,3.0
18.7300,8.1121445440e-03,6.9132987253e-01,6.6896715932e-05,1.2126371872e+02,1.4229224763e+00,2.5000000000e-33,3.0
18.7400,8.1035877539e-03,6.9133359864e-01,6.6754492421e-05,1.2139389365e+02,1.4229397673e+00,2.5000000000e-33,3.0
18.7500,8.0950444424e-03,6.9133731878e-01,6.6612646435e-05,1.2152413807e+02,1.4229570309e+00,2.5000000000e-33,3.0
18.7600,8.0865145814e-03,6.9134103296e-01,6.6471176772e-05,1.2165445196e+02,1.4229742671e+00,2.5000000000e-33,3.0
18.7700,8.0779981427e-03,6.9134474119e-01,6.6330082235e-05,1.2178483533e+02,1.4229914759e+00,2.5000000000e-33,3.0
18.7800,8.0694950984e-03,6.9134844348e-01,6.6189361633e-05,1.2191528819e+02,1.4230086575e+00,2.5000000000e-33,3.0
18.7900,8.0610054204e-03,6.9135213986e-01,6.6049013776e-05,1.2204581052e+02,1.4230258119e+00,2.5000000000e-33,3.0
18.8000,8.0525290809e-03,6.9135583033e-01,6.5909037482e-05,1.2217640234e+02,1.4230429392e+00,2.5000000000e-33,3.0
18.8100,8.0440660520e-03,6.9135951490e-01,6.5769431571e-05,1.2230706363e+02,1.4230600393e+00,2.5000000000e-33,3.0
18.8200,8.0356163061e-03,6.9136319358e-01,6.5630194870e-05,1.2243779440e+02,1.4230771125e+00,2.5000000000e-33,3.0
18.8300,8.0271798154e-03,6.9136686640e-01,6.5491326207e-05,1.2256859466e+02,1.4230941586e+00,2.5000000000e-33,3.0
18.8400,8.0187565524e-03,6.9137053336e-01,6.5352824416e-05,1.2269946439e+02,1.4231111779e+00,2.5000000000e-33,3.0
18.8500,8.0103464895e-03,6.9137419447e-01,6.5214688337e-05,1.2283040361e+02,1.4231281703e+00,2.5000000000e-33,3.0
18.8600,8.0019495992e-03,6.9137784974e-01,6.5076916810e-05,1.2296141230e+02,1.4231451358e+00,2.5000000000e-33,3.0
18.8700,7.9935658542e-03,6.9138149920e-01,6.4939508684e-05,1.2309249048e+02,1.4231620747e+00,2.5000000000e-33,3.0
18.8800,7.9851952272e-03,6.9138514285e-01,6.4802462809e-05,1.2322363813e+02,1.4231789868e+00,2.5000000000e-33,3.0
18.8900,7.9768376909e-03,6.9138878070e-01,6.4665778040e-05,1.2335485527e+02,1.4231958723e+00,2.5000000000e-33,3.0
18.9000,7.9684932181e-03,6.9139241276e-01,6.4529453238e-05,1.2348614188e+02,1.4232127312e+00,2.5000000000e-33,3.0
18.9100,7.9601617817e-03,6.9139603906e-01,6.4393487265e-05,1.2361749798e+02,1.4232295636e+00,2.5000000000e-33,3.0
18.9200,7.9518433548e-03,6.9139965959e-01,6.4257878990e-05,1.2374892355e+02,1.4232463695e+00,2.5000000000e-33,3.0
18.9300,7.9435379102e-03,6.9140327438e-01,6.4122627284e-05,1.2388041861e+02,1.4232631490e+00,2.5000000000e-33,3.0
18.9400,7.9352454212e-03,6.9140688343e-01,6.3987731024e-05,1.2401198314e+02,1.4232799022e+00,2.5000000000e-33,3.0
18.9500,7.9269658610e-03,6.9141048676e-01,6.3853189091e-05,1.2414361716e+02,1.4232966290e+00,2.5000000000e-33,3.0
18.9600,7.9186992027e-03,6.9141408437e-01,6.3719000368e-05,1.2427532066e+02,1.4233133296e+00,2.5000000000e-33,3.0
18.9700,7.9104454196e-03,6.9141767629e-01,6.3585163744e-05,1.2440709363e+02,1.4233300040e+00,2.5000000000e-33,3.0
18.9800,7.9022044852e-03,6.9142126252e-01,6.3451678112e-05,1.2453893609e+02,1.4233466523e+00,2.5000000000e-33,3.0
18.9900,7.8939763729e-03,6.9142484308e-01,6.3318542369e-05,1.2467084803e+02,1.4233632745e+00,2.5000000000e-33,3.0
19.0000,7.8857610562e-03,6.9142841797e-01,6.3185755414e-05,1.2480282944e+02,1.4233798706e+00,2.5000000000e-33,3.0
19.0100,7.8775585087e-03,6.9143198721e-01,6.3053316154e-05,1.2493488034e+02,1.4233964408e+00,2.5000000000e-33,3.0
19.0200,7.8693687041e-03,6.9143555081e-01,6.2921223496e-05,1.2506700072e+02,1.4234129851e+00,2.5000000000e-33,3.0
19.0300,7.8611916161e-03,6.9143910879e-01,6.2789476353e-05,1.2519919058e+02,1.4234295035e+00,2.5000000000e-33,3.0
19.0400,7.8530272184e-03,6.9144266114e-01,6.2658073643e-05,1.2533144991e+02,1.4234459960e+00,2.5000000000e-33,3.0
19.0500,7.8448754850e-03,6.9144620790e-01,6.2527014285e-05,1.2546377873e+02,1.4234624628e+00,2.5000000000e-33,3.0
19.0600,7.8367363897e-03,6.9144974906e-01,6.2396297205e-05,1.2559617703e+02,1.4234789039e+00,2.5000000000e-33,3.0
19.0700,7.8286099065e-03,6.9145328464e-01,6.2265921330e-05,1.2572864481e+02,1.4234953194e+00,2.5000000000e-33,3.0
19.0800,7.8204960095e-03,6.9145681466e-01,6.2135885594e-05,1.2586118207e+02,1.4235117092e+00,2.5000000000e-33,3.0
19.0900,7.8123946728e-03,6.9146033911e-01,6.2006188932e-05,1.2599378880e+02,1.4235280735e+00,2.5000000000e-33,3.0
19.1000,7.8043058707e-03,6.9146385802e-01,6.1876830285e-05,1.2612646502e+02,1.4235444123e+00,2.5000000000e-33,3.0
19.1100,7.7962295773e-03,6.9146737140e-01,6.1747808597e-05,1.2625921072e+02,1.4235607257e+00,2.5000000000e-33,3.0
19.1200,7.7881657670e-03,6.9147087926e-01,6.1619122816e-05,1.2639202590e+02,1.4235770137e+00,2.5000000000e-33,3.0
19.1300,7.7801144141e-03,6.9147438161e-01,6.1490771893e-05,1.2652491056e+02,1.4235932763e+00,2.5000000000e-33,3.0
19.1400,7.7720754932e-03,6.9147787845e-01,6.1362754785e-05,1.2665786470e+02,1.4236095137e+00,2.5000000000e-33,3.0
19.1500,7.7640489787e-03,6.9148136981e-01,6.1235070450e-05,1.2679088832e+02,1.4236257258e+00,2.5000000000e-33,3.0
19.1600,7.7560348452e-03,6.9148485570e-01,6.1107717851e-05,1.2692398142e+02,1.4236419127e+00,2.5000000000e-33,3.0
19.1700,7.7480330674e-03,6.9148833612e-01,6.0980695956e-05,1.2705714400e+02,1.4236580746e+00,2.5000000000e-33,3.0
19.1800,7.7400436200e-03,6.9149181108e-01,6.0854003736e-05,1.2719037606e+02,1.4236742113e+00,2.5000000000e-33,3.0
19.1900,7.7320664777e-03,6.9149528061e-01,6.0727640163e-05,1.2732367760e+02,1.4236903230e+00,2.5000000000e-33,3.0
19.2000,7.7241016154e-03,6.9149874470e-01,6.0601604217e-05,1.2745704862e+02,1.4237064097e+00,2.5000000000e-33,3.0
19.2100,7.7161490080e-03,6.9150220338e-01,6.0475894880e-05,1.2759048912e+02,1.4237224716e+00,2.5000000000e-33,3.0
19.2200,7.7082086305e-03,6.9150565665e-01,6.0350511137e-05,1.2772399911e+02,1.4237385085e+00,2.5000000000e-33,3.0
19.2300,7.7002804578e-03,6.9150910452e-01,6.0225451976e-05,1.2785757857e+02,1.4237545207e+00,2.5000000000e-33,3.0
19.2400,7.6923644652e-03,6.9151254700e-01,6.0100716392e-05,1.2799122751e+02,1.4237705080e+00,2.5000000000e-33,3.0
19.2500,7.6844606277e-03,6.9151598412e-01,5.9976303379e-05,1.2812494593e+02,1.4237864707e+00,2.5000000000e-33,3.0
19.2600,7.6765689206e-03,6.9151941587e-01,5.9852211939e-05,1.2825873383e+02,1.4238024087e+00,2.5000000000e-33,3.0
19.2700,7.6686893191e-03,6.9152284227e-01,5.9728441076e-05,1.2839259122e+02,1.4238183220e+00,2.5000000000e-33,3.0
19.2800,7.6608217986e-03,6.9152626333e-01,5.9604989795e-05,1.2852651808e+02,1.4238342108e+00,2.5000000000e-33,3.0
19.2900,7.6529663346e-03,6.9152967905e-01,5.9481857109e-05,1.2866051442e+02,1.4238500751e+00,2.5000000000e-33,3.0
19.3000,7.6451229024e-03,6.9153308947e-01,5.9359042032e-05,1.2879458025e+02,1.4238659150e+00,2.5000000000e-33,3.0
19.3100,7.6372914776e-03,6.9153649457e-01,5.9236543581e-05,1.2892871555e+02,1.4238817304e+00,2.5000000000e-33,3.0
19.3200,7.6294720359e-03,6.9153989438e-01,5.9114360779e-05,1.2906292034e+02,1.4238975214e+00,2.5000000000e-33,3.0
19.3300,7.6216645528e-03,6.9154328890e-01,5.8992492650e-05,1.2919719460e+02,1.4239132882e+00,2.5000000000e-33,3.0
19.3400,7.6138690041e-03,6.9154667815e-01,5.8870938223e-05,1.2933153834e+02,1.4239290306e+00,2.5000000000e-33,3.0
19.3500,7.6060853656e-03,6.9155006213e-01,5.8749696529e-05,1.2946595157e+02,1.4239447489e+00,2.5000000000e-33,3.0
19.3600,7.5983136131e-03,6.9155344086e-01,5.8628766606e-05,1.2960043427e+02,1.4239604430e+00,2.5000000000e-33,3.0
19.3700,7.5905537225e-03,6.9155681435e-01,5.8508147490e-05,1.2973498646e+02,1.4239761130e+00,2.5000000000e-33,3.0
19.3800,7.5828056697e-03,6.9156018261e-01,5.8387838226e-05,1.2986960813e+02,1.4239917589e+00,2.5000000000e-33,3.0
19.3900,7.5750694309e-03,6.9156354565e-01,5.8267837859e-05,1.3000429927e+02,1.4240073808e+00,2.5000000000e-33,3.0
19.4000,7.5673449821e-03,6.9156690349e-01,5.8148145438e-05,1.3013905990e+02,1.4240229787e+00,2.5000000000e-33,3.0
19.4100,7.5596322994e-03,6.9157025612e-01,5.8028760015e-05,1.3027389000e+02,1.4240385527e+00,2.5000000000e-33,3.0
19.4200,7.5519313590e-03,6.9157360356e-01,5.7909680648e-05,1.3040878959e+02,1.4240541029e+00,2.5000000000e-33,3.0
19.4300,7.5442421372e-03,6.9157694583e-01,5.7790906396e-05,1.3054375866e+02,1.4240696292e+00,2.5000000000e-33,3.0
19.4400,7.5365646103e-03,6.9158028293e-01,5.7672436321e-05,1.3067879721e+02,1.4240851318e+00,2.5000000000e-33,3.0
19.4500,7.5288987548e-03,6.9158361488e-01,5.7554269489e-05,1.3081390523e+02,1.4241006106e+00,2.5000000000e-33,3.0
19.4600,7.5212445469e-03,6.9158694168e-01,5.7436404971e-05,1.3094908274e+02,1.4241160657e+00,2.5000000000e-33,3.0
19.4700,7.5136019634e-03,6.9159026335e-01,5.7318841839e-05,1.3108432973e+02,1.4241314973e+00,2.5000000000e-33,3.0
19.4800,7.5059709806e-03,6.9159357989e-01,5.7201579169e-05,1.3121964620e+02,1.4241469052e+00,2.5000000000e-33,3.0
19.4900,7.4983515753e-03,6.9159689132e-01,5.7084616041e-05,1.3135503215e+02,1.4241622896e+00,2.5000000000e-33,3.0
19.5000,7.4907437241e-03,6.9160019765e-01,5.6967951538e-05,1.3149048758e+02,1.4241776505e+00,2.5000000000e-33,3.0
19.5100,7.4831474037e-03,6.9160349888e-01,5.6851584746e-05,1.3162601249e+02,1.4241929880e+00,2.5000000000e-33,3.0
19.5200,7.4755625910e-03,6.9160679503e-01,5.6735514754e-05,1.3176160688e+02,1.4242083021e+00,2.5000000000e-33,3.0
19.5300,7.4679892628e-03,6.9161008612e-01,5.6619740655e-05,1.3189727075e+02,1.4242235929e+00,2.5000000000e-33,3.0
19.5400,7.4604273960e-03,6.9161337214e-01,5.6504261544e-05,1.3203300410e+02,1.4242388604e+00,2.5000000000e-33,3.0
19.5500,7.4528769675e-03,6.9161665311e-01,5.6389076520e-05,1.3216880693e+02,1.4242541046e+00,2.5000000000e-33,3.0
19.5600,7.4453379545e-03,6.9161992903e-01,5.6274184687e-05,1.3230467924e+02,1.4242693256e+00,2.5000000000e-33,3.0
19.5700,7.4378103339e-03,6.9162319993e-01,5.6159585148e-05,1.3244062103e+02,1.4242845235e+00,2.5000000000e-33,3.0
19.5800,7.4302940830e-03,6.9162646581e-01,5.6045277014e-05,1.3257663230e+02,1.4242996982e+00,2.5000000000e-33,3.0
19.5900,7.4227891789e-03,6.9162972668e-01,5.5931259395e-05,1.3271271306e+02,1.4243148499e+00,2.5000000000e-33,3.0
19.6000,7.4152955989e-03,6.9163298256e-01,5.5817531406e-05,1.3284886329e+02,1.4243299786e+00,2.5000000000e-33,3.0
19.6100,7.4078133203e-03,6.9163623344e-01,5.5704092166e-05,1.3298508300e+02,1.4243450844e+00,2.5000000000e-33,3.0
19.6200,7.4003423205e-03,6.9163947934e-01,5.5590940797e-05,1.3312137220e+02,1.4243601672e+00,2.5000000000e-33,3.0
19.6300,7.3928825768e-03,6.9164272028e-01,5.5478076421e-05,1.3325773087e+02,1.4243752271e+00,2.5000000000e-33,3.0
19.6400,7.3854340668e-03,6.9164595625e-01,5.5365498167e-05,1.3339415902e+02,1.4243902642e+00,2.5000000000e-33,3.0
19.6500,7.3779967681e-03,6.9164918728e-01,5.5253205165e-05,1.3353065666e+02,1.4244052785e+00,2.5000000000e-33,3.0
19.6600,7.3705706581e-03,6.9165241337e-01,5.5141196548e-05,1.3366722377e+02,1.4244202701e+00,2.5000000000e-33,3.0
19.6700,7.3631557146e-03,6.9165563453e-01,5.5029471454e-05,1.3380386037e+02,1.4244352390e+00,2.5000000000e-33,3.0
19.6800,7.3557519152e-03,6.9165885077e-01,5.4918029023e-05,1.3394056644e+02,1.4244501853e+00,2.5000000000e-33,3.0
19.6900,7.3483592378e-03,6.9166206211e-01,5.4806868396e-05,1.3407734200e+02,1.4244651089e+00,2.5000000000e-33,3.0
19.7000,7.3409776601e-03,6.9166526855e-01,5.4695988720e-05,1.3421418704e+02,1.4244800101e+00,2.5000000000e-33,3.0
19.7100,7.3336071600e-03,6.9166847010e-01,5.4585389143e-05,1.3435110155e+02,1.4244948886e+00,2.5000000000e-33,3.0
19.7200,7.3262477154e-03,6.9167166677e-01,5.4475068818e-05,1.3448808555e+02,1.4245097448e+00,2.5000000000e-33,3.0
19.7300,7.3188993043e-03,6.9167485857e-01,5.4365026898e-05,1.3462513903e+02,1.4245245785e+00,2.5000000000e-33,3.0
19.7400,7.3115619048e-03,6.9167804551e-01,5.4255262543e-05,1.3476226198e+02,1.4245393899e+00,2.5000000000e-33,3.0
19.7500,7.3042354949e-03,6.9168122761e-01,5.4145774912e-05,1.3489945442e+02,1.4245541789e+00,2.5000000000e-33,3.0
19.7600,7.2969200528e-03,6.9168440486e-01,5.4036563170e-05,1.3503671634e+02,1.4245689456e+00,2.5000000000e-33,3.0
19.7700,7.2896155567e-03,6.9168757729e-01,5.3927626483e-05,1.3517404774e+02,1.4245836901e+00,2.5000000000e-33,3.0
19.7800,7.2823219848e-03,6.9169074490e-01,5.3818964021e-05,1.3531144862e+02,1.4245984124e+00,2.5000000000e-33,3.0
19.7900,7.2750393154e-03,6.9169390770e-01,5.3710574956e-05,1.3544891898e+02,1.4246131126e+00,2.5000000000e-33,3.0
19.8000,7.2677675269e-03,6.9169706570e-01,5.3602458463e-05,1.3558645882e+02,1.4246277906e+00,2.5000000000e-33,3.0
19.8100,7.2605065977e-03,6.9170021891e-01,5.3494613721e-05,1.3572406814e+02,1.4246424466e+00,2.5000000000e-33,3.0
19.8200,7.2532565063e-03,6.9170336734e-01,5.3387039912e-05,1.3586174694e+02,1.4246570806e+00,2.5000000000e-33,3.0
19.8300,7.2460172312e-03,6.9170651099e-01,5.3279736219e-05,1.3599949522e+02,1.4246716926e+00,2.5000000000e-33,3.0
19.8400,7.2387887509e-03,6.9170964989e-01,5.3172701829e-05,1.3613731298e+02,1.4246862827e+00,2.5000000000e-33,3.0
19.8500,7.2315710442e-03,6.9171278404e-01,5.3065935932e-05,1.3627520022e+02,1.4247008509e+00,2.5000000000e-33,3.0
19.8600,7.2243640895e-03,6.9171591344e-01,5.2959437720e-05,1.3641315695e+02,1.4247153972e+00,2.5000000000e-33,3.0
19.8700,7.2171678658e-03,6.9171903811e-01,5.2853206390e-05,1.3655118315e+02,1.4247299218e+00,2.5000000000e-33,3.0
19.8800,7.2099823517e-03,6.9172215806e-01,5.2747241139e-05,1.3668927883e+02,1.4247444246e+00,2.5000000000e-33,3.0
19.8900,7.2028075262e-03,6.9172527330e-01,5.2641541169e-05,1.3682744400e+02,1.4247589057e+00,2.5000000000e-33,3.0
19.9000,7.1956433681e-03,6.9172838383e-01,5.2536105684e-05,1.3696567864e+02,1.4247733651e+00,2.5000000000e-33,3.0
19.9100,7.1884898562e-03,6.9173148967e-01,5.2430933889e-05,1.3710398276e+02,1.4247878029e+00,2.5000000000e-33,3.0
19.9200,7.1813469697e-03,6.9173459082e-01,5.2326024995e-05,1.3724235637e+02,1.4248022191e+00,2.5000000000e-33,3.0
19.9300,7.1742146876e-03,6.9173768730e-01,5.2221378214e-05,1.3738079945e+02,1.4248166138e+00,2.5000000000e-33,3.0
19.9400,7.1670929890e-03,6.9174077911e-01,5.2116992760e-05,1.3751931202e+02,1.4248309870e+00,2.5000000000e-33,3.0
19.9500,7.1599818529e-03,6.9174386627e-01,5.2012867852e-05,1.3765789407e+02,1.4248453387e+00,2.5000000000e-33,3.0
19.9600,7.1528812586e-03,6.9174694877e-01,5.1909002710e-05,1.3779654559e+02,1.4248596690e+00,2.5000000000e-33,3.0
19.9700,7.1457911854e-03,6.9175002664e-01,5.1805396557e-05,1.3793526660e+02,1.4248739780e+00,2.5000000000e-33,3.0
19.9800,7.1387116126e-03,6.9175309989e-01,5.1702048619e-05,1.3807405709e+02,1.4248882656e+00,2.5000000000e-33,3.0
19.9900,7.1316425194e-03,6.9175616851e-01,5.1598958124e-05,1.3821291706e+02,1.4249025320e+00,2.5000000000e-33,3.0
20.0000,7.1245838853e-03,6.9175923252e-01,5.1496124304e-05,1.3835184650e+02,1.4249167771e+00,2.5000000000e-33,3.0
20.0100,7.1175356898e-03,6.9176229193e-01,5.1393546393e-05,1.3849084543e+02,1.4249310010e+00,2.5000000000e-33,3.0
20.0200,7.1104979123e-03,6.9176534675e-01,5.1291223627e-05,1.3862991384e+02,1.4249452037e+00,2.5000000000e-33,3.0
20.0300,7.1034705324e-03,6.9176839699e-01,5.1189155245e-05,1.3876905173e+02,1.4249593854e+00,2.5000000000e-33,3.0
20.0400,7.0964535296e-03,6.9177144265e-01,5.1087340490e-05,1.3890825910e+02,1.4249735459e+00,2.5000000000e-33,3.0
20.0500,7.0894468838e-03,6.9177448375e-01,5.0985778606e-05,1.3904753595e+02,1.4249876854e+00,2.5000000000e-33,3.0
20.0600,7.0824505744e-03,6.9177752030e-01,5.0884468840e-05,1.3918688228e+02,1.4250018040e+00,2.5000000000e-33,3.0
20.0700,7.0754645814e-03,6.9178055230e-01,5.0783410441e-05,1.3932629810e+02,1.4250159016e+00,2.5000000000e-33,3.0
20.0800,7.0684888844e-03,6.9178357976e-01,5.0682602663e-05,1.3946578339e+02,1.4250299783e+00,2.5000000000e-33,3.0
20.0900,7.0615234634e-03,6.9178660269e-01,5.0582044759e-05,1.3960533816e+02,1.4250440341e+00,2.5000000000e-33,3.0
20.1000,7.0545682982e-03,6.9178962111e-01,5.0481735988e-05,1.3974496241e+02,1.4250580691e+00,2.5000000000e-33,3.0
20.1100,7.0476233688e-03,6.9179263502e-01,5.0381675610e-05,1.3988465615e+02,1.4250720833e+00,2.5000000000e-33,3.0
20.1200,7.0406886551e-03,6.9179564442e-01,5.0281862888e-05,1.4002441936e+02,1.4250860768e+00,2.5000000000e-33,3.0
20.1300,7.0337641373e-03,6.9179864933e-01,5.0182297085e-05,1.4016425205e+02,1.4251000495e+00,2.5000000000e-33,3.0
20.1400,7.0268497954e-03,6.9180164976e-01,5.0082977472e-05,1.4030415423e+02,1.4251140016e+00,2.5000000000e-33,3.0
20.1500,7.0199456095e-03,6.9180464572e-01,4.9983903316e-05,1.4044412588e+02,1.4251279331e+00,2.5000000000e-33,3.0
20.1600,7.0130515599e-03,6.9180763721e-01,4.9885073892e-05,1.4058416702e+02,1.4251418440e+00,2.5000000000e-33,3.0
20.1700,7.0061676267e-03,6.9181062425e-01,4.9786488475e-05,1.4072427764e+02,1.4251557344e+00,2.5000000000e-33,3.0
20.1800,6.9992937903e-03,6.9181360684e-01,4.9688146343e-05,1.4086445773e+02,1.4251696043e+00,2.5000000000e-33,3.0
20.1900,6.9924300309e-03,6.9181658498e-01,4.9590046775e-05,1.4100470731e+02,1.4251834537e+00,2.5000000000e-33,3.0
20.2000,6.9855763291e-03,6.9181955870e-01,4.9492189055e-05,1.4114502637e+02,1.4251972827e+00,2.5000000000e-33,3.0
20.2100,6.9787326651e-03,6.9182252800e-01,4.9394572467e-05,1.4128541490e+02,1.4252110913e+00,2.5000000000e-33,3.0
20.2200,6.9718990195e-03,6.9182549289e-01,4.9297196301e-05,1.4142587292e+02,1.4252248795e+00,2.5000000000e-33,3.0
20.2300,6.9650753728e-03,6.9182845337e-01,4.9200059845e-05,1.4156640042e+02,1.4252386475e+00,2.5000000000e-33,3.0
20.2400,6.9582617055e-03,6.9183140946e-01,4.9103162392e-05,1.4170699740e+02,1.4252523952e+00,2.5000000000e-33,3.0
20.2500,6.9514579983e-03,6.9183436116e-01,4.9006503238e-05,1.4184766386e+02,1.4252661227e+00,2.5000000000e-33,3.0
20.2600,6.9446642319e-03,6.9183730849e-01,4.8910081680e-05,1.4198839980e+02,1.4252798300e+00,2.5000000000e-33,3.0
20.2700,6.9378803869e-03,6.9184025144e-01,4.8813897017e-05,1.4212920522e+02,1.4252935172e+00,2.5000000000e-33,3.0
20.2800,6.9311064441e-03,6.9184319004e-01,4.8717948553e-05,1.4227008013e+02,1.4253071843e+00,2.5000000000e-33,3.0
20.2900,6.9243423844e-03,6.9184612428e-01,4.8622235591e-05,1.4241102451e+02,1.4253208313e+00,2.5000000000e-33,3.0
20.3000,6.9175881884e-03,6.9184905419e-01,4.8526757439e-05,1.4255203837e+02,1.4253344583e+00,2.5000000000e-33,3.0
20.3100,6.9108438373e-03,6.9185197975e-01,4.8431513407e-05,1.4269312171e+02,1.4253480653e+00,2.5000000000e-33,3.0
20.3200,6.9041093118e-03,6.9185490100e-01,4.8336502805e-05,1.4283427454e+02,1.4253616524e+00,2.5000000000e-33,3.0
20.3300,6.8973845930e-03,6.9185781792e-01,4.8241724949e-05,1.4297549684e+02,1.4253752195e+00,2.5000000000e-33,3.0
20.3400,6.8906696620e-03,6.9186073054e-01,4.8147179154e-05,1.4311678863e+02,1.4253887668e+00,2.5000000000e-33,3.0
20.3500,6.8839644997e-03,6.9186363885e-01,4.8052864741e-05,1.4325814989e+02,1.4254022943e+00,2.5000000000e-33,3.0
20.3600,6.8772690873e-03,6.9186654288e-01,4.7958781029e-05,1.4339958064e+02,1.4254158019e+00,2.5000000000e-33,3.0
20.3700,6.8705834061e-03,6.9186944262e-01,4.7864927342e-05,1.4354108086e+02,1.4254292899e+00,2.5000000000e-33,3.0
20.3800,6.8639074371e-03,6.9187233808e-01,4.7771303006e-05,1.4368265057e+02,1.4254427581e+00,2.5000000000e-33,3.0
20.3900,6.8572411617e-03,6.9187522928e-01,4.7677907350e-05,1.4382428976e+02,1.4254562066e+00,2.5000000000e-33,3.0
20.4000,6.8505845612e-03,6.9187811622e-01,4.7584739704e-05,1.4396599842e+02,1.4254696355e+00,2.5000000000e-33,3.0
20.4100,6.8439376169e-03,6.9188099892e-01,4.7491799400e-05,1.4410777657e+02,1.4254830448e+00,2.5000000000e-33,3.0
20.4200,6.8373003102e-03,6.9188387737e-01,4.7399085773e-05,1.4424962420e+02,1.4254964345e+00,2.5000000000e-33,3.0
20.4300,6.8306726226e-03,6.9188675158e-01,4.7306598161e-05,1.4439154131e+02,1.4255098047e+00,2.5000000000e-33,3.0
20.4400,6.8240545355e-03,6.9188962157e-01,4.7214335903e-05,1.4453352790e+02,1.4255231555e+00,2.5000000000e-33,3.0
20.4500,6.8174460304e-03,6.9189248735e-01,4.7122298340e-05,1.4467558397e+02,1.4255364868e+00,2.5000000000e-33,3.0
20.4600,6.8108470890e-03,6.9189534892e-01,4.7030484818e-05,1.4481770952e+02,1.4255497987e+00,2.5000000000e-33,3.0
20.4700,6.8042576929e-03,6.9189820629e-01,4.6938894682e-05,1.4495990455e+02,1.4255630912e+00,2.5000000000e-33,3.0
20.4800,6.7976778237e-03,6.9190105946e-01,4.6847527280e-05,1.4510216907e+02,1.4255763643e+00,2.5000000000e-33,3.0
20.4900,6.7911074631e-03,6.9190390845e-01,4.6756381964e-05,1.4524450306e+02,1.4255896182e+00,2.5000000000e-33,3.0
20.5000,6.7845465929e-03,6.9190675327e-01,4.6665458086e-05,1.4538690653e+02,1.4256028528e+00,2.5000000000e-33,3.0
20.5100,6.7779951949e-03,6.9190959392e-01,4.6574755000e-05,1.4552937948e+02,1.4256160682e+00,2.5000000000e-33,3.0
20.5200,6.7714532508e-03,6.9191243041e-01,4.6484272066e-05,1.4567192192e+02,1.4256292644e+00,2.5000000000e-33,3.0
20.5300,6.7649207426e-03,6.9191526275e-01,4.6394008641e-05,1.4581453383e+02,1.4256424415e+00,2.5000000000e-33,3.0
20.5400,6.7583976523e-03,6.9191809094e-01,4.6303964087e-05,1.4595721523e+02,1.4256555995e+00,2.5000000000e-33,3.0
20.5500,6.7518839616e-03,6.9192091501e-01,4.6214137769e-05,1.4609996610e+02,1.4256687384e+00,2.5000000000e-33,3.0
20.5600,6.7453796528e-03,6.9192373494e-01,4.6124529052e-05,1.4624278646e+02,1.4256818582e+00,2.5000000000e-33,3.0
20.5700,6.7388847078e-03,6.9192655076e-01,4.6035137305e-05,1.4638567630e+02,1.4256949591e+00,2.5000000000e-33,3.0
20.5800,6.7323991087e-03,6.9192936246e-01,4.5945961896e-05,1.4652863562e+02,1.4257080409e+00,2.5000000000e-33,3.0
20.5900,6.7259228377e-03,6.9193217006e-01,4.5857002200e-05,1.4667166441e+02,1.4257211039e+00,2.5000000000e-33,3.0
20.6000,6.7194558769e-03,6.9193497357e-01,4.5768257590e-05,1.4681476269e+02,1.4257341480e+00,2.5000000000e-33,3.0
20.6100,6.7129982085e-03,6.9193777299e-01,4.5679727442e-05,1.4695793045e+02,1.4257471732e+00,2.5000000000e-33,3.0
20.6200,6.7065498149e-03,6.9194056834e-01,4.5591411137e-05,1.4710116769e+02,1.4257601796e+00,2.5000000000e-33,3.0
20.6300,6.7001106783e-03,6.9194335961e-01,4.5503308053e-05,1.4724447441e+02,1.4257731672e+00,2.5000000000e-33,3.0
20.6400,6.6936807811e-03,6.9194614682e-01,4.5415417575e-05,1.4738785061e+02,1.4257861360e+00,2.5000000000e-33,3.0
20.6500,6.6872601057e-03,6.9194892997e-01,4.5327739087e-05,1.4753129629e+02,1.4257990862e+00,2.5000000000e-33,3.0
20.6600,6.6808486344e-03,6.9195170907e-01,4.5240271977e-05,1.4767481146e+02,1.4258120177e+00,2.5000000000e-33,3.0
20.6700,6.6744463498e-03,6.9195448414e-01,4.5153015632e-05,1.4781839610e+02,1.4258249305e+00,2.5000000000e-33,3.0
20.6800,6.6680532344e-03,6.9195725518e-01,4.5065969445e-05,1.4796205022e+02,1.4258378248e+00,2.5000000000e-33,3.0
20.6900,6.6616692708e-03,6.9196002219e-01,4.4979132809e-05,1.4810577383e+02,1.4258507005e+00,2.5000000000e-33,3.0
20.7000,6.6552944414e-03,6.9196278518e-01,4.4892505119e-05,1.4824956691e+02,1.4258635576e+00,2.5000000000e-33,3.0
20.7100,6.6489287291e-03,6.9196554417e-01,4.4806085772e-05,1.4839342948e+02,1.4258763963e+00,2.5000000000e-33,3.0
20.7200,6.6425721164e-03,6.9196829916e-01,4.4719874167e-05,1.4853736152e+02,1.4258892165e+00,2.5000000000e-33,3.0
20.7300,6.6362245861e-03,6.9197105015e-01,4.4633869707e-05,1.4868136305e+02,1.4259020182e+00,2.5000000000e-33,3.0
20.7400,6.6298861209e-03,6.9197379716e-01,4.4548071793e-05,1.4882543406e+02,1.4259148016e+00,2.5000000000e-33,3.0
20.7500,6.6235567037e-03,6.9197654019e-01,4.4462479832e-05,1.4896957454e+02,1.4259275666e+00,2.5000000000e-33,3.0
20.7600,6.6172363173e-03,6.9197927925e-01,4.4377093231e-05,1.4911378451e+02,1.4259403133e+00,2.5000000000e-33,3.0
20.7700,6.6109249445e-03,6.9198201435e-01,4.4291911399e-05,1.4925806396e+02,1.4259530417e+00,2.5000000000e-33,3.0
20.7800,6.6046225683e-03,6.9198474550e-01,4.4206933748e-05,1.4940241289e+02,1.4259657519e+00,2.5000000000e-33,3.0
20.7900,6.5983291717e-03,6.9198747270e-01,4.4122159690e-05,1.4954683130e+02,1.4259784439e+00,2.5000000000e-33,3.0
20.8000,6.5920447377e-03,6.9199019596e-01,4.4037588641e-05,1.4969131919e+02,1.4259911177e+00,2.5000000000e-33,3.0
20.8100,6.5857692492e-03,6.9199291529e-01,4.3953220019e-05,1.4983587656e+02,1.4260037733e+00,2.5000000000e-33,3.0
20.8200,6.5795026895e-03,6.9199563069e-01,4.3869053242e-05,1.4998050341e+02,1.4260164108e+00,2.5000000000e-33,3.0
20.8300,6.5732450415e-03,6.9199834218e-01,4.3785087731e-05,1.5012519974e+02,1.4260290302e+00,2.5000000000e-33,3.0
20.8400,6.5669962886e-03,6.9200104976e-01,4.3701322910e-05,1.5026996556e+02,1.4260416317e+00,2.5000000000e-33,3.0
20.8500,6.5607564138e-03,6.9200375343e-01,4.3617758204e-05,1.5041480085e+02,1.4260542150e+00,2.5000000000e-33,3.0
20.8600,6.5545254005e-03,6.9200645322e-01,4.3534393038e-05,1.5055970563e+02,1.4260667805e+00,2.5000000000e-33,3.0
20.8700,6.5483032318e-03,6.9200914912e-01,4.3451226843e-05,1.5070467988e+02,1.4260793280e+00,2.5000000000e-33,3.0
20.8800,6.5420898912e-03,6.9201184113e-01,4.3368259049e-05,1.5084972362e+02,1.4260918575e+00,2.5000000000e-33,3.0
20.8900,6.5358853620e-03,6.9201452928e-01,4.3285489088e-05,1.5099483683e+02,1.4261043692e+00,2.5000000000e-33,3.0
20.9000,6.5296896276e-03,6.9201721356e-01,4.3202916395e-05,1.5114001953e+02,1.4261168631e+00,2.5000000000e-33,3.0
20.9100,6.5235026714e-03,6.9201989399e-01,4.3120540406e-05,1.5128527171e+02,1.4261293392e+00,2.5000000000e-33,3.0
20.9200,6.5173244769e-03,6.9202257057e-01,4.3038360560e-05,1.5143059336e+02,1.4261417975e+00,2.5000000000e-33,3.0
20.9300,6.5111550277e-03,6.9202524330e-01,4.2956376296e-05,1.5157598450e+02,1.4261542380e+00,2.5000000000e-33,3.0
20.9400,6.5049943072e-03,6.9202791220e-01,4.2874587057e-05,1.5172144512e+02,1.4261666609e+00,2.5000000000e-33,3.0
20.9500,6.4988422991e-03,6.9203057728e-01,4.2792992286e-05,1.5186697522e+02,1.4261790661e+00,2.5000000000e-33,3.0
20.9600,6.4926989871e-03,6.9203323853e-01,4.2711591429e-05,1.5201257480e+02,1.4261914537e+00,2.5000000000e-33,3.0
20.9700,6.4865643546e-03,6.9203589597e-01,4.2630383934e-05,1.5215824386e+02,1.4262038236e+00,2.5000000000e-33,3.0
20.9800,6.4804383856e-03,6.9203854960e-01,4.2549369250e-05,1.5230398240e+02,1.4262161760e+00,2.5000000000e-33,3.0
20.9900,6.4743210637e-03,6.9204119944e-01,4.2468546829e-05,1.5244979043e+02,1.4262285108e+00,2.5000000000e-33,3.0
21.0000,6.4682123728e-03,6.9204384549e-01,4.2387916122e-05,1.5259566793e+02,1.4262408282e+00,2.5000000000e-33,3.0
21.0100,6.4621122966e-03,6.9204648775e-01,4.2307476585e-05,1.5274161491e+02,1.4262531281e+00,2.5000000000e-33,3.0
21.0200,6.4560208189e-03,6.9204912624e-01,4.2227227675e-05,1.5288763138e+02,1.4262654105e+00,2.5000000000e-33,3.0
21.0300,6.4499379238e-03,6.9205176095e-01,4.2147168850e-05,1.5303371732e+02,1.4262776756e+00,2.5000000000e-33,3.0
21.0400,6.4438635951e-03,6.9205439191e-01,4.2067299571e-05,1.5317987275e+02,1.4262899232e+00,2.5000000000e-33,3.0
21.0500,6.4377978168e-03,6.9205701911e-01,4.1987619298e-05,1.5332609766e+02,1.4263021536e+00,2.5000000000e-33,3.0
21.0600,6.4317405730e-03,6.9205964256e-01,4.1908127497e-05,1.5347239204e+02,1.4263143666e+00,2.5000000000e-33,3.0
21.0700,6.4256918476e-03,6.9206226227e-01,4.1828823632e-05,1.5361875591e+02,1.4263265623e+00,2.5000000000e-33,3.0
21.0800,6.4196516247e-03,6.9206487825e-01,4.1749707172e-05,1.5376518926e+02,1.4263387409e+00,2.5000000000e-33,3.0
21.0900,6.4136198885e-03,6.9206749051e-01,4.1670777584e-05,1.5391169209e+02,1.4263509022e+00,2.5000000000e-33,3.0
21.1000,6.4075966232e-03,6.9207009904e-01,4.1592034340e-05,1.5405826440e+02,1.4263630463e+00,2.5000000000e-33,3.0
21.1100,6.4015818129e-03,6.9207270386e-01,4.1513476913e-05,1.5420490619e+02,1.4263751733e+00,2.5000000000e-33,3.0
21.1200,6.3955754418e-03,6.9207530497e-01,4.1435104777e-05,1.5435161746e+02,1.4263872832e+00,2.5000000000e-33,3.0
21.1300,6.3895774942e-03,6.9207790239e-01,4.1356917407e-05,1.5449839821e+02,1.4263993760e+00,2.5000000000e-33,3.0
21.1400,6.3835879545e-03,6.9208049612e-01,4.1278914282e-05,1.5464524844e+02,1.4264114517e+00,2.5000000000e-33,3.0
21.1500,6.3776068070e-03,6.9208308616e-01,4.1201094881e-05,1.5479216815e+02,1.4264235105e+00,2.5000000000e-33,3.0
21.1600,6.3716340360e-03,6.9208567253e-01,4.1123458686e-05,1.5493915735e+02,1.4264355522e+00,2.5000000000e-33,3.0
21.1700,6.3656696260e-03,6.9208825522e-01,4.1046005179e-05,1.5508621602e+02,1.4264475770e+00,2.5000000000e-33,3.0
21.1800,6.3597135614e-03,6.9209083425e-01,4.0968733844e-05,1.5523334418e+02,1.4264595849e+00,2.5000000000e-33,3.0
21.1900,6.3537658267e-03,6.9209340963e-01,4.0891644169e-05,1.5538054181e+02,1.4264715759e+00,2.5000000000e-33,3.0
21.2000,6.3478264064e-03,6.9209598135e-01,4.0814735642e-05,1.5552780893e+02,1.4264835500e+00,2.5000000000e-33,3.0
21.2100,6.3418952851e-03,6.9209854943e-01,4.0738007751e-05,1.5567514553e+02,1.4264955074e+00,2.5000000000e-33,3.0
21.2200,6.3359724474e-03,6.9210111388e-01,4.0661459989e-05,1.5582255160e+02,1.4265074479e+00,2.5000000000e-33,3.0
21.2300,6.3300578779e-03,6.9210367470e-01,4.0585091848e-05,1.5597002716e+02,1.4265193717e+00,2.5000000000e-33,3.0
21.2400,6.3241515612e-03,6.9210623190e-01,4.0508902823e-05,1.5611757220e+02,1.4265312787e+00,2.5000000000e-33,3.0
21.2500,6.3182534822e-03,6.9210878548e-01,4.0432892410e-05,1.5626518672e+02,1.4265431690e+00,2.5000000000e-33,3.0
21.2600,6.3123636254e-03,6.9211133545e-01,4.0357060108e-05,1.5641287072e+02,1.4265550427e+00,2.5000000000e-33,3.0
21.2700,6.3064819757e-03,6.9211388182e-01,4.0281405416e-05,1.5656062420e+02,1.4265668997e+00,2.5000000000e-33,3.0
21.2800,6.3006085179e-03,6.9211642460e-01,4.0205927836e-05,1.5670844716e+02,1.4265787401e+00,2.5000000000e-33,3.0
21.2900,6.2947432368e-03,6.9211896379e-01,4.0130626869e-05,1.5685633961e+02,1.4265905640e+00,2.5000000000e-33,3.0
21.3000,6.2888861174e-03,6.9212149940e-01,4.0055502022e-05,1.5700430153e+02,1.4266023713e+00,2.5000000000e-33,3.0
21.3100,6.2830371444e-03,6.9212403143e-01,3.9980552799e-05,1.5715233293e+02,1.4266141621e+00,2.5000000000e-33,3.0
21.3200,6.2771963029e-03,6.9212655989e-01,3.9905778710e-05,1.5730043382e+02,1.4266259364e+00,2.5000000000e-33,3.0
21.3300,6.2713635778e-03,6.9212908480e-01,3.9831179262e-05,1.5744860418e+02,1.4266376943e+00,2.5000000000e-33,3.0
21.3400,6.2655389542e-03,6.9213160615e-01,3.9756753968e-05,1.5759684403e+02,1.4266494357e+00,2.5000000000e-33,3.0
21.3500,6.2597224171e-03,6.9213412395e-01,3.9682502339e-05,1.5774515336e+02,1.4266611607e+00,2.5000000000e-33,3.0
21.3600,6.2539139516e-03,6.9213663821e-01,3.9608423891e-05,1.5789353216e+02,1.4266728694e+00,2.5000000000e-33,3.0
21.3700,6.2481135428e-03,6.9213914894e-01,3.9534518138e-05,1.5804198045e+02,1.4266845618e+00,2.5000000000e-33,3.0
21.3800,6.2423211758e-03,6.9214165614e-01,3.9460784598e-05,1.5819049822e+02,1.4266962378e+00,2.5000000000e-33,3.0
21.3900,6.2365368359e-03,6.9214415981e-01,3.9387222791e-05,1.5833908547e+02,1.4267078976e+00,2.5000000000e-33,3.0
21.4000,6.2307605082e-03,6.9214665998e-01,3.9313832235e-05,1.5848774220e+02,1.4267195412e+00,2.5000000000e-33,3.0
21.4100,6.2249921781e-03,6.9214915663e-01,3.9240612454e-05,1.5863646841e+02,1.4267311685e+00,2.5000000000e-33,3.0
21.4200,6.2192318308e-03,6.9215164979e-01,3.9167562972e-05,1.5878526410e+02,1.4267427797e+00,2.5000000000e-33,3.0
21.4300,6.2134794516e-03,6.9215413944e-01,3.9094683312e-05,1.5893412928e+02,1.4267543747e+00,2.5000000000e-33,3.0
21.4400,6.2077350258e-03,6.9215662561e-01,3.9021973002e-05,1.5908306393e+02,1.4267659536e+00,2.5000000000e-33,3.0
21.4500,6.2019985390e-03,6.9215910830e-01,3.8949431571e-05,1.5923206806e+02,1.4267775164e+00,2.5000000000e-33,3.0
21.4600,6.1962699764e-03,6.9216158752e-01,3.8877058547e-05,1.5938114168e+02,1.4267890631e+00,2.5000000000e-33,3.0
21.4700,6.1905493236e-03,6.9216406326e-01,3.8804853463e-05,1.5953028477e+02,1.4268005938e+00,2.5000000000e-33,3.0
21.4800,6.1848365660e-03,6.9216653554e-01,3.8732815851e-05,1.5967949735e+02,1.4268121086e+00,2.5000000000e-33,3.0
21.4900,6.1791316892e-03,6.9216900437e-01,3.8660945245e-05,1.5982877941e+02,1.4268236073e+00,2.5000000000e-33,3.0
21.5000,6.1734346787e-03,6.9217146974e-01,3.8589241181e-05,1.5997813094e+02,1.4268350901e+00,2.5000000000e-33,3.0
21.5100,6.1677455201e-03,6.9217393168e-01,3.8517703196e-05,1.6012755196e+02,1.4268465570e+00,2.5000000000e-33,3.0
21.5200,6.1620641990e-03,6.9217639017e-01,3.8446330830e-05,1.6027704246e+02,1.4268580080e+00,2.5000000000e-33,3.0
21.5300,6.1563907011e-03,6.9217884524e-01,3.8375123623e-05,1.6042660244e+02,1.4268694432e+00,2.5000000000e-33,3.0
21.5400,6.1507250120e-03,6.9218129688e-01,3.8304081116e-05,1.6057623190e+02,1.4268808625e+00,2.5000000000e-33,3.0
21.5500,6.1450671175e-03,6.9218374511e-01,3.8233202852e-05,1.6072593084e+02,1.4268922660e+00,2.5000000000e-33,3.0
21.5600,6.1394170034e-03,6.9218618992e-01,3.8162488377e-05,1.6087569927e+02,1.4269036538e+00,2.5000000000e-33,3.0
21.5700,6.1337746554e-03,6.9218863133e-01,3.8091937237e-05,1.6102553717e+02,1.4269150258e+00,2.5000000000e-33,3.0
21.5800,6.1281400593e-03,6.9219106934e-01,3.8021548980e-05,1.6117544455e+02,1.4269263822e+00,2.5000000000e-33,3.0
21.5900,6.1225132010e-03,6.9219350396e-01,3.7951323153e-05,1.6132542142e+02,1.4269377228e+00,2.5000000000e-33,3.0
21.6000,6.1168940664e-03,6.9219593519e-01,3.7881259310e-05,1.6147546776e+02,1.4269490478e+00,2.5000000000e-33,3.0
21.6100,6.1112826413e-03,6.9219836304e-01,3.7811357000e-05,1.6162558359e+02,1.4269603572e+00,2.5000000000e-33,3.0
21.6200,6.1056789118e-03,6.9220078752e-01,3.7741615778e-05,1.6177576889e+02,1.4269716510e+00,2.5000000000e-33,3.0
21.6300,6.1000828637e-03,6.9220320863e-01,3.7672035199e-05,1.6192602368e+02,1.4269829292e+00,2.5000000000e-33,3.0
21.6400,6.0944944832e-03,6.9220562638e-01,3.7602614819e-05,1.6207634795e+02,1.4269941919e+00,2.5000000000e-33,3.0
21.6500,6.0889137562e-03,6.9220804078e-01,3.7533354196e-05,1.6222674170e+02,1.4270054390e+00,2.5000000000e-33,3.0
21.6600,6.0833406688e-03,6.9221045182e-01,3.7464252889e-05,1.6237720493e+02,1.4270166707e+00,2.5000000000e-33,3.0
21.6700,6.0777752071e-03,6.9221285953e-01,3.7395310459e-05,1.6252773764e+02,1.4270278870e+00,2.5000000000e-33,3.0
21.6800,6.0722173573e-03,6.9221526390e-01,3.7326526468e-05,1.6267833983e+02,1.4270390878e+00,2.5000000000e-33,3.0
21.6900,6.0666671055e-03,6.9221766494e-01,3.7257900479e-05,1.6282901150e+02,1.4270502732e+00,2.5000000000e-33,3.0
21.7000,6.0611244380e-03,6.9222006265e-01,3.7189432057e-05,1.6297975265e+02,1.4270614433e+00,2.5000000000e-33,3.0
21.7100,6.0555893409e-03,6.9222245705e-01,3.7121120769e-05,1.6313056328e+02,1.4270725980e+00,2.5000000000e-33,3.0
21.7200,6.0500618005e-03,6.9222484814e-01,3.7052966182e-05,1.6328144340e+02,1.4270837374e+00,2.5000000000e-33,3.0
21.7300,6.0445418031e-03,6.9222723592e-01,3.6984967866e-05,1.6343239299e+02,1.4270948616e+00,2.5000000000e-33,3.0
21.7400,6.0390293350e-03,6.9222962040e-01,3.6917125389e-05,1.6358341207e+02,1.4271059705e+00,2.5000000000e-33,3.0
21.7500,6.0335243826e-03,6.9223200159e-01,3.6849438326e-05,1.6373450063e+02,1.4271170641e+00,2.5000000000e-33,3.0
21.7600,6.0280269323e-03,6.9223437949e-01,3.6781906248e-05,1.6388565866e+02,1.4271281426e+00,2.5000000000e-33,3.0
21.7700,6.0225369704e-03,6.9223675411e-01,3.6714528730e-05,1.6403688618e+02,1.4271392059e+00,2.5000000000e-33,3.0
21.7800,6.0170544834e-03,6.9223912545e-01,3.6647305348e-05,1.6418818318e+02,1.4271502540e+00,2.5000000000e-33,3.0
21.7900,6.0115794579e-03,6.9224149353e-01,3.6580235679e-05,1.6433954966e+02,1.4271612870e+00,2.5000000000e-33,3.0
21.8000,6.0061118802e-03,6.9224385834e-01,3.6513319302e-05,1.6449098562e+02,1.4271723050e+00,2.5000000000e-33,3.0
21.8100,6.0006517370e-03,6.9224621990e-01,3.6446555797e-05,1.6464249106e+02,1.4271833079e+00,2.5000000000e-33,3.0
21.8200,5.9951990148e-03,6.9224857820e-01,3.6379944746e-05,1.6479406598e+02,1.4271942957e+00,2.5000000000e-33,3.0
21.8300,5.9897537002e-03,6.9225093326e-01,3.6313485730e-05,1.6494571038e+02,1.4272052686e+00,2.5000000000e-33,3.0
21.8400,5.9843157799e-03,6.9225328508e-01,3.6247178334e-05,1.6509742427e+02,1.4272162264e+00,2.5000000000e-33,3.0
21.8500,5.9788852404e-03,6.9225563367e-01,3.6181022143e-05,1.6524920763e+02,1.4272271693e+00,2.5000000000e-33,3.0
21.8600,5.9734620685e-03,6.9225797903e-01,3.6115016743e-05,1.6540106048e+02,1.4272380973e+00,2.5000000000e-33,3.0
21.8700,5.9680462509e-03,6.9226032116e-01,3.6049161724e-05,1.6555298280e+02,1.4272490104e+00,2.5000000000e-33,3.0
21.8800,5.9626377743e-03,6.9226266009e-01,3.5983456673e-05,1.6570497461e+02,1.4272599086e+00,2.5000000000e-33,3.0
21.8900,5.9572366255e-03,6.9226499580e-01,3.5917901181e-05,1.6585703590e+02,1.4272707920e+00,2.5000000000e-33,3.0
21.9000,5.9518427914e-03,6.9226732831e-01,3.5852494841e-05,1.6600916666e+02,1.4272816606e+00,2.5000000000e-33,3.0
21.9100,5.9464562587e-03,6.9226965762e-01,3.5787237245e-05,1.6616136691e+02,1.4272925144e+00,2.5000000000e-33,3.0
21.9200,5.9410770144e-03,6.9227198374e-01,3.5722127989e-05,1.6631363664e+02,1.4273033534e+00,2.5000000000e-33,3.0
21.9300,5.9357050453e-03,6.9227430667e-01,3.5657166666e-05,1.6646597585e+02,1.4273141777e+00,2.5000000000e-33,3.0
21.9400,5.9303403383e-03,6.9227662642e-01,3.5592352876e-05,1.6661838455e+02,1.4273249872e+00,2.5000000000e-33,3.0
21.9500,5.9249828804e-03,6.9227894300e-01,3.5527686215e-05,1.6677086272e+02,1.4273357821e+00,2.5000000000e-33,3.0
21.9600,5.9196326586e-03,6.9228125641e-01,3.5463166284e-05,1.6692341037e+02,1.4273465624e+00,2.5000000000e-33,3.0
21.9700,5.9142896599e-03,6.9228356665e-01,3.5398792683e-05,1.6707602750e+02,1.4273573280e+00,2.5000000000e-33,3.0
21.9800,5.9089538714e-03,6.9228587374e-01,3.5334565015e-05,1.6722871412e+02,1.4273680790e+00,2.5000000000e-33,3.0
21.9900,5.9036252800e-03,6.9228817768e-01,3.5270482882e-05,1.6738147021e+02,1.4273788154e+00,2.5000000000e-33,3.0
22.0000,5.8983038729e-03,6.9229047847e-01,3.5206545890e-05,1.6753429579e+02,1.4273895373e+00,2.5000000000e-33,3.0
22.0100,5.8929896373e-03,6.9229277612e-01,3.5142753645e-05,1.6768719085e+02,1.4274002446e+00,2.5000000000e-33,3.0
22.0200,5.8876825603e-03,6.9229507064e-01,3.5079105753e-05,1.6784015538e+02,1.4274109375e+00,2.5000000000e-33,3.0
22.0300,5.8823826290e-03,6.9229736203e-01,3.5015601823e-05,1.6799318940e+02,1.4274216158e+00,2.5000000000e-33,3.0
22.0400,5.8770898308e-03,6.9229965029e-01,3.4952241464e-05,1.6814629290e+02,1.4274322798e+00,2.5000000000e-33,3.0
22.0500,5.8718041527e-03,6.9230193544e-01,3.4889024287e-05,1.6829946588e+02,1.4274429293e+00,2.5000000000e-33,3.0
22.0600,5.8665255822e-03,6.9230421747e-01,3.4825949905e-05,1.6845270834e+02,1.4274535644e+00,2.5000000000e-33,3.0
22.0700,5.8612541064e-03,6.9230649640e-01,3.4763017931e-05,1.6860602029e+02,1.4274641852e+00,2.5000000000e-33,3.0
22.0800,5.8559897128e-03,6.9230877223e-01,3.4700227979e-05,1.6875940171e+02,1.4274747916e+00,2.5000000000e-33,3.0
22.0900,5.8507323887e-03,6.9231104497e-01,3.4637579665e-05,1.6891285261e+02,1.4274853837e+00,2.5000000000e-33,3.0
22.1000,5.8454821214e-03,6.9231331462e-01,3.4575072605e-05,1.6906637300e+02,1.4274959615e+00,2.5000000000e-33,3.0
22.1100,5.8402388985e-03,6.9231558118e-01,3.4512706419e-05,1.6921996286e+02,1.4275065250e+00,2.5000000000e-33,3.0
22.1200,5.8350027072e-03,6.9231784466e-01,3.4450480725e-05,1.6937362221e+02,1.4275170743e+00,2.5000000000e-33,3.0
22.1300,5.8297735351e-03,6.9232010508e-01,3.4388395144e-05,1.6952735103e+02,1.4275276094e+00,2.5000000000e-33,3.0
22.1400,5.8245513697e-03,6.9232236242e-01,3.4326449298e-05,1.6968114934e+02,1.4275381303e+00,2.5000000000e-33,3.0
22.1500,5.8193361985e-03,6.9232461671e-01,3.4264642810e-05,1.6983501713e+02,1.4275486370e+00,2.5000000000e-33,3.0
22.1600,5.8141280091e-03,6.9232686793e-01,3.4202975303e-05,1.6998895440e+02,1.4275591296e+00,2.5000000000e-33,3.0
22.1700,5.8089267890e-03,6.9232911611e-01,3.4141446403e-05,1.7014296115e+02,1.4275696081e+00,2.5000000000e-33,3.0
22.1800,5.8037325258e-03,6.9233136125e-01,3.4080055737e-05,1.7029703738e+02,1.4275800725e+00,2.5000000000e-33,3.0
22.1900,5.7985452072e-03,6.9233360334e-01,3.4018802933e-05,1.7045118309e+02,1.4275905229e+00,2.5000000000e-33,3.0
22.2000,5.7933648209e-03,6.9233584240e-01,3.3957687618e-05,1.7060539828e+02,1.4276009592e+00,2.5000000000e-33,3.0
22.2100,5.7881913544e-03,6.9233807843e-01,3.3896709423e-05,1.7075968296e+02,1.4276113814e+00,2.5000000000e-33,3.0
22.2200,5.7830247956e-03,6.9234031144e-01,3.3835867980e-05,1.7091403711e+02,1.4276217898e+00,2.5000000000e-33,3.0
22.2300,5.7778651322e-03,6.9234254144e-01,3.3775162920e-05,1.7106846075e+02,1.4276321841e+00,2.5000000000e-33,3.0
22.2400,5.7727123519e-03,6.9234476842e-01,3.3714593877e-05,1.7122295386e+02,1.4276425645e+00,2.5000000000e-33,3.0
22.2500,5.7675664426e-03,6.9234699239e-01,3.3654160486e-05,1.7137751646e+02,1.4276529310e+00,2.5000000000e-33,3.0
22.2600,5.7624273921e-03,6.9234921336e-01,3.3593862382e-05,1.7153214854e+02,1.4276632836e+00,2.5000000000e-33,3.0
22.2700,5.7572951881e-03,6.9235143134e-01,3.3533699202e-05,1.7168685010e+02,1.4276736224e+00,2.5000000000e-33,3.0
22.2800,5.7521698187e-03,6.9235364633e-01,3.3473670585e-05,1.7184162114e+02,1.4276839473e+00,2.5000000000e-33,3.0
22.2900,5.7470512717e-03,6.9235585833e-01,3.3413776169e-05,1.7199646166e+02,1.4276942584e+00,2.5000000000e-33,3.0
22.3000,5.7419395350e-03,6.9235806735e-01,3.3354015595e-05,1.7215137166e+02,1.4277045557e+00,2.5000000000e-33,3.0
22.3100,5.7368345966e-03,6.9236027340e-01,3.3294388504e-05,1.7230635114e+02,1.4277148392e+00,2.5000000000e-33,3.0
22.3200,5.7317364444e-03,6.9236247648e-01,3.3234894539e-05,1.7246140010e+02,1.4277251090e+00,2.5000000000e-33,3.0
22.3300,5.7266450666e-03,6.9236467660e-01,3.3175533343e-05,1.7261651855e+02,1.4277353651e+00,2.5000000000e-33,3.0
22.3400,5.7215604510e-03,6.9236687375e-01,3.3116304561e-05,1.7277170647e+02,1.4277456075e+00,2.5000000000e-33,3.0
22.3500,5.7164825859e-03,6.9236906796e-01,3.3057207840e-05,1.7292696387e+02,1.4277558363e+00,2.5000000000e-33,3.0
22.3600,5.7114114592e-03,6.9237125922e-01,3.2998242825e-05,1.7308229076e+02,1.4277660513e+00,2.5000000000e-33,3.0
22.3700,5.7063470591e-03,6.9237344753e-01,3.2939409165e-05,1.7323768713e+02,1.4277762528e+00,2.5000000000e-33,3.0
22.3800,5.7012893738e-03,6.9237563291e-01,3.2880706509e-05,1.7339315298e+02,1.4277864407e+00,2.5000000000e-33,3.0
22.3900,5.6962383913e-03,6.9237781536e-01,3.2822134508e-05,1.7354868830e+02,1.4277966150e+00,2.5000000000e-33,3.0
22.4000,5.6911940999e-03,6.9237999488e-01,3.2763692813e-05,1.7370429311e+02,1.4278067758e+00,2.5000000000e-33,3.0
22.4100,5.6861564879e-03,6.9238217147e-01,3.2705381076e-05,1.7385996741e+02,1.4278169230e+00,2.5000000000e-33,3.0
22.4200,5.6811255434e-03,6.9238434516e-01,3.2647198951e-05,1.7401571118e+02,1.4278270568e+00,2.5000000000e-33,3.0
22.4300,5.6761012547e-03,6.9238651593e-01,3.2589146092e-05,1.7417152443e+02,1.4278371771e+00,2.5000000000e-33,3.0
22.4400,5.6710836102e-03,6.9238868379e-01,3.2531222155e-05,1.7432740716e+02,1.4278472839e+00,2.5000000000e-33,3.0
22.4500,5.6660725981e-03,6.9239084876e-01,3.2473426797e-05,1.7448335938e+02,1.4278573773e+00,2.5000000000e-33,3.0
22.4600,5.6610682068e-03,6.9239301083e-01,3.2415759676e-05,1.7463938107e+02,1.4278674573e+00,2.5000000000e-33,3.0
22.4700,5.6560704246e-03,6.9239517001e-01,3.2358220450e-05,1.7479547225e+02,1.4278775239e+00,2.5000000000e-33,3.0
22.4800,5.6510792401e-03,6.9239732630e-01,3.2300808779e-05,1.7495163290e+02,1.4278875772e+00,2.5000000000e-33,3.0
22.4900,5.6460946415e-03,6.9239947972e-01,3.2243524325e-05,1.7510786304e+02,1.4278976171e+00,2.5000000000e-33,3.0
22.5000,5.6411166173e-03,6.9240163026e-01,3.2186366749e-05,1.7526416266e+02,1.4279076438e+00,2.5000000000e-33,3.0
22.5100,5.6361451561e-03,6.9240377793e-01,3.2129335715e-05,1.7542053176e+02,1.4279176571e+00,2.5000000000e-33,3.0
22.5200,5.6311802463e-03,6.9240592273e-01,3.2072430886e-05,1.7557697034e+02,1.4279276572e+00,2.5000000000e-33,3.0
22.5300,5.6262218765e-03,6.9240806468e-01,3.2015651928e-05,1.7573347840e+02,1.4279376440e+00,2.5000000000e-33,3.0
22.5400,5.6212700351e-03,6.9241020377e-01,3.1958998506e-05,1.7589005594e+02,1.4279476177e+00,2.5000000000e-33,3.0
22.5500,5.6163247108e-03,6.9241234001e-01,3.1902470289e-05,1.7604670296e+02,1.4279575781e+00,2.5000000000e-33,3.0
22.5600,5.6113858922e-03,6.9241447341e-01,3.1846066944e-05,1.7620341947e+02,1.4279675254e+00,2.5000000000e-33,3.0
22.5700,5.6064535678e-03,6.9241660397e-01,3.1789788141e-05,1.7636020545e+02,1.4279774595e+00,2.5000000000e-33,3.0
22.5800,5.6015277264e-03,6.9241873170e-01,3.1733633550e-05,1.7651706092e+02,1.4279873805e+00,2.5000000000e-33,3.0
22.5900,5.5966083566e-03,6.9242085659e-01,3.1677602842e-05,1.7667398586e+02,1.4279972885e+00,2.5000000000e-33,3.0
22.6000,5.5916954472e-03,6.9242297866e-01,3.1621695689e-05,1.7683098029e+02,1.4280071833e+00,2.5000000000e-33,3.0
22.6100,5.5867889867e-03,6.9242509792e-01,3.1565911765e-05,1.7698804420e+02,1.4280170651e+00,2.5000000000e-33,3.0
22.6200,5.5818889641e-03,6.9242721435e-01,3.1510250745e-05,1.7714517759e+02,1.4280269338e+00,2.5000000000e-33,3.0
22.6300,5.5769953680e-03,6.9242932798e-01,3.1454712303e-05,1.7730238046e+02,1.4280367896e+00,2.5000000000e-33,3.0
22.6400,5.5721081873e-03,6.9243143881e-01,3.1399296117e-05,1.7745965281e+02,1.4280466324e+00,2.5000000000e-33,3.0
22.6500,5.5672274107e-03,6.9243354683e-01,3.1344001862e-05,1.7761699464e+02,1.4280564622e+00,2.5000000000e-33,3.0
22.6600,5.5623530272e-03,6.9243565207e-01,3.1288829218e-05,1.7777440595e+02,1.4280662790e+00,2.5000000000e-33,3.0
22.6700,5.5574850256e-03,6.9243775451e-01,3.1233777864e-05,1.7793188675e+02,1.4280760830e+00,2.5000000000e-33,3.0
22.6800,5.5526233948e-03,6.9243985417e-01,3.1178847480e-05,1.7808943702e+02,1.4280858740e+00,2.5000000000e-33,3.0
22.6900,5.5477681236e-03,6.9244195105e-01,3.1124037748e-05,1.7824705678e+02,1.4280956522e+00,2.5000000000e-33,3.0
22.7000,5.5429192012e-03,6.9244404515e-01,3.1069348350e-05,1.7840474601e+02,1.4281054176e+00,2.5000000000e-33,3.0
22.7100,5.5380766163e-03,6.9244613648e-01,3.1014778969e-05,1.7856250473e+02,1.4281151701e+00,2.5000000000e-33,3.0
22.7200,5.5332403580e-03,6.9244822505e-01,3.0960329289e-05,1.7872033293e+02,1.4281249098e+00,2.5000000000e-33,3.0
22.7300,5.5284104154e-03,6.9245031086e-01,3.0905998995e-05,1.7887823061e+02,1.4281346367e+00,2.5000000000e-33,3.0
22.7400,5.5235867774e-03,6.9245239392e-01,3.0851787774e-05,1.7903619777e+02,1.4281443509e+00,2.5000000000e-33,3.0
22.7500,5.5187694331e-03,6.9245447422e-01,3.0797695313e-05,1.7919423441e+02,1.4281540524e+00,2.5000000000e-33,3.0
22.7600,5.5139583717e-03,6.9245655178e-01,3.0743721300e-05,1.7935234053e+02,1.4281637411e+00,2.5000000000e-33,3.0
22.7700,5.5091535821e-03,6.9245862660e-01,3.0689865423e-05,1.7951051613e+02,1.4281734171e+00,2.5000000000e-33,3.0
22.7800,5.5043550536e-03,6.9246069868e-01,3.0636127373e-05,1.7966876121e+02,1.4281830805e+00,2.5000000000e-33,3.0
22.7900,5.4995627753e-03,6.9246276803e-01,3.0582506841e-05,1.7982707578e+02,1.4281927312e+00,2.5000000000e-33,3.0
22.8000,5.4947767363e-03,6.9246483466e-01,3.0529003519e-05,1.7998545982e+02,1.4282023693e+00,2.5000000000e-33,3.0
22.8100,5.4899969260e-03,6.9246689856e-01,3.0475617099e-05,1.8014391335e+02,1.4282119948e+00,2.5000000000e-33,3.0
22.8200,5.4852233334e-03,6.9246895975e-01,3.0422347275e-05,1.8030243636e+02,1.4282216077e+00,2.5000000000e-33,3.0
22.8300,5.4804559479e-03,6.9247101823e-01,3.0369193742e-05,1.8046102885e+02,1.4282312081e+00,2.5000000000e-33,3.0
22.8400,5.4756947588e-03,6.9247307400e-01,3.0316156196e-05,1.8061969081e+02,1.4282407959e+00,2.5000000000e-33,3.0
22.8500,5.4709397552e-03,6.9247512706e-01,3.0263234332e-05,1.8077842226e+02,1.4282503712e+00,2.5000000000e-33,3.0
22.8600,5.4661909266e-03,6.9247717743e-01,3.0210427849e-05,1.8093722320e+02,1.4282599340e+00,2.5000000000e-33,3.0
22.8700,5.4614482623e-03,6.9247922511e-01,3.0157736445e-05,1.8109609361e+02,1.4282694843e+00,2.5000000000e-33,3.0
22.8800,5.4567117516e-03,6.9248127010e-01,3.0105159820e-05,1.8125503350e+02,1.4282790222e+00,2.5000000000e-33,3.0
22.8900,5.4519813840e-03,6.9248331240e-01,3.0052697672e-05,1.8141404287e+02,1.4282885476e+00,2.5000000000e-33,3.0
22.9000,5.4472571487e-03,6.9248535203e-01,3.0000349704e-05,1.8157312173e+02,1.4282980607e+00,2.5000000000e-33,3.0
22.9100,5.4425390354e-03,6.9248738898e-01,2.9948115618e-05,1.8173227006e+02,1.4283075613e+00,2.5000000000e-33,3.0
22.9200,5.4378270334e-03,6.9248942326e-01,2.9895995117e-05,1.8189148788e+02,1.4283170496e+00,2.5000000000e-33,3.0
22.9300,5.4331211322e-03,6.9249145488e-01,2.9843987903e-05,1.8205077518e+02,1.4283265256e+00,2.5000000000e-33,3.0
22.9400,5.4284213213e-03,6.9249348384e-01,2.9792093684e-05,1.8221013196e+02,1.4283359892e+00,2.5000000000e-33,3.0
22.9500,5.4237275902e-03,6.9249551014e-01,2.9740312162e-05,1.8236955821e+02,1.4283454405e+00,2.5000000000e-33,3.0
22.9600,5.4190399285e-03,6.9249753379e-01,2.9688643047e-05,1.8252905395e+02,1.4283548796e+00,2.5000000000e-33,3.0
22.9700,5.4143583258e-03,6.9249955480e-01,2.9637086044e-05,1.8268861918e+02,1.4283643064e+00,2.5000000000e-33,3.0
22.9800,5.4096827716e-03,6.9250157316e-01,2.9585640863e-05,1.8284825388e+02,1.4283737209e+00,2.5000000000e-33,3.0
22.9900,5.4050132555e-03,6.9250358889e-01,2.9534307211e-05,1.8300795806e+02,1.4283831233e+00,2.5000000000e-33,3.0
23.0000,5.4003497672e-03,6.9250560198e-01,2.9483084801e-05,1.8316773172e+02,1.4283925134e+00,2.5000000000e-33,3.0
23.0100,5.3956922964e-03,6.9250761245e-01,2.9431973342e-05,1.8332757487e+02,1.4284018914e+00,2.5000000000e-33,3.0
23.0200,5.3910408326e-03,6.9250962029e-01,2.9380972546e-05,1.8348748750e+02,1.4284112572e+00,2.5000000000e-33,3.0
23.0300,5.3863953657e-03,6.9251162552e-01,2.9330082126e-05,1.8364746960e+02,1.4284206109e+00,2.5000000000e-33,3.0
23.0400,5.3817558853e-03,6.9251362813e-01,2.9279301796e-05,1.8380752119e+02,1.4284299525e+00,2.5000000000e-33,3.0
23.0500,5.3771223812e-03,6.9251562813e-01,2.9228631270e-05,1.8396764226e+02,1.4284392820e+00,2.5000000000e-33,3.0
23.0600,5.3724948432e-03,6.9251762553e-01,2.9178070264e-05,1.8412783281e+02,1.4284485994e+00,2.5000000000e-33,3.0
23.0700,5.3678732610e-03,6.9251962033e-01,2.9127618493e-05,1.8428809284e+02,1.4284579048e+00,2.5000000000e-33,3.0
23.0800,5.3632576244e-03,6.9252161253e-01,2.9077275675e-05,1.8444842235e+02,1.4284671981e+00,2.5000000000e-33,3.0
23.0900,5.3586479233e-03,6.9252360214e-01,2.9027041527e-05,1.8460882134e+02,1.4284764794e+00,2.5000000000e-33,3.0
23.1000,5.3540441476e-03,6.9252558916e-01,2.8976915769e-05,1.8476928982e+02,1.4284857488e+00,2.5000000000e-33,3.0
23.1100,5.3494462871e-03,6.9252757360e-01,2.8926898119e-05,1.8492982777e+02,1.4284950062e+00,2.5000000000e-33,3.0
23.1200,5.3448543316e-03,6.9252955546e-01,2.8876988299e-05,1.8509043520e+02,1.4285042516e+00,2.5000000000e-33,3.0
23.1300,5.3402682712e-03,6.9253153475e-01,2.8827186029e-05,1.8525111212e+02,1.4285134851e+00,2.5000000000e-33,3.0
23.1400,5.3356880958e-03,6.9253351147e-01,2.8777491032e-05,1.8541185852e+02,1.4285227068e+00,2.5000000000e-33,3.0
23.1500,5.3311137953e-03,6.9253548562e-01,2.8727903031e-05,1.8557267440e+02,1.4285319165e+00,2.5000000000e-33,3.0
23.1600,5.3265453597e-03,6.9253745722e-01,2.8678421750e-05,1.8573355976e+02,1.4285411143e+00,2.5000000000e-33,3.0
23.1700,5.3219827790e-03,6.9253942625e-01,2.8629046912e-05,1.8589451460e+02,1.4285503004e+00,2.5000000000e-33,3.0
23.1800,5.3174260433e-03,6.9254139274e-01,2.8579778244e-05,1.8605553892e+02,1.4285594746e+00,2.5000000000e-33,3.0
23.1900,5.3128751426e-03,6.9254335668e-01,2.8530615472e-05,1.8621663272e+02,1.4285686370e+00,2.5000000000e-33,3.0
23.2000,5.3083300669e-03,6.9254531808e-01,2.8481558323e-05,1.8637779600e+02,1.4285777876e+00,2.5000000000e-33,3.0
23.2100,5.3037908063e-03,6.9254727694e-01,2.8432606524e-05,1.8653902877e+02,1.4285869264e+00,2.5000000000e-33,3.0
23.2200,5.2992573510e-03,6.9254923326e-01,2.8383759806e-05,1.8670033101e+02,1.4285960536e+00,2.5000000000e-33,3.0
23.2300,5.2947296911e-03,6.9255118706e-01,2.8335017896e-05,1.8686170274e+02,1.4286051690e+00,2.5000000000e-33,3.0
23.2400,5.2902078167e-03,6.9255313833e-01,2.8286380526e-05,1.8702314394e+02,1.4286142726e+00,2.5000000000e-33,3.0
23.2500,5.2856917180e-03,6.9255508708e-01,2.8237847426e-05,1.8718465463e+02,1.4286233647e+00,2.5000000000e-33,3.0
23.2600,5.2811813852e-03,6.9255703332e-01,2.8189418330e-05,1.8734623480e+02,1.4286324450e+00,2.5000000000e-33,3.0
23.2700,5.2766768085e-03,6.9255897704e-01,2.8141092968e-05,1.8750788445e+02,1.4286415137e+00,2.5000000000e-33,3.0
23.2800,5.2721779782e-03,6.9256091825e-01,2.8092871076e-05,1.8766960358e+02,1.4286505708e+00,2.5000000000e-33,3.0
23.2900,5.2676848845e-03,6.9256285696e-01,2.8044752387e-05,1.8783139219e+02,1.4286596163e+00,2.5000000000e-33,3.0
23.3000,5.2631975176e-03,6.9256479318e-01,2.7996736637e-05,1.8799325028e+02,1.4286686502e+00,2.5000000000e-33,3.0
23.3100,5.2587158680e-03,6.9256672689e-01,2.7948823561e-05,1.8815517786e+02,1.4286776725e+00,2.5000000000e-33,3.0
23.3200,5.2542399258e-03,6.9256865812e-01,2.7901012896e-05,1.8831717491e+02,1.4286866833e+00,2.5000000000e-33,3.0
23.3300,5.2497696814e-03,6.9257058686e-01,2.7853304381e-05,1.8847924145e+02,1.4286956826e+00,2.5000000000e-33,3.0
23.3400,5.2453051253e-03,6.9257251312e-01,2.7805697752e-05,1.8864137746e+02,1.4287046704e+00,2.5000000000e-33,3.0
23.3500,5.2408462477e-03,6.9257443690e-01,2.7758192750e-05,1.8880358296e+02,1.4287136466e+00,2.5000000000e-33,3.0
23.3600,5.2363930390e-03,6.9257635821e-01,2.7710789114e-05,1.8896585794e+02,1.4287226115e+00,2.5000000000e-33,3.0
23.3700,5.2319454898e-03,6.9257827705e-01,2.7663486584e-05,1.8912820240e+02,1.4287315648e+00,2.5000000000e-33,3.0
23.3800,5.2275035903e-03,6.9258019342e-01,2.7616284903e-05,1.8929061634e+02,1.4287405068e+00,2.5000000000e-33,3.0
23.3900,5.2230673312e-03,6.9258210733e-01,2.7569183813e-05,1.8945309976e+02,1.4287494373e+00,2.5000000000e-33,3.0
23.4000,5.2186367028e-03,6.9258401879e-01,2.7522183055e-05,1.8961565266e+02,1.4287583565e+00,2.5000000000e-33,3.0
23.4100,5.2142116956e-03,6.9258592779e-01,2.7475282375e-05,1.8977827505e+02,1.4287672643e+00,2.5000000000e-33,3.0
23.4200,5.2097923003e-03,6.9258783435e-01,2.7428481517e-05,1.8994096691e+02,1.4287761607e+00,2.5000000000e-33,3.0
23.4300,5.2053785072e-03,6.9258973846e-01,2.7381780226e-05,1.9010372826e+02,1.4287850458e+00,2.5000000000e-33,3.0
23.4400,5.2009703070e-03,6.9259164013e-01,2.7335178247e-05,1.9026655908e+02,1.4287939196e+00,2.5000000000e-33,3.0
23.4500,5.1965676903e-03,6.9259353937e-01,2.7288675328e-05,1.9042945939e+02,1.4288027821e+00,2.5000000000e-33,3.0
23.4600,5.1921706476e-03,6.9259543617e-01,2.7242271217e-05,1.9059242918e+02,1.4288116334e+00,2.5000000000e-33,3.0
23.4700,5.1877791696e-03,6.9259733055e-01,2.7195965661e-05,1.9075546845e+02,1.4288204734e+00,2.5000000000e-33,3.0
23.4800,5.1833932468e-03,6.9259922250e-01,2.7149758410e-05,1.9091857720e+02,1.4288293021e+00,2.5000000000e-33,3.0
23.4900,5.1790128701e-03,6.9260111204e-01,2.7103649213e-05,1.9108175543e+02,1.4288381197e+00,2.5000000000e-33,3.0
23.5000,5.1746380300e-03,6.9260299916e-01,2.7057637820e-05,1.9124500314e+02,1.4288469260e+00,2.5000000000e-33,3.0
23.5100,5.1702687172e-03,6.9260488387e-01,2.7011723984e-05,1.9140832034e+02,1.4288557212e+00,2.5000000000e-33,3.0
23.5200,5.1659049225e-03,6.9260676617e-01,2.6965907456e-05,1.9157170701e+02,1.4288645052e+00,2.5000000000e-33,3.0
23.5300,5.1615466365e-03,6.9260864607e-01,2.6920187989e-05,1.9173516317e+02,1.4288732781e+00,2.5000000000e-33,3.0
23.5400,5.1571938501e-03,6.9261052357e-01,2.6874565336e-05,1.9189868880e+02,1.4288820398e+00,2.5000000000e-33,3.0
23.5500,5.1528465540e-03,6.9261239868e-01,2.6829039252e-05,1.9206228392e+02,1.4288907905e+00,2.5000000000e-33,3.0
23.5600,5.1485047391e-03,6.9261427139e-01,2.6783609491e-05,1.9222594852e+02,1.4288995301e+00,2.5000000000e-33,3.0
23.5700,5.1441683960e-03,6.9261614173e-01,2.6738275809e-05,1.9238968260e+02,1.4289082586e+00,2.5000000000e-33,3.0
23.5800,5.1398375157e-03,6.9261800967e-01,2.6693037962e-05,1.9255348616e+02,1.4289169760e+00,2.5000000000e-33,3.0
23.5900,5.1355120890e-03,6.9261987524e-01,2.6647895708e-05,1.9271735920e+02,1.4289256825e+00,2.5000000000e-33,3.0
23.6000,5.1311921068e-03,6.9262173844e-01,2.6602848804e-05,1.9288130172e+02,1.4289343779e+00,2.5000000000e-33,3.0
23.6100,5.1268775599e-03,6.9262359926e-01,2.6557897009e-05,1.9304531372e+02,1.4289430623e+00,2.5000000000e-33,3.0
23.6200,5.1225684394e-03,6.9262545772e-01,2.6513040082e-05,1.9320939521e+02,1.4289517358e+00,2.5000000000e-33,3.0
23.6300,5.1182647360e-03,6.9262731382e-01,2.6468277783e-05,1.9337354617e+02,1.4289603983e+00,2.5000000000e-33,3.0
23.6400,5.1139664407e-03,6.9262916756e-01,2.6423609872e-05,1.9353776662e+02,1.4289690499e+00,2.5000000000e-33,3.0
23.6500,5.1096735446e-03,6.9263101895e-01,2.6379036112e-05,1.9370205655e+02,1.4289776906e+00,2.5000000000e-33,3.0
23.6600,5.1053860386e-03,6.9263286798e-01,2.6334556263e-05,1.9386641596e+02,1.4289863203e+00,2.5000000000e-33,3.0
23.6700,5.1011039136e-03,6.9263471467e-01,2.6290170090e-05,1.9403084485e+02,1.4289949392e+00,2.5000000000e-33,3.0
23.6800,5.0968271608e-03,6.9263655902e-01,2.6245877354e-05,1.9419534322e+02,1.4290035473e+00,2.5000000000e-33,3.0
23.6900,5.0925557711e-03,6.9263840103e-01,2.6201677821e-05,1.9435991107e+02,1.4290121445e+00,2.5000000000e-33,3.0
23.7000,5.0882897357e-03,6.9264024070e-01,2.6157571255e-05,1.9452454840e+02,1.4290207308e+00,2.5000000000e-33,3.0
23.7100,5.0840290455e-03,6.9264207804e-01,2.6113557422e-05,1.9468925521e+02,1.4290293064e+00,2.5000000000e-33,3.0
23.7200,5.0797736917e-03,6.9264391306e-01,2.6069636088e-05,1.9485403151e+02,1.4290378711e+00,2.5000000000e-33,3.0
23.7300,5.0755236655e-03,6.9264574576e-01,2.6025807020e-05,1.9501887728e+02,1.4290464251e+00,2.5000000000e-33,3.0
23.7400,5.0712789578e-03,6.9264757613e-01,2.5982069986e-05,1.9518379254e+02,1.4290549684e+00,2.5000000000e-33,3.0
23.7500,5.0670395600e-03,6.9264940420e-01,2.5938424753e-05,1.9534877728e+02,1.4290635009e+00,2.5000000000e-33,3.0
23.7600,5.0628054631e-03,6.9265122995e-01,2.5894871091e-05,1.9551383150e+02,1.4290720227e+00,2.5000000000e-33,3.0
23.7700,5.0585766583e-03,6.9265305339e-01,2.5851408769e-05,1.9567895520e+02,1.4290805338e+00,2.5000000000e-33,3.0
23.7800,5.0543531369e-03,6.9265487453e-01,2.5808037558e-05,1.9584414838e+02,1.4290890342e+00,2.5000000000e-33,3.0
23.7900,5.0501348901e-03,6.9265669338e-01,2.5764757229e-05,1.9600941104e+02,1.4290975240e+00,2.5000000000e-33,3.0
23.8000,5.0459219090e-03,6.9265850992e-01,2.5721567554e-05,1.9617474318e+02,1.4291060031e+00,2.5000000000e-33,3.0
23.8100,5.0417141851e-03,6.9266032418e-01,2.5678468304e-05,1.9634014480e+02,1.4291144716e+00,2.5000000000e-33,3.0
23.8200,5.0375117095e-03,6.9266213615e-01,2.5635459252e-05,1.9650561591e+02,1.4291229294e+00,2.5000000000e-33,3.0
23.8300,5.0333144735e-03,6.9266394583e-01,2.5592540173e-05,1.9667115649e+02,1.4291313767e+00,2.5000000000e-33,3.0
23.8400,5.0291224686e-03,6.9266575324e-01,2.5549710841e-05,1.9683676656e+02,1.4291398134e+00,2.5000000000e-33,3.0
23.8500,5.0249356859e-03,6.9266755837e-01,2.5506971031e-05,1.9700244611e+02,1.4291482396e+00,2.5000000000e-33,3.0
23.8600,5.0207541168e-03,6.9266936122e-01,2.5464320517e-05,1.9716819514e+02,1.4291566552e+00,2.5000000000e-33,3.0
23.8700,5.0165777528e-03,6.9267116181e-01,2.5421759078e-05,1.9733401365e+02,1.4291650603e+00,2.5000000000e-33,3.0
23.8800,5.0124065852e-03,6.9267296014e-01,2.5379286489e-05,1.9749990164e+02,1.4291734549e+00,2.5000000000e-33,3.0
23.8900,5.0082406053e-03,6.9267475620e-01,2.5336902528e-05,1.9766585911e+02,1.4291818390e+00,2.5000000000e-33,3.0
23.9000,5.0040798047e-03,6.9267655000e-01,2.5294606973e-05,1.9783188606e+02,1.4291902126e+00,2.5000000000e-33,3.0
23.9100,4.9999241748e-03,6.9267834156e-01,2.5252399604e-05,1.9799798250e+02,1.4291985758e+00,2.5000000000e-33,3.0
23.9200,4.9957737070e-03,6.9268013086e-01,2.5210280199e-05,1.9816414841e+02,1.4292069286e+00,2.5000000000e-33,3.0
23.9300,4.9916283927e-03,6.9268191792e-01,2.5168248540e-05,1.9833038381e+02,1.4292152709e+00,2.5000000000e-33,3.0
23.9400,4.9874882236e-03,6.9268370274e-01,2.5126304406e-05,1.9849668869e+02,1.4292236028e+00,2.5000000000e-33,3.0
23.9500,4.9833531911e-03,6.9268548531e-01,2.5084447580e-05,1.9866306304e+02,1.4292319244e+00,2.5000000000e-33,3.0
23.9600,4.9792232866e-03,6.9268726566e-01,2.5042677843e-05,1.9882950688e+02,1.4292402356e+00,2.5000000000e-33,3.0
23.9700,4.9750985019e-03,6.9268904377e-01,2.5000994979e-05,1.9899602020e+02,1.4292485364e+00,2.5000000000e-33,3.0
23.9800,4.9709788284e-03,6.9269081966e-01,2.4959398769e-05,1.9916260301e+02,1.4292568269e+00,2.5000000000e-33,3.0
23.9900,4.9668642577e-03,6.9269259332e-01,2.4917889000e-05,1.9932925529e+02,1.4292651071e+00,2.5000000000e-33,3.0
24.0000,4.9627547813e-03,6.9269436476e-01,2.4876465454e-05,1.9949597705e+02,1.4292733770e+00,2.5000000000e-33,3.0
24.0100,4.9586503911e-03,6.9269613399e-01,2.4835127918e-05,1.9966276830e+02,1.4292816367e+00,2.5000000000e-33,3.0
24.0200,4.9545510784e-03,6.9269790101e-01,2.4793876177e-05,1.9982962902e+02,1.4292898860e+00,2.5000000000e-33,3.0
24.0300,4.9504568351e-03,6.9269966581e-01,2.4752710017e-05,1.9999655923e+02,1.4292981251e+00,2.5000000000e-33,3.0
24.0400,4.9463676527e-03,6.9270142841e-01,2.4711629227e-05,2.0016355892e+02,1.4293063540e+00,2.5000000000e-33,3.0
24.0500,4.9422835229e-03,6.9270318882e-01,2.4670633593e-05,2.0033062808e+02,1.4293145727e+00,2.5000000000e-33,3.0
24.0600,4.9382044375e-03,6.9270494702e-01,2.4629722904e-05,2.0049776673e+02,1.4293227812e+00,2.5000000000e-33,3.0
24.0700,4.9341303882e-03,6.9270670303e-01,2.4588896949e-05,2.0066497486e+02,1.4293309795e+00,2.5000000000e-33,3.0
24.0800,4.9300613666e-03,6.9270845685e-01,2.4548155517e-05,2.0083225248e+02,1.4293391676e+00,2.5000000000e-33,3.0
24.0900,4.9259973646e-03,6.9271020848e-01,2.4507498399e-05,2.0099959957e+02,1.4293473456e+00,2.5000000000e-33,3.0
24.1000,4.9219383739e-03,6.9271195793e-01,2.4466925385e-05,2.0116701614e+02,1.4293555135e+00,2.5000000000e-33,3.0
24.1100,4.9178843863e-03,6.9271370520e-01,2.4426436267e-05,2.0133450220e+02,1.4293636712e+00,2.5000000000e-33,3.0
24.1200,4.9138353936e-03,6.9271545030e-01,2.4386030837e-05,2.0150205773e+02,1.4293718189e+00,2.5000000000e-33,3.0
24.1300,4.9097913876e-03,6.9271719322e-01,2.4345708887e-05,2.0166968275e+02,1.4293799565e+00,2.5000000000e-33,3.0
24.1400,4.9057523601e-03,6.9271893398e-01,2.4305470211e-05,2.0183737725e+02,1.4293880840e+00,2.5000000000e-33,3.0
24.1500,4.9017183031e-03,6.9272067257e-01,2.4265314602e-05,2.0200514123e+02,1.4293962015e+00,2.5000000000e-33,3.0
24.1600,4.8976892083e-03,6.9272240900e-01,2.4225241854e-05,2.0217297469e+02,1.4294043090e+00,2.5000000000e-33,3.0
24.1700,4.8936650676e-03,6.9272414327e-01,2.4185251764e-05,2.0234087763e+02,1.4294124064e+00,2.5000000000e-33,3.0
24.1800,4.8896458730e-03,6.9272587539e-01,2.4145344125e-05,2.0250885005e+02,1.4294204939e+00,2.5000000000e-33,3.0
24.1900,4.8856316164e-03,6.9272760536e-01,2.4105518736e-05,2.0267689196e+02,1.4294285713e+00,2.5000000000e-33,3.0
24.2000,4.8816222896e-03,6.9272933318e-01,2.4065775391e-05,2.0284500334e+02,1.4294366388e+00,2.5000000000e-33,3.0
24.2100,4.8776178847e-03,6.9273105886e-01,2.4026113889e-05,2.0301318421e+02,1.4294446964e+00,2.5000000000e-33,3.0
24.2200,4.8736183936e-03,6.9273278239e-01,2.3986534027e-05,2.0318143455e+02,1.4294527440e+00,2.5000000000e-33,3.0
24.2300,4.8696238083e-03,6.9273450380e-01,2.3947035604e-05,2.0334975438e+02,1.4294607818e+00,2.5000000000e-33,3.0
24.2400,4.8656341208e-03,6.9273622306e-01,2.3907618419e-05,2.0351814369e+02,1.4294688096e+00,2.5000000000e-33,3.0
24.2500,4.8616493231e-03,6.9273794020e-01,2.3868282272e-05,2.0368660248e+02,1.4294768275e+00,2.5000000000e-33,3.0
24.2600,4.8576694072e-03,6.9273965522e-01,2.3829026963e-05,2.0385513075e+02,1.4294848356e+00,2.5000000000e-33,3.0
24.2700,4.8536943653e-03,6.9274136811e-01,2.3789852293e-05,2.0402372850e+02,1.4294928338e+00,2.5000000000e-33,3.0
24.2800,4.8497241892e-03,6.9274307888e-01,2.3750758062e-05,2.0419239574e+02,1.4295008222e+00,2.5000000000e-33,3.0
24.2900,4.8457588713e-03,6.9274478754e-01,2.3711744074e-05,2.0436113245e+02,1.4295088008e+00,2.5000000000e-33,3.0
24.3000,4.8417984034e-03,6.9274649408e-01,2.3672810130e-05,2.0452993865e+02,1.4295167696e+00,2.5000000000e-33,3.0
24.3100,4.8378427778e-03,6.9274819852e-01,2.3633956033e-05,2.0469881432e+02,1.4295247286e+00,2.5000000000e-33,3.0
24.3200,4.8338919865e-03,6.9274990086e-01,2.3595181588e-05,2.0486775948e+02,1.4295326778e+00,2.5000000000e-33,3.0
24.3300,4.8299460218e-03,6.9275160109e-01,2.3556486599e-05,2.0503677412e+02,1.4295406173e+00,2.5000000000e-33,3.0
24.3400,4.8260048757e-03,6.9275329922e-01,2.3517870869e-05,2.0520585824e+02,1.4295485471e+00,2.5000000000e-33,3.0
24.3500,4.8220685405e-03,6.9275499526e-01,2.3479334206e-05,2.0537501184e+02,1.4295564671e+00,2.5000000000e-33,3.0
24.3600,4.8181370083e-03,6.9275668921e-01,2.3440876414e-05,2.0554423492e+02,1.4295643774e+00,2.5000000000e-33,3.0
24.3700,4.8142102713e-03,6.9275838107e-01,2.3402497299e-05,2.0571352748e+02,1.4295722780e+00,2.5000000000e-33,3.0
24.3800,4.8102883218e-03,6.9276007085e-01,2.3364196670e-05,2.0588288953e+02,1.4295801690e+00,2.5000000000e-33,3.0
24.3900,4.8063711521e-03,6.9276175854e-01,2.3325974333e-05,2.0605232105e+02,1.4295880503e+00,2.5000000000e-33,3.0
24.4000,4.8024587543e-03,6.9276344416e-01,2.3287830096e-05,2.0622182206e+02,1.4295959220e+00,2.5000000000e-33,3.0
24.4100,4.7985511207e-03,6.9276512771e-01,2.3249763769e-05,2.0639139255e+02,1.4296037840e+00,2.5000000000e-33,3.0
24.4200,4.7946482436e-03,6.9276680918e-01,2.3211775160e-05,2.0656103251e+02,1.4296116364e+00,2.5000000000e-33,3.0
24.4300,4.7907501154e-03,6.9276848859e-01,2.3173864080e-05,2.0673074196e+02,1.4296194793e+00,2.5000000000e-33,3.0
24.4400,4.7868567282e-03,6.9277016593e-01,2.3136030338e-05,2.0690052089e+02,1.4296273125e+00,2.5000000000e-33,3.0
24.4500,4.7829680746e-03,6.9277184122e-01,2.3098273745e-05,2.0707036930e+02,1.4296351362e+00,2.5000000000e-33,3.0
24.4600,4.7790841468e-03,6.9277351444e-01,2.3060594112e-05,2.0724028720e+02,1.4296429503e+00,2.5000000000e-33,3.0
24.4700,4.7752049371e-03,6.9277518562e-01,2.3022991252e-05,2.0741027457e+02,1.4296507550e+00,2.5000000000e-33,3.0
24.4800,4.7713304380e-03,6.9277685474e-01,2.2985464977e-05,2.0758033143e+02,1.4296585501e+00,2.5000000000e-33,3.0
24.4900,4.7674606418e-03,6.9277852182e-01,2.2948015100e-05,2.0775045776e+02,1.4296663356e+00,2.5000000000e-33,3.0
24.5000,4.7635955410e-03,6.9278018685e-01,2.2910641435e-05,2.0792065358e+02,1.4296741118e+00,2.5000000000e-33,3.0
24.5100,4.7597351280e-03,6.9278184984e-01,2.2873343795e-05,2.0809091888e+02,1.4296818784e+00,2.5000000000e-33,3.0
24.5200,4.7558793952e-03,6.9278351080e-01,2.2836121995e-05,2.0826125366e+02,1.4296896356e+00,2.5000000000e-33,3.0
24.5300,4.7520283351e-03,6.9278516972e-01,2.2798975850e-05,2.0843165792e+02,1.4296973833e+00,2.5000000000e-33,3.0
24.5400,4.7481819402e-03,6.9278682661e-01,2.2761905175e-05,2.0860213166e+02,1.4297051216e+00,2.5000000000e-33,3.0
24.5500,4.7443402028e-03,6.9278848148e-01,2.2724909788e-05,2.0877267488e+02,1.4297128505e+00,2.5000000000e-33,3.0
24.5600,4.7405031156e-03,6.9279013432e-01,2.2687989504e-05,2.0894328758e+02,1.4297205701e+00,2.5000000000e-33,3.0
24.5700,4.7366706711e-03,6.9279178514e-01,2.2651144141e-05,2.0911396977e+02,1.4297282802e+00,2.5000000000e-33,3.0
24.5800,4.7328428617e-03,6.9279343395e-01,2.2614373516e-05,2.0928472143e+02,1.4297359810e+00,2.5000000000e-33,3.0
24.5900,4.7290196801e-03,6.9279508074e-01,2.2577677448e-05,2.0945554258e+02,1.4297436724e+00,2.5000000000e-33,3.0
24.6000,4.7252011187e-03,6.9279672552e-01,2.2541055755e-05,2.0962643321e+02,1.4297513545e+00,2.5000000000e-33,3.0
24.6100,4.7213871702e-03,6.9279836829e-01,2.2504508257e-05,2.0979739332e+02,1.4297590273e+00,2.5000000000e-33,3.0
24.6200,4.7175778272e-03,6.9280000906e-01,2.2468034773e-05,2.0996842291e+02,1.4297666907e+00,2.5000000000e-33,3.0
24.6300,4.7137730822e-03,6.9280164783e-01,2.2431635124e-05,2.1013952198e+02,1.4297743449e+00,2.5000000000e-33,3.0
24.6400,4.7099729278e-03,6.9280328461e-01,2.2395309130e-05,2.1031069053e+02,1.4297819898e+00,2.5000000000e-33,3.0
24.6500,4.7061773568e-03,6.9280491938e-01,2.2359056613e-05,2.1048192856e+02,1.4297896255e+00,2.5000000000e-33,3.0
24.6600,4.7023863618e-03,6.9280655217e-01,2.2322877395e-05,2.1065323608e+02,1.4297972519e+00,2.5000000000e-33,3.0
24.6700,4.6985999353e-03,6.9280818297e-01,2.2286771297e-05,2.1082461307e+02,1.4298048691e+00,2.5000000000e-33,3.0
24.6800,4.6948180702e-03,6.9280981179e-01,2.2250738143e-05,2.1099605955e+02,1.4298124771e+00,2.5000000000e-33,3.0
24.6900,4.6910407591e-03,6.9281143862e-01,2.2214777755e-05,2.1116757551e+02,1.4298200758e+00,2.5000000000e-33,3.0
24.7000,4.6872679946e-03,6.9281306348e-01,2.2178889959e-05,2.1133916095e+02,1.4298276654e+00,2.5000000000e-33,3.0
24.7100,4.6834997696e-03,6.9281468636e-01,2.2143074577e-05,2.1151081587e+02,1.4298352458e+00,2.5000000000e-33,3.0
24.7200,4.6797360767e-03,6.9281630727e-01,2.2107331435e-05,2.1168254027e+02,1.4298428171e+00,2.5000000000e-33,3.0
24.7300,4.6759769088e-03,6.9281792621e-01,2.2071660358e-05,2.1185433415e+02,1.4298503792e+00,2.5000000000e-33,3.0
24.7400,4.6722222585e-03,6.9281954318e-01,2.2036061172e-05,2.1202619752e+02,1.4298579322e+00,2.5000000000e-33,3.0
24.7500,4.6684721187e-03,6.9282115820e-01,2.2000533703e-05,2.1219813036e+02,1.4298654761e+00,2.5000000000e-33,3.0
24.7600,4.6647264822e-03,6.9282277125e-01,2.1965077778e-05,2.1237013269e+02,1.4298730109e+00,2.5000000000e-33,3.0
24.7700,4.6609853417e-03,6.9282438235e-01,2.1929693224e-05,2.1254220449e+02,1.4298805366e+00,2.5000000000e-33,3.0
24.7800,4.6572486901e-03,6.9282599150e-01,2.1894379869e-05,2.1271434578e+02,1.4298880533e+00,2.5000000000e-33,3.0
24.7900,4.6535165202e-03,6.9282759870e-01,2.1859137541e-05,2.1288655655e+02,1.4298955609e+00,2.5000000000e-33,3.0
24.8000,4.6497888249e-03,6.9282920395e-01,2.1823966068e-05,2.1305883680e+02,1.4299030594e+00,2.5000000000e-33,3.0
24.8100,4.6460655970e-03,6.9283080726e-01,2.1788865281e-05,2.1323118653e+02,1.4299105490e+00,2.5000000000e-33,3.0
24.8200,4.6423468294e-03,6.9283240863e-01,2.1753835008e-05,2.1340360574e+02,1.4299180295e+00,2.5000000000e-33,3.0
24.8300,4.6386325151e-03,6.9283400806e-01,2.1718875080e-05,2.1357609444e+02,1.4299255010e+00,2.5000000000e-33,3.0
24.8400,4.6349226469e-03,6.9283560556e-01,2.1683985327e-05,2.1374865261e+02,1.4299329636e+00,2.5000000000e-33,3.0
24.8500,4.6312172177e-03,6.9283720113e-01,2.1649165581e-05,2.1392128027e+02,1.4299404172e+00,2.5000000000e-33,3.0
24.8600,4.6275162205e-03,6.9283879477e-01,2.1614415672e-05,2.1409397740e+02,1.4299478618e+00,2.5000000000e-33,3.0
24.8700,4.6238196482e-03,6.9284038648e-01,2.1579735434e-05,2.1426674402e+02,1.4299552975e+00,2.5000000000e-33,3.0
24.8800,4.6201274939e-03,6.9284197628e-01,2.1545124698e-05,2.1443958012e+02,1.4299627243e+00,2.5000000000e-33,3.0
24.8900,4.6164397504e-03,6.9284356415e-01,2.1510583298e-05,2.1461248570e+02,1.4299701421e+00,2.5000000000e-33,3.0
24.9000,4.6127564108e-03,6.9284515012e-01,2.1476111066e-05,2.1478546076e+02,1.4299775511e+00,2.5000000000e-33,3.0
24.9100,4.6090774680e-03,6.9284673417e-01,2.1441707838e-05,2.1495850530e+02,1.4299849512e+00,2.5000000000e-33,3.0
24.9200,4.6054029152e-03,6.9284831631e-01,2.1407373447e-05,2.1513161933e+02,1.4299923424e+00,2.5000000000e-33,3.0
24.9300,4.6017327452e-03,6.9284989654e-01,2.1373107728e-05,2.1530480283e+02,1.4299997248e+00,2.5000000000e-33,3.0
24.9400,4.5980669513e-03,6.9285147487e-01,2.1338910516e-05,2.1547805582e+02,1.4300070984e+00,2.5000000000e-33,3.0
24.9500,4.5944055264e-03,6.9285305131e-01,2.1304781648e-05,2.1565137829e+02,1.4300144631e+00,2.5000000000e-33,3.0
24.9600,4.5907484636e-03,6.9285462584e-01,2.1270720959e-05,2.1582477023e+02,1.4300218190e+00,2.5000000000e-33,3.0
24.9700,4.5870957560e-03,6.9285619848e-01,2.1236728286e-05,2.1599823166e+02,1.4300291661e+00,2.5000000000e-33,3.0
24.9800,4.5834473967e-03,6.9285776924e-01,2.1202803466e-05,2.1617176257e+02,1.4300365045e+00,2.5000000000e-33,3.0
24.9900,4.5798033788e-03,6.9285933810e-01,2.1168946337e-05,2.1634536296e+02,1.4300438340e+00,2.5000000000e-33,3.0
25.0000,4.5761636955e-03,6.9286090508e-01,2.1135156737e-05,2.1651903284e+02,1.4300511548e+00,2.5000000000e-33,3.0
25.0100,4.5725283399e-03,6.9286247018e-01,2.1101434504e-05,2.1669277219e+02,1.4300584669e+00,2.5000000000e-33,3.0
25.0200,4.5688973051e-03,6.9286403340e-01,2.1067779477e-05,2.1686658103e+02,1.4300657703e+00,2.5000000000e-33,3.0
25.0300,4.5652705843e-03,6.9286559474e-01,2.1034191497e-05,2.1704045934e+02,1.4300730649e+00,2.5000000000e-33,3.0
25.0400,4.5616481708e-03,6.9286715421e-01,2.1000670401e-05,2.1721440714e+02,1.4300803509e+00,2.5000000000e-33,3.0
25.0500,4.5580300576e-03,6.9286871181e-01,2.0967216032e-05,2.1738842442e+02,1.4300876281e+00,2.5000000000e-33,3.0
25.0600,4.5544162381e-03,6.9287026755e-01,2.0933828229e-05,2.1756251118e+02,1.4300948967e+00,2.5000000000e-33,3.0
25.0700,4.5508067053e-03,6.9287182142e-01,2.0900506834e-05,2.1773666742e+02,1.4301021566e+00,2.5000000000e-33,3.0
25.0800,4.5472014527e-03,6.9287337343e-01,2.0867251688e-05,2.1791089314e+02,1.4301094079e+00,2.5000000000e-33,3.0
25.0900,4.5436004734e-03,6.9287492359e-01,2.0834062634e-05,2.1808518834e+02,1.4301166506e+00,2.5000000000e-33,3.0
25.1000,4.5400037607e-03,6.9287647188e-01,2.0800939513e-05,2.1825955303e+02,1.4301238846e+00,2.5000000000e-33,3.0
25.1100,4.5364113078e-03,6.9287801833e-01,2.0767882170e-05,2.1843398719e+02,1.4301311101e+00,2.5000000000e-33,3.0
25.1200,4.5328231081e-03,6.9287956293e-01,2.0734890446e-05,2.1860849084e+02,1.4301383269e+00,2.5000000000e-33,3.0
25.1300,4.5292391548e-03,6.9288110568e-01,2.0701964187e-05,2.1878306396e+02,1.4301455352e+00,2.5000000000e-33,3.0
25.1400,4.5256594414e-03,6.9288264659e-01,2.0669103235e-05,2.1895770657e+02,1.4301527349e+00,2.5000000000e-33,3.0
25.1500,4.5220839610e-03,6.9288418566e-01,2.0636307437e-05,2.1913241866e+02,1.4301599261e+00,2.5000000000e-33,3.0
25.1600,4.5185127071e-03,6.9288572290e-01,2.0603576637e-05,2.1930720023e+02,1.4301671088e+00,2.5000000000e-33,3.0
25.1700,4.5149456729e-03,6.9288725830e-01,2.0570910680e-05,2.1948205129e+02,1.4301742829e+00,2.5000000000e-33,3.0
25.1800,4.5113828520e-03,6.9288879186e-01,2.0538309413e-05,2.1965697182e+02,1.4301814485e+00,2.5000000000e-33,3.0
25.1900,4.5078242376e-03,6.9289032360e-01,2.0505772682e-05,2.1983196183e+02,1.4301886056e+00,2.5000000000e-33,3.0
25.2000,4.5042698232e-03,6.9289185352e-01,2.0473300334e-05,2.2000702133e+02,1.4301957542e+00,2.5000000000e-33,3.0
25.2100,4.5007196021e-03,6.9289338161e-01,2.0440892215e-05,2.2018215031e+02,1.4302028944e+00,2.5000000000e-33,3.0
25.2200,4.4971735677e-03,6.9289490788e-01,2.0408548174e-05,2.2035734876e+02,1.4302100261e+00,2.5000000000e-33,3.0
25.2300,4.4936317136e-03,6.9289643234e-01,2.0376268059e-05,2.2053261670e+02,1.4302171494e+00,2.5000000000e-33,3.0
25.2400,4.4900940332e-03,6.9289795498e-01,2.0344051718e-05,2.2070795412e+02,1.4302242643e+00,2.5000000000e-33,3.0
25.2500,4.4865605199e-03,6.9289947581e-01,2.0311899000e-05,2.2088336102e+02,1.4302313707e+00,2.5000000000e-33,3.0
25.2600,4.4830311671e-03,6.9290099483e-01,2.0279809754e-05,2.2105883741e+02,1.4302384688e+00,2.5000000000e-33,3.0
25.2700,4.4795059684e-03,6.9290251205e-01,2.0247783831e-05,2.2123438327e+02,1.4302455584e+00,2.5000000000e-33,3.0
25.2800,4.4759849173e-03,6.9290402747e-01,2.0215821080e-05,2.2140999861e+02,1.4302526397e+00,2.5000000000e-33,3.0
25.2900,4.4724680073e-03,6.9290554108e-01,2.0183921352e-05,2.2158568344e+02,1.4302597126e+00,2.5000000000e-33,3.0
25.3000,4.4689552319e-03,6.9290705290e-01,2.0152084498e-05,2.2176143775e+02,1.4302667772e+00,2.5000000000e-33,3.0
25.3100,4.4654465846e-03,6.9290856293e-01,2.0120310369e-05,2.2193726154e+02,1.4302738334e+00,2.5000000000e-33,3.0
25.3200,4.4619420590e-03,6.9291007117e-01,2.0088598818e-05,2.2211315480e+02,1.4302808813e+00,2.5000000000e-33,3.0
25.3300,4.4584416487e-03,6.9291157761e-01,2.0056949696e-05,2.2228911755e+02,1.4302879210e+00,2.5000000000e-33,3.0
25.3400,4.4549453471e-03,6.9291308227e-01,2.0025362855e-05,2.2246514979e+02,1.4302949523e+00,2.5000000000e-33,3.0
25.3500,4.4514531480e-03,6.9291458515e-01,1.9993838150e-05,2.2264125150e+02,1.4303019753e+00,2.5000000000e-33,3.0
25.3600,4.4479650449e-03,6.9291608625e-01,1.9962375433e-05,2.2281742269e+02,1.4303089901e+00,2.5000000000e-33,3.0
25.3700,4.4444810314e-03,6.9291758558e-01,1.9930974559e-05,2.2299366337e+02,1.4303159966e+00,2.5000000000e-33,3.0
25.3800,4.4410011011e-03,6.9291908313e-01,1.9899635381e-05,2.2316997352e+02,1.4303229948e+00,2.5000000000e-33,3.0
25.3900,4.4375252477e-03,6.9292057890e-01,1.9868357754e-05,2.2334635316e+02,1.4303299849e+00,2.5000000000e-33,3.0
25.4000,4.4340534649e-03,6.9292207291e-01,1.9837141534e-05,2.2352280228e+02,1.4303369667e+00,2.5000000000e-33,3.0
25.4100,4.4305857462e-03,6.9292356516e-01,1.9805986575e-05,2.2369932088e+02,1.4303439403e+00,2.5000000000e-33,3.0
25.4200,4.4271220853e-03,6.9292505564e-01,1.9774892734e-05,2.2387590896e+02,1.4303509057e+00,2.5000000000e-33,3.0
25.4300,4.4236624760e-03,6.9292654436e-01,1.9743859866e-05,2.2405256652e+02,1.4303578630e+00,2.5000000000e-33,3.0
25.4400,4.4202069120e-03,6.9292803132e-01,1.9712887829e-05,2.2422929357e+02,1.4303648120e+00,2.5000000000e-33,3.0
25.4500,4.4167553868e-03,6.9292951653e-01,1.9681976479e-05,2.2440609009e+02,1.4303717530e+00,2.5000000000e-33,3.0
25.4600,4.4133078944e-03,6.9293099999e-01,1.9651125674e-05,2.2458295610e+02,1.4303786858e+00,2.5000000000e-33,3.0
25.4700,4.4098644283e-03,6.9293248170e-01,1.9620335271e-05,2.2475989158e+02,1.4303856104e+00,2.5000000000e-33,3.0
25.4800,4.4064249824e-03,6.9293396166e-01,1.9589605129e-05,2.2493689655e+02,1.4303925270e+00,2.5000000000e-33,3.0
25.4900,4.4029895504e-03,6.9293543988e-01,1.9558935107e-05,2.2511397100e+02,1.4303994354e+00,2.5000000000e-33,3.0
25.5000,4.3995581261e-03,6.9293691636e-01,1.9528325062e-05,2.2529111493e+02,1.4304063357e+00,2.5000000000e-33,3.0
25.5100,4.3961307032e-03,6.9293839110e-01,1.9497774856e-05,2.2546832834e+02,1.4304132280e+00,2.5000000000e-33,3.0
25.5200,4.3927072755e-03,6.9293986410e-01,1.9467284347e-05,2.2564561123e+02,1.4304201122e+00,2.5000000000e-33,3.0
25.5300,4.3892878370e-03,6.9294133537e-01,1.9436853395e-05,2.2582296361e+02,1.4304269884e+00,2.5000000000e-33,3.0
25.5400,4.3858723812e-03,6.9294280492e-01,1.9406481862e-05,2.2600038546e+02,1.4304338565e+00,2.5000000000e-33,3.0
25.5500,4.3824609022e-03,6.9294427273e-01,1.9376169607e-05,2.2617787680e+02,1.4304407166e+00,2.5000000000e-33,3.0
25.5600,4.3790533938e-03,6.9294573882e-01,1.9345916493e-05,2.2635543762e+02,1.4304475686e+00,2.5000000000e-33,3.0
25.5700,4.3756498497e-03,6.9294720319e-01,1.9315722380e-05,2.2653306792e+02,1.4304544127e+00,2.5000000000e-33,3.0
25.5800,4.3722502639e-03,6.9294866584e-01,1.9285587131e-05,2.2671076770e+02,1.4304612488e+00,2.5000000000e-33,3.0
25.5900,4.3688546302e-03,6.9295012677e-01,1.9255510608e-05,2.2688853696e+02,1.4304680769e+00,2.5000000000e-33,3.0
25.6000,4.3654629426e-03,6.9295158599e-01,1.9225492674e-05,2.2706637570e+02,1.4304748970e+00,2.5000000000e-33,3.0
25.6100,4.3620751949e-03,6.9295304350e-01,1.9195533193e-05,2.2724428392e+02,1.4304817092e+00,2.5000000000e-33,3.0
25.6200,4.3586913810e-03,6.9295449930e-01,1.9165632027e-05,2.2742226163e+02,1.4304885135e+00,2.5000000000e-33,3.0
25.6300,4.3553114950e-03,6.9295595340e-01,1.9135789040e-05,2.2760030881e+02,1.4304953098e+00,2.5000000000e-33,3.0
25.6400,4.3519355306e-03,6.9295740579e-01,1.9106004098e-05,2.2777842548e+02,1.4305020982e+00,2.5000000000e-33,3.0
25.6500,4.3485634818e-03,6.9295885648e-01,1.9076277064e-05,2.2795661163e+02,1.4305088787e+00,2.5000000000e-33,3.0
25.6600,4.3451953427e-03,6.9296030547e-01,1.9046607803e-05,2.2813486726e+02,1.4305156513e+00,2.5000000000e-33,3.0
25.6700,4.3418311072e-03,6.9296175277e-01,1.9016996181e-05,2.2831319237e+02,1.4305224160e+00,2.5000000000e-33,3.0
25.6800,4.3384707692e-03,6.9296319838e-01,1.8987442063e-05,2.2849158696e+02,1.4305291729e+00,2.5000000000e-33,3.0
25.6900,4.3351143228e-03,6.9296464229e-01,1.8957945316e-05,2.2867005103e+02,1.4305359219e+00,2.5000000000e-33,3.0
25.7000,4.3317617619e-03,6.9296608452e-01,1.8928505806e-05,2.2884858458e+02,1.4305426631e+00,2.5000000000e-33,3.0
25.7100,4.3284130807e-03,6.9296752507e-01,1.8899123400e-05,2.2902718762e+02,1.4305493964e+00,2.5000000000e-33,3.0
25.7200,4.3250682730e-03,6.9296896393e-01,1.8869797964e-05,2.2920586013e+02,1.4305561219e+00,2.5000000000e-33,3.0
25.7300,4.3217273330e-03,6.9297040111e-01,1.8840529368e-05,2.2938460213e+02,1.4305628396e+00,2.5000000000e-33,3.0
25.7400,4.3183902547e-03,6.9297183662e-01,1.8811317478e-05,2.2956341361e+02,1.4305695496e+00,2.5000000000e-33,3.0
25.7500,4.3150570322e-03,6.9297327045e-01,1.8782162162e-05,2.2974229457e+02,1.4305762517e+00,2.5000000000e-33,3.0
25.7600,4.3117276595e-03,6.9297470262e-01,1.8753063290e-05,2.2992124501e+02,1.4305829461e+00,2.5000000000e-33,3.0
25.7700,4.3084021307e-03,6.9297613311e-01,1.8724020731e-05,2.3010026493e+02,1.4305896327e+00,2.5000000000e-33,3.0
25.7800,4.3050804400e-03,6.9297756194e-01,1.8695034352e-05,2.3027935434e+02,1.4305963115e+00,2.5000000000e-33,3.0
25.7900,4.3017625814e-03,6.9297898910e-01,1.8666104026e-05,2.3045851322e+02,1.4306029827e+00,2.5000000000e-33,3.0
25.8000,4.2984485490e-03,6.9298041460e-01,1.8637229620e-05,2.3063774159e+02,1.4306096461e+00,2.5000000000e-33,3.0
25.8100,4.2951383370e-03,6.9298183844e-01,1.8608411006e-05,2.3081703943e+02,1.4306163018e+00,2.5000000000e-33,3.0
25.8200,4.2918319396e-03,6.9298326063e-01,1.8579648055e-05,2.3099640676e+02,1.4306229498e+00,2.5000000000e-33,3.0
25.8300,4.2885293508e-03,6.9298468116e-01,1.8550940637e-05,2.3117584357e+02,1.4306295901e+00,2.5000000000e-33,3.0
25.8400,4.2852305649e-03,6.9298610005e-01,1.8522288624e-05,2.3135534986e+02,1.4306362227e+00,2.5000000000e-33,3.0
25.8500,4.2819355760e-03,6.9298751728e-01,1.8493691888e-05,2.3153492563e+02,1.4306428477e+00,2.5000000000e-33,3.0
25.8600,4.2786443783e-03,6.9298893287e-01,1.8465150301e-05,2.3171457089e+02,1.4306494650e+00,2.5000000000e-33,3.0
25.8700,4.2753569660e-03,6.9299034682e-01,1.8436663735e-05,2.3189428562e+02,1.4306560747e+00,2.5000000000e-33,3.0
25.8800,4.2720733333e-03,6.9299175912e-01,1.8408232063e-05,2.3207406984e+02,1.4306626768e+00,2.5000000000e-33,3.0
25.8900,4.2687934745e-03,6.9299316979e-01,1.8379855158e-05,2.3225392353e+02,1.4306692712e+00,2.5000000000e-33,3.0
25.9000,4.2655173837e-03,6.9299457882e-01,1.8351532894e-05,2.3243384671e+02,1.4306758581e+00,2.5000000000e-33,3.0
25.9100,4.2622450552e-03,6.9299598622e-01,1.8323265145e-05,2.3261383937e+02,1.4306824373e+00,2.5000000000e-33,3.0
25.9200,4.2589764833e-03,6.9299739199e-01,1.8295051785e-05,2.3279390151e+02,1.4306890090e+00,2.5000000000e-33,3.0
25.9300,4.2557116622e-03,6.9299879613e-01,1.8266892688e-05,2.3297403313e+02,1.4306955731e+00,2.5000000000e-33,3.0
25.9400,4.2524505862e-03,6.9300019865e-01,1.8238787729e-05,2.3315423423e+02,1.4307021296e+00,2.5000000000e-33,3.0
25.9500,4.2491932496e-03,6.9300159954e-01,1.8210736783e-05,2.3333450482e+02,1.4307086786e+00,2.5000000000e-33,3.0
25.9600,4.2459396467e-03,6.9300299881e-01,1.8182739726e-05,2.3351484488e+02,1.4307152201e+00,2.5000000000e-33,3.0
25.9700,4.2426897717e-03,6.9300439646e-01,1.8154796434e-05,2.3369525443e+02,1.4307217540e+00,2.5000000000e-33,3.0
25.9800,4.2394436191e-03,6.9300579250e-01,1.8126906783e-05,2.3387573346e+02,1.4307282805e+00,2.5000000000e-33,3.0
25.9900,4.2362011831e-03,6.9300718693e-01,1.8099070649e-05,2.3405628196e+02,1.4307347994e+00,2.5000000000e-33,3.0
26.0000,4.2329624581e-03,6.9300857974e-01,1.8071287909e-05,2.3423689995e+02,1.4307413108e+00,2.5000000000e-33,3.0
26.0100,4.2297274384e-03,6.9300997095e-01,1.8043558441e-05,2.3441758742e+02,1.4307478148e+00,2.5000000000e-33,3.0
26.0200,4.2264961184e-03,6.9301136055e-01,1.8015882122e-05,2.3459834438e+02,1.4307543113e+00,2.5000000000e-33,3.0
26.0300,4.2232684924e-03,6.9301274855e-01,1.7988258830e-05,2.3477917081e+02,1.4307608003e+00,2.5000000000e-33,3.0
26.0400,4.2200445549e-03,6.9301413495e-01,1.7960688443e-05,2.3496006672e+02,1.4307672819e+00,2.5000000000e-33,3.0
26.0500,4.2168243002e-03,6.9301551975e-01,1.7933170839e-05,2.3514103212e+02,1.4307737561e+00,2.5000000000e-33,3.0
26.0600,4.2136077228e-03,6.9301690295e-01,1.7905705897e-05,2.3532206700e+02,1.4307802229e+00,2.5000000000e-33,3.0
26.0700,4.2103948171e-03,6.9301828456e-01,1.7878293497e-05,2.3550317136e+02,1.4307866822e+00,2.5000000000e-33,3.0
26.0800,4.2071855774e-03,6.9301966458e-01,1.7850933518e-05,2.3568434519e+02,1.4307931341e+00,2.5000000000e-33,3.0
26.0900,4.2039799982e-03,6.9302104302e-01,1.7823625840e-05,2.3586558852e+02,1.4307995787e+00,2.5000000000e-33,3.0
26.1000,4.2007780740e-03,6.9302241986e-01,1.7796370342e-05,2.3604690132e+02,1.4308060159e+00,2.5000000000e-33,3.0
26.1100,4.1975797992e-03,6.9302379512e-01,1.7769166906e-05,2.3622828360e+02,1.4308124457e+00,2.5000000000e-33,3.0
26.1200,4.1943851683e-03,6.9302516881e-01,1.7742015412e-05,2.3640973536e+02,1.4308188682e+00,2.5000000000e-33,3.0
26.1300,4.1911941757e-03,6.9302654091e-01,1.7714915740e-05,2.3659125661e+02,1.4308252833e+00,2.5000000000e-33,3.0
26.1400,4.1880068161e-03,6.9302791143e-01,1.7687867774e-05,2.3677284734e+02,1.4308316911e+00,2.5000000000e-33,3.0
26.1500,4.1848230837e-03,6.9302928039e-01,1.7660871393e-05,2.3695450754e+02,1.4308380916e+00,2.5000000000e-33,3.0
26.1600,4.1816429732e-03,6.9303064777e-01,1.7633926481e-05,2.3713623723e+02,1.4308444848e+00,2.5000000000e-33,3.0
26.1700,4.1784664791e-03,6.9303201358e-01,1.7607032919e-05,2.3731803640e+02,1.4308508706e+00,2.5000000000e-33,3.0
26.1800,4.1752935960e-03,6.9303337783e-01,1.7580190590e-05,2.3749990505e+02,1.4308572492e+00,2.5000000000e-33,3.0
26.1900,4.1721243182e-03,6.9303474051e-01,1.7553399377e-05,2.3768184319e+02,1.4308636205e+00,2.5000000000e-33,3.0
26.2000,4.1689586405e-03,6.9303610163e-01,1.7526659164e-05,2.3786385080e+02,1.4308699846e+00,2.5000000000e-33,3.0
26.2100,4.1657965573e-03,6.9303746119e-01,1.7499969834e-05,2.3804592790e+02,1.4308763414e+00,2.5000000000e-33,3.0
26.2200,4.1626380633e-03,6.9303881920e-01,1.7473331271e-05,2.3822807447e+02,1.4308826909e+00,2.5000000000e-33,3.0
26.2300,4.1594831529e-03,6.9304017564e-01,1.7446743359e-05,2.3841029053e+02,1.4308890333e+00,2.5000000000e-33,3.0
26.2400,4.1563318209e-03,6.9304153054e-01,1.7420205982e-05,2.3859257607e+02,1.4308953684e+00,2.5000000000e-33,3.0
26.2500,4.1531840618e-03,6.9304288389e-01,1.7393719026e-05,2.3877493109e+02,1.4309016963e+00,2.5000000000e-33,3.0
26.2600,4.1500398702e-03,6.9304423569e-01,1.7367282375e-05,2.3895735559e+02,1.4309080170e+00,2.5000000000e-33,3.0
26.2700,4.1468992407e-03,6.9304558594e-01,1.7340895916e-05,2.3913984957e+02,1.4309143305e+00,2.5000000000e-33,3.0
26.2800,4.1437621680e-03,6.9304693465e-01,1.7314559533e-05,2.3932241304e+02,1.4309206369e+00,2.5000000000e-33,3.0
26.2900,4.1406286467e-03,6.9304828183e-01,1.7288273112e-05,2.3950504598e+02,1.4309269360e+00,2.5000000000e-33,3.0
26.3000,4.1374986715e-03,6.9304962746e-01,1.7262036541e-05,2.3968774841e+02,1.4309332281e+00,2.5000000000e-33,3.0
26.3100,4.1343722370e-03,6.9305097156e-01,1.7235849706e-05,2.3987052032e+02,1.4309395129e+00,2.5000000000e-33,3.0
26.3200,4.1312493379e-03,6.9305231412e-01,1.7209712493e-05,2.4005336170e+02,1.4309457907e+00,2.5000000000e-33,3.0
26.3300,4.1281299689e-03,6.9305365515e-01,1.7183624790e-05,2.4023627257e+02,1.4309520613e+00,2.5000000000e-33,3.0
26.3400,4.1250141247e-03,6.9305499466e-01,1.7157586485e-05,2.4041925293e+02,1.4309583248e+00,2.5000000000e-33,3.0
26.3500,4.1219017999e-03,6.9305633263e-01,1.7131597465e-05,2.4060230276e+02,1.4309645812e+00,2.5000000000e-33,3.0
26.3600,4.1187929893e-03,6.9305766909e-01,1.7105657618e-05,2.4078542207e+02,1.4309708306e+00,2.5000000000e-33,3.0
26.3700,4.1156876877e-03,6.9305900402e-01,1.7079766833e-05,2.4096861087e+02,1.4309770728e+00,2.5000000000e-33,3.0
26.3800,4.1125858896e-03,6.9306033743e-01,1.7053924999e-05,2.4115186914e+02,1.4309833080e+00,2.5000000000e-33,3.0
26.3900,4.1094875900e-03,6.9306166933e-01,1.7028132004e-05,2.4133519690e+02,1.4309895361e+00,2.5000000000e-33,3.0
26.4000,4.1063927835e-03,6.9306299971e-01,1.7002387738e-05,2.4151859414e+02,1.4309957572e+00,2.5000000000e-33,3.0
26.4100,4.1033014649e-03,6.9306432857e-01,1.6976692091e-05,2.4170206086e+02,1.4310019712e+00,2.5000000000e-33,3.0
26.4200,4.1002136289e-03,6.9306565593e-01,1.6951044952e-05,2.4188559706e+02,1.4310081782e+00,2.5000000000e-33,3.0
26.4300,4.0971292704e-03,6.9306698178e-01,1.6925446211e-05,2.4206920274e+02,1.4310143782e+00,2.5000000000e-33,3.0
26.4400,4.0940483841e-03,6.9306830612e-01,1.6899895760e-05,2.4225287790e+02,1.4310205712e+00,2.5000000000e-33,3.0
26.4500,4.0909709649e-03,6.9306962896e-01,1.6874393489e-05,2.4243662255e+02,1.4310267572e+00,2.5000000000e-33,3.0
26.4600,4.0878970075e-03,6.9307095030e-01,1.6848939288e-05,2.4262043667e+02,1.4310329363e+00,2.5000000000e-33,3.0
26.4700,4.0848265068e-03,6.9307227014e-01,1.6823533049e-05,2.4280432028e+02,1.4310391083e+00,2.5000000000e-33,3.0
26.4800,4.0817594576e-03,6.9307358848e-01,1.6798174665e-05,2.4298827337e+02,1.4310452734e+00,2.5000000000e-33,3.0
26.4900,4.0786958547e-03,6.9307490533e-01,1.6772864026e-05,2.4317229594e+02,1.4310514315e+00,2.5000000000e-33,3.0
26.5000,4.0756356930e-03,6.9307622069e-01,1.6747601025e-05,2.4335638799e+02,1.4310575827e+00,2.5000000000e-33,3.0
26.5100,4.0725789673e-03,6.9307753456e-01,1.6722385555e-05,2.4354054952e+02,1.4310637270e+00,2.5000000000e-33,3.0
26.5200,4.0695256726e-03,6.9307884694e-01,1.6697217508e-05,2.4372478054e+02,1.4310698643e+00,2.5000000000e-33,3.0
26.5300,4.0664758036e-03,6.9308015783e-01,1.6672096777e-05,2.4390908103e+02,1.4310759947e+00,2.5000000000e-33,3.0
26.5400,4.0634293554e-03,6.9308146724e-01,1.6647023255e-05,2.4409345101e+02,1.4310821183e+00,2.5000000000e-33,3.0
26.5500,4.0603863226e-03,6.9308277517e-01,1.6621996837e-05,2.4427789046e+02,1.4310882349e+00,2.5000000000e-33,3.0
26.5600,4.0573467004e-03,6.9308408162e-01,1.6597017416e-05,2.4446239940e+02,1.4310943447e+00,2.5000000000e-33,3.0
26.5700,4.0543104836e-03,6.9308538660e-01,1.6572084886e-05,2.4464697782e+02,1.4311004475e+00,2.5000000000e-33,3.0
26.5800,4.0512776670e-03,6.9308669010e-01,1.6547199142e-05,2.4483162572e+02,1.4311065436e+00,2.5000000000e-33,3.0
26.5900,4.0482482458e-03,6.9308799213e-01,1.6522360078e-05,2.4501634310e+02,1.4311126328e+00,2.5000000000e-33,3.0
26.6000,4.0452222147e-03,6.9308929268e-01,1.6497567590e-05,2.4520112997e+02,1.4311187151e+00,2.5000000000e-33,3.0
26.6100,4.0421995688e-03,6.9309059178e-01,1.6472821572e-05,2.4538598631e+02,1.4311247906e+00,2.5000000000e-33,3.0
26.6200,4.0391803029e-03,6.9309188940e-01,1.6448121920e-05,2.4557091214e+02,1.4311308593e+00,2.5000000000e-33,3.0
26.6300,4.0361644122e-03,6.9309318556e-01,1.6423468531e-05,2.4575590744e+02,1.4311369212e+00,2.5000000000e-33,3.0
26.6400,4.0331518915e-03,6.9309448027e-01,1.6398861300e-05,2.4594097223e+02,1.4311429763e+00,2.5000000000e-33,3.0
26.6500,4.0301427359e-03,6.9309577351e-01,1.6374300123e-05,2.4612610650e+02,1.4311490246e+00,2.5000000000e-33,3.0
26.6600,4.0271369403e-03,6.9309706530e-01,1.6349784897e-05,2.4631131025e+02,1.4311550662e+00,2.5000000000e-33,3.0
26.6700,4.0241344998e-03,6.9309835563e-01,1.6325315519e-05,2.4649658348e+02,1.4311611009e+00,2.5000000000e-33,3.0
26.6800,4.0211354094e-03,6.9309964451e-01,1.6300891887e-05,2.4668192620e+02,1.4311671289e+00,2.5000000000e-33,3.0
26.6900,4.0181396641e-03,6.9310093194e-01,1.6276513897e-05,2.4686733839e+02,1.4311731502e+00,2.5000000000e-33,3.0
26.7000,4.0151472589e-03,6.9310221792e-01,1.6252181448e-05,2.4705282007e+02,1.4311791647e+00,2.5000000000e-33,3.0
26.7100,4.0121581890e-03,6.9310350246e-01,1.6227894437e-05,2.4723837122e+02,1.4311851725e+00,2.5000000000e-33,3.0
26.7200,4.0091724492e-03,6.9310478555e-01,1.6203652763e-05,2.4742399186e+02,1.4311911736e+00,2.5000000000e-33,3.0
26.7300,4.0061900348e-03,6.9310606720e-01,1.6179456323e-05,2.4760968198e+02,1.4311971680e+00,2.5000000000e-33,3.0
26.7400,4.0032109408e-03,6.9310734741e-01,1.6155305018e-05,2.4779544158e+02,1.4312031556e+00,2.5000000000e-33,3.0
26.7500,4.0002351622e-03,6.9310862619e-01,1.6131198745e-05,2.4798127066e+02,1.4312091366e+00,2.5000000000e-33,3.0
26.7600,3.9972626942e-03,6.9310990353e-01,1.6107137405e-05,2.4816716923e+02,1.4312151109e+00,2.5000000000e-33,3.0
26.7700,3.9942935319e-03,6.9311117944e-01,1.6083120897e-05,2.4835313727e+02,1.4312210786e+00,2.5000000000e-33,3.0
26.7800,3.9913276703e-03,6.9311245391e-01,1.6059149120e-05,2.4853917480e+02,1.4312270396e+00,2.5000000000e-33,3.0
26.7900,3.9883651046e-03,6.9311372696e-01,1.6035221975e-05,2.4872528180e+02,1.4312329939e+00,2.5000000000e-33,3.0
26.8000,3.9854058299e-03,6.9311499858e-01,1.6011339362e-05,2.4891145829e+02,1.4312389416e+00,2.5000000000e-33,3.0
26.8100,3.9824498414e-03,6.9311626878e-01,1.5987501182e-05,2.4909770426e+02,1.4312448827e+00,2.5000000000e-33,3.0
26.8200,3.9794971341e-03,6.9311753756e-01,1.5963707336e-05,2.4928401971e+02,1.4312508172e+00,2.5000000000e-33,3.0
26.8300,3.9765477033e-03,6.9311880491e-01,1.5939957724e-05,2.4947040464e+02,1.4312567450e+00,2.5000000000e-33,3.0
26.8400,3.9736015442e-03,6.9312007085e-01,1.5916252248e-05,2.4965685906e+02,1.4312626663e+00,2.5000000000e-33,3.0
26.8500,3.9706586518e-03,6.9312133537e-01,1.5892590810e-05,2.4984338295e+02,1.4312685809e+00,2.5000000000e-33,3.0
26.8600,3.9677190214e-03,6.9312259848e-01,1.5868973311e-05,2.5002997633e+02,1.4312744890e+00,2.5000000000e-33,3.0
26.8700,3.9647826481e-03,6.9312386018e-01,1.5845399655e-05,2.5021663918e+02,1.4312803906e+00,2.5000000000e-33,3.0
26.8800,3.9618495272e-03,6.9312512047e-01,1.5821869742e-05,2.5040337152e+02,1.4312862855e+00,2.5000000000e-33,3.0
26.8900,3.9589196539e-03,6.9312637935e-01,1.5798383476e-05,2.5059017334e+02,1.4312921739e+00,2.5000000000e-33,3.0
26.9000,3.9559930233e-03,6.9312763683e-01,1.5774940761e-05,2.5077704464e+02,1.4312980558e+00,2.5000000000e-33,3.0
26.9100,3.9530696308e-03,6.9312889290e-01,1.5751541497e-05,2.5096398542e+02,1.4313039311e+00,2.5000000000e-33,3.0
26.9200,3.9501494715e-03,6.9313014757e-01,1.5728185591e-05,2.5115099569e+02,1.4313098000e+00,2.5000000000e-33,3.0
26.9300,3.9472325406e-03,6.9313140084e-01,1.5704872944e-05,2.5133807543e+02,1.4313156623e+00,2.5000000000e-33,3.0
26.9400,3.9443188336e-03,6.9313265272e-01,1.5681603461e-05,2.5152522466e+02,1.4313215181e+00,2.5000000000e-33,3.0
26.9500,3.9414083455e-03,6.9313390320e-01,1.5658377046e-05,2.5171244336e+02,1.4313273674e+00,2.5000000000e-33,3.0
26.9600,3.9385010716e-03,6.9313515229e-01,1.5635193604e-05,2.5189973155e+02,1.4313332103e+00,2.5000000000e-33,3.0
26.9700,3.9355970073e-03,6.9313639999e-01,1.5612053039e-05,2.5208708922e+02,1.4313390466e+00,2.5000000000e-33,3.0
26.9800,3.9326961479e-03,6.9313764629e-01,1.5588955256e-05,2.5227451637e+02,1.4313448765e+00,2.5000000000e-33,3.0
26.9900,3.9297984885e-03,6.9313889122e-01,1.5565900160e-05,2.5246201301e+02,1.4313507000e+00,2.5000000000e-33,3.0
27.0000,3.9269040246e-03,6.9314013476e-01,1.5542887656e-05,2.5264957912e+02,1.4313565170e+00,2.5000000000e-33,3.0
27.0100,3.9240127515e-03,6.9314137691e-01,1.5519917651e-05,2.5283721471e+02,1.4313623276e+00,2.5000000000e-33,3.0
27.0200,3.9211246644e-03,6.9314261769e-01,1.5496990050e-05,2.5302491979e+02,1.4313681317e+00,2.5000000000e-33,3.0
27.0300,3.9182397586e-03,6.9314385708e-01,1.5474104759e-05,2.5321269435e+02,1.4313739294e+00,2.5000000000e-33,3.0
27.0400,3.9153580296e-03,6.9314509510e-01,1.5451261685e-05,2.5340053838e+02,1.4313797208e+00,2.5000000000e-33,3.0
27.0500,3.9124794727e-03,6.9314633175e-01,1.5428460734e-05,2.5358845190e+02,1.4313855057e+00,2.5000000000e-33,3.0
27.0600,3.9096040832e-03,6.9314756703e-01,1.5405701813e-05,2.5377643491e+02,1.4313912842e+00,2.5000000000e-33,3.0
27.0700,3.9067318565e-03,6.9314880093e-01,1.5382984829e-05,2.5396448739e+02,1.4313970564e+00,2.5000000000e-33,3.0
27.0800,3.9038627880e-03,6.9315003347e-01,1.5360309689e-05,2.5415260935e+02,1.4314028222e+00,2.5000000000e-33,3.0
27.0900,3.9009968730e-03,6.9315126464e-01,1.5337676302e-05,2.5434080080e+02,1.4314085816e+00,2.5000000000e-33,3.0
27.1000,3.8981341069e-03,6.9315249444e-01,1.5315084574e-05,2.5452906172e+02,1.4314143347e+00,2.5000000000e-33,3.0
27.1100,3.8952744852e-03,6.9315372289e-01,1.5292534415e-05,2.5471739213e+02,1.4314200815e+00,2.5000000000e-33,3.0
27.1200,3.8924180032e-03,6.9315494997e-01,1.5270025731e-05,2.5490579202e+02,1.4314258219e+00,2.5000000000e-33,3.0
27.1300,3.8895646563e-03,6.9315617570e-01,1.5247558433e-05,2.5509426139e+02,1.4314315560e+00,2.5000000000e-33,3.0
27.1400,3.8867144401e-03,6.9315740006e-01,1.5225132427e-05,2.5528280024e+02,1.4314372838e+00,2.5000000000e-33,3.0
27.1500,3.8838673498e-03,6.9315862308e-01,1.5202747625e-05,2.5547140857e+02,1.4314430053e+00,2.5000000000e-33,3.0
27.1600,3.8810233810e-03,6.9315984474e-01,1.5180403933e-05,2.5566008638e+02,1.4314487205e+00,2.5000000000e-33,3.0
27.1700,3.8781825290e-03,6.9316106506e-01,1.5158101263e-05,2.5584883368e+02,1.4314544294e+00,2.5000000000e-33,3.0
27.1800,3.8753447894e-03,6.9316228402e-01,1.5135839524e-05,2.5603765046e+02,1.4314601320e+00,2.5000000000e-33,3.0
27.1900,3.8725101576e-03,6.9316350164e-01,1.5113618625e-05,2.5622653671e+02,1.4314658284e+00,2.5000000000e-33,3.0
27.2000,3.8696786291e-03,6.9316471792e-01,1.5091438478e-05,2.5641549245e+02,1.4314715185e+00,2.5000000000e-33,3.0
27.2100,3.8668501993e-03,6.9316593285e-01,1.5069298991e-05,2.5660451767e+02,1.4314772023e+00,2.5000000000e-33,3.0
27.2200,3.8640248638e-03,6.9316714644e-01,1.5047200077e-05,2.5679361237e+02,1.4314828799e+00,2.5000000000e-33,3.0
27.2300,3.8612026180e-03,6.9316835870e-01,1.5025141645e-05,2.5698277656e+02,1.4314885513e+00,2.5000000000e-33,3.0
27.2400,3.8583834575e-03,6.9316956962e-01,1.5003123607e-05,2.5717201022e+02,1.4314942165e+00,2.5000000000e-33,3.0
27.2500,3.8555673777e-03,6.9317077920e-01,1.4981145874e-05,2.5736131336e+02,1.4314998755e+00,2.5000000000e-33,3.0
27.2600,3.8527543742e-03,6.9317198745e-01,1.4959208357e-05,2.5755068599e+02,1.4315055282e+00,2.5000000000e-33,3.0
27.2700,3.8499444426e-03,6.9317319437e-01,1.4937310969e-05,2.5774012810e+02,1.4315111748e+00,2.5000000000e-33,3.0
27.2800,3.8471375783e-03,6.9317439997e-01,1.4915453621e-05,2.5792963969e+02,1.4315168152e+00,2.5000000000e-33,3.0
27.2900,3.8443337768e-03,6.9317560423e-01,1.4893636226e-05,2.5811922076e+02,1.4315224494e+00,2.5000000000e-33,3.0
27.3000,3.8415330339e-03,6.9317680717e-01,1.4871858695e-05,2.5830887131e+02,1.4315280774e+00,2.5000000000e-33,3.0
27.3100,3.8387353449e-03,6.9317800879e-01,1.4850120942e-05,2.5849859134e+02,1.4315336993e+00,2.5000000000e-33,3.0
27.3200,3.8359407055e-03,6.9317920909e-01,1.4828422880e-05,2.5868838086e+02,1.4315393150e+00,2.5000000000e-33,3.0
27.3300,3.8331491113e-03,6.9318040807e-01,1.4806764421e-05,2.5887823985e+02,1.4315449246e+00,2.5000000000e-33,3.0
27.3400,3.8303605578e-03,6.9318160574e-01,1.4785145479e-05,2.5906816833e+02,1.4315505281e+00,2.5000000000e-33,3.0
27.3500,3.8275750406e-03,6.9318280209e-01,1.4763565968e-05,2.5925816629e+02,1.4315561254e+00,2.5000000000e-33,3.0
27.3600,3.8247925554e-03,6.9318399712e-01,1.4742025800e-05,2.5944823373e+02,1.4315617166e+00,2.5000000000e-33,3.0
27.3700,3.8220130977e-03,6.9318519085e-01,1.4720524891e-05,2.5963837065e+02,1.4315673018e+00,2.5000000000e-33,3.0
27.3800,3.8192366632e-03,6.9318638326e-01,1.4699063154e-05,2.5982857705e+02,1.4315728808e+00,2.5000000000e-33,3.0
27.3900,3.8164632475e-03,6.9318757437e-01,1.4677640504e-05,2.6001885293e+02,1.4315784537e+00,2.5000000000e-33,3.0
27.4000,3.8136928462e-03,6.9318876417e-01,1.4656256855e-05,2.6020919830e+02,1.4315840206e+00,2.5000000000e-33,3.0
27.4100,3.8109254549e-03,6.9318995267e-01,1.4634912122e-05,2.6039961314e+02,1.4315895814e+00,2.5000000000e-33,3.0
27.4200,3.8081610694e-03,6.9319113987e-01,1.4613606221e-05,2.6059009747e+02,1.4315951361e+00,2.5000000000e-33,3.0
27.4300,3.8053996853e-03,6.9319232577e-01,1.4592339066e-05,2.6078065128e+02,1.4316006848e+00,2.5000000000e-33,3.0
27.4400,3.8026412981e-03,6.9319351037e-01,1.4571110573e-05,2.6097127457e+02,1.4316062275e+00,2.5000000000e-33,3.0
27.4500,3.7998859037e-03,6.9319469368e-01,1.4549920658e-05,2.6116196734e+02,1.4316117641e+00,2.5000000000e-33,3.0
27.4600,3.7971334977e-03,6.9319587569e-01,1.4528769237e-05,2.6135272959e+02,1.4316172947e+00,2.5000000000e-33,3.0
27.4700,3.7943840757e-03,6.9319705641e-01,1.4507656226e-05,2.6154356132e+02,1.4316228192e+00,2.5000000000e-33,3.0
27.4800,3.7916376335e-03,6.9319823584e-01,1.4486581541e-05,2.6173446254e+02,1.4316283378e+00,2.5000000000e-33,3.0
27.4900,3.7888941668e-03,6.9319941398e-01,1.4465545098e-05,2.6192543323e+02,1.4316338504e+00,2.5000000000e-33,3.0
27.5000,3.7861536713e-03,6.9320059084e-01,1.4444546816e-05,2.6211647341e+02,1.4316393570e+00,2.5000000000e-33,3.0
27.5100,3.7834161427e-03,6.9320176641e-01,1.4423586609e-05,2.6230758307e+02,1.4316448576e+00,2.5000000000e-33,3.0
27.5200,3.7806815767e-03,6.9320294070e-01,1.4402664397e-05,2.6249876221e+02,1.4316503522e+00,2.5000000000e-33,3.0
27.5300,3.7779499690e-03,6.9320411370e-01,1.4381780096e-05,2.6269001083e+02,1.4316558408e+00,2.5000000000e-33,3.0
27.5400,3.7752213155e-03,6.9320528543e-01,1.4360933623e-05,2.6288132893e+02,1.4316613236e+00,2.5000000000e-33,3.0
27.5500,3.7724956118e-03,6.9320645588e-01,1.4340124897e-05,2.6307271652e+02,1.4316668003e+00,2.5000000000e-33,3.0
27.5600,3.7697728538e-03,6.9320762506e-01,1.4319353836e-05,2.6326417358e+02,1.4316722711e+00,2.5000000000e-33,3.0
27.5700,3.7670530371e-03,6.9320879296e-01,1.4298620357e-05,2.6345570013e+02,1.4316777360e+00,2.5000000000e-33,3.0
27.5800,3.7643361576e-03,6.9320995959e-01,1.4277924380e-05,2.6364729615e+02,1.4316831950e+00,2.5000000000e-33,3.0
27.5900,3.7616222110e-03,6.9321112496e-01,1.4257265823e-05,2.6383896166e+02,1.4316886481e+00,2.5000000000e-33,3.0
27.6000,3.7589111931e-03,6.9321228905e-01,1.4236644605e-05,2.6403069665e+02,1.4316940952e+00,2.5000000000e-33,3.0
27.6100,3.7562030997e-03,6.9321345188e-01,1.4216060645e-05,2.6422250113e+02,1.4316995365e+00,2.5000000000e-33,3.0
27.6200,3.7534979267e-03,6.9321461344e-01,1.4195513862e-05,2.6441437508e+02,1.4317049719e+00,2.5000000000e-33,3.0
27.6300,3.7507956697e-03,6.9321577375e-01,1.4175004175e-05,2.6460631851e+02,1.4317104014e+00,2.5000000000e-33,3.0
27.6400,3.7480963247e-03,6.9321693279e-01,1.4154531505e-05,2.6479833143e+02,1.4317158250e+00,2.5000000000e-33,3.0
27.6500,3.7453998875e-03,6.9321809057e-01,1.4134095771e-05,2.6499041382e+02,1.4317212428e+00,2.5000000000e-33,3.0
27.6600,3.7427063539e-03,6.9321924710e-01,1.4113696894e-05,2.6518256570e+02,1.4317266547e+00,2.5000000000e-33,3.0
27.6700,3.7400157197e-03,6.9322040237e-01,1.4093334793e-05,2.6537478706e+02,1.4317320607e+00,2.5000000000e-33,3.0
27.6800,3.7373279808e-03,6.9322155639e-01,1.4073009389e-05,2.6556707790e+02,1.4317374610e+00,2.5000000000e-33,3.0
27.6900,3.7346431331e-03,6.9322270915e-01,1.4052720603e-05,2.6575943822e+02,1.4317428554e+00,2.5000000000e-33,3.0
27.7000,3.7319611723e-03,6.9322386067e-01,1.4032468356e-05,2.6595186803e+02,1.4317482440e+00,2.5000000000e-33,3.0
27.7100,3.7292820945e-03,6.9322501094e-01,1.4012252569e-05,2.6614436731e+02,1.4317536267e+00,2.5000000000e-33,3.0
27.7200,3.7266058954e-03,6.9322615996e-01,1.3992073162e-05,2.6633693608e+02,1.4317590037e+00,2.5000000000e-33,3.0
27.7300,3.7239325709e-03,6.9322730774e-01,1.3971930058e-05,2.6652957432e+02,1.4317643749e+00,2.5000000000e-33,3.0
27.7400,3.7212621169e-03,6.9322845428e-01,1.3951823178e-05,2.6672228205e+02,1.4317697403e+00,2.5000000000e-33,3.0
27.7500,3.7185945294e-03,6.9322959958e-01,1.3931752445e-05,2.6691505926e+02,1.4317750999e+00,2.5000000000e-33,3.0
27.7600,3.7159298042e-03,6.9323074364e-01,1.3911717779e-05,2.6710790595e+02,1.4317804537e+00,2.5000000000e-33,3.0
27.7700,3.7132679373e-03,6.9323188646e-01,1.3891719104e-05,2.6730082213e+02,1.4317858018e+00,2.5000000000e-33,3.0
27.7800,3.7106089245e-03,6.9323302804e-01,1.3871756342e-05,2.6749380778e+02,1.4317911442e+00,2.5000000000e-33,3.0
27.7900,3.7079527618e-03,6.9323416840e-01,1.3851829415e-05,2.6768686291e+02,1.4317964808e+00,2.5000000000e-33,3.0
27.8000,3.7052994452e-03,6.9323530752e-01,1.3831938247e-05,2.6787998753e+02,1.4318018116e+00,2.5000000000e-33,3.0
27.8100,3.7026489705e-03,6.9323644541e-01,1.3812082760e-05,2.6807318163e+02,1.4318071367e+00,2.5000000000e-33,3.0
27.8200,3.7000013338e-03,6.9323758207e-01,1.3792262878e-05,2.6826644521e+02,1.4318124561e+00,2.5000000000e-33,3.0
27.8300,3.6973565309e-03,6.9323871751e-01,1.3772478525e-05,2.6845977827e+02,1.4318177698e+00,2.5000000000e-33,3.0
27.8400,3.6947145579e-03,6.9323985172e-01,1.3752729623e-05,2.6865318081e+02,1.4318230778e+00,2.5000000000e-33,3.0
27.8500,3.6920754107e-03,6.9324098471e-01,1.3733016096e-05,2.6884665283e+02,1.4318283801e+00,2.5000000000e-33,3.0
27.8600,3.6894390853e-03,6.9324211648e-01,1.3713337869e-05,2.6904019434e+02,1.4318336767e+00,2.5000000000e-33,3.0
27.8700,3.6868055777e-03,6.9324324703e-01,1.3693694866e-05,2.6923380532e+02,1.4318389676e+00,2.5000000000e-33,3.0
27.8800,3.6841748838e-03,6.9324437636e-01,1.3674087011e-05,2.6942748579e+02,1.4318442529e+00,2.5000000000e-33,3.0
27.8900,3.6815469997e-03,6.9324550447e-01,1.3654514229e-05,2.6962123574e+02,1.4318495325e+00,2.5000000000e-33,3.0
27.9000,3.6789219214e-03,6.9324663138e-01,1.3634976444e-05,2.6981505516e+02,1.4318548064e+00,2.5000000000e-33,3.0
27.9100,3.6762996449e-03,6.9324775707e-01,1.3615473582e-05,2.7000894408e+02,1.4318600747e+00,2.5000000000e-33,3.0
27.9200,3.6736801663e-03,6.9324888154e-01,1.3596005567e-05,2.7020290247e+02,1.4318653374e+00,2.5000000000e-33,3.0
27.9300,3.6710634814e-03,6.9325000481e-01,1.3576572326e-05,2.7039693034e+02,1.4318705944e+00,2.5000000000e-33,3.0
27.9400,3.6684495865e-03,6.9325112688e-01,1.3557173783e-05,2.7059102769e+02,1.4318758458e+00,2.5000000000e-33,3.0
27.9500,3.6658384775e-03,6.9325224774e-01,1.3537809864e-05,2.7078519453e+02,1.4318810916e+00,2.5000000000e-33,3.0
27.9600,3.6632301504e-03,6.9325336739e-01,1.3518480495e-05,2.7097943085e+02,1.4318863318e+00,2.5000000000e-33,3.0
27.9700,3.6606246014e-03,6.9325448584e-01,1.3499185602e-05,2.7117373665e+02,1.4318915664e+00,2.5000000000e-33,3.0
27.9800,3.6580218264e-03,6.9325560309e-01,1.3479925112e-05,2.7136811193e+02,1.4318967953e+00,2.5000000000e-33,3.0
27.9900,3.6554218217e-03,6.9325671915e-01,1.3460698950e-05,2.7156255669e+02,1.4319020187e+00,2.5000000000e-33,3.0
28.0000,3.6528245831e-03,6.9325783400e-01,1.3441507044e-05,2.7175707093e+02,1.4319072366e+00,2.5000000000e-33,3.0
28.0100,3.6502301069e-03,6.9325894767e-01,1.3422349320e-05,2.7195165465e+02,1.4319124488e+00,2.5000000000e-33,3.0
28.0200,3.6476383891e-03,6.9326006013e-01,1.3403225705e-05,2.7214630786e+02,1.4319176556e+00,2.5000000000e-33,3.0
28.0300,3.6450494258e-03,6.9326117141e-01,1.3384136127e-05,2.7234103054e+02,1.4319228567e+00,2.5000000000e-33,3.0
28.0400,3.6424632131e-03,6.9326228150e-01,1.3365080513e-05,2.7253582271e+02,1.4319280523e+00,2.5000000000e-33,3.0
28.0500,3.6398797472e-03,6.9326339040e-01,1.3346058790e-05,2.7273068436e+02,1.4319332424e+00,2.5000000000e-33,3.0
28.0600,3.6372990241e-03,6.9326449811e-01,1.3327070885e-05,2.7292561549e+02,1.4319384269e+00,2.5000000000e-33,3.0
28.0700,3.6347210400e-03,6.9326560464e-01,1.3308116728e-05,2.7312061610e+02,1.4319436060e+00,2.5000000000e-33,3.0
28.0800,3.6321457910e-03,6.9326670998e-01,1.3289196246e-05,2.7331568620e+02,1.4319487795e+00,2.5000000000e-33,3.0
28.0900,3.6295732732e-03,6.9326781414e-01,1.3270309367e-05,2.7351082577e+02,1.4319539475e+00,2.5000000000e-33,3.0
28.1000,3.6270034828e-03,6.9326891713e-01,1.3251456020e-05,2.7370603483e+02,1.4319591100e+00,2.5000000000e-33,3.0
28.1100,3.6244364160e-03,6.9327001893e-01,1.3232636133e-05,2.7390131336e+02,1.4319642671e+00,2.5000000000e-33,3.0
28.1200,3.6218720688e-03,6.9327111956e-01,1.3213849635e-05,2.7409666138e+02,1.4319694186e+00,2.5000000000e-33,3.0
28.1300,3.6193104375e-03,6.9327221901e-01,1.3195096455e-05,2.7429207888e+02,1.4319745647e+00,2.5000000000e-33,3.0
28.1400,3.6167515183e-03,6.9327331729e-01,1.3176376522e-05,2.7448756586e+02,1.4319797053e+00,2.5000000000e-33,3.0
28.1500,3.6141953073e-03,6.9327441440e-01,1.3157689765e-05,2.7468312232e+02,1.4319848404e+00,2.5000000000e-33,3.0
28.1600,3.6116418007e-03,6.9327551034e-01,1.3139036115e-05,2.7487874827e+02,1.4319899702e+00,2.5000000000e-33,3.0
28.1700,3.6090909947e-03,6.9327660511e-01,1.3120415500e-05,2.7507444369e+02,1.4319950944e+00,2.5000000000e-33,3.0
28.1800,3.6065428855e-03,6.9327769872e-01,1.3101827851e-05,2.7527020860e+02,1.4320002132e+00,2.5000000000e-33,3.0
28.1900,3.6039974693e-03,6.9327879116e-01,1.3083273097e-05,2.7546604299e+02,1.4320053266e+00,2.5000000000e-33,3.0
28.2000,3.6014547423e-03,6.9327988244e-01,1.3064751168e-05,2.7566194685e+02,1.4320104346e+00,2.5000000000e-33,3.0
28.2100,3.5989147007e-03,6.9328097255e-01,1.3046261996e-05,2.7585792020e+02,1.4320155372e+00,2.5000000000e-33,3.0
28.2200,3.5963773408e-03,6.9328206151e-01,1.3027805510e-05,2.7605396304e+02,1.4320206344e+00,2.5000000000e-33,3.0
28.2300,3.5938426589e-03,6.9328314931e-01,1.3009381642e-05,2.7625007535e+02,1.4320257261e+00,2.5000000000e-33,3.0
28.2400,3.5913106510e-03,6.9328423595e-01,1.2990990322e-05,2.7644625714e+02,1.4320308125e+00,2.5000000000e-33,3.0
28.2500,3.5887813135e-03,6.9328532143e-01,1.2972631480e-05,2.7664250842e+02,1.4320358935e+00,2.5000000000e-33,3.0
28.2600,3.5862546427e-03,6.9328640577e-01,1.2954305050e-05,2.7683882918e+02,1.4320409691e+00,2.5000000000e-33,3.0
28.2700,3.5837306348e-03,6.9328748895e-01,1.2936010960e-05,2.7703521941e+02,1.4320460394e+00,2.5000000000e-33,3.0
28.2800,3.5812092860e-03,6.9328857098e-01,1.2917749145e-05,2.7723167913e+02,1.4320511043e+00,2.5000000000e-33,3.0
28.2900,3.5786905926e-03,6.9328965186e-01,1.2899519534e-05,2.7742820833e+02,1.4320561639e+00,2.5000000000e-33,3.0
28.3000,3.5761745510e-03,6.9329073160e-01,1.2881322060e-05,2.7762480702e+02,1.4320612181e+00,2.5000000000e-33,3.0
28.3100,3.5736611574e-03,6.9329181019e-01,1.2863156655e-05,2.7782147518e+02,1.4320662670e+00,2.5000000000e-33,3.0
28.3200,3.5711504080e-03,6.9329288764e-01,1.2845023251e-05,2.7801821282e+02,1.4320713105e+00,2.5000000000e-33,3.0
28.3300,3.5686422992e-03,6.9329396395e-01,1.2826921781e-05,2.7821501995e+02,1.4320763487e+00,2.5000000000e-33,3.0
28.3400,3.5661368274e-03,6.9329503911e-01,1.2808852177e-05,2.7841189656e+02,1.4320813816e+00,2.5000000000e-33,3.0
28.3500,3.5636339887e-03,6.9329611314e-01,1.2790814372e-05,2.7860884265e+02,1.4320864092e+00,2.5000000000e-33,3.0
28.3600,3.5611337796e-03,6.9329718603e-01,1.2772808299e-05,2.7880585822e+02,1.4320914316e+00,2.5000000000e-33,3.0
28.3700,3.5586361963e-03,6.9329825778e-01,1.2754833890e-05,2.7900294327e+02,1.4320964486e+00,2.5000000000e-33,3.0
28.3800,3.5561412351e-03,6.9329932840e-01,1.2736891080e-05,2.7920009780e+02,1.4321014603e+00,2.5000000000e-33,3.0
28.3900,3.5536488925e-03,6.9330039789e-01,1.2718979801e-05,2.7939732181e+02,1.4321064668e+00,2.5000000000e-33,3.0
28.4000,3.5511591647e-03,6.9330146625e-01,1.2701099987e-05,2.7959461531e+02,1.4321114680e+00,2.5000000000e-33,3.0
28.4100,3.5486720482e-03,6.9330253348e-01,1.2683251571e-05,2.7979197829e+02,1.4321164639e+00,2.5000000000e-33,3.0
28.4200,3.5461875392e-03,6.9330359958e-01,1.2665434488e-05,2.7998941074e+02,1.4321214546e+00,2.5000000000e-33,3.0
28.4300,3.5437056341e-03,6.9330466456e-01,1.2647648672e-05,2.8018691268e+02,1.4321264400e+00,2.5000000000e-33,3.0
28.4400,3.5412263293e-03,6.9330572841e-01,1.2629894057e-05,2.8038448410e+02,1.4321314202e+00,2.5000000000e-33,3.0
28.4500,3.5387496212e-03,6.9330679114e-01,1.2612170576e-05,2.8058212501e+02,1.4321363951e+00,2.5000000000e-33,3.0
28.4600,3.5362755061e-03,6.9330785274e-01,1.2594478166e-05,2.8077983539e+02,1.4321413649e+00,2.5000000000e-33,3.0
28.4700,3.5338039805e-03,6.9330891323e-01,1.2576816759e-05,2.8097761525e+02,1.4321463294e+00,2.5000000000e-33,3.0
28.4800,3.5313350407e-03,6.9330997260e-01,1.2559186292e-05,2.8117546460e+02,1.4321512887e+00,2.5000000000e-33,3.0
28.4900,3.5288686831e-03,6.9331103086e-01,1.2541586699e-05,2.8137338343e+02,1.4321562428e+00,2.5000000000e-33,3.0
28.5000,3.5264049042e-03,6.9331208799e-01,1.2524017916e-05,2.8157137174e+02,1.4321611917e+00,2.5000000000e-33,3.0
28.5100,3.5239437003e-03,6.9331314402e-01,1.2506479877e-05,2.8176942953e+02,1.4321661354e+00,2.5000000000e-33,3.0
28.5200,3.5214850679e-03,6.9331419893e-01,1.2488972518e-05,2.8196755680e+02,1.4321710740e+00,2.5000000000e-33,3.0
28.5300,3.5190290034e-03,6.9331525274e-01,1.2471495775e-05,2.8216575355e+02,1.4321760073e+00,2.5000000000e-33,3.0
28.5400,3.5165755031e-03,6.9331630543e-01,1.2454049584e-05,2.8236401978e+02,1.4321809355e+00,2.5000000000e-33,3.0
28.5500,3.5141245637e-03,6.9331735702e-01,1.2436633880e-05,2.8256235550e+02,1.4321858586e+00,2.5000000000e-33,3.0
28.5600,3.5116761815e-03,6.9331840750e-01,1.2419248600e-05,2.8276076070e+02,1.4321907765e+00,2.5000000000e-33,3.0
28.5700,3.5092303529e-03,6.9331945688e-01,1.2401893680e-05,2.8295923538e+02,1.4321956892e+00,2.5000000000e-33,3.0
28.5800,3.5067870744e-03,6.9332050516e-01,1.2384569056e-05,2.8315777953e+02,1.4322005968e+00,2.5000000000e-33,3.0
28.5900,3.5043463425e-03,6.9332155233e-01,1.2367274665e-05,2.8335639318e+02,1.4322054993e+00,2.5000000000e-33,3.0
28.6000,3.5019081536e-03,6.9332259841e-01,1.2350010444e-05,2.8355507630e+02,1.4322103967e+00,2.5000000000e-33,3.0
28.6100,3.4994725043e-03,6.9332364339e-01,1.2332776329e-05,2.8375382890e+02,1.4322152889e+00,2.5000000000e-33,3.0
28.6200,3.4970393909e-03,6.9332468727e-01,1.2315572257e-05,2.8395265099e+02,1.4322201760e+00,2.5000000000e-33,3.0
28.6300,3.4946088100e-03,6.9332573006e-01,1.2298398167e-05,2.8415154255e+02,1.4322250581e+00,2.5000000000e-33,3.0
28.6400,3.4921807581e-03,6.9332677175e-01,1.2281253994e-05,2.8435050360e+02,1.4322299350e+00,2.5000000000e-33,3.0
28.6500,3.4897552317e-03,6.9332781235e-01,1.2264139677e-05,2.8454953413e+02,1.4322348068e+00,2.5000000000e-33,3.0
28.6600,3.4873322272e-03,6.9332885187e-01,1.2247055154e-05,2.8474863414e+02,1.4322396736e+00,2.5000000000e-33,3.0
28.6700,3.4849117413e-03,6.9332989029e-01,1.2230000361e-05,2.8494780363e+02,1.4322445353e+00,2.5000000000e-33,3.0
28.6800,3.4824937703e-03,6.9333092763e-01,1.2212975237e-05,2.8514704260e+02,1.4322493919e+00,2.5000000000e-33,3.0
28.6900,3.4800783109e-03,6.9333196388e-01,1.2195979721e-05,2.8534635106e+02,1.4322542435e+00,2.5000000000e-33,3.0
28.7000,3.4776653595e-03,6.9333299905e-01,1.2179013749e-05,2.8554572899e+02,1.4322590900e+00,2.5000000000e-33,3.0
28.7100,3.4752549127e-03,6.9333403313e-01,1.2162077262e-05,2.8574517641e+02,1.4322639314e+00,2.5000000000e-33,3.0
28.7200,3.4728469670e-03,6.9333506614e-01,1.2145170197e-05,2.8594469331e+02,1.4322687679e+00,2.5000000000e-33,3.0
28.7300,3.4704415191e-03,6.9333609806e-01,1.2128292492e-05,2.8614427969e+02,1.4322735993e+00,2.5000000000e-33,3.0
28.7400,3.4680385653e-03,6.9333712891e-01,1.2111444088e-05,2.8634393555e+02,1.4322784256e+00,2.5000000000e-33,3.0
28.7500,3.4656381024e-03,6.9333815868e-01,1.2094624922e-05,2.8654366089e+02,1.4322832470e+00,2.5000000000e-33,3.0
28.7600,3.4632401268e-03,6.9333918737e-01,1.2077834935e-05,2.8674345571e+02,1.4322880633e+00,2.5000000000e-33,3.0
28.7700,3.4608446351e-03,6.9334021499e-01,1.2061074065e-05,2.8694332002e+02,1.4322928747e+00,2.5000000000e-33,3.0
28.7800,3.4584516239e-03,6.9334124154e-01,1.2044342251e-05,2.8714325381e+02,1.4322976810e+00,2.5000000000e-33,3.0
28.7900,3.4560610898e-03,6.9334226702e-01,1.2027639434e-05,2.8734325707e+02,1.4323024824e+00,2.5000000000e-33,3.0
28.8000,3.4536730294e-03,6.9334329143e-01,1.2010965553e-05,2.8754332982e+02,1.4323072787e+00,2.5000000000e-33,3.0
28.8100,3.4512874392e-03,6.9334431477e-01,1.1994320547e-05,2.8774347205e+02,1.4323120701e+00,2.5000000000e-33,3.0
28.8200,3.4489043159e-03,6.9334533705e-01,1.1977704358e-05,2.8794368376e+02,1.4323168565e+00,2.5000000000e-33,3.0
28.8300,3.4465236560e-03,6.9334635826e-01,1.1961116925e-05,2.8814396496e+02,1.4323216380e+00,2.5000000000e-33,3.0
28.8400,3.4441454563e-03,6.9334737841e-01,1.1944558188e-05,2.8834431563e+02,1.4323264145e+00,2.5000000000e-33,3.0
28.8500,3.4417697132e-03,6.9334839749e-01,1.1928028088e-05,2.8854473579e+02,1.4323311861e+00,2.5000000000e-33,3.0
28.8600,3.4393964235e-03,6.9334941552e-01,1.1911526566e-05,2.8874522542e+02,1.4323359527e+00,2.5000000000e-33,3.0
28.8700,3.4370255837e-03,6.9335043249e-01,1.1895053562e-05,2.8894578454e+02,1.4323407144e+00,2.5000000000e-33,3.0
28.8800,3.4346571905e-03,6.9335144840e-01,1.1878609017e-05,2.8914641314e+02,1.4323454711e+00,2.5000000000e-33,3.0
28.8900,3.4322912405e-03,6.9335246326e-01,1.1862192873e-05,2.8934711122e+02,1.4323502229e+00,2.5000000000e-33,3.0
28.9000,3.4299277304e-03,6.9335347706e-01,1.1845805070e-05,2.8954787879e+02,1.4323549699e+00,2.5000000000e-33,3.0
28.9100,3.4275666568e-03,6.9335448980e-01,1.1829445549e-05,2.8974871583e+02,1.4323597119e+00,2.5000000000e-33,3.0
28.9200,3.4252080164e-03,6.9335550150e-01,1.1813114253e-05,2.8994962236e+02,1.4323644490e+00,2.5000000000e-33,3.0
28.9300,3.4228518059e-03,6.9335651215e-01,1.1796811122e-05,2.9015059836e+02,1.4323691812e+00,2.5000000000e-33,3.0
28.9400,3.4204980218e-03,6.9335752175e-01,1.1780536099e-05,2.9035164385e+02,1.4323739085e+00,2.5000000000e-33,3.0
28.9500,3.4181466610e-03,6.9335853030e-01,1.1764289125e-05,2.9055275882e+02,1.4323786310e+00,2.5000000000e-33,3.0
28.9600,3.4157977200e-03,6.9335953780e-01,1.1748070143e-05,2.9075394327e+02,1.4323833485e+00,2.5000000000e-33,3.0
28.9700,3.4134511955e-03,6.9336054426e-01,1.1731879095e-05,2.9095519720e+02,1.4323880612e+00,2.5000000000e-33,3.0
28.9800,3.4111070843e-03,6.9336154968e-01,1.1715715922e-05,2.9115652061e+02,1.4323927691e+00,2.5000000000e-33,3.0
28.9900,3.4087653831e-03,6.9336255406e-01,1.1699580567e-05,2.9135791351e+02,1.4323974721e+00,2.5000000000e-33,3.0
29.0000,3.4064260885e-03,6.9336355740e-01,1.1683472974e-05,2.9155937589e+02,1.4324021702e+00,2.5000000000e-33,3.0
29.0100,3.4040891972e-03,6.9336455970e-01,1.1667393084e-05,2.9176090774e+02,1.4324068635e+00,2.5000000000e-33,3.0
29.0200,3.4017547060e-03,6.9336556096e-01,1.1651340841e-05,2.9196250908e+02,1.4324115520e+00,2.5000000000e-33,3.0
29.0300,3.3994226116e-03,6.9336656119e-01,1.1635316187e-05,2.9216417990e+02,1.4324162356e+00,2.5000000000e-33,3.0
29.0400,3.3970929107e-03,6.9336756038e-01,1.1619319065e-05,2.9236592020e+02,1.4324209144e+00,2.5000000000e-33,3.0
29.0500,3.3947656001e-03,6.9336855854e-01,1.1603349420e-05,2.9256772999e+02,1.4324255884e+00,2.5000000000e-33,3.0
29.0600,3.3924406764e-03,6.9336955567e-01,1.1587407194e-05,2.9276960925e+02,1.4324302576e+00,2.5000000000e-33,3.0
29.0700,3.3901181365e-03,6.9337055177e-01,1.1571492331e-05,2.9297155800e+02,1.4324349220e+00,2.5000000000e-33,3.0
29.0800,3.3877979770e-03,6.9337154684e-01,1.1555604774e-05,2.9317357622e+02,1.4324395816e+00,2.5000000000e-33,3.0
29.0900,3.3854801948e-03,6.9337254088e-01,1.1539744468e-05,2.9337566393e+02,1.4324442364e+00,2.5000000000e-33,3.0
29.1000,3.3831647865e-03,6.9337353390e-01,1.1523911355e-05,2.9357782112e+02,1.4324488864e+00,2.5000000000e-33,3.0
29.1100,3.3808517490e-03,6.9337452589e-01,1.1508105382e-05,2.9378004779e+02,1.4324535317e+00,2.5000000000e-33,3.0
29.1200,3.3785410790e-03,6.9337551687e-01,1.1492326490e-05,2.9398234394e+02,1.4324581722e+00,2.5000000000e-33,3.0
29.1300,3.3762327733e-03,6.9337650682e-01,1.1476574626e-05,2.9418470958e+02,1.4324628079e+00,2.5000000000e-33,3.0
29.1400,3.3739268287e-03,6.9337749575e-01,1.1460849733e-05,2.9438714469e+02,1.4324674389e+00,2.5000000000e-33,3.0
29.1500,3.3716232419e-03,6.9337848366e-01,1.1445151756e-05,2.9458964929e+02,1.4324720651e+00,2.5000000000e-33,3.0
29.1600,3.3693220098e-03,6.9337947055e-01,1.1429480640e-05,2.9479222337e+02,1.4324766866e+00,2.5000000000e-33,3.0
29.1700,3.3670231291e-03,6.9338045643e-01,1.1413836329e-05,2.9499486693e+02,1.4324813033e+00,2.5000000000e-33,3.0
29.1800,3.3647265967e-03,6.9338144129e-01,1.1398218769e-05,2.9519757997e+02,1.4324859153e+00,2.5000000000e-33,3.0
29.1900,3.3624324093e-03,6.9338242515e-01,1.1382627905e-05,2.9540036249e+02,1.4324905226e+00,2.5000000000e-33,3.0
29.2000,3.3601405638e-03,6.9338340799e-01,1.1367063682e-05,2.9560321449e+02,1.4324951252e+00,2.5000000000e-33,3.0
29.2100,3.3578510570e-03,6.9338438982e-01,1.1351526046e-05,2.9580613598e+02,1.4324997230e+00,2.5000000000e-33,3.0
29.2200,3.3555638857e-03,6.9338537064e-01,1.1336014941e-05,2.9600912694e+02,1.4325043162e+00,2.5000000000e-33,3.0
29.2300,3.3532790468e-03,6.9338635045e-01,1.1320530314e-05,2.9621218739e+02,1.4325089046e+00,2.5000000000e-33,3.0
29.2400,3.3509965370e-03,6.9338732926e-01,1.1305072111e-05,2.9641531732e+02,1.4325134884e+00,2.5000000000e-33,3.0
29.2500,3.3487163533e-03,6.9338830706e-01,1.1289640277e-05,2.9661851673e+02,1.4325180675e+00,2.5000000000e-33,3.0
29.2600,3.3464384924e-03,6.9338928386e-01,1.1274234758e-05,2.9682178562e+02,1.4325226419e+00,2.5000000000e-33,3.0
29.2700,3.3441629512e-03,6.9339025966e-01,1.1258855501e-05,2.9702512399e+02,1.4325272116e+00,2.5000000000e-33,3.0
29.2800,3.3418897266e-03,6.9339123445e-01,1.1243502452e-05,2.9722853185e+02,1.4325317767e+00,2.5000000000e-33,3.0
29.2900,3.3396188155e-03,6.9339220825e-01,1.1228175557e-05,2.9743200918e+02,1.4325363371e+00,2.5000000000e-33,3.0
29.3000,3.3373502146e-03,6.9339318105e-01,1.1212874764e-05,2.9763555600e+02,1.4325408929e+00,2.5000000000e-33,3.0
29.3100,3.3350839209e-03,6.9339415285e-01,1.1197600017e-05,2.9783917230e+02,1.4325454440e+00,2.5000000000e-33,3.0
29.3200,3.3328199313e-03,6.9339512366e-01,1.1182351266e-05,2.9804285808e+02,1.4325499905e+00,2.5000000000e-33,3.0
29.3300,3.3305582426e-03,6.9339609348e-01,1.1167128456e-05,2.9824661334e+02,1.4325545323e+00,2.5000000000e-33,3.0
29.3400,3.3282988517e-03,6.9339706230e-01,1.1151931534e-05,2.9845043808e+02,1.4325590695e+00,2.5000000000e-33,3.0
29.3500,3.3260417556e-03,6.9339803013e-01,1.1136760448e-05,2.9865433231e+02,1.4325636021e+00,2.5000000000e-33,3.0
29.3600,3.3237869510e-03,6.9339899697e-01,1.1121615145e-05,2.9885829601e+02,1.4325681301e+00,2.5000000000e-33,3.0
29.3700,3.3215344350e-03,6.9339996283e-01,1.1106495572e-05,2.9906232920e+02,1.4325726534e+00,2.5000000000e-33,3.0
29.3800,3.3192842044e-03,6.9340092769e-01,1.1091401677e-05,2.9926643187e+02,1.4325771722e+00,2.5000000000e-33,3.0
29.3900,3.3170362561e-03,6.9340189157e-01,1.1076333408e-05,2.9947060401e+02,1.4325816864e+00,2.5000000000e-33,3.0
29.4000,3.3147905871e-03,6.9340285447e-01,1.1061290713e-05,2.9967484565e+02,1.4325861959e+00,2.5000000000e-33,3.0
29.4100,3.3125471943e-03,6.9340381638e-01,1.1046273539e-05,2.9987915676e+02,1.4325907009e+00,2.5000000000e-33,3.0
29.4200,3.3103060746e-03,6.9340477732e-01,1.1031281835e-05,3.0008353735e+02,1.4325952013e+00,2.5000000000e-33,3.0
29.4300,3.3080672249e-03,6.9340573727e-01,1.1016315549e-05,3.0028798743e+02,1.4325996972e+00,2.5000000000e-33,3.0
29.4400,3.3058306422e-03,6.9340669624e-01,1.1001374628e-05,3.0049250698e+02,1.4326041885e+00,2.5000000000e-33,3.0
29.4500,3.3035963235e-03,6.9340765424e-01,1.0986459022e-05,3.0069709602e+02,1.4326086752e+00,2.5000000000e-33,3.0
29.4600,3.3013642656e-03,6.9340861125e-01,1.0971568679e-05,3.0090175454e+02,1.4326131573e+00,2.5000000000e-33,3.0
29.4700,3.2991344656e-03,6.9340956730e-01,1.0956703548e-05,3.0110648254e+02,1.4326176350e+00,2.5000000000e-33,3.0
29.4800,3.2969069204e-03,6.9341052237e-01,1.0941863578e-05,3.0131128002e+02,1.4326221080e+00,2.5000000000e-33,3.0
29.4900,3.2946816270e-03,6.9341147647e-01,1.0927048717e-05,3.0151614698e+02,1.4326265766e+00,2.5000000000e-33,3.0
29.5000,3.2924585823e-03,6.9341242959e-01,1.0912258914e-05,3.0172108343e+02,1.4326310406e+00,2.5000000000e-33,3.0
29.5100,3.2902377833e-03,6.9341338175e-01,1.0897494120e-05,3.0192608935e+02,1.4326355001e+00,2.5000000000e-33,3.0
29.5200,3.2880192270e-03,6.9341433294e-01,1.0882754282e-05,3.0213116476e+02,1.4326399551e+00,2.5000000000e-33,3.0
29.5300,3.2858029103e-03,6.9341528316e-01,1.0868039350e-05,3.0233630965e+02,1.4326444055e+00,2.5000000000e-33,3.0
29.5400,3.2835888304e-03,6.9341623242e-01,1.0853349275e-05,3.0254152402e+02,1.4326488515e+00,2.5000000000e-33,3.0
29.5500,3.2813769841e-03,6.9341718071e-01,1.0838684005e-05,3.0274680787e+02,1.4326532930e+00,2.5000000000e-33,3.0
29.5600,3.2791673685e-03,6.9341812804e-01,1.0824043491e-05,3.0295216120e+02,1.4326577299e+00,2.5000000000e-33,3.0
29.5700,3.2769599805e-03,6.9341907441e-01,1.0809427681e-05,3.0315758402e+02,1.4326621624e+00,2.5000000000e-33,3.0
29.5800,3.2747548173e-03,6.9342001981e-01,1.0794836527e-05,3.0336307631e+02,1.4326665904e+00,2.5000000000e-33,3.0
29.5900,3.2725518757e-03,6.9342096426e-01,1.0780269979e-05,3.0356863809e+02,1.4326710140e+00,2.5000000000e-33,3.0
29.6000,3.2703511529e-03,6.9342190775e-01,1.0765727986e-05,3.0377426935e+02,1.4326754330e+00,2.5000000000e-33,3.0
29.6100,3.2681526458e-03,6.9342285028e-01,1.0751210499e-05,3.0397997009e+02,1.4326798476e+00,2.5000000000e-33,3.0
29.6200,3.2659563515e-03,6.9342379186e-01,1.0736717468e-05,3.0418574031e+02,1.4326842578e+00,2.5000000000e-33,3.0
29.6300,3.2637622670e-03,6.9342473248e-01,1.0722248844e-05,3.0439158001e+02,1.4326886635e+00,2.5000000000e-33,3.0
29.6400,3.2615703893e-03,6.9342567215e-01,1.0707804578e-05,3.0459748919e+02,1.4326930648e+00,2.5000000000e-33,3.0
29.6500,3.2593807156e-03,6.9342661087e-01,1.0693384621e-05,3.0480346786e+02,1.4326974616e+00,2.5000000000e-33,3.0
29.6600,3.2571932428e-03,6.9342754864e-01,1.0678988923e-05,3.0500951600e+02,1.4327018540e+00,2.5000000000e-33,3.0
29.6700,3.2550079680e-03,6.9342848546e-01,1.0664617436e-05,3.0521563363e+02,1.4327062419e+00,2.5000000000e-33,3.0
29.6800,3.2528248884e-03,6.9342942133e-01,1.0650270110e-05,3.0542182074e+02,1.4327106255e+00,2.5000000000e-33,3.0
29.6900,3.2506440008e-03,6.9343035626e-01,1.0635946897e-05,3.0562807733e+02,1.4327150046e+00,2.5000000000e-33,3.0
29.7000,3.2484653024e-03,6.9343129024e-01,1.0621647749e-05,3.0583440340e+02,1.4327193793e+00,2.5000000000e-33,3.0
29.7100,3.2462887904e-03,6.9343222328e-01,1.0607372616e-05,3.0604079896e+02,1.4327237496e+00,2.5000000000e-33,3.0
29.7200,3.2441144616e-03,6.9343315537e-01,1.0593121451e-05,3.0624726399e+02,1.4327281155e+00,2.5000000000e-33,3.0
29.7300,3.2419423134e-03,6.9343408653e-01,1.0578894206e-05,3.0645379851e+02,1.4327324771e+00,2.5000000000e-33,3.0
29.7400,3.2397723427e-03,6.9343501674e-01,1.0564690831e-05,3.0666040251e+02,1.4327368342e+00,2.5000000000e-33,3.0
29.7500,3.2376045466e-03,6.9343594601e-01,1.0550511280e-05,3.0686707598e+02,1.4327411870e+00,2.5000000000e-33,3.0
29.7600,3.2354389222e-03,6.9343687435e-01,1.0536355503e-05,3.0707381894e+02,1.4327455354e+00,2.5000000000e-33,3.0
29.7700,3.2332754667e-03,6.9343780175e-01,1.0522223454e-05,3.0728063139e+02,1.4327498794e+00,2.5000000000e-33,3.0
29.7800,3.2311141771e-03,6.9343872822e-01,1.0508115085e-05,3.0748751331e+02,1.4327542191e+00,2.5000000000e-33,3.0
29.7900,3.2289550506e-03,6.9343965375e-01,1.0494030348e-05,3.0769446471e+02,1.4327585544e+00,2.5000000000e-33,3.0
29.8000,3.2267980842e-03,6.9344057835e-01,1.0479969195e-05,3.0790148560e+02,1.4327628854e+00,2.5000000000e-33,3.0
29.8100,3.2246432752e-03,6.9344150202e-01,1.0465931580e-05,3.0810857597e+02,1.4327672120e+00,2.5000000000e-33,3.0
29.8200,3.2224906206e-03,6.9344242476e-01,1.0451917454e-05,3.0831573582e+02,1.4327715343e+00,2.5000000000e-33,3.0
29.8300,3.2203401175e-03,6.9344334657e-01,1.0437926772e-05,3.0852296515e+02,1.4327758522e+00,2.5000000000e-33,3.0
29.8400,3.2181917632e-03,6.9344426745e-01,1.0423959485e-05,3.0873026396e+02,1.4327801658e+00,2.5000000000e-33,3.0
29.8500,3.2160455547e-03,6.9344518741e-01,1.0410015547e-05,3.0893763225e+02,1.4327844751e+00,2.5000000000e-33,3.0
29.8600,3.2139014892e-03,6.9344610644e-01,1.0396094911e-05,3.0914507002e+02,1.4327887801e+00,2.5000000000e-33,3.0
29.8700,3.2117595638e-03,6.9344702455e-01,1.0382197530e-05,3.0935257728e+02,1.4327930808e+00,2.5000000000e-33,3.0
29.8800,3.2096197758e-03,6.9344794174e-01,1.0368323359e-05,3.0956015402e+02,1.4327973772e+00,2.5000000000e-33,3.0
29.8900,3.2074821222e-03,6.9344885800e-01,1.0354472349e-05,3.0976780023e+02,1.4328016693e+00,2.5000000000e-33,3.0
29.9000,3.2053466002e-03,6.9344977334e-01,1.0340644456e-05,3.0997551593e+02,1.4328059570e+00,2.5000000000e-33,3.0
29.9100,3.2032132071e-03,6.9345068777e-01,1.0326839632e-05,3.1018330111e+02,1.4328102405e+00,2.5000000000e-33,3.0
29.9200,3.2010819399e-03,6.9345160128e-01,1.0313057831e-05,3.1039115578e+02,1.4328145198e+00,2.5000000000e-33,3.0
29.9300,3.1989527959e-03,6.9345251387e-01,1.0299299008e-05,3.1059907992e+02,1.4328187947e+00,2.5000000000e-33,3.0
29.9400,3.1968257722e-03,6.9345342555e-01,1.0285563117e-05,3.1080707355e+02,1.4328230654e+00,2.5000000000e-33,3.0
29.9500,3.1947008660e-03,6.9345433631e-01,1.0271850111e-05,3.1101513665e+02,1.4328273318e+00,2.5000000000e-33,3.0
29.9600,3.1925780746e-03,6.9345524616e-01,1.0258159945e-05,3.1122326924e+02,1.4328315940e+00,2.5000000000e-33,3.0
29.9700,3.1904573951e-03,6.9345615510e-01,1.0244492574e-05,3.1143147131e+02,1.4328358519e+00,2.5000000000e-33,3.0
29.9800,3.1883388248e-03,6.9345706313e-01,1.0230847951e-05,3.1163974286e+02,1.4328401055e+00,2.5000000000e-33,3.0
29.9900,3.1862223607e-03,6.9345797025e-01,1.0217226032e-05,3.1184808389e+02,1.4328443549e+00,2.5000000000e-33,3.0
