0.5,0.0000,0.001000,0.00000e+00,0.000000,0.250000,0.000000,0.000000,1.000000,0.500000,0.000000,0.000000,1.00000,0.02083,2
0.5,0.0000,0.002000,0.00000e+00,0.000000,0.250000,0.000000,0.000000,1.000001,0.500000,0.000000,0.000001,1.00000,0.02083,2
0.5,0.0000,0.003000,0.00000e+00,0.000001,0.250001,0.000001,0.000000,1.000002,0.500001,0.000001,0.000003,1.00000,0.02083,2
0.5,0.0000,0.004000,0.00000e+00,0.000001,0.250001,0.000001,0.000000,1.000003,0.500001,0.000001,0.000005,1.00000,0.02083,3
0.5,0.0000,0.005000,0.00000e+00,0.000002,0.250002,0.000002,0.000000,1.000004,0.500002,0.000002,0.000008,1.00000,0.02083,3
0.5,0.0000,0.006000,0.00000e+00,0.000003,0.250003,0.000003,0.000000,1.000006,0.500003,0.000003,0.000012,1.00000,0.02083,3
0.5,0.0000,0.007000,0.00000e+00,0.000004,0.250004,0.000004,0.000000,1.000008,0.500004,0.000004,0.000016,1.00000,0.02084,3
0.5,0.0000,0.008000,0.00000e+00,0.000005,0.250005,0.000005,0.000000,1.000011,0.500005,0.000005,0.000021,0.99999,0.02084,3
0.5,0.0000,0.009000,0.00000e+00,0.000007,0.250007,0.000007,0.000000,1.000014,0.500007,0.000007,0.000027,0.99999,0.02084,3
0.5,0.0000,0.010000,0.00000e+00,0.000008,0.250008,0.000008,0.000000,1.000017,0.500008,0.000008,0.000033,0.99999,0.02084,3
0.5,0.0000,0.011000,0.00000e+00,0.000010,0.250010,0.000010,0.000000,1.000020,0.500010,0.000010,0.000040,0.99999,0.02084,3
0.5,0.0000,0.012000,0.00000e+00,0.000012,0.250012,0.000012,0.000000,1.000024,0.500012,0.000012,0.000048,0.99999,0.02084,3
0.5,0.0000,0.013000,0.00000e+00,0.000014,0.250014,0.000014,0.000000,1.000028,0.500014,0.000014,0.000056,0.99999,0.02084,3
0.5,0.0000,0.014000,0.00000e+00,0.000016,0.250016,0.000016,0.000000,1.000033,0.500016,0.000016,0.000065,0.99998,0.02084,3
0.5,0.0000,0.015000,0.00000e+00,0.000019,0.250019,0.000019,0.000000,1.000038,0.500019,0.000019,0.000075,0.99998,0.02084,3
0.5,0.0000,0.016000,0.00000e+00,0.000021,0.250021,0.000021,0.000000,1.000043,0.500021,0.000021,0.000085,0.99998,0.02084,3
0.5,0.0000,0.017000,0.00000e+00,0.000024,0.250024,0.000024,0.000000,1.000048,0.500024,0.000024,0.000096,0.99998,0.02084,3
0.5,0.0000,0.018000,0.00000e+00,0.000027,0.250027,0.000027,0.000000,1.000054,0.500027,0.000027,0.000108,0.99997,0.02085,3
0.5,0.0000,0.019000,0.00000e+00,0.000030,0.250030,0.000030,0.000000,1.000060,0.500030,0.000030,0.000120,0.99997,0.02085,3
0.5,0.0000,0.020000,0.00000e+00,0.000033,0.250033,0.000033,0.000000,1.000067,0.500033,0.000033,0.000133,0.99997,0.02085,3
0.5,0.0000,0.021000,0.00000e+00,0.000037,0.250037,0.000037,0.000000,1.000074,0.500037,0.000037,0.000147,0.99996,0.02085,3
0.5,0.0000,0.022000,0.00000e+00,0.000040,0.250040,0.000040,0.000000,1.000081,0.500040,0.000040,0.000161,0.99996,0.02085,3
0.5,0.0000,0.023000,0.00000e+00,0.000044,0.250044,0.000044,0.000000,1.000088,0.500044,0.000044,0.000176,0.99996,0.02085,3
0.5,0.0000,0.024000,0.00000e+00,0.000048,0.250048,0.000048,0.000000,1.000096,0.500048,0.000048,0.000192,0.99995,0.02086,3
0.5,0.0000,0.025000,0.00000e+00,0.000052,0.250052,0.000052,0.000000,1.000104,0.500052,0.000052,0.000208,0.99995,0.02086,3
0.5,0.0000,0.026000,0.00000e+00,0.000056,0.250056,0.000056,0.000000,1.000113,0.500056,0.000056,0.000225,0.99994,0.02086,3
0.5,0.0000,0.027000,0.00000e+00,0.000061,0.250061,0.000061,0.000000,1.000122,0.500061,0.000061,0.000243,0.99994,0.02086,3
0.5,0.0000,0.028000,0.00000e+00,0.000065,0.250065,0.000065,0.000000,1.000131,0.500065,0.000065,0.000261,0.99993,0.02086,3
0.5,0.0000,0.029000,0.00000e+00,0.000070,0.250070,0.000070,0.000000,1.000140,0.500070,0.000070,0.000280,0.99993,0.02087,3
0.5,0.0000,0.030000,0.00000e+00,0.000075,0.250075,0.000075,0.000000,1.000150,0.500075,0.000075,0.000300,0.99993,0.02087,3
0.5,0.0000,0.031000,0.00000e+00,0.000080,0.250080,0.000080,0.000000,1.000160,0.500080,0.000080,0.000320,0.99992,0.02087,3
0.5,0.0000,0.032000,0.00000e+00,0.000085,0.250085,0.000085,0.000000,1.000171,0.500085,0.000085,0.000341,0.99991,0.02087,3
0.5,0.0000,0.033000,0.00000e+00,0.000091,0.250091,0.000091,0.000000,1.000182,0.500091,0.000091,0.000363,0.99991,0.02087,3
0.5,0.0000,0.034000,0.00000e+00,0.000096,0.250096,0.000096,0.000000,1.000193,0.500096,0.000096,0.000385,0.99990,0.02088,3
0.5,0.0000,0.035000,0.00000e+00,0.000102,0.250102,0.000102,0.000000,1.000204,0.500102,0.000102,0.000408,0.99990,0.02088,3
0.5,0.0000,0.036000,0.00000e+00,0.000108,0.250108,0.000108,0.000000,1.000216,0.500108,0.000108,0.000432,0.99989,0.02088,3
0.5,0.0000,0.037000,0.00000e+00,0.000114,0.250114,0.000114,0.000000,1.000228,0.500114,0.000114,0.000456,0.99989,0.02089,3
0.5,0.0000,0.038000,0.00000e+00,0.000120,0.250120,0.000120,0.000000,1.000241,0.500120,0.000120,0.000481,0.99988,0.02089,3
0.5,0.0000,0.039000,0.00000e+00,0.000127,0.250127,0.000127,0.000000,1.000254,0.500127,0.000127,0.000507,0.99987,0.02089,3
0.5,0.0000,0.040000,0.00000e+00,0.000133,0.250133,0.000133,0.000000,1.000267,0.500133,0.000133,0.000533,0.99987,0.02089,3
0.5,0.0000,0.041000,0.00000e+00,0.000140,0.250140,0.000140,0.000000,1.000280,0.500140,0.000140,0.000560,0.99986,0.02090,3
0.5,0.0000,0.042000,0.00000e+00,0.000147,0.250147,0.000147,0.000000,1.000294,0.500147,0.000147,0.000588,0.99985,0.02090,3
0.5,0.0000,0.043000,0.00000e+00,0.000154,0.250154,0.000154,0.000000,1.000308,0.500154,0.000154,0.000617,0.99985,0.02090,3
0.5,0.0000,0.044000,0.00000e+00,0.000161,0.250161,0.000161,0.000000,1.000323,0.500161,0.000161,0.000646,0.99984,0.02091,3
0.5,0.0000,0.045000,0.00000e+00,0.000169,0.250169,0.000169,0.000000,1.000338,0.500169,0.000169,0.000675,0.99983,0.02091,3
0.5,0.0000,0.046000,0.00000e+00,0.000177,0.250176,0.000176,0.000000,1.000353,0.500176,0.000176,0.000706,0.99982,0.02091,3
0.5,0.0000,0.047000,0.00000e+00,0.000184,0.250184,0.000184,0.000000,1.000368,0.500184,0.000184,0.000737,0.99982,0.02092,3
0.5,0.0000,0.048000,0.00000e+00,0.000192,0.250192,0.000192,0.000000,1.000384,0.500192,0.000192,0.000768,0.99981,0.02092,3
0.5,0.0000,0.049000,0.00000e+00,0.000200,0.250200,0.000200,0.000000,1.000400,0.500200,0.000200,0.000801,0.99980,0.02093,3
0.5,0.0000,0.050000,0.00000e+00,0.000209,0.250208,0.000209,0.000000,1.000417,0.500208,0.000208,0.000834,0.99979,0.02093,3
0.5,0.0000,0.051000,0.00000e+00,0.000217,0.250217,0.000217,0.000000,1.000434,0.500217,0.000217,0.000867,0.99978,0.02093,3
0.5,0.0000,0.052000,0.00000e+00,0.000226,0.250225,0.000226,0.000000,1.000451,0.500225,0.000225,0.000902,0.99977,0.02094,3
0.5,0.0000,0.053000,0.00000e+00,0.000234,0.250234,0.000234,0.000000,1.000469,0.500234,0.000234,0.000937,0.99977,0.02094,3
0.5,0.0000,0.054000,0.00000e+00,0.000243,0.250243,0.000243,0.000000,1.000486,0.500243,0.000243,0.000972,0.99976,0.02094,3
0.5,0.0000,0.055000,0.00000e+00,0.000252,0.250252,0.000252,0.000001,1.000505,0.500252,0.000252,0.001009,0.99975,0.02095,3
0.5,0.0000,0.056000,0.00000e+00,0.000262,0.250262,0.000262,0.000001,1.000523,0.500261,0.000261,0.001046,0.99974,0.02095,3
0.5,0.0000,0.057000,0.00000e+00,0.000271,0.250271,0.000271,0.000001,1.000542,0.500271,0.000271,0.001084,0.99973,0.02096,3
0.5,0.0000,0.058000,0.00000e+00,0.000281,0.250281,0.000281,0.000001,1.000561,0.500280,0.000280,0.001122,0.99972,0.02096,3
0.5,0.0000,0.059000,0.00000e+00,0.000291,0.250290,0.000290,0.000001,1.000581,0.500290,0.000290,0.001161,0.99971,0.02097,3
0.5,0.0000,0.060000,0.00000e+00,0.000301,0.250300,0.000300,0.000001,1.000601,0.500300,0.000300,0.001201,0.99970,0.02097,3
0.5,0.0000,0.061000,0.00000e+00,0.000311,0.250310,0.000310,0.000001,1.000621,0.500310,0.000310,0.001241,0.99969,0.02098,3
0.5,0.0000,0.062000,0.00000e+00,0.000321,0.250321,0.000321,0.000001,1.000641,0.500320,0.000321,0.001282,0.99968,0.02098,3
0.5,0.0000,0.063000,0.00000e+00,0.000331,0.250331,0.000331,0.000001,1.000662,0.500331,0.000331,0.001324,0.99967,0.02099,3
0.5,0.0000,0.064000,0.00000e+00,0.000342,0.250342,0.000342,0.000001,1.000683,0.500341,0.000342,0.001366,0.99966,0.02099,3
0.5,0.0000,0.065000,0.00000e+00,0.000353,0.250352,0.000353,0.000001,1.000705,0.500352,0.000352,0.001409,0.99965,0.02100,3
0.5,0.0000,0.066000,0.00000e+00,0.000364,0.250363,0.000364,0.000001,1.000727,0.500363,0.000363,0.001453,0.99964,0.02100,3
0.5,0.0000,0.067000,0.00000e+00,0.000375,0.250374,0.000375,0.000001,1.000749,0.500374,0.000374,0.001497,0.99963,0.02101,3
0.5,0.0000,0.068000,0.00000e+00,0.000386,0.250386,0.000386,0.000001,1.000772,0.500385,0.000386,0.001543,0.99961,0.02101,3
0.5,0.0000,0.069000,0.00000e+00,0.000398,0.250397,0.000397,0.000001,1.000795,0.500397,0.000397,0.001588,0.99960,0.02102,3
0.5,0.0000,0.070000,0.00000e+00,0.000409,0.250409,0.000409,0.000001,1.000818,0.500408,0.000409,0.001635,0.99959,0.02102,3
0.5,0.0000,0.071000,0.00000e+00,0.000421,0.250421,0.000421,0.000001,1.000841,0.500420,0.000420,0.001682,0.99958,0.02103,3
0.5,0.0000,0.072000,0.00000e+00,0.000433,0.250432,0.000433,0.000001,1.000865,0.500432,0.000432,0.001729,0.99957,0.02103,3
0.5,0.0000,0.073000,0.00000e+00,0.000445,0.250445,0.000445,0.000002,1.000890,0.500444,0.000444,0.001778,0.99956,0.02104,3
0.5,0.0000,0.074000,0.00000e+00,0.000458,0.250457,0.000457,0.000002,1.000914,0.500457,0.000457,0.001827,0.99954,0.02104,3
0.5,0.0000,0.075000,0.00000e+00,0.000470,0.250469,0.000470,0.000002,1.000939,0.500469,0.000469,0.001877,0.99953,0.02105,3
0.5,0.0000,0.076000,0.00000e+00,0.000483,0.250482,0.000482,0.000002,1.000964,0.500482,0.000482,0.001927,0.99952,0.02105,3
0.5,0.0000,0.077000,0.00000e+00,0.000496,0.250495,0.000495,0.000002,1.000990,0.500494,0.000495,0.001978,0.99951,0.02106,3
0.5,0.0000,0.078000,0.00000e+00,0.000509,0.250508,0.000508,0.000002,1.001016,0.500507,0.000508,0.002030,0.99949,0.02107,3
0.5,0.0000,0.079000,0.00000e+00,0.000522,0.250521,0.000521,0.000002,1.001042,0.500520,0.000521,0.002083,0.99948,0.02107,3
0.5,0.0000,0.080000,0.00000e+00,0.000535,0.250534,0.000534,0.000002,1.001069,0.500534,0.000534,0.002136,0.99947,0.02108,3
0.5,0.0000,0.081000,0.00000e+00,0.000549,0.250547,0.000548,0.000002,1.001096,0.500547,0.000547,0.002189,0.99945,0.02108,3
0.5,0.0000,0.082000,0.00000e+00,0.000562,0.250561,0.000562,0.000003,1.001123,0.500561,0.000561,0.002244,0.99944,0.02109,3
0.5,0.0000,0.083000,0.00000e+00,0.000576,0.250575,0.000575,0.000003,1.001150,0.500574,0.000575,0.002299,0.99943,0.02110,3
0.5,0.0000,0.084000,0.00000e+00,0.000590,0.250589,0.000589,0.000003,1.001178,0.500588,0.000589,0.002355,0.99941,0.02110,3
0.5,0.0000,0.085000,0.00000e+00,0.000604,0.250603,0.000604,0.000003,1.001207,0.500602,0.000603,0.002411,0.99940,0.02111,3
0.5,0.0000,0.086000,0.00000e+00,0.000619,0.250617,0.000618,0.000003,1.001235,0.500617,0.000617,0.002468,0.99938,0.02112,3
0.5,0.0000,0.087000,0.00000e+00,0.000633,0.250632,0.000632,0.000003,1.001264,0.500631,0.000632,0.002526,0.99937,0.02112,3
0.5,0.0000,0.088000,0.00000e+00,0.000648,0.250646,0.000647,0.000003,1.001294,0.500646,0.000646,0.002585,0.99935,0.02113,3
0.5,0.0000,0.089000,0.00000e+00,0.000663,0.250661,0.000662,0.000003,1.001323,0.500661,0.000661,0.002644,0.99934,0.02114,3
0.5,0.0000,0.090000,0.00000e+00,0.000678,0.250676,0.000677,0.000004,1.001353,0.500675,0.000676,0.002704,0.99933,0.02114,3
0.5,0.0000,0.091000,0.00000e+00,0.000693,0.250691,0.000692,0.000004,1.001384,0.500691,0.000691,0.002764,0.99931,0.02115,3
0.5,0.0000,0.092000,0.00000e+00,0.000708,0.250707,0.000707,0.000004,1.001414,0.500706,0.000706,0.002825,0.99929,0.02116,3
0.5,0.0000,0.093000,0.00000e+00,0.000724,0.250722,0.000723,0.000004,1.001445,0.500721,0.000722,0.002887,0.99928,0.02117,3
0.5,0.0000,0.094000,0.00000e+00,0.000740,0.250738,0.000739,0.000004,1.001476,0.500737,0.000737,0.002950,0.99926,0.02117,3
0.5,0.0000,0.095000,0.00000e+00,0.000755,0.250753,0.000754,0.000005,1.001508,0.500753,0.000753,0.003013,0.99925,0.02118,3
0.5,0.0000,0.096000,0.00000e+00,0.000772,0.250769,0.000770,0.000005,1.001540,0.500769,0.000769,0.003077,0.99923,0.02119,3
0.5,0.0000,0.097000,0.00000e+00,0.000788,0.250786,0.000787,0.000005,1.001572,0.500785,0.000785,0.003141,0.99922,0.02119,3
0.5,0.0000,0.098000,0.00000e+00,0.000804,0.250802,0.000803,0.000005,1.001605,0.500801,0.000802,0.003206,0.99920,0.02120,3
0.5,0.0000,0.099000,0.00000e+00,0.000821,0.250818,0.000819,0.000005,1.001638,0.500817,0.000818,0.003272,0.99918,0.02121,3
0.5,0.0000,0.100000,0.00000e+00,0.000838,0.250835,0.000836,0.000006,1.001672,0.500834,0.000835,0.003339,0.99917,0.02122,3
0.5,0.0000,0.101000,0.00000e+00,0.000854,0.250852,0.000853,0.000006,1.001705,0.500851,0.000852,0.003406,0.99915,0.02123,3
0.5,0.0000,0.102000,0.00000e+00,0.000872,0.250869,0.000870,0.000006,1.001739,0.500868,0.000869,0.003474,0.99913,0.02123,3
0.5,0.0000,0.103000,0.00000e+00,0.000889,0.250886,0.000887,0.000006,1.001774,0.500885,0.000886,0.003543,0.99912,0.02124,3
0.5,0.0000,0.104000,0.00000e+00,0.000906,0.250903,0.000905,0.000007,1.001808,0.500902,0.000903,0.003612,0.99910,0.02125,3
0.5,0.0000,0.105000,0.00000e+00,0.000924,0.250921,0.000922,0.000007,1.001843,0.500920,0.000920,0.003682,0.99908,0.02126,3
0.5,0.0000,0.106000,0.00000e+00,0.000942,0.250939,0.000940,0.000007,1.001879,0.500937,0.000938,0.003752,0.99906,0.02127,3
0.5,0.0000,0.107000,0.00000e+00,0.000960,0.250956,0.000958,0.000007,1.001915,0.500955,0.000956,0.003824,0.99905,0.02127,3
0.5,0.0000,0.108000,0.00000e+00,0.000978,0.250974,0.000976,0.000008,1.001951,0.500973,0.000974,0.003896,0.99903,0.02128,3
0.5,0.0000,0.109000,0.00000e+00,0.000996,0.250993,0.000994,0.000008,1.001987,0.500991,0.000992,0.003968,0.99901,0.02129,3
0.5,0.0000,0.110000,0.00000e+00,0.001014,0.251011,0.001012,0.000008,1.002024,0.501009,0.001010,0.004041,0.99899,0.02130,3
0.5,0.0000,0.111000,0.00000e+00,0.001033,0.251029,0.001031,0.000008,1.002061,0.501028,0.001029,0.004115,0.99897,0.02131,3
0.5,0.0000,0.112000,0.00000e+00,0.001052,0.251048,0.001050,0.000009,1.002098,0.501046,0.001048,0.004190,0.99895,0.02132,3
0.5,0.0000,0.113000,0.00000e+00,0.001071,0.251067,0.001069,0.000009,1.002136,0.501065,0.001066,0.004265,0.99894,0.02132,3
0.5,0.0000,0.114000,0.00000e+00,0.001090,0.251086,0.001088,0.000009,1.002174,0.501084,0.001085,0.004341,0.99892,0.02133,3
0.5,0.0000,0.115000,0.00000e+00,0.001109,0.251105,0.001107,0.000010,1.002213,0.501103,0.001105,0.004418,0.99890,0.02134,3
0.5,0.0000,0.116000,0.00000e+00,0.001129,0.251124,0.001126,0.000010,1.002251,0.501123,0.001124,0.004495,0.99888,0.02135,3
0.5,0.0000,0.117000,0.00000e+00,0.001149,0.251144,0.001146,0.000010,1.002291,0.501142,0.001143,0.004573,0.99886,0.02136,3
0.5,0.0000,0.118000,0.00000e+00,0.001168,0.251164,0.001166,0.000011,1.002330,0.501162,0.001163,0.004652,0.99884,0.02137,3
0.5,0.0000,0.119000,0.00000e+00,0.001188,0.251184,0.001186,0.000011,1.002370,0.501181,0.001183,0.004732,0.99882,0.02138,3
0.5,0.0000,0.120000,0.00000e+00,0.001209,0.251204,0.001206,0.000012,1.002410,0.501201,0.001203,0.004812,0.99880,0.02139,3
0.5,0.0000,0.121000,0.00000e+00,0.001229,0.251224,0.001226,0.000012,1.002451,0.501222,0.001223,0.004892,0.99878,0.02140,3
0.5,0.0000,0.122000,0.00000e+00,0.001250,0.251244,0.001247,0.000012,1.002491,0.501242,0.001243,0.004974,0.99876,0.02141,3
0.5,0.0000,0.123000,0.00000e+00,0.001270,0.251265,0.001267,0.000013,1.002533,0.501262,0.001264,0.005056,0.99874,0.02142,3
0.5,0.0000,0.124000,0.00000e+00,0.001291,0.251285,0.001288,0.000013,1.002574,0.501283,0.001285,0.005139,0.99872,0.02143,3
0.5,0.0000,0.125000,0.00000e+00,0.001312,0.251306,0.001309,0.000014,1.002616,0.501304,0.001305,0.005222,0.99870,0.02144,3
0.5,0.0000,0.126000,0.00000e+00,0.001334,0.251327,0.001330,0.000014,1.002658,0.501325,0.001327,0.005306,0.99868,0.02144,3
0.5,0.0000,0.127000,0.00000e+00,0.001355,0.251349,0.001351,0.000015,1.002701,0.501346,0.001348,0.005391,0.99866,0.02145,3
0.5,0.0000,0.128000,0.00000e+00,0.001377,0.251370,0.001373,0.000015,1.002744,0.501367,0.001369,0.005476,0.99863,0.02146,3
0.5,0.0000,0.129000,0.00000e+00,0.001398,0.251392,0.001394,0.000016,1.002787,0.501389,0.001391,0.005562,0.99861,0.02147,3
0.5,0.0000,0.130000,0.00000e+00,0.001420,0.251413,0.001416,0.000016,1.002831,0.501410,0.001412,0.005649,0.99859,0.02148,3
0.5,0.0000,0.131000,0.00000e+00,0.001442,0.251435,0.001438,0.000017,1.002875,0.501432,0.001434,0.005737,0.99857,0.02149,3
0.5,0.0000,0.132000,0.00000e+00,0.001465,0.251457,0.001460,0.000017,1.002919,0.501454,0.001456,0.005825,0.99855,0.02150,3
0.5,0.0000,0.133000,0.00000e+00,0.001487,0.251480,0.001483,0.000018,1.002963,0.501476,0.001478,0.005914,0.99853,0.02152,3
0.5,0.0000,0.134000,0.00000e+00,0.001510,0.251502,0.001505,0.000018,1.003008,0.501499,0.001501,0.006003,0.99850,0.02153,3
0.5,0.0000,0.135000,0.00000e+00,0.001533,0.251525,0.001528,0.000019,1.003054,0.501521,0.001523,0.006094,0.99848,0.02154,3
0.5,0.0000,0.136000,0.00000e+00,0.001556,0.251547,0.001551,0.000019,1.003099,0.501544,0.001546,0.006184,0.99846,0.02155,3
0.5,0.0000,0.137000,0.00000e+00,0.001579,0.251570,0.001574,0.000020,1.003145,0.501567,0.001569,0.006276,0.99844,0.02156,3
0.5,0.0000,0.138000,0.00000e+00,0.001602,0.251593,0.001597,0.000020,1.003192,0.501590,0.001592,0.006368,0.99841,0.02157,3
0.5,0.0000,0.139000,0.00000e+00,0.001626,0.251617,0.001620,0.000021,1.003238,0.501613,0.001615,0.006461,0.99839,0.02158,3
0.5,0.0000,0.140000,0.00000e+00,0.001649,0.251640,0.001644,0.000022,1.003285,0.501636,0.001639,0.006555,0.99837,0.02159,3
0.5,0.0000,0.141000,0.00000e+00,0.001673,0.251664,0.001668,0.000022,1.003333,0.501659,0.001662,0.006649,0.99834,0.02160,3
0.5,0.0000,0.142000,0.00000e+00,0.001697,0.251687,0.001692,0.000023,1.003381,0.501683,0.001686,0.006744,0.99832,0.02161,3
0.5,0.0000,0.143000,0.00000e+00,0.001722,0.251711,0.001716,0.000023,1.003429,0.501707,0.001710,0.006840,0.99830,0.02162,3
0.5,0.0000,0.144000,0.00000e+00,0.001746,0.251735,0.001740,0.000024,1.003477,0.501731,0.001734,0.006936,0.99827,0.02163,3
0.5,0.0000,0.145000,0.00000e+00,0.001771,0.251760,0.001764,0.000025,1.003526,0.501755,0.001758,0.007033,0.99825,0.02165,3
0.5,0.0000,0.146000,0.00000e+00,0.001795,0.251784,0.001789,0.000026,1.003575,0.501779,0.001783,0.007131,0.99822,0.02166,3
0.5,0.0000,0.147000,0.00000e+00,0.001820,0.251809,0.001814,0.000026,1.003624,0.501804,0.001807,0.007229,0.99820,0.02167,3
0.5,0.0000,0.148000,0.00000e+00,0.001845,0.251834,0.001839,0.000027,1.003674,0.501829,0.001832,0.007328,0.99817,0.02168,3
0.5,0.0000,0.149000,0.00000e+00,0.001871,0.251859,0.001864,0.000028,1.003724,0.501853,0.001857,0.007428,0.99815,0.02169,3
0.5,0.0000,0.150000,0.00000e+00,0.001896,0.251884,0.001889,0.000028,1.003775,0.501878,0.001882,0.007528,0.99813,0.02170,3
0.5,0.0000,0.151000,0.00000e+00,0.001922,0.251909,0.001915,0.000029,1.003826,0.501904,0.001907,0.007629,0.99810,0.02171,3
0.5,0.0000,0.152000,0.00000e+00,0.001948,0.251935,0.001940,0.000030,1.003877,0.501929,0.001933,0.007731,0.99807,0.02173,3
0.5,0.0000,0.153000,0.00000e+00,0.001974,0.251960,0.001966,0.000031,1.003928,0.501955,0.001958,0.007834,0.99805,0.02174,3
0.5,0.0000,0.154000,0.00000e+00,0.002000,0.251986,0.001992,0.000032,1.003980,0.501980,0.001984,0.007937,0.99802,0.02175,3
0.5,0.0000,0.155000,0.00000e+00,0.002026,0.252012,0.002018,0.000032,1.004032,0.502006,0.002010,0.008041,0.99800,0.02176,3
0.5,0.0000,0.156000,0.00000e+00,0.002053,0.252038,0.002045,0.000033,1.004085,0.502032,0.002036,0.008145,0.99797,0.02177,3
0.5,0.0000,0.157000,0.00000e+00,0.002080,0.252065,0.002071,0.000034,1.004138,0.502058,0.002063,0.008250,0.99795,0.02179,3
0.5,0.0000,0.158000,0.00000e+00,0.002106,0.252091,0.002098,0.000035,1.004191,0.502085,0.002089,0.008356,0.99792,0.02180,3
0.5,0.0000,0.159000,0.00000e+00,0.002134,0.252118,0.002125,0.000036,1.004245,0.502111,0.002116,0.008463,0.99789,0.02181,3
0.5,0.0000,0.160000,0.00000e+00,0.002161,0.252145,0.002152,0.000037,1.004299,0.502138,0.002142,0.008570,0.99787,0.02182,3
0.5,0.0000,0.161000,0.00000e+00,0.002188,0.252172,0.002179,0.000038,1.004353,0.502165,0.002169,0.008678,0.99784,0.02184,3
0.5,0.0000,0.162000,0.00000e+00,0.002216,0.252199,0.002206,0.000039,1.004408,0.502192,0.002197,0.008787,0.99781,0.02185,3
0.5,0.0000,0.163000,0.00000e+00,0.002244,0.252226,0.002234,0.000040,1.004463,0.502219,0.002224,0.008896,0.99779,0.02186,3
0.5,0.0000,0.164000,0.00000e+00,0.002272,0.252254,0.002262,0.000041,1.004518,0.502246,0.002251,0.009006,0.99776,0.02188,3
0.5,0.0000,0.165000,0.00000e+00,0.002300,0.252282,0.002289,0.000042,1.004574,0.502274,0.002279,0.009117,0.99773,0.02189,3
0.5,0.0000,0.166000,0.00000e+00,0.002328,0.252310,0.002318,0.000043,1.004630,0.502302,0.002307,0.009228,0.99770,0.02190,3
0.5,0.0000,0.167000,0.00000e+00,0.002357,0.252338,0.002346,0.000044,1.004686,0.502329,0.002335,0.009340,0.99768,0.02191,3
0.5,0.0000,0.168000,0.00000e+00,0.002385,0.252366,0.002374,0.000045,1.004743,0.502358,0.002363,0.009453,0.99765,0.02193,3
0.5,0.0000,0.169000,0.00000e+00,0.002414,0.252394,0.002403,0.000046,1.004800,0.502386,0.002391,0.009566,0.99762,0.02194,3
0.5,0.0000,0.170000,0.00000e+00,0.002443,0.252423,0.002432,0.000047,1.004857,0.502414,0.002420,0.009680,0.99759,0.02195,3
0.5,0.0000,0.171000,0.00000e+00,0.002473,0.252452,0.002461,0.000048,1.004915,0.502443,0.002449,0.009795,0.99756,0.02197,3
0.5,0.0000,0.172000,0.00000e+00,0.002502,0.252481,0.002490,0.000049,1.004973,0.502471,0.002478,0.009910,0.99753,0.02198,3
0.5,0.0000,0.173000,0.00000e+00,0.002532,0.252510,0.002519,0.000051,1.005032,0.502500,0.002507,0.010027,0.99751,0.02199,3
0.5,0.0000,0.174000,0.00000e+00,0.002562,0.252539,0.002549,0.000052,1.005091,0.502529,0.002536,0.010143,0.99748,0.02201,3
0.5,0.0000,0.175000,0.00000e+00,0.002592,0.252568,0.002578,0.000053,1.005150,0.502559,0.002565,0.010261,0.99745,0.02202,3
0.5,0.0000,0.176000,0.00000e+00,0.002622,0.252598,0.002608,0.000054,1.005210,0.502588,0.002595,0.010379,0.99742,0.02204,3
0.5,0.0000,0.177000,0.00000e+00,0.002652,0.252628,0.002638,0.000055,1.005269,0.502618,0.002624,0.010498,0.99739,0.02205,3
0.5,0.0000,0.178000,0.00000e+00,0.002683,0.252658,0.002668,0.000057,1.005330,0.502647,0.002654,0.010618,0.99736,0.02206,3
0.5,0.0000,0.179000,0.00000e+00,0.002713,0.252688,0.002699,0.000058,1.005390,0.502677,0.002684,0.010738,0.99733,0.02208,3
0.5,0.0000,0.180000,0.00000e+00,0.002744,0.252718,0.002729,0.000059,1.005451,0.502707,0.002715,0.010859,0.99730,0.02209,3
0.5,0.0000,0.181000,0.00000e+00,0.002775,0.252749,0.002760,0.000061,1.005513,0.502737,0.002745,0.010981,0.99727,0.02211,3
0.5,0.0000,0.182000,0.00000e+00,0.002806,0.252779,0.002791,0.000062,1.005574,0.502768,0.002776,0.011103,0.99724,0.02212,3
0.5,0.0000,0.183000,0.00000e+00,0.002838,0.252810,0.002822,0.000063,1.005636,0.502798,0.002806,0.011226,0.99721,0.02214,3
0.5,0.0000,0.184000,0.00000e+00,0.002870,0.252841,0.002853,0.000065,1.005699,0.502829,0.002837,0.011350,0.99718,0.02215,3
0.5,0.0000,0.185000,0.00000e+00,0.002901,0.252872,0.002885,0.000066,1.005761,0.502860,0.002868,0.011474,0.99715,0.02216,3
0.5,0.0000,0.186000,0.00000e+00,0.002933,0.252904,0.002916,0.000068,1.005825,0.502891,0.002900,0.011599,0.99712,0.02218,3
0.5,0.0000,0.187000,0.00000e+00,0.002966,0.252935,0.002948,0.000069,1.005888,0.502923,0.002931,0.011725,0.99709,0.02219,3
0.5,0.0000,0.188000,0.00000e+00,0.002998,0.252967,0.002980,0.000071,1.005952,0.502954,0.002963,0.011851,0.99705,0.02221,3
0.5,0.0000,0.189000,0.00000e+00,0.003030,0.252999,0.003012,0.000072,1.006016,0.502986,0.002995,0.011979,0.99702,0.02222,3
0.5,0.0000,0.190000,0.00000e+00,0.003063,0.253031,0.003045,0.000074,1.006080,0.503017,0.003026,0.012107,0.99699,0.02224,3
0.5,0.0000,0.191000,0.00000e+00,0.003096,0.253063,0.003077,0.000075,1.006145,0.503049,0.003059,0.012235,0.99696,0.02225,3
0.5,0.0000,0.192000,0.00000e+00,0.003129,0.253096,0.003110,0.000077,1.006211,0.503081,0.003091,0.012364,0.99693,0.02227,3
0.5,0.0000,0.193000,0.00000e+00,0.003163,0.253128,0.003143,0.000079,1.006276,0.503114,0.003123,0.012494,0.99690,0.02228,3
0.5,0.0000,0.194000,0.00000e+00,0.003196,0.253161,0.003176,0.000080,1.006342,0.503146,0.003156,0.012625,0.99686,0.02230,3
0.5,0.0000,0.195000,0.00000e+00,0.003230,0.253194,0.003209,0.000082,1.006408,0.503179,0.003189,0.012756,0.99683,0.02232,3
0.5,0.0000,0.196000,0.00000e+00,0.003264,0.253227,0.003243,0.000084,1.006475,0.503212,0.003222,0.012888,0.99680,0.02233,3
0.5,0.0000,0.197000,0.00000e+00,0.003298,0.253260,0.003276,0.000085,1.006542,0.503244,0.003255,0.013021,0.99677,0.02235,3
0.5,0.0000,0.198000,0.00000e+00,0.003332,0.253294,0.003310,0.000087,1.006609,0.503278,0.003288,0.013154,0.99673,0.02236,3
0.5,0.0000,0.199000,0.00000e+00,0.003366,0.253327,0.003344,0.000089,1.006677,0.503311,0.003322,0.013288,0.99670,0.02238,3
0.5,0.0000,0.200000,0.00000e+00,0.003401,0.253361,0.003378,0.000091,1.006745,0.503344,0.003356,0.013423,0.99667,0.02239,3
0.5,0.0000,0.201000,0.00000e+00,0.003436,0.253395,0.003412,0.000093,1.006813,0.503378,0.003389,0.013559,0.99663,0.02241,3
0.5,0.0000,0.202000,0.00000e+00,0.003471,0.253429,0.003447,0.000094,1.006882,0.503412,0.003424,0.013695,0.99660,0.02243,3
0.5,0.0000,0.203000,0.00000e+00,0.003506,0.253464,0.003482,0.000096,1.006951,0.503446,0.003458,0.013832,0.99657,0.02244,3
0.5,0.0000,0.204000,0.00000e+00,0.003541,0.253498,0.003517,0.000098,1.007021,0.503480,0.003492,0.013969,0.99653,0.02246,3
0.5,0.0000,0.205000,0.00000e+00,0.003577,0.253533,0.003552,0.000100,1.007091,0.503514,0.003527,0.014108,0.99650,0.02247,3
0.5,0.0000,0.206000,0.00000e+00,0.003612,0.253568,0.003587,0.000102,1.007161,0.503549,0.003561,0.014247,0.99646,0.02249,3
0.5,0.0000,0.207000,0.00000e+00,0.003648,0.253603,0.003622,0.000104,1.007231,0.503583,0.003596,0.014386,0.99643,0.02251,3
0.5,0.0000,0.208000,0.00000e+00,0.003684,0.253638,0.003658,0.000106,1.007302,0.503618,0.003631,0.014527,0.99639,0.02252,3
0.5,0.0000,0.209000,0.00000e+00,0.003721,0.253673,0.003694,0.000108,1.007374,0.503653,0.003667,0.014668,0.99636,0.02254,3
0.5,0.0000,0.210000,0.00000e+00,0.003757,0.253709,0.003730,0.000110,1.007445,0.503688,0.003702,0.014809,0.99633,0.02256,3
0.5,0.0000,0.211000,0.00000e+00,0.003794,0.253745,0.003766,0.000113,1.007517,0.503724,0.003738,0.014952,0.99629,0.02257,3
0.5,0.0000,0.212000,0.00000e+00,0.003831,0.253781,0.003802,0.000115,1.007590,0.503759,0.003773,0.015095,0.99625,0.02259,3
0.5,0.0000,0.213000,0.00000e+00,0.003868,0.253817,0.003838,0.000117,1.007662,0.503795,0.003809,0.015239,0.99622,0.02261,3
0.5,0.0000,0.214000,0.00000e+00,0.003905,0.253853,0.003875,0.000119,1.007736,0.503831,0.003846,0.015383,0.99618,0.02263,3
0.5,0.0000,0.215000,0.00000e+00,0.003942,0.253889,0.003912,0.000121,1.007809,0.503867,0.003882,0.015529,0.99615,0.02264,3
0.5,0.0000,0.216000,0.00000e+00,0.003980,0.253926,0.003949,0.000124,1.007883,0.503903,0.003918,0.015675,0.99611,0.02266,3
0.5,0.0000,0.217000,0.00000e+00,0.004018,0.253963,0.003986,0.000126,1.007957,0.503939,0.003955,0.015821,0.99608,0.02268,3
0.5,0.0000,0.218000,0.00000e+00,0.004056,0.254000,0.004024,0.000128,1.008031,0.503976,0.003992,0.015969,0.99604,0.02269,3
0.5,0.0000,0.219000,0.00000e+00,0.004094,0.254037,0.004061,0.000131,1.008106,0.504013,0.004029,0.016117,0.99600,0.02271,3
0.5,0.0000,0.220000,0.00000e+00,0.004132,0.254074,0.004099,0.000133,1.008182,0.504049,0.004066,0.016265,0.99597,0.02273,3
0.5,0.0000,0.221000,0.00000e+00,0.004171,0.254112,0.004137,0.000136,1.008257,0.504086,0.004103,0.016415,0.99593,0.02275,3
0.5,0.0000,0.222000,0.00000e+00,0.004210,0.254149,0.004175,0.000138,1.008333,0.504124,0.004141,0.016565,0.99589,0.02277,3
0.5,0.0000,0.223000,0.00000e+00,0.004249,0.254187,0.004213,0.000141,1.008410,0.504161,0.004179,0.016716,0.99586,0.02278,3
0.5,0.0000,0.224000,0.00000e+00,0.004288,0.254225,0.004252,0.000143,1.008486,0.504199,0.004216,0.016867,0.99582,0.02280,3
0.5,0.0000,0.225000,0.00000e+00,0.004327,0.254263,0.004291,0.000146,1.008563,0.504236,0.004254,0.017020,0.99578,0.02282,3
0.5,0.0000,0.226000,0.00000e+00,0.004367,0.254302,0.004330,0.000149,1.008641,0.504274,0.004293,0.017172,0.99574,0.02284,3
0.5,0.0000,0.227000,0.00000e+00,0.004406,0.254340,0.004369,0.000151,1.008719,0.504312,0.004331,0.017326,0.99571,0.02286,3
0.5,0.0000,0.228000,0.00000e+00,0.004446,0.254379,0.004408,0.000154,1.008797,0.504351,0.004370,0.017480,0.99567,0.02287,3
0.5,0.0000,0.229000,0.00000e+00,0.004486,0.254418,0.004447,0.000157,1.008875,0.504389,0.004408,0.017635,0.99563,0.02289,3
0.5,0.0000,0.230000,0.00000e+00,0.004527,0.254457,0.004487,0.000160,1.008954,0.504428,0.004447,0.017791,0.99559,0.02291,3
0.5,0.0000,0.231000,0.00000e+00,0.004567,0.254496,0.004527,0.000162,1.009033,0.504466,0.004486,0.017948,0.99555,0.02293,3
0.5,0.0000,0.232000,0.00000e+00,0.004608,0.254536,0.004567,0.000165,1.009113,0.504505,0.004526,0.018105,0.99552,0.02295,3
0.5,0.0000,0.233000,0.00000e+00,0.004649,0.254575,0.004607,0.000168,1.009193,0.504544,0.004565,0.018263,0.99548,0.02297,3
0.5,0.0000,0.234000,0.00000e+00,0.004690,0.254615,0.004647,0.000171,1.009273,0.504584,0.004605,0.018421,0.99544,0.02299,3
0.5,0.0000,0.235000,0.00000e+00,0.004731,0.254655,0.004688,0.000174,1.009354,0.504623,0.004645,0.018581,0.99540,0.02300,3
0.5,0.0000,0.236000,0.00000e+00,0.004773,0.254695,0.004729,0.000177,1.009435,0.504663,0.004685,0.018740,0.99536,0.02302,3
0.5,0.0000,0.237000,0.00000e+00,0.004814,0.254736,0.004769,0.000180,1.009517,0.504702,0.004725,0.018901,0.99532,0.02304,3
0.5,0.0000,0.238000,0.00000e+00,0.004856,0.254776,0.004811,0.000183,1.009598,0.504742,0.004765,0.019063,0.99528,0.02306,3
0.5,0.0000,0.239000,0.00000e+00,0.004898,0.254817,0.004852,0.000187,1.009680,0.504782,0.004806,0.019225,0.99524,0.02308,3
0.5,0.0000,0.240000,0.00000e+00,0.004941,0.254858,0.004893,0.000190,1.009763,0.504823,0.004846,0.019387,0.99520,0.02310,3
0.5,0.0000,0.241000,0.00000e+00,0.004983,0.254899,0.004935,0.000193,1.009846,0.504863,0.004887,0.019551,0.99516,0.02312,3
0.5,0.0000,0.242000,0.00000e+00,0.005026,0.254940,0.004977,0.000196,1.009929,0.504904,0.004928,0.019715,0.99512,0.02314,3
0.5,0.0000,0.243000,0.00000e+00,0.005069,0.254982,0.005019,0.000200,1.010013,0.504945,0.004969,0.019880,0.99508,0.02316,3
0.5,0.0000,0.244000,0.00000e+00,0.005112,0.255023,0.005061,0.000203,1.010097,0.504986,0.005011,0.020046,0.99504,0.02318,3
0.5,0.0000,0.245000,0.00000e+00,0.005155,0.255065,0.005103,0.000206,1.010181,0.505027,0.005052,0.020212,0.99500,0.02320,3
0.5,0.0000,0.246000,0.00000e+00,0.005198,0.255107,0.005146,0.000210,1.010266,0.505068,0.005094,0.020379,0.99496,0.02322,3
0.5,0.0000,0.247000,0.00000e+00,0.005242,0.255149,0.005189,0.000213,1.010351,0.505110,0.005136,0.020547,0.99492,0.02324,3
0.5,0.0000,0.248000,0.00000e+00,0.005286,0.255191,0.005232,0.000217,1.010437,0.505151,0.005178,0.020715,0.99488,0.02326,3
0.5,0.0000,0.249000,0.00000e+00,0.005330,0.255234,0.005275,0.000220,1.010523,0.505193,0.005220,0.020884,0.99483,0.02328,3
0.5,0.0000,0.250000,0.00000e+00,0.005374,0.255277,0.005318,0.000224,1.010609,0.505235,0.005263,0.021054,0.99479,0.02330,3
0.5,0.0000,0.251000,0.00000e+00,0.005419,0.255319,0.005362,0.000228,1.010695,0.505277,0.005305,0.021225,0.99475,0.02332,3
0.5,0.0000,0.252000,0.00000e+00,0.005463,0.255362,0.005406,0.000231,1.010782,0.505320,0.005348,0.021396,0.99471,0.02334,3
0.5,0.0000,0.253000,0.00000e+00,0.005508,0.255406,0.005449,0.000235,1.010870,0.505362,0.005391,0.021568,0.99467,0.02336,3
0.5,0.0000,0.254000,0.00000e+00,0.005553,0.255449,0.005494,0.000239,1.010957,0.505405,0.005434,0.021741,0.99462,0.02338,3
0.5,0.0000,0.255000,0.00000e+00,0.005598,0.255493,0.005538,0.000243,1.011046,0.505448,0.005478,0.021914,0.99458,0.02340,3
0.5,0.0000,0.256000,0.00000e+00,0.005644,0.255536,0.005582,0.000247,1.011134,0.505491,0.005521,0.022089,0.99454,0.02342,3
0.5,0.0000,0.257000,0.00000e+00,0.005689,0.255580,0.005627,0.000251,1.011223,0.505534,0.005565,0.022263,0.99450,0.02345,3
0.5,0.0000,0.258000,0.00000e+00,0.005735,0.255624,0.005672,0.000255,1.011312,0.505577,0.005609,0.022439,0.99445,0.02347,3
0.5,0.0000,0.259000,0.00000e+00,0.005781,0.255669,0.005717,0.000259,1.011402,0.505621,0.005653,0.022615,0.99441,0.02349,3
0.5,0.0000,0.260000,0.00000e+00,0.005828,0.255713,0.005762,0.000263,1.011492,0.505665,0.005697,0.022792,0.99437,0.02351,4
0.5,0.0000,0.261000,0.00000e+00,0.005874,0.255758,0.005807,0.000267,1.011582,0.505709,0.005742,0.022970,0.99432,0.02353,4
0.5,0.0000,0.262000,0.00000e+00,0.005921,0.255803,0.005853,0.000271,1.011673,0.505753,0.005786,0.023148,0.99428,0.02355,4
0.5,0.0000,0.263000,0.00000e+00,0.005967,0.255848,0.005899,0.000275,1.011764,0.505797,0.005831,0.023328,0.99424,0.02357,4
0.5,0.0000,0.264000,0.00000e+00,0.006015,0.255893,0.005945,0.000279,1.011855,0.505841,0.005876,0.023507,0.99419,0.02359,4
0.5,0.0000,0.265000,0.00000e+00,0.006062,0.255938,0.005991,0.000284,1.011947,0.505886,0.005921,0.023688,0.99415,0.02362,4
0.5,0.0000,0.266000,0.00000e+00,0.006109,0.255984,0.006037,0.000288,1.012039,0.505931,0.005966,0.023869,0.99410,0.02364,4
0.5,0.0000,0.267000,0.00000e+00,0.006157,0.256030,0.006084,0.000293,1.012132,0.505976,0.006012,0.024051,0.99406,0.02366,4
0.5,0.0000,0.268000,0.00000e+00,0.006205,0.256075,0.006131,0.000297,1.012225,0.506021,0.006057,0.024234,0.99402,0.02368,4
0.5,0.0000,0.269000,0.00000e+00,0.006253,0.256122,0.006178,0.000302,1.012318,0.506066,0.006103,0.024417,0.99397,0.02370,4
0.5,0.0000,0.270000,0.00000e+00,0.006301,0.256168,0.006225,0.000306,1.012412,0.506111,0.006149,0.024602,0.99393,0.02373,4
0.5,0.0000,0.271000,0.00000e+00,0.006350,0.256214,0.006272,0.000311,1.012506,0.506157,0.006195,0.024786,0.99388,0.02375,4
0.5,0.0000,0.272000,0.00000e+00,0.006398,0.256261,0.006320,0.000316,1.012600,0.506203,0.006242,0.024972,0.99384,0.02377,4
0.5,0.0000,0.273000,0.00000e+00,0.006447,0.256308,0.006367,0.000320,1.012695,0.506249,0.006288,0.025158,0.99379,0.02379,4
0.5,0.0000,0.274000,0.00000e+00,0.006496,0.256355,0.006415,0.000325,1.012791,0.506295,0.006335,0.025345,0.99375,0.02382,4
0.5,0.0000,0.275000,0.00000e+00,0.006546,0.256402,0.006463,0.000330,1.012886,0.506341,0.006382,0.025533,0.99370,0.02384,4
0.5,0.0000,0.276000,0.00000e+00,0.006595,0.256449,0.006512,0.000335,1.012982,0.506388,0.006429,0.025722,0.99365,0.02386,4
0.5,0.0000,0.277000,0.00000e+00,0.006645,0.256497,0.006560,0.000340,1.013079,0.506434,0.006476,0.025911,0.99361,0.02388,4
0.5,0.0000,0.278000,0.00000e+00,0.006695,0.256545,0.006609,0.000345,1.013175,0.506481,0.006524,0.026101,0.99356,0.02391,4
0.5,0.0000,0.279000,0.00000e+00,0.006745,0.256593,0.006658,0.000350,1.013272,0.506528,0.006571,0.026291,0.99351,0.02393,4
0.5,0.0000,0.280000,0.00000e+00,0.006795,0.256641,0.006707,0.000355,1.013370,0.506575,0.006619,0.026483,0.99347,0.02395,4
0.5,0.0000,0.281000,0.00000e+00,0.006846,0.256689,0.006756,0.000360,1.013468,0.506623,0.006667,0.026675,0.99342,0.02398,4
0.5,0.0000,0.282000,0.00000e+00,0.006897,0.256738,0.006806,0.000366,1.013566,0.506670,0.006715,0.026868,0.99337,0.02400,4
0.5,0.0000,0.283000,0.00000e+00,0.006948,0.256786,0.006855,0.000371,1.013665,0.506718,0.006764,0.027061,0.99333,0.02402,4
0.5,0.0000,0.284000,0.00000e+00,0.006999,0.256835,0.006905,0.000376,1.013764,0.506766,0.006812,0.027255,0.99328,0.02405,4
0.5,0.0000,0.285000,0.00000e+00,0.007050,0.256884,0.006955,0.000382,1.013863,0.506814,0.006861,0.027450,0.99323,0.02407,4
0.5,0.0000,0.286000,0.00000e+00,0.007102,0.256933,0.007005,0.000387,1.013963,0.506862,0.006910,0.027646,0.99319,0.02409,4
0.5,0.0000,0.287000,0.00000e+00,0.007154,0.256983,0.007056,0.000393,1.014063,0.506910,0.006959,0.027842,0.99314,0.02412,4
0.5,0.0000,0.288000,0.00000e+00,0.007206,0.257032,0.007106,0.000398,1.014164,0.506959,0.007008,0.028040,0.99309,0.02414,4
0.5,0.0000,0.289000,0.00000e+00,0.007258,0.257082,0.007157,0.000404,1.014265,0.507008,0.007058,0.028237,0.99304,0.02417,4
0.5,0.0000,0.290000,0.00000e+00,0.007310,0.257132,0.007208,0.000410,1.014366,0.507057,0.007107,0.028436,0.99299,0.02419,4
0.5,0.0000,0.291000,0.00000e+00,0.007363,0.257182,0.007259,0.000416,1.014468,0.507106,0.007157,0.028635,0.99295,0.02421,4
0.5,0.0000,0.292000,0.00000e+00,0.007416,0.257232,0.007311,0.000422,1.014570,0.507155,0.007207,0.028835,0.99290,0.02424,4
0.5,0.0000,0.293000,0.00000e+00,0.007469,0.257283,0.007362,0.000427,1.014672,0.507204,0.007257,0.029036,0.99285,0.02426,4
0.5,0.0000,0.294000,0.00000e+00,0.007522,0.257334,0.007414,0.000433,1.014775,0.507254,0.007308,0.029238,0.99280,0.02429,4
0.5,0.0000,0.295000,0.00000e+00,0.007576,0.257385,0.007466,0.000440,1.014878,0.507304,0.007358,0.029440,0.99275,0.02431,4
0.5,0.0000,0.296000,0.00000e+00,0.007629,0.257436,0.007518,0.000446,1.014982,0.507354,0.007409,0.029643,0.99270,0.02434,4
0.5,0.0000,0.297000,0.00000e+00,0.007683,0.257487,0.007571,0.000452,1.015086,0.507404,0.007460,0.029847,0.99265,0.02436,4
0.5,0.0000,0.298000,0.00000e+00,0.007738,0.257538,0.007623,0.000458,1.015191,0.507454,0.007511,0.030051,0.99260,0.02439,4
0.5,0.0000,0.299000,0.00000e+00,0.007792,0.257590,0.007676,0.000464,1.015295,0.507505,0.007562,0.030256,0.99255,0.02441,4
0.5,0.0000,0.300000,0.00000e+00,0.007846,0.257642,0.007729,0.000471,1.015401,0.507555,0.007613,0.030462,0.99250,0.02444,4
0.5,0.0000,0.301000,0.00000e+00,0.007901,0.257694,0.007782,0.000477,1.015506,0.507606,0.007665,0.030669,0.99245,0.02446,4
0.5,0.0000,0.302000,0.00000e+00,0.007956,0.257746,0.007836,0.000484,1.015612,0.507657,0.007717,0.030876,0.99240,0.02449,4
0.5,0.0000,0.303000,0.00000e+00,0.008011,0.257798,0.007889,0.000490,1.015718,0.507708,0.007769,0.031084,0.99235,0.02451,4
0.5,0.0000,0.304000,0.00000e+00,0.008067,0.257851,0.007943,0.000497,1.015825,0.507759,0.007821,0.031293,0.99230,0.02454,4
0.5,0.0000,0.305000,0.00000e+00,0.008123,0.257903,0.007997,0.000504,1.015932,0.507811,0.007873,0.031502,0.99225,0.02456,4
0.5,0.0000,0.306000,0.00000e+00,0.008178,0.257956,0.008051,0.000511,1.016040,0.507863,0.007926,0.031713,0.99220,0.02459,4
0.5,0.0000,0.307000,0.00000e+00,0.008235,0.258010,0.008106,0.000517,1.016148,0.507915,0.007978,0.031924,0.99215,0.02461,4
0.5,0.0000,0.308000,0.00000e+00,0.008291,0.258063,0.008160,0.000524,1.016256,0.507967,0.008031,0.032135,0.99210,0.02464,4
0.5,0.0000,0.309000,0.00000e+00,0.008347,0.258116,0.008215,0.000531,1.016365,0.508019,0.008084,0.032348,0.99205,0.02467,4
0.5,0.0000,0.310000,0.00000e+00,0.008404,0.258170,0.008270,0.000538,1.016474,0.508071,0.008138,0.032561,0.99199,0.02469,4
0.5,0.0000,0.311000,0.00000e+00,0.008461,0.258224,0.008325,0.000546,1.016583,0.508124,0.008191,0.032775,0.99194,0.02472,4
0.5,0.0000,0.312000,0.00000e+00,0.008518,0.258278,0.008381,0.000553,1.016693,0.508176,0.008245,0.032990,0.99189,0.02475,4
0.5,0.0000,0.313000,0.00000e+00,0.008576,0.258332,0.008436,0.000560,1.016803,0.508229,0.008298,0.033205,0.99184,0.02477,4
0.5,0.0000,0.314000,0.00000e+00,0.008633,0.258386,0.008492,0.000567,1.016914,0.508282,0.008352,0.033421,0.99179,0.02480,4
0.5,0.0000,0.315000,0.00000e+00,0.008691,0.258441,0.008548,0.000575,1.017025,0.508336,0.008407,0.033638,0.99173,0.02482,4
0.5,0.0000,0.316000,0.00000e+00,0.008749,0.258496,0.008604,0.000582,1.017137,0.508389,0.008461,0.033856,0.99168,0.02485,4
0.5,0.0000,0.317000,0.00000e+00,0.008807,0.258551,0.008661,0.000590,1.017248,0.508443,0.008515,0.034074,0.99163,0.02488,4
0.5,0.0000,0.318000,0.00000e+00,0.008866,0.258606,0.008717,0.000598,1.017361,0.508496,0.008570,0.034293,0.99158,0.02491,4
0.5,0.0000,0.319000,0.00000e+00,0.008925,0.258661,0.008774,0.000605,1.017473,0.508550,0.008625,0.034513,0.99152,0.02493,4
0.5,0.0000,0.320000,0.00000e+00,0.008983,0.258717,0.008831,0.000613,1.017586,0.508605,0.008680,0.034734,0.99147,0.02496,4
0.5,0.0000,0.321000,0.00000e+00,0.009043,0.258773,0.008888,0.000621,1.017700,0.508659,0.008735,0.034955,0.99142,0.02499,4
0.5,0.0000,0.322000,0.00000e+00,0.009102,0.258829,0.008945,0.000629,1.017814,0.508713,0.008791,0.035177,0.99136,0.02501,4
0.5,0.0000,0.323000,0.00000e+00,0.009162,0.258885,0.009003,0.000637,1.017928,0.508768,0.008847,0.035400,0.99131,0.02504,4
0.5,0.0000,0.324000,0.00000e+00,0.009221,0.258941,0.009061,0.000645,1.018042,0.508823,0.008902,0.035623,0.99126,0.02507,4
0.5,0.0000,0.325000,0.00000e+00,0.009281,0.258997,0.009119,0.000654,1.018157,0.508878,0.008958,0.035848,0.99120,0.02510,4
0.5,0.0000,0.326000,0.00000e+00,0.009342,0.259054,0.009177,0.000662,1.018273,0.508933,0.009015,0.036073,0.99115,0.02512,4
0.5,0.0000,0.327000,0.00000e+00,0.009402,0.259111,0.009235,0.000670,1.018389,0.508988,0.009071,0.036298,0.99109,0.02515,4
0.5,0.0000,0.328000,0.00000e+00,0.009463,0.259168,0.009294,0.000679,1.018505,0.509044,0.009127,0.036525,0.99104,0.02518,4
0.5,0.0000,0.329000,0.00000e+00,0.009524,0.259225,0.009353,0.000687,1.018621,0.509100,0.009184,0.036752,0.99098,0.02521,4
0.5,0.0000,0.330000,0.00000e+00,0.009585,0.259283,0.009412,0.000696,1.018738,0.509155,0.009241,0.036980,0.99093,0.02524,4
0.5,0.0000,0.331000,0.00000e+00,0.009646,0.259340,0.009471,0.000705,1.018856,0.509212,0.009298,0.037209,0.99087,0.02526,4
0.5,0.0000,0.332000,0.00000e+00,0.009708,0.259398,0.009531,0.000713,1.018974,0.509268,0.009356,0.037438,0.99082,0.02529,4
0.5,0.0000,0.333000,0.00000e+00,0.009770,0.259456,0.009590,0.000722,1.019092,0.509324,0.009413,0.037669,0.99076,0.02532,4
0.5,0.0000,0.334000,0.00000e+00,0.009832,0.259514,0.009650,0.000731,1.019210,0.509381,0.009471,0.037900,0.99071,0.02535,4
0.5,0.0000,0.335000,0.00000e+00,0.009894,0.259573,0.009710,0.000740,1.019329,0.509437,0.009529,0.038131,0.99065,0.02538,4
0.5,0.0000,0.336000,0.00000e+00,0.009957,0.259631,0.009770,0.000749,1.019449,0.509494,0.009587,0.038364,0.99060,0.02541,4
0.5,0.0000,0.337000,0.00000e+00,0.010020,0.259690,0.009831,0.000759,1.019569,0.509551,0.009645,0.038597,0.99054,0.02544,4
0.5,0.0000,0.338000,0.00000e+00,0.010083,0.259749,0.009892,0.000768,1.019689,0.509609,0.009703,0.038831,0.99049,0.02546,4
0.5,0.0000,0.339000,0.00000e+00,0.010146,0.259808,0.009952,0.000777,1.019810,0.509666,0.009762,0.039066,0.99043,0.02549,4
0.5,0.0000,0.340000,0.00000e+00,0.010209,0.259868,0.010014,0.000787,1.019931,0.509724,0.009821,0.039301,0.99037,0.02552,4
0.5,0.0000,0.341000,0.00000e+00,0.010273,0.259927,0.010075,0.000796,1.020052,0.509782,0.009880,0.039538,0.99032,0.02555,4
0.5,0.0000,0.342000,0.00000e+00,0.010337,0.259987,0.010136,0.000806,1.020174,0.509840,0.009939,0.039775,0.99026,0.02558,4
0.5,0.0000,0.343000,0.00000e+00,0.010401,0.260047,0.010198,0.000816,1.020296,0.509898,0.009998,0.040012,0.99020,0.02561,4
0.5,0.0000,0.344000,0.00000e+00,0.010465,0.260107,0.010260,0.000826,1.020419,0.509956,0.010058,0.040251,0.99014,0.02564,4
0.5,0.0000,0.345000,0.00000e+00,0.010530,0.260167,0.010322,0.000836,1.020542,0.510015,0.010117,0.040490,0.99009,0.02567,4
0.5,0.0000,0.346000,0.00000e+00,0.010595,0.260228,0.010384,0.000846,1.020665,0.510073,0.010177,0.040730,0.99003,0.02570,4
0.5,0.0000,0.347000,0.00000e+00,0.010660,0.260288,0.010447,0.000856,1.020789,0.510132,0.010237,0.040971,0.98997,0.02573,4
0.5,0.0000,0.348000,0.00000e+00,0.010725,0.260349,0.010510,0.000866,1.020913,0.510191,0.010298,0.041212,0.98991,0.02576,4
0.5,0.0000,0.349000,0.00000e+00,0.010791,0.260410,0.010573,0.000876,1.021038,0.510250,0.010358,0.041454,0.98986,0.02579,4
0.5,0.0000,0.350000,0.00000e+00,0.010856,0.260471,0.010636,0.000887,1.021163,0.510310,0.010419,0.041697,0.98980,0.02582,4
0.5,0.0000,0.351000,0.00000e+00,0.010922,0.260533,0.010699,0.000897,1.021289,0.510369,0.010480,0.041941,0.98974,0.02585,4
0.5,0.0000,0.352000,0.00000e+00,0.010989,0.260595,0.010763,0.000908,1.021415,0.510429,0.010541,0.042186,0.98968,0.02588,4
0.5,0.0000,0.353000,0.00000e+00,0.011055,0.260656,0.010827,0.000918,1.021541,0.510489,0.010602,0.042431,0.98962,0.02591,4
0.5,0.0000,0.354000,0.00000e+00,0.011122,0.260718,0.010891,0.000929,1.021668,0.510549,0.010663,0.042677,0.98956,0.02594,4
0.5,0.0000,0.355000,0.00000e+00,0.011189,0.260781,0.010955,0.000940,1.021795,0.510609,0.010725,0.042924,0.98951,0.02597,4
0.5,0.0000,0.356000,0.00000e+00,0.011256,0.260843,0.011019,0.000951,1.021922,0.510670,0.010787,0.043171,0.98945,0.02600,4
0.5,0.0000,0.357000,0.00000e+00,0.011323,0.260906,0.011084,0.000962,1.022050,0.510730,0.010849,0.043420,0.98939,0.02603,4
0.5,0.0000,0.358000,0.00000e+00,0.011391,0.260968,0.011149,0.000973,1.022179,0.510791,0.010911,0.043669,0.98933,0.02607,4
0.5,0.0000,0.359000,0.00000e+00,0.011459,0.261031,0.011214,0.000985,1.022307,0.510852,0.010973,0.043919,0.98927,0.02610,4
0.5,0.0000,0.360000,0.00000e+00,0.011527,0.261095,0.011279,0.000996,1.022437,0.510913,0.011036,0.044169,0.98921,0.02613,4
0.5,0.0000,0.361000,0.00000e+00,0.011595,0.261158,0.011345,0.001007,1.022566,0.510975,0.011098,0.044421,0.98915,0.02616,4
0.5,0.0000,0.362000,0.00000e+00,0.011664,0.261222,0.011411,0.001019,1.022696,0.511036,0.011161,0.044673,0.98909,0.02619,4
0.5,0.0000,0.363000,0.00000e+00,0.011732,0.261285,0.011476,0.001031,1.022827,0.511098,0.011224,0.044926,0.98903,0.02622,4
0.5,0.0000,0.364000,0.00000e+00,0.011802,0.261349,0.011543,0.001042,1.022958,0.511160,0.011288,0.045179,0.98897,0.02625,4
0.5,0.0000,0.365000,0.00000e+00,0.011871,0.261414,0.011609,0.001054,1.023089,0.511222,0.011351,0.045434,0.98891,0.02629,4
0.5,0.0000,0.366000,0.00000e+00,0.011940,0.261478,0.011676,0.001066,1.023221,0.511284,0.011415,0.045689,0.98885,0.02632,4
0.5,0.0000,0.367000,0.00000e+00,0.012010,0.261542,0.011742,0.001078,1.023353,0.511346,0.011479,0.045945,0.98878,0.02635,4
0.5,0.0000,0.368000,0.00000e+00,0.012080,0.261607,0.011809,0.001091,1.023485,0.511409,0.011543,0.046201,0.98872,0.02638,4
0.5,0.0000,0.369000,0.00000e+00,0.012150,0.261672,0.011877,0.001103,1.023618,0.511472,0.011607,0.046459,0.98866,0.02641,4
0.5,0.0000,0.370000,0.00000e+00,0.012221,0.261737,0.011944,0.001115,1.023751,0.511535,0.011672,0.046717,0.98860,0.02645,4
0.5,0.0000,0.371000,0.00000e+00,0.012292,0.261803,0.012012,0.001128,1.023885,0.511598,0.011736,0.046976,0.98854,0.02648,4
0.5,0.0000,0.372000,0.00000e+00,0.012363,0.261868,0.012079,0.001141,1.024019,0.511661,0.011801,0.047236,0.98848,0.02651,4
0.5,0.0000,0.373000,0.00000e+00,0.012434,0.261934,0.012148,0.001153,1.024154,0.511724,0.011866,0.047497,0.98842,0.02655,4
0.5,0.0000,0.374000,0.00000e+00,0.012505,0.262000,0.012216,0.001166,1.024289,0.511788,0.011931,0.047758,0.98835,0.02658,4
0.5,0.0000,0.375000,0.00000e+00,0.012577,0.262066,0.012284,0.001179,1.024425,0.511852,0.011997,0.048020,0.98829,0.02661,4
0.5,0.0000,0.376000,0.00000e+00,0.012649,0.262132,0.012353,0.001192,1.024560,0.511916,0.012062,0.048283,0.98823,0.02664,4
0.5,0.0000,0.377000,0.00000e+00,0.012721,0.262199,0.012422,0.001205,1.024697,0.511980,0.012128,0.048546,0.98817,0.02668,4
0.5,0.0000,0.378000,0.00000e+00,0.012794,0.262265,0.012491,0.001219,1.024833,0.512044,0.012194,0.048811,0.98810,0.02671,4
0.5,0.0000,0.379000,0.00000e+00,0.012866,0.262332,0.012561,0.001232,1.024971,0.512109,0.012260,0.049076,0.98804,0.02674,4
0.5,0.0000,0.380000,0.00000e+00,0.012939,0.262399,0.012630,0.001246,1.025108,0.512174,0.012326,0.049342,0.98798,0.02678,4
0.5,0.0000,0.381000,0.00000e+00,0.013013,0.262467,0.012700,0.001259,1.025246,0.512238,0.012393,0.049609,0.98791,0.02681,4
0.5,0.0000,0.382000,0.00000e+00,0.013086,0.262534,0.012770,0.001273,1.025385,0.512303,0.012460,0.049876,0.98785,0.02684,4
0.5,0.0000,0.383000,0.00000e+00,0.013160,0.262602,0.012840,0.001287,1.025523,0.512369,0.012526,0.050144,0.98779,0.02688,4
0.5,0.0000,0.384000,0.00000e+00,0.013234,0.262670,0.012911,0.001301,1.025663,0.512434,0.012594,0.050413,0.98772,0.02691,4
0.5,0.0000,0.385000,0.00000e+00,0.013308,0.262738,0.012981,0.001315,1.025802,0.512500,0.012661,0.050683,0.98766,0.02695,4
0.5,0.0000,0.386000,0.00000e+00,0.013382,0.262806,0.013052,0.001329,1.025942,0.512565,0.012728,0.050954,0.98760,0.02698,4
0.5,0.0000,0.387000,0.00000e+00,0.013457,0.262875,0.013123,0.001344,1.026083,0.512631,0.012796,0.051225,0.98753,0.02702,4
0.5,0.0000,0.388000,0.00000e+00,0.013532,0.262943,0.013195,0.001358,1.026224,0.512698,0.012864,0.051497,0.98747,0.02705,4
0.5,0.0000,0.389000,0.00000e+00,0.013607,0.263012,0.013266,0.001373,1.026365,0.512764,0.012932,0.051770,0.98740,0.02708,4
0.5,0.0000,0.390000,0.00000e+00,0.013683,0.263081,0.013338,0.001387,1.026507,0.512830,0.013000,0.052044,0.98734,0.02712,4
0.5,0.0000,0.391000,0.00000e+00,0.013758,0.263151,0.013410,0.001402,1.026649,0.512897,0.013069,0.052318,0.98727,0.02715,4
0.5,0.0000,0.392000,0.00000e+00,0.013834,0.263220,0.013482,0.001417,1.026792,0.512964,0.013137,0.052594,0.98721,0.02719,4
0.5,0.0000,0.393000,0.00000e+00,0.013910,0.263290,0.013555,0.001432,1.026935,0.513031,0.013206,0.052870,0.98714,0.02722,4
0.5,0.0000,0.394000,0.00000e+00,0.013987,0.263360,0.013628,0.001448,1.027079,0.513098,0.013275,0.053147,0.98708,0.02726,4
0.5,0.0000,0.395000,0.00000e+00,0.014063,0.263430,0.013701,0.001463,1.027223,0.513165,0.013344,0.053424,0.98701,0.02729,4
0.5,0.0000,0.396000,0.00000e+00,0.014140,0.263500,0.013774,0.001478,1.027367,0.513233,0.013414,0.053703,0.98695,0.02733,4
0.5,0.0000,0.397000,0.00000e+00,0.014218,0.263571,0.013847,0.001494,1.027512,0.513301,0.013483,0.053982,0.98688,0.02736,4
0.5,0.0000,0.398000,0.00000e+00,0.014295,0.263641,0.013921,0.001510,1.027657,0.513368,0.013553,0.054262,0.98681,0.02740,4
0.5,0.0000,0.399000,0.00000e+00,0.014373,0.263712,0.013994,0.001525,1.027803,0.513437,0.013623,0.054542,0.98675,0.02744,4
0.5,0.0000,0.400000,0.00000e+00,0.014451,0.263783,0.014068,0.001541,1.027949,0.513505,0.013693,0.054824,0.98668,0.02747,4
0.5,0.0000,0.401000,0.00000e+00,0.014529,0.263855,0.014143,0.001558,1.028096,0.513573,0.013764,0.055106,0.98661,0.02751,4
0.5,0.0000,0.402000,0.00000e+00,0.014608,0.263926,0.014217,0.001574,1.028243,0.513642,0.013834,0.055389,0.98655,0.02754,4
0.5,0.0000,0.403000,0.00000e+00,0.014686,0.263998,0.014292,0.001590,1.028390,0.513711,0.013905,0.055673,0.98648,0.02758,4
0.5,0.0000,0.404000,0.00000e+00,0.014765,0.264070,0.014367,0.001607,1.028538,0.513780,0.013976,0.055958,0.98641,0.02762,4
0.5,0.0000,0.405000,0.00000e+00,0.014845,0.264142,0.014442,0.001623,1.028686,0.513849,0.014047,0.056243,0.98635,0.02765,4
0.5,0.0000,0.406000,0.00000e+00,0.014924,0.264214,0.014517,0.001640,1.028835,0.513918,0.014119,0.056530,0.98628,0.02769,4
0.5,0.0000,0.407000,0.00000e+00,0.015004,0.264287,0.014593,0.001657,1.028984,0.513988,0.014190,0.056817,0.98621,0.02773,4
0.5,0.0000,0.408000,0.00000e+00,0.015084,0.264359,0.014669,0.001674,1.029134,0.514057,0.014262,0.057105,0.98614,0.02776,4
0.5,0.0000,0.409000,0.00000e+00,0.015164,0.264432,0.014745,0.001691,1.029284,0.514127,0.014334,0.057393,0.98608,0.02780,4
0.5,0.0000,0.410000,0.00000e+00,0.015245,0.264505,0.014821,0.001708,1.029434,0.514197,0.014406,0.057683,0.98601,0.02784,4
0.5,0.0000,0.411000,0.00000e+00,0.015326,0.264579,0.014898,0.001726,1.029585,0.514267,0.014478,0.057973,0.98594,0.02787,4
0.5,0.0000,0.412000,0.00000e+00,0.015407,0.264652,0.014974,0.001743,1.029737,0.514338,0.014551,0.058264,0.98587,0.02791,4
0.5,0.0000,0.413000,0.00000e+00,0.015488,0.264726,0.015051,0.001761,1.029888,0.514408,0.014624,0.058556,0.98580,0.02795,4
0.5,0.0000,0.414000,0.00000e+00,0.015570,0.264800,0.015129,0.001779,1.030041,0.514479,0.014697,0.058848,0.98574,0.02799,4
0.5,0.0000,0.415000,0.00000e+00,0.015651,0.264874,0.015206,0.001797,1.030193,0.514550,0.014770,0.059142,0.98567,0.02802,4
0.5,0.0000,0.416000,0.00000e+00,0.015734,0.264948,0.015284,0.001815,1.030347,0.514621,0.014843,0.059436,0.98560,0.02806,4
0.5,0.0000,0.417000,0.00000e+00,0.015816,0.265023,0.015362,0.001833,1.030500,0.514693,0.014917,0.059731,0.98553,0.02810,4
0.5,0.0000,0.418000,0.00000e+00,0.015899,0.265097,0.015440,0.001852,1.030654,0.514764,0.014990,0.060027,0.98546,0.02814,4
0.5,0.0000,0.419000,0.00000e+00,0.015982,0.265172,0.015518,0.001870,1.030809,0.514836,0.015064,0.060323,0.98539,0.02817,4
0.5,0.0000,0.420000,0.00000e+00,0.016065,0.265248,0.015597,0.001889,1.030963,0.514908,0.015138,0.060621,0.98532,0.02821,4
0.5,0.0000,0.421000,0.00000e+00,0.016148,0.265323,0.015675,0.001908,1.031119,0.514980,0.015213,0.060919,0.98525,0.02825,4
0.5,0.0000,0.422000,0.00000e+00,0.016232,0.265398,0.015754,0.001927,1.031275,0.515052,0.015287,0.061218,0.98518,0.02829,4
0.5,0.0000,0.423000,0.00000e+00,0.016316,0.265474,0.015834,0.001946,1.031431,0.515124,0.015362,0.061518,0.98511,0.02833,4
0.5,0.0000,0.424000,0.00000e+00,0.016400,0.265550,0.015913,0.001966,1.031588,0.515197,0.015437,0.061818,0.98504,0.02837,4
0.5,0.0000,0.425000,0.00000e+00,0.016485,0.265626,0.015993,0.001985,1.031745,0.515269,0.015512,0.062120,0.98497,0.02841,4
0.5,0.0000,0.426000,0.00000e+00,0.016570,0.265703,0.016073,0.002005,1.031902,0.515342,0.015587,0.062422,0.98490,0.02844,4
0.5,0.0000,0.427000,0.00000e+00,0.016655,0.265779,0.016153,0.002024,1.032060,0.515415,0.015663,0.062725,0.98483,0.02848,4
0.5,0.0000,0.428000,0.00000e+00,0.016740,0.265856,0.016234,0.002044,1.032219,0.515489,0.015738,0.063029,0.98476,0.02852,4
0.5,0.0000,0.429000,0.00000e+00,0.016826,0.265933,0.016314,0.002064,1.032378,0.515562,0.015814,0.063333,0.98469,0.02856,4
0.5,0.0000,0.430000,0.00000e+00,0.016911,0.266010,0.016395,0.002085,1.032537,0.515636,0.015890,0.063639,0.98461,0.02860,4
0.5,0.0000,0.431000,0.00000e+00,0.016998,0.266088,0.016476,0.002105,1.032697,0.515710,0.015966,0.063945,0.98454,0.02864,4
0.5,0.0000,0.432000,0.00000e+00,0.017084,0.266165,0.016558,0.002126,1.032857,0.515784,0.016043,0.064252,0.98447,0.02868,4
0.5,0.0000,0.433000,0.00000e+00,0.017171,0.266243,0.016639,0.002146,1.033018,0.515858,0.016120,0.064560,0.98440,0.02872,4
0.5,0.0000,0.434000,0.00000e+00,0.017258,0.266321,0.016721,0.002167,1.033179,0.515932,0.016196,0.064868,0.98433,0.02876,4
0.5,0.0000,0.435000,0.00000e+00,0.017345,0.266399,0.016803,0.002188,1.033341,0.516007,0.016274,0.065178,0.98426,0.02880,4
0.5,0.0000,0.436000,0.00000e+00,0.017433,0.266478,0.016885,0.002209,1.033503,0.516081,0.016351,0.065488,0.98418,0.02884,4
0.5,0.0000,0.437000,0.00000e+00,0.017520,0.266556,0.016968,0.002231,1.033665,0.516156,0.016428,0.065799,0.98411,0.02888,4
0.5,0.0000,0.438000,0.00000e+00,0.017608,0.266635,0.017051,0.002252,1.033828,0.516231,0.016506,0.066111,0.98404,0.02892,4
0.5,0.0000,0.439000,0.00000e+00,0.017697,0.266714,0.017134,0.002274,1.033992,0.516307,0.016584,0.066424,0.98397,0.02896,4
0.5,0.0000,0.440000,0.00000e+00,0.017785,0.266794,0.017217,0.002296,1.034156,0.516382,0.016662,0.066738,0.98389,0.02900,4
0.5,0.0000,0.441000,0.00000e+00,0.017874,0.266873,0.017301,0.002317,1.034320,0.516458,0.016740,0.067052,0.98382,0.02904,4
0.5,0.0000,0.442000,0.00000e+00,0.017963,0.266953,0.017384,0.002340,1.034485,0.516534,0.016819,0.067367,0.98375,0.02908,4
0.5,0.0000,0.443000,0.00000e+00,0.018053,0.267033,0.017468,0.002362,1.034650,0.516610,0.016897,0.067683,0.98367,0.02912,4
0.5,0.0000,0.444000,0.00000e+00,0.018143,0.267113,0.017553,0.002384,1.034816,0.516686,0.016976,0.068000,0.98360,0.02917,4
0.5,0.0000,0.445000,0.00000e+00,0.018233,0.267193,0.017637,0.002407,1.034982,0.516762,0.017055,0.068317,0.98353,0.02921,4
0.5,0.0000,0.446000,0.00000e+00,0.018323,0.267274,0.017722,0.002430,1.035149,0.516839,0.017135,0.068636,0.98345,0.02925,4
0.5,0.0000,0.447000,0.00000e+00,0.018414,0.267354,0.017807,0.002453,1.035316,0.516915,0.017214,0.068955,0.98338,0.02929,4
0.5,0.0000,0.448000,0.00000e+00,0.018505,0.267435,0.017892,0.002476,1.035484,0.516992,0.017294,0.069275,0.98330,0.02933,4
0.5,0.0000,0.449000,0.00000e+00,0.018596,0.267516,0.017977,0.002499,1.035652,0.517069,0.017374,0.069596,0.98323,0.02937,4
0.5,0.0000,0.450000,0.00000e+00,0.018687,0.267598,0.018063,0.002523,1.035820,0.517147,0.017454,0.069918,0.98316,0.02941,4
0.5,0.0000,0.451000,0.00000e+00,0.018779,0.267679,0.018149,0.002546,1.035989,0.517224,0.017534,0.070240,0.98308,0.02946,4
0.5,0.0000,0.452000,0.00000e+00,0.018871,0.267761,0.018235,0.002570,1.036159,0.517302,0.017614,0.070564,0.98301,0.02950,4
0.5,0.0000,0.453000,0.00000e+00,0.018963,0.267843,0.018321,0.002594,1.036329,0.517379,0.017695,0.070888,0.98293,0.02954,4
0.5,0.0000,0.454000,0.00000e+00,0.019056,0.267925,0.018408,0.002618,1.036499,0.517457,0.017776,0.071213,0.98286,0.02958,4
0.5,0.0000,0.455000,0.00000e+00,0.019149,0.268008,0.018495,0.002643,1.036670,0.517536,0.017857,0.071539,0.98278,0.02963,4
0.5,0.0000,0.456000,0.00000e+00,0.019242,0.268090,0.018582,0.002667,1.036841,0.517614,0.017938,0.071866,0.98271,0.02967,4
0.5,0.0000,0.457000,0.00000e+00,0.019335,0.268173,0.018669,0.002692,1.037013,0.517692,0.018020,0.072193,0.98263,0.02971,4
0.5,0.0000,0.458000,0.00000e+00,0.019429,0.268256,0.018757,0.002717,1.037185,0.517771,0.018102,0.072521,0.98255,0.02975,4
0.5,0.0000,0.459000,0.00000e+00,0.019523,0.268339,0.018845,0.002742,1.037358,0.517850,0.018184,0.072851,0.98248,0.02980,4
0.5,0.0000,0.460000,0.00000e+00,0.019617,0.268423,0.018933,0.002767,1.037531,0.517929,0.018266,0.073181,0.98240,0.02984,4
0.5,0.0000,0.461000,0.00000e+00,0.019712,0.268507,0.019021,0.002793,1.037705,0.518008,0.018348,0.073511,0.98233,0.02988,4
0.5,0.0000,0.462000,0.00000e+00,0.019807,0.268590,0.019110,0.002818,1.037879,0.518088,0.018430,0.073843,0.98225,0.02993,4
0.5,0.0000,0.463000,0.00000e+00,0.019902,0.268675,0.019198,0.002844,1.038053,0.518167,0.018513,0.074175,0.98217,0.02997,4
0.5,0.0000,0.464000,0.00000e+00,0.019997,0.268759,0.019288,0.002870,1.038228,0.518247,0.018596,0.074509,0.98210,0.03001,4
0.5,0.0000,0.465000,0.00000e+00,0.020093,0.268843,0.019377,0.002896,1.038404,0.518327,0.018679,0.074843,0.98202,0.03006,4
0.5,0.0000,0.466000,0.00000e+00,0.020189,0.268928,0.019466,0.002923,1.038580,0.518407,0.018763,0.075178,0.98194,0.03010,4
0.5,0.0000,0.467000,0.00000e+00,0.020285,0.269013,0.019556,0.002949,1.038756,0.518488,0.018846,0.075514,0.98186,0.03015,4
0.5,0.0000,0.468000,0.00000e+00,0.020382,0.269098,0.019646,0.002976,1.038933,0.518568,0.018930,0.075850,0.98179,0.03019,4
0.5,0.0000,0.469000,0.00000e+00,0.020479,0.269184,0.019737,0.003003,1.039111,0.518649,0.019014,0.076188,0.98171,0.03024,4
0.5,0.0000,0.470000,0.00000e+00,0.020576,0.269269,0.019827,0.003030,1.039288,0.518730,0.019098,0.076526,0.98163,0.03028,4
0.5,0.0000,0.471000,0.00000e+00,0.020674,0.269355,0.019918,0.003058,1.039467,0.518811,0.019182,0.076865,0.98155,0.03032,4
0.5,0.0000,0.472000,0.00000e+00,0.020771,0.269441,0.020009,0.003085,1.039646,0.518892,0.019267,0.077205,0.98148,0.03037,4
0.5,0.0000,0.473000,0.00000e+00,0.020870,0.269527,0.020100,0.003113,1.039825,0.518974,0.019352,0.077546,0.98140,0.03041,4
0.5,0.0000,0.474000,0.00000e+00,0.020968,0.269614,0.020192,0.003141,1.040005,0.519055,0.019437,0.077888,0.98132,0.03046,4
0.5,0.0000,0.475000,0.00000e+00,0.021067,0.269700,0.020284,0.003169,1.040185,0.519137,0.019522,0.078231,0.98124,0.03050,4
0.5,0.0000,0.476000,0.00000e+00,0.021166,0.269787,0.020376,0.003197,1.040366,0.519219,0.019607,0.078574,0.98116,0.03055,4
0.5,0.0000,0.477000,0.00000e+00,0.021265,0.269874,0.020468,0.003226,1.040547,0.519301,0.019693,0.078918,0.98108,0.03059,4
0.5,0.0000,0.478000,0.00000e+00,0.021365,0.269962,0.020561,0.003254,1.040729,0.519384,0.019778,0.079263,0.98100,0.03064,4
0.5,0.0000,0.479000,0.00000e+00,0.021465,0.270049,0.020653,0.003283,1.040911,0.519466,0.019864,0.079609,0.98092,0.03069,4
0.5,0.0000,0.480000,0.00000e+00,0.021565,0.270137,0.020747,0.003312,1.041094,0.519549,0.019951,0.079956,0.98085,0.03073,4
0.5,0.0000,0.481000,0.00000e+00,0.021665,0.270225,0.020840,0.003342,1.041277,0.519632,0.020037,0.080304,0.98077,0.03078,4
0.5,0.0000,0.482000,0.00000e+00,0.021766,0.270313,0.020933,0.003371,1.041460,0.519715,0.020124,0.080652,0.98069,0.03082,4
0.5,0.0000,0.483000,0.00000e+00,0.021867,0.270402,0.021027,0.003401,1.041645,0.519798,0.020211,0.081001,0.98061,0.03087,4
0.5,0.0000,0.484000,0.00000e+00,0.021969,0.270490,0.021121,0.003431,1.041829,0.519882,0.020298,0.081352,0.98053,0.03092,4
0.5,0.0000,0.485000,0.00000e+00,0.022070,0.270579,0.021216,0.003461,1.042014,0.519965,0.020385,0.081703,0.98045,0.03096,4
0.5,0.0000,0.486000,0.00000e+00,0.022172,0.270668,0.021310,0.003491,1.042200,0.520049,0.020472,0.082054,0.98037,0.03101,4
0.5,0.0000,0.487000,0.00000e+00,0.022275,0.270757,0.021405,0.003522,1.042386,0.520133,0.020560,0.082407,0.98029,0.03106,4
0.5,0.0000,0.488000,0.00000e+00,0.022377,0.270847,0.021500,0.003553,1.042572,0.520217,0.020648,0.082761,0.98020,0.03110,4
0.5,0.0000,0.489000,0.00000e+00,0.022480,0.270937,0.021596,0.003584,1.042760,0.520302,0.020736,0.083115,0.98012,0.03115,4
0.5,0.0000,0.490000,0.00000e+00,0.022584,0.271026,0.021691,0.003615,1.042947,0.520386,0.020824,0.083471,0.98004,0.03120,4
0.5,0.0000,0.491000,0.00000e+00,0.022687,0.271117,0.021787,0.003646,1.043135,0.520471,0.020913,0.083827,0.97996,0.03124,4
0.5,0.0000,0.492000,0.00000e+00,0.022791,0.271207,0.021883,0.003678,1.043324,0.520556,0.021001,0.084184,0.97988,0.03129,4
0.5,0.0000,0.493000,0.00000e+00,0.022895,0.271297,0.021980,0.003710,1.043513,0.520641,0.021090,0.084542,0.97980,0.03134,4
0.5,0.0000,0.494000,0.00000e+00,0.023000,0.271388,0.022076,0.003742,1.043702,0.520726,0.021179,0.084900,0.97972,0.03139,4
0.5,0.0000,0.495000,0.00000e+00,0.023104,0.271479,0.022173,0.003774,1.043892,0.520812,0.021269,0.085260,0.97964,0.03144,4
0.5,0.0000,0.496000,0.00000e+00,0.023210,0.271571,0.022270,0.003807,1.044083,0.520897,0.021358,0.085620,0.97955,0.03148,4
0.5,0.0000,0.497000,0.00000e+00,0.023315,0.271662,0.022368,0.003839,1.044273,0.520983,0.021448,0.085982,0.97947,0.03153,4
0.5,0.0000,0.498000,0.00000e+00,0.023421,0.271754,0.022465,0.003872,1.044465,0.521069,0.021538,0.086344,0.97939,0.03158,4
0.5,0.0000,0.499000,0.00000e+00,0.023527,0.271846,0.022563,0.003905,1.044657,0.521155,0.021628,0.086707,0.97931,0.03163,4
0.5,0.0000,0.500000,0.00000e+00,0.023633,0.271938,0.022661,0.003939,1.044849,0.521242,0.021718,0.087071,0.97922,0.03168,4
0.5,0.0000,0.501000,0.00000e+00,0.023740,0.272030,0.022760,0.003972,1.045042,0.521328,0.021809,0.087436,0.97914,0.03173,4
0.5,0.0000,0.502000,0.00000e+00,0.023847,0.272123,0.022859,0.004006,1.045236,0.521415,0.021900,0.087801,0.97906,0.03177,4
0.5,0.0000,0.503000,0.00000e+00,0.023954,0.272215,0.022958,0.004040,1.045430,0.521502,0.021991,0.088168,0.97898,0.03182,4
0.5,0.0000,0.504000,0.00000e+00,0.024062,0.272308,0.023057,0.004075,1.045624,0.521589,0.022082,0.088535,0.97889,0.03187,4
0.5,0.0000,0.505000,0.00000e+00,0.024170,0.272402,0.023156,0.004109,1.045819,0.521676,0.022173,0.088903,0.97881,0.03192,4
0.5,0.0000,0.506000,0.00000e+00,0.024278,0.272495,0.023256,0.004144,1.046015,0.521764,0.022265,0.089272,0.97873,0.03197,4
0.5,0.0000,0.507000,0.00000e+00,0.024387,0.272589,0.023356,0.004179,1.046210,0.521851,0.022357,0.089642,0.97864,0.03202,4
0.5,0.0000,0.508000,0.00000e+00,0.024496,0.272683,0.023457,0.004214,1.046407,0.521939,0.022449,0.090013,0.97856,0.03207,4
0.5,0.0000,0.509000,0.00000e+00,0.024605,0.272777,0.023557,0.004250,1.046604,0.522027,0.022541,0.090385,0.97847,0.03212,4
0.5,0.0000,0.510000,0.00000e+00,0.024715,0.272871,0.023658,0.004285,1.046801,0.522116,0.022634,0.090758,0.97839,0.03217,4
0.5,0.0000,0.511000,0.00000e+00,0.024824,0.272966,0.023759,0.004321,1.046999,0.522204,0.022726,0.091131,0.97831,0.03222,4
0.5,0.0000,0.512000,0.00000e+00,0.024935,0.273060,0.023860,0.004358,1.047198,0.522293,0.022819,0.091506,0.97822,0.03227,4
0.5,0.0000,0.513000,0.00000e+00,0.025045,0.273155,0.023962,0.004394,1.047397,0.522381,0.022912,0.091881,0.97814,0.03232,4
0.5,0.0000,0.514000,0.00000e+00,0.025156,0.273250,0.024064,0.004431,1.047596,0.522470,0.023006,0.092257,0.97805,0.03237,4
0.5,0.0000,0.515000,0.00000e+00,0.025267,0.273346,0.024166,0.004468,1.047796,0.522560,0.023099,0.092634,0.97797,0.03242,4
0.5,0.0000,0.516000,0.00000e+00,0.025379,0.273442,0.024268,0.004505,1.047997,0.522649,0.023193,0.093012,0.97788,0.03247,4
0.5,0.0000,0.517000,0.00000e+00,0.025491,0.273537,0.024371,0.004542,1.048198,0.522738,0.023287,0.093391,0.97780,0.03252,4
0.5,0.0000,0.518000,0.00000e+00,0.025603,0.273634,0.024474,0.004580,1.048399,0.522828,0.023381,0.093770,0.97771,0.03257,4
0.5,0.0000,0.519000,0.00000e+00,0.025715,0.273730,0.024577,0.004618,1.048601,0.522918,0.023476,0.094151,0.97763,0.03263,4
0.5,0.0000,0.520000,0.00000e+00,0.025828,0.273827,0.024681,0.004656,1.048804,0.523008,0.023570,0.094532,0.97754,0.03268,4
0.5,0.0000,0.521000,0.00000e+00,0.025941,0.273923,0.024785,0.004694,1.049007,0.523098,0.023665,0.094914,0.97745,0.03273,4
0.5,0.0000,0.522000,0.00000e+00,0.026055,0.274020,0.024889,0.004733,1.049210,0.523189,0.023760,0.095298,0.97737,0.03278,4
0.5,0.0000,0.523000,0.00000e+00,0.026168,0.274118,0.024993,0.004772,1.049414,0.523279,0.023855,0.095682,0.97728,0.03283,4
0.5,0.0000,0.524000,0.00000e+00,0.026283,0.274215,0.025098,0.004811,1.049619,0.523370,0.023951,0.096067,0.97720,0.03288,4
0.5,0.0000,0.525000,0.00000e+00,0.026397,0.274313,0.025202,0.004850,1.049824,0.523461,0.024046,0.096453,0.97711,0.03294,4
0.5,0.0000,0.526000,0.00000e+00,0.026512,0.274411,0.025308,0.004890,1.050030,0.523552,0.024142,0.096839,0.97702,0.03299,4
0.5,0.0000,0.527000,0.00000e+00,0.026627,0.274509,0.025413,0.004930,1.050236,0.523644,0.024239,0.097227,0.97694,0.03304,4
0.5,0.0000,0.528000,0.00000e+00,0.026743,0.274607,0.025519,0.004970,1.050442,0.523735,0.024335,0.097615,0.97685,0.03309,4
0.5,0.0000,0.529000,0.00000e+00,0.026858,0.274706,0.025625,0.005011,1.050649,0.523827,0.024431,0.098005,0.97676,0.03315,4
0.5,0.0000,0.530000,0.00000e+00,0.026975,0.274805,0.025731,0.005051,1.050857,0.523919,0.024528,0.098395,0.97667,0.03320,4
0.5,0.0000,0.531000,0.00000e+00,0.027091,0.274904,0.025837,0.005092,1.051065,0.524011,0.024625,0.098786,0.97659,0.03325,4
0.5,0.0000,0.532000,0.00000e+00,0.027208,0.275003,0.025944,0.005134,1.051274,0.524103,0.024722,0.099179,0.97650,0.03331,4
0.5,0.0000,0.533000,0.00000e+00,0.027325,0.275102,0.026051,0.005175,1.051483,0.524196,0.024820,0.099572,0.97641,0.03336,4
0.5,0.0000,0.534000,0.00000e+00,0.027443,0.275202,0.026159,0.005217,1.051693,0.524288,0.024917,0.099966,0.97632,0.03341,4
0.5,0.0000,0.535000,0.00000e+00,0.027560,0.275302,0.026266,0.005259,1.051903,0.524381,0.025015,0.100360,0.97624,0.03347,4
0.5,0.0000,0.536000,0.00000e+00,0.027679,0.275402,0.026374,0.005301,1.052114,0.524474,0.025113,0.100756,0.97615,0.03352,4
0.5,0.0000,0.537000,0.00000e+00,0.027797,0.275503,0.026482,0.005344,1.052325,0.524568,0.025212,0.101153,0.97606,0.03357,4
0.5,0.0000,0.538000,0.00000e+00,0.027916,0.275603,0.026591,0.005387,1.052537,0.524661,0.025310,0.101550,0.97597,0.03363,4
0.5,0.0000,0.539000,0.00000e+00,0.028035,0.275704,0.026699,0.005430,1.052749,0.524755,0.025409,0.101949,0.97588,0.03368,4
0.5,0.0000,0.540000,0.00000e+00,0.028155,0.275805,0.026808,0.005473,1.052962,0.524848,0.025508,0.102348,0.97579,0.03374,4
0.5,0.0000,0.541000,0.00000e+00,0.028275,0.275907,0.026918,0.005517,1.053176,0.524942,0.025607,0.102748,0.97570,0.03379,4
0.5,0.0000,0.542000,0.00000e+00,0.028395,0.276008,0.027027,0.005561,1.053390,0.525037,0.025706,0.103149,0.97561,0.03384,4
0.5,0.0000,0.543000,0.00000e+00,0.028516,0.276110,0.027137,0.005605,1.053604,0.525131,0.025806,0.103551,0.97553,0.03390,4
0.5,0.0000,0.544000,0.00000e+00,0.028637,0.276212,0.027247,0.005650,1.053819,0.525225,0.025906,0.103954,0.97544,0.03395,4
0.5,0.0000,0.545000,0.00000e+00,0.028758,0.276314,0.027357,0.005695,1.054035,0.525320,0.026006,0.104358,0.97535,0.03401,4
0.5,0.0000,0.546000,0.00000e+00,0.028880,0.276417,0.027468,0.005740,1.054251,0.525415,0.026106,0.104763,0.97526,0.03406,4
0.5,0.0000,0.547000,0.00000e+00,0.029002,0.276519,0.027579,0.005785,1.054467,0.525510,0.026206,0.105169,0.97517,0.03412,4
0.5,0.0000,0.548000,0.00000e+00,0.029124,0.276622,0.027690,0.005831,1.054685,0.525605,0.026307,0.105575,0.97508,0.03418,4
0.5,0.0000,0.549000,0.00000e+00,0.029247,0.276726,0.027802,0.005877,1.054902,0.525701,0.026408,0.105983,0.97499,0.03423,4
0.5,0.0000,0.550000,0.00000e+00,0.029370,0.276829,0.027914,0.005923,1.055120,0.525796,0.026509,0.106391,0.97490,0.03429,4
0.5,0.0000,0.551000,0.00000e+00,0.029493,0.276933,0.028026,0.005969,1.055339,0.525892,0.026610,0.106801,0.97481,0.03434,4
0.5,0.0000,0.552000,0.00000e+00,0.029617,0.277036,0.028138,0.006016,1.055558,0.525988,0.026712,0.107211,0.97471,0.03440,4
0.5,0.0000,0.553000,0.00000e+00,0.029741,0.277141,0.028251,0.006063,1.055778,0.526084,0.026814,0.107622,0.97462,0.03446,4
0.5,0.0000,0.554000,0.00000e+00,0.029865,0.277245,0.028364,0.006111,1.055998,0.526181,0.026916,0.108034,0.97453,0.03451,4
0.5,0.0000,0.555000,0.00000e+00,0.029990,0.277350,0.028477,0.006159,1.056219,0.526277,0.027018,0.108447,0.97444,0.03457,4
0.5,0.0000,0.556000,0.00000e+00,0.030115,0.277454,0.028590,0.006207,1.056441,0.526374,0.027120,0.108861,0.97435,0.03463,4
0.5,0.0000,0.557000,0.00000e+00,0.030241,0.277559,0.028704,0.006255,1.056663,0.526471,0.027223,0.109276,0.97426,0.03468,4
0.5,0.0000,0.558000,0.00000e+00,0.030367,0.277665,0.028818,0.006303,1.056885,0.526568,0.027326,0.109692,0.97417,0.03474,4
0.5,0.0000,0.559000,0.00000e+00,0.030493,0.277770,0.028933,0.006352,1.057108,0.526666,0.027429,0.110109,0.97407,0.03480,4
0.5,0.0000,0.560000,0.00000e+00,0.030620,0.277876,0.029047,0.006402,1.057332,0.526763,0.027532,0.110526,0.97398,0.03485,4
0.5,0.0000,0.561000,0.00000e+00,0.030747,0.277982,0.029162,0.006451,1.057556,0.526861,0.027636,0.110945,0.97389,0.03491,4
0.5,0.0000,0.562000,0.00000e+00,0.030874,0.278088,0.029277,0.006501,1.057781,0.526959,0.027739,0.111365,0.97380,0.03497,4
0.5,0.0000,0.563000,0.00000e+00,0.031002,0.278194,0.029393,0.006551,1.058006,0.527057,0.027843,0.111785,0.97371,0.03503,4
0.5,0.0000,0.564000,0.00000e+00,0.031130,0.278301,0.029509,0.006602,1.058232,0.527155,0.027948,0.112206,0.97361,0.03508,4
0.5,0.0000,0.565000,0.00000e+00,0.031258,0.278408,0.029625,0.006652,1.058458,0.527253,0.028052,0.112629,0.97352,0.03514,4
0.5,0.0000,0.566000,0.00000e+00,0.031387,0.278515,0.029741,0.006703,1.058685,0.527352,0.028157,0.113052,0.97343,0.03520,4
0.5,0.0000,0.567000,0.00000e+00,0.031516,0.278623,0.029858,0.006755,1.058912,0.527451,0.028262,0.113476,0.97333,0.03526,4
0.5,0.0000,0.568000,0.00000e+00,0.031646,0.278730,0.029975,0.006806,1.059140,0.527550,0.028367,0.113901,0.97324,0.03532,4
0.5,0.0000,0.569000,0.00000e+00,0.031776,0.278838,0.030092,0.006859,1.059369,0.527649,0.028472,0.114327,0.97315,0.03538,4
0.5,0.0000,0.570000,0.00000e+00,0.031906,0.278946,0.030210,0.006911,1.059598,0.527748,0.028578,0.114754,0.97305,0.03544,4
0.5,0.0000,0.571000,0.00000e+00,0.032037,0.279054,0.030328,0.006964,1.059827,0.527848,0.028683,0.115182,0.97296,0.03549,4
0.5,0.0000,0.572000,0.00000e+00,0.032168,0.279163,0.030446,0.007017,1.060057,0.527948,0.028789,0.115611,0.97287,0.03555,4
0.5,0.0000,0.573000,0.00000e+00,0.032299,0.279272,0.030564,0.007070,1.060288,0.528048,0.028896,0.116041,0.97277,0.03561,4
0.5,0.0000,0.574000,0.00000e+00,0.032431,0.279381,0.030683,0.007123,1.060519,0.528148,0.029002,0.116472,0.97268,0.03567,4
0.5,0.0000,0.575000,0.00000e+00,0.032563,0.279490,0.030802,0.007177,1.060751,0.528248,0.029109,0.116904,0.97258,0.03573,4
0.5,0.0000,0.576000,0.00000e+00,0.032696,0.279600,0.030921,0.007232,1.060983,0.528349,0.029216,0.117336,0.97249,0.03579,4
0.5,0.0000,0.577000,0.00000e+00,0.032829,0.279709,0.031041,0.007286,1.061216,0.528449,0.029323,0.117770,0.97240,0.03585,4
0.5,0.0000,0.578000,0.00000e+00,0.032962,0.279819,0.031161,0.007341,1.061450,0.528550,0.029430,0.118204,0.97230,0.03591,4
0.5,0.0000,0.579000,0.00000e+00,0.033095,0.279930,0.031281,0.007397,1.061684,0.528651,0.029538,0.118640,0.97221,0.03597,4
0.5,0.0000,0.580000,0.00000e+00,0.033229,0.280040,0.031402,0.007452,1.061919,0.528752,0.029645,0.119076,0.97211,0.03603,4
0.5,0.0000,0.581000,0.00000e+00,0.033364,0.280151,0.031523,0.007508,1.062154,0.528854,0.029753,0.119514,0.97202,0.03609,4
0.5,0.0000,0.582000,0.00000e+00,0.033499,0.280262,0.031644,0.007565,1.062389,0.528955,0.029862,0.119952,0.97192,0.03615,4
0.5,0.0000,0.583000,0.00000e+00,0.033634,0.280373,0.031765,0.007621,1.062626,0.529057,0.029970,0.120392,0.97182,0.03622,4
0.5,0.0000,0.584000,0.00000e+00,0.033769,0.280484,0.031887,0.007678,1.062863,0.529159,0.030079,0.120832,0.97173,0.03628,4
0.5,0.0000,0.585000,0.00000e+00,0.033905,0.280596,0.032009,0.007735,1.063100,0.529261,0.030188,0.121273,0.97163,0.03634,4
0.5,0.0000,0.586000,0.00000e+00,0.034042,0.280708,0.032131,0.007793,1.063338,0.529364,0.030297,0.121715,0.97154,0.03640,4
0.5,0.0000,0.587000,0.00000e+00,0.034178,0.280820,0.032254,0.007851,1.063576,0.529466,0.030406,0.122158,0.97144,0.03646,4
0.5,0.0000,0.588000,0.00000e+00,0.034315,0.280932,0.032377,0.007910,1.063816,0.529569,0.030516,0.122603,0.97135,0.03652,4
0.5,0.0000,0.589000,0.00000e+00,0.034453,0.281045,0.032500,0.007968,1.064055,0.529672,0.030626,0.123048,0.97125,0.03658,4
0.5,0.0000,0.590000,0.00000e+00,0.034591,0.281158,0.032624,0.008027,1.064295,0.529775,0.030736,0.123494,0.97115,0.03665,4
0.5,0.0000,0.591000,0.00000e+00,0.034729,0.281271,0.032748,0.008087,1.064536,0.529878,0.030846,0.123941,0.97106,0.03671,4
0.5,0.0000,0.592000,0.00000e+00,0.034867,0.281384,0.032872,0.008147,1.064778,0.529982,0.030957,0.124389,0.97096,0.03677,4
0.5,0.0000,0.593000,0.00000e+00,0.035006,0.281498,0.032996,0.008207,1.065020,0.530086,0.031067,0.124838,0.97086,0.03683,4
0.5,0.0000,0.594000,0.00000e+00,0.035146,0.281612,0.033121,0.008267,1.065262,0.530189,0.031178,0.125288,0.97076,0.03690,4
0.5,0.0000,0.595000,0.00000e+00,0.035286,0.281726,0.033246,0.008328,1.065505,0.530294,0.031290,0.125738,0.97067,0.03696,4
0.5,0.0000,0.596000,0.00000e+00,0.035426,0.281840,0.033371,0.008389,1.065749,0.530398,0.031401,0.126190,0.97057,0.03702,4
0.5,0.0000,0.597000,0.00000e+00,0.035566,0.281955,0.033497,0.008451,1.065993,0.530502,0.031513,0.126643,0.97047,0.03709,4
0.5,0.0000,0.598000,0.00000e+00,0.035707,0.282069,0.033623,0.008513,1.066238,0.530607,0.031625,0.127097,0.97037,0.03715,4
0.5,0.0000,0.599000,0.00000e+00,0.035849,0.282185,0.033749,0.008575,1.066483,0.530712,0.031737,0.127552,0.97028,0.03721,4
0.5,0.0000,0.600000,0.00000e+00,0.035991,0.282300,0.033876,0.008638,1.066729,0.530817,0.031849,0.128008,0.97018,0.03728,4
0.5,0.0000,0.601000,0.00000e+00,0.036133,0.282415,0.034003,0.008701,1.066976,0.530922,0.031962,0.128464,0.97008,0.03734,4
0.5,0.0000,0.602000,0.00000e+00,0.036275,0.282531,0.034130,0.008764,1.067223,0.531027,0.032074,0.128922,0.96998,0.03740,4
0.5,0.0000,0.603000,0.00000e+00,0.036418,0.282647,0.034258,0.008828,1.067471,0.531133,0.032187,0.129381,0.96988,0.03747,4
0.5,0.0000,0.604000,0.00000e+00,0.036562,0.282763,0.034386,0.008892,1.067719,0.531239,0.032301,0.129840,0.96978,0.03753,4
0.5,0.0000,0.605000,0.00000e+00,0.036705,0.282880,0.034514,0.008957,1.067968,0.531344,0.032414,0.130301,0.96969,0.03760,4
0.5,0.0000,0.606000,0.00000e+00,0.036850,0.282997,0.034642,0.009022,1.068217,0.531451,0.032528,0.130763,0.96959,0.03766,4
0.5,0.0000,0.607000,0.00000e+00,0.036994,0.283114,0.034771,0.009087,1.068467,0.531557,0.032642,0.131225,0.96949,0.03773,4
0.5,0.0000,0.608000,0.00000e+00,0.037139,0.283231,0.034900,0.009153,1.068718,0.531663,0.032756,0.131689,0.96939,0.03779,4
0.5,0.0000,0.609000,0.00000e+00,0.037284,0.283348,0.035030,0.009219,1.068969,0.531770,0.032871,0.132153,0.96929,0.03786,4
0.5,0.0000,0.610000,0.00000e+00,0.037430,0.283466,0.035159,0.009285,1.069221,0.531877,0.032985,0.132619,0.96919,0.03792,4
0.5,0.0000,0.611000,0.00000e+00,0.037576,0.283584,0.035289,0.009352,1.069473,0.531984,0.033100,0.133086,0.96909,0.03799,4
0.5,0.0000,0.612000,0.00000e+00,0.037723,0.283702,0.035420,0.009419,1.069726,0.532091,0.033215,0.133553,0.96899,0.03805,4
0.5,0.0000,0.613000,0.00000e+00,0.037870,0.283821,0.035550,0.009487,1.069980,0.532199,0.033331,0.134022,0.96889,0.03812,4
0.5,0.0000,0.614000,0.00000e+00,0.038017,0.283940,0.035681,0.009555,1.070234,0.532306,0.033446,0.134491,0.96879,0.03819,4
0.5,0.0000,0.615000,0.00000e+00,0.038165,0.284058,0.035813,0.009623,1.070489,0.532414,0.033562,0.134962,0.96869,0.03825,4
0.5,0.0000,0.616000,0.00000e+00,0.038313,0.284178,0.035944,0.009692,1.070744,0.532522,0.033678,0.135433,0.96859,0.03832,4
0.5,0.0000,0.617000,0.00000e+00,0.038462,0.284297,0.036076,0.009761,1.071000,0.532630,0.033794,0.135906,0.96849,0.03838,4
0.5,0.0000,0.618000,0.00000e+00,0.038611,0.284417,0.036209,0.009831,1.071257,0.532739,0.033911,0.136380,0.96839,0.03845,4
0.5,0.0000,0.619000,0.00000e+00,0.038761,0.284537,0.036341,0.009901,1.071514,0.532847,0.034028,0.136854,0.96829,0.03852,4
0.5,0.0000,0.620000,0.00000e+00,0.038911,0.284657,0.036474,0.009971,1.071771,0.532956,0.034145,0.137330,0.96818,0.03859,4
0.5,0.0000,0.621000,0.00000e+00,0.039061,0.284778,0.036607,0.010042,1.072030,0.533065,0.034262,0.137806,0.96808,0.03865,4
0.5,0.0000,0.622000,0.00000e+00,0.039212,0.284898,0.036741,0.010114,1.072289,0.533174,0.034379,0.138284,0.96798,0.03872,4
0.5,0.0000,0.623000,0.00000e+00,0.039363,0.285019,0.036875,0.010185,1.072548,0.533284,0.034497,0.138762,0.96788,0.03879,4
0.5,0.0000,0.624000,0.00000e+00,0.039514,0.285140,0.037009,0.010257,1.072808,0.533393,0.034615,0.139242,0.96778,0.03886,4
0.5,0.0000,0.625000,0.00000e+00,0.039666,0.285262,0.037143,0.010330,1.073069,0.533503,0.034733,0.139723,0.96768,0.03892,4
0.5,0.0000,0.626000,0.00000e+00,0.039819,0.285384,0.037278,0.010403,1.073330,0.533613,0.034852,0.140204,0.96757,0.03899,4
0.5,0.0000,0.627000,0.00000e+00,0.039972,0.285506,0.037413,0.010476,1.073592,0.533723,0.034970,0.140687,0.96747,0.03906,4
0.5,0.0000,0.628000,0.00000e+00,0.040125,0.285628,0.037549,0.010550,1.073855,0.533833,0.035089,0.141170,0.96737,0.03913,4
0.5,0.0000,0.629000,0.00000e+00,0.040278,0.285750,0.037685,0.010624,1.074118,0.533944,0.035208,0.141655,0.96727,0.03920,4
0.5,0.0000,0.630000,0.00000e+00,0.040433,0.285873,0.037821,0.010698,1.074382,0.534054,0.035328,0.142141,0.96717,0.03927,4
0.5,0.0000,0.631000,0.00000e+00,0.040587,0.285996,0.037957,0.010773,1.074646,0.534165,0.035447,0.142627,0.96706,0.03933,4
0.5,0.0000,0.632000,0.00000e+00,0.040742,0.286119,0.038094,0.010849,1.074911,0.534276,0.035567,0.143115,0.96696,0.03940,4
0.5,0.0000,0.633000,0.00000e+00,0.040897,0.286243,0.038231,0.010925,1.075176,0.534387,0.035687,0.143604,0.96686,0.03947,4
0.5,0.0000,0.634000,0.00000e+00,0.041053,0.286366,0.038369,0.011001,1.075443,0.534499,0.035807,0.144094,0.96675,0.03954,4
0.5,0.0000,0.635000,0.00000e+00,0.041209,0.286490,0.038507,0.011078,1.075709,0.534610,0.035928,0.144584,0.96665,0.03961,4
0.5,0.0000,0.636000,0.00000e+00,0.041366,0.286614,0.038645,0.011155,1.075977,0.534722,0.036049,0.145076,0.96655,0.03968,4
0.5,0.0000,0.637000,0.00000e+00,0.041523,0.286739,0.038783,0.011233,1.076245,0.534834,0.036170,0.145569,0.96644,0.03975,4
0.5,0.0000,0.638000,0.00000e+00,0.041681,0.286864,0.038922,0.011311,1.076513,0.534946,0.036291,0.146063,0.96634,0.03982,4
0.5,0.0000,0.639000,0.00000e+00,0.041839,0.286989,0.039061,0.011389,1.076783,0.535059,0.036413,0.146558,0.96624,0.03989,4
0.5,0.0000,0.640000,0.00000e+00,0.041997,0.287114,0.039201,0.011468,1.077053,0.535171,0.036534,0.147054,0.96613,0.03996,4
0.5,0.0000,0.641000,0.00000e+00,0.042156,0.287239,0.039340,0.011547,1.077323,0.535284,0.036656,0.147551,0.96603,0.04003,4
0.5,0.0000,0.642000,0.00000e+00,0.042315,0.287365,0.039481,0.011627,1.077594,0.535397,0.036779,0.148048,0.96592,0.04010,4
0.5,0.0000,0.643000,0.00000e+00,0.042475,0.287491,0.039621,0.011707,1.077866,0.535510,0.036901,0.148548,0.96582,0.04017,4
0.5,0.0000,0.644000,0.00000e+00,0.042635,0.287617,0.039762,0.011788,1.078138,0.535623,0.037024,0.149048,0.96571,0.04025,4
0.5,0.0000,0.645000,0.00000e+00,0.042796,0.287744,0.039903,0.011869,1.078411,0.535737,0.037147,0.149549,0.96561,0.04032,4
0.5,0.0000,0.646000,0.00000e+00,0.042957,0.287871,0.040044,0.011951,1.078685,0.535850,0.037270,0.150051,0.96550,0.04039,4
0.5,0.0000,0.647000,0.00000e+00,0.043118,0.287998,0.040186,0.012033,1.078959,0.535964,0.037393,0.150554,0.96540,0.04046,4
0.5,0.0000,0.648000,0.00000e+00,0.043280,0.288125,0.040328,0.012116,1.079234,0.536078,0.037517,0.151058,0.96529,0.04053,4
0.5,0.0000,0.649000,0.00000e+00,0.043443,0.288252,0.040471,0.012199,1.079509,0.536193,0.037641,0.151563,0.96519,0.04060,4
0.5,0.0000,0.650000,0.00000e+00,0.043605,0.288380,0.040614,0.012282,1.079785,0.536307,0.037765,0.152070,0.96508,0.04068,4
0.5,0.0000,0.651000,0.00000e+00,0.043769,0.288508,0.040757,0.012366,1.080062,0.536422,0.037889,0.152577,0.96498,0.04075,4
0.5,0.0000,0.652000,0.00000e+00,0.043932,0.288637,0.040900,0.012451,1.080339,0.536536,0.038014,0.153085,0.96487,0.04082,4
0.5,0.0000,0.653000,0.00000e+00,0.044097,0.288765,0.041044,0.012535,1.080617,0.536651,0.038139,0.153595,0.96477,0.04089,4
0.5,0.0000,0.654000,0.00000e+00,0.044261,0.288894,0.041188,0.012621,1.080896,0.536767,0.038264,0.154105,0.96466,0.04097,4
0.5,0.0000,0.655000,0.00000e+00,0.044426,0.289023,0.041333,0.012707,1.081175,0.536882,0.038389,0.154617,0.96455,0.04104,4
0.5,0.0000,0.656000,0.00000e+00,0.044592,0.289152,0.041478,0.012793,1.081455,0.536998,0.038515,0.155130,0.96445,0.04111,4
0.5,0.0000,0.657000,0.00000e+00,0.044758,0.289282,0.041623,0.012880,1.081735,0.537113,0.038641,0.155643,0.96434,0.04119,4
0.5,0.0000,0.658000,0.00000e+00,0.044924,0.289412,0.041768,0.012967,1.082016,0.537229,0.038767,0.156158,0.96423,0.04126,4
0.5,0.0000,0.659000,0.00000e+00,0.045091,0.289542,0.041914,0.013055,1.082298,0.537345,0.038893,0.156674,0.96413,0.04133,5
0.5,0.0000,0.660000,0.00000e+00,0.045259,0.289672,0.042060,0.013143,1.082580,0.537462,0.039020,0.157191,0.96402,0.04141,5
0.5,0.0000,0.661000,0.00000e+00,0.045426,0.289803,0.042207,0.013232,1.082863,0.537578,0.039147,0.157709,0.96391,0.04148,5
0.5,0.0000,0.662000,0.00000e+00,0.045595,0.289934,0.042354,0.013321,1.083147,0.537695,0.039274,0.158228,0.96381,0.04156,5
0.5,0.0000,0.663000,0.00000e+00,0.045763,0.290065,0.042501,0.013411,1.083431,0.537812,0.039401,0.158748,0.96370,0.04163,5
0.5,0.0000,0.664000,0.00000e+00,0.045933,0.290196,0.042649,0.013501,1.083716,0.537929,0.039528,0.159269,0.96359,0.04171,5
0.5,0.0000,0.665000,0.00000e+00,0.046102,0.290328,0.042797,0.013592,1.084002,0.538046,0.039656,0.159791,0.96348,0.04178,5
0.5,0.0000,0.666000,0.00000e+00,0.046272,0.290460,0.042945,0.013683,1.084288,0.538164,0.039784,0.160314,0.96338,0.04186,5
0.5,0.0000,0.667000,0.00000e+00,0.046443,0.290592,0.043094,0.013775,1.084575,0.538281,0.039913,0.160838,0.96327,0.04193,5
0.5,0.0000,0.668000,0.00000e+00,0.046614,0.290724,0.043243,0.013867,1.084862,0.538399,0.040041,0.161364,0.96316,0.04201,5
0.5,0.0000,0.669000,0.00000e+00,0.046785,0.290857,0.043392,0.013960,1.085151,0.538517,0.040170,0.161890,0.96305,0.04208,5
0.5,0.0000,0.670000,0.00000e+00,0.046957,0.290990,0.043542,0.014053,1.085439,0.538635,0.040299,0.162418,0.96294,0.04216,5
0.5,0.0000,0.671000,0.00000e+00,0.047130,0.291123,0.043692,0.014147,1.085729,0.538754,0.040428,0.162947,0.96284,0.04223,5
0.5,0.0000,0.672000,0.00000e+00,0.047303,0.291257,0.043842,0.014241,1.086019,0.538872,0.040558,0.163476,0.96273,0.04231,5
0.5,0.0000,0.673000,0.00000e+00,0.047476,0.291390,0.043993,0.014336,1.086310,0.538991,0.040687,0.164007,0.96262,0.04239,5
0.5,0.0000,0.674000,0.00000e+00,0.047650,0.291524,0.044144,0.014431,1.086601,0.539110,0.040817,0.164539,0.96251,0.04246,5
0.5,0.0000,0.675000,0.00000e+00,0.047824,0.291659,0.044296,0.014527,1.086893,0.539229,0.040948,0.165072,0.96240,0.04254,5
0.5,0.0000,0.676000,0.00000e+00,0.047999,0.291793,0.044448,0.014623,1.087186,0.539349,0.041078,0.165606,0.96229,0.04262,5
0.5,0.0000,0.677000,0.00000e+00,0.048175,0.291928,0.044600,0.014720,1.087479,0.539468,0.041209,0.166141,0.96218,0.04269,5
0.5,0.0000,0.678000,0.00000e+00,0.048350,0.292063,0.044752,0.014817,1.087773,0.539588,0.041340,0.166677,0.96207,0.04277,5
0.5,0.0000,0.679000,0.00000e+00,0.048527,0.292198,0.044905,0.014915,1.088068,0.539708,0.041471,0.167215,0.96196,0.04285,5
0.5,0.0000,0.680000,0.00000e+00,0.048703,0.292334,0.045058,0.015014,1.088363,0.539828,0.041603,0.167753,0.96185,0.04293,5
0.5,0.0000,0.681000,0.00000e+00,0.048881,0.292470,0.045212,0.015113,1.088659,0.539948,0.041734,0.168293,0.96174,0.04300,5
0.5,0.0000,0.682000,0.00000e+00,0.049058,0.292606,0.045366,0.015212,1.088956,0.540069,0.041866,0.168833,0.96163,0.04308,5
0.5,0.0000,0.683000,0.00000e+00,0.049236,0.292742,0.045520,0.015312,1.089253,0.540190,0.041999,0.169375,0.96152,0.04316,5
0.5,0.0000,0.684000,0.00000e+00,0.049415,0.292879,0.045675,0.015413,1.089551,0.540310,0.042131,0.169918,0.96141,0.04324,5
0.5,0.0000,0.685000,0.00000e+00,0.049594,0.293016,0.045830,0.015514,1.089850,0.540431,0.042264,0.170462,0.96130,0.04332,5
0.5,0.0000,0.686000,0.00000e+00,0.049774,0.293153,0.045986,0.015616,1.090149,0.540553,0.042397,0.171007,0.96119,0.04340,5
0.5,0.0000,0.687000,0.00000e+00,0.049954,0.293291,0.046141,0.015718,1.090449,0.540674,0.042530,0.171553,0.96108,0.04347,5
0.5,0.0000,0.688000,0.00000e+00,0.050135,0.293428,0.046297,0.015821,1.090750,0.540796,0.042664,0.172100,0.96097,0.04355,5
0.5,0.0000,0.689000,0.00000e+00,0.050316,0.293566,0.046454,0.015924,1.091051,0.540918,0.042797,0.172648,0.96086,0.04363,5
0.5,0.0000,0.690000,0.00000e+00,0.050497,0.293704,0.046611,0.016028,1.091353,0.541040,0.042931,0.173198,0.96075,0.04371,5
0.5,0.0000,0.691000,0.00000e+00,0.050679,0.293843,0.046768,0.016132,1.091656,0.541162,0.043066,0.173748,0.96064,0.04379,5
0.5,0.0000,0.692000,0.00000e+00,0.050862,0.293982,0.046926,0.016237,1.091959,0.541284,0.043200,0.174300,0.96053,0.04387,5
0.5,0.0000,0.693000,0.00000e+00,0.051045,0.294121,0.047084,0.016343,1.092263,0.541407,0.043335,0.174853,0.96041,0.04395,5
0.5,0.0000,0.694000,0.00000e+00,0.051229,0.294260,0.047242,0.016449,1.092568,0.541530,0.043470,0.175407,0.96030,0.04403,5
0.5,0.0000,0.695000,0.00000e+00,0.051413,0.294400,0.047401,0.016556,1.092873,0.541652,0.043605,0.175962,0.96019,0.04411,5
0.5,0.0000,0.696000,0.00000e+00,0.051597,0.294539,0.047560,0.016663,1.093179,0.541776,0.043741,0.176518,0.96008,0.04419,5
0.5,0.0000,0.697000,0.00000e+00,0.051782,0.294680,0.047719,0.016771,1.093486,0.541899,0.043877,0.177075,0.95997,0.04427,5
0.5,0.0000,0.698000,0.00000e+00,0.051968,0.294820,0.047879,0.016879,1.093793,0.542022,0.044013,0.177633,0.95985,0.04435,5
0.5,0.0000,0.699000,0.00000e+00,0.052154,0.294961,0.048039,0.016988,1.094101,0.542146,0.044149,0.178193,0.95974,0.04444,5
0.5,0.0000,0.700000,0.00000e+00,0.052341,0.295101,0.048200,0.017098,1.094410,0.542270,0.044285,0.178754,0.95963,0.04452,5
0.5,0.0000,0.701000,0.00000e+00,0.052528,0.295243,0.048361,0.017208,1.094719,0.542394,0.044422,0.179315,0.95952,0.04460,5
0.5,0.0000,0.702000,0.00000e+00,0.052715,0.295384,0.048522,0.017319,1.095029,0.542518,0.044559,0.179878,0.95940,0.04468,5
0.5,0.0000,0.703000,0.00000e+00,0.052903,0.295526,0.048684,0.017430,1.095340,0.542643,0.044697,0.180442,0.95929,0.04476,5
0.5,0.0000,0.704000,0.00000e+00,0.053092,0.295668,0.048846,0.017542,1.095652,0.542768,0.044834,0.181008,0.95918,0.04484,5
0.5,0.0000,0.705000,0.00000e+00,0.053281,0.295810,0.049008,0.017655,1.095964,0.542892,0.044972,0.181574,0.95906,0.04493,5
0.5,0.0000,0.706000,0.00000e+00,0.053471,0.295953,0.049171,0.017768,1.096277,0.543017,0.045110,0.182141,0.95895,0.04501,5
0.5,0.0000,0.707000,0.00000e+00,0.053661,0.296095,0.049334,0.017882,1.096590,0.543143,0.045248,0.182710,0.95884,0.04509,5
0.5,0.0000,0.708000,0.00000e+00,0.053852,0.296238,0.049498,0.017996,1.096904,0.543268,0.045387,0.183280,0.95872,0.04517,5
0.5,0.0000,0.709000,0.00000e+00,0.054043,0.296382,0.049662,0.018111,1.097219,0.543394,0.045526,0.183850,0.95861,0.04526,5
0.5,0.0000,0.710000,0.00000e+00,0.054235,0.296525,0.049826,0.018226,1.097535,0.543519,0.045665,0.184422,0.95850,0.04534,5
0.5,0.0000,0.711000,0.00000e+00,0.054427,0.296669,0.049991,0.018343,1.097851,0.543645,0.045804,0.184996,0.95838,0.04542,5
0.5,0.0000,0.712000,0.00000e+00,0.054620,0.296813,0.050156,0.018459,1.098168,0.543772,0.045944,0.185570,0.95827,0.04551,5
0.5,0.0000,0.713000,0.00000e+00,0.054813,0.296958,0.050321,0.018577,1.098486,0.543898,0.046083,0.186145,0.95815,0.04559,5
0.5,0.0000,0.714000,0.00000e+00,0.055007,0.297103,0.050487,0.018695,1.098804,0.544025,0.046224,0.186722,0.95804,0.04567,5
0.5,0.0000,0.715000,0.00000e+00,0.055201,0.297248,0.050653,0.018813,1.099123,0.544151,0.046364,0.187300,0.95793,0.04576,5
0.5,0.0000,0.716000,0.00000e+00,0.055396,0.297393,0.050820,0.018933,1.099443,0.544278,0.046505,0.187879,0.95781,0.04584,5
0.5,0.0000,0.717000,0.00000e+00,0.055591,0.297538,0.050987,0.019052,1.099764,0.544405,0.046645,0.188459,0.95770,0.04593,5
0.5,0.0000,0.718000,0.00000e+00,0.055787,0.297684,0.051154,0.019173,1.100085,0.544533,0.046787,0.189040,0.95758,0.04601,5
0.5,0.0000,0.719000,0.00000e+00,0.055983,0.297830,0.051322,0.019294,1.100407,0.544660,0.046928,0.189622,0.95747,0.04610,5
0.5,0.0000,0.720000,0.00000e+00,0.056180,0.297977,0.051490,0.019416,1.100729,0.544788,0.047070,0.190206,0.95735,0.04618,5
0.5,0.0000,0.721000,0.00000e+00,0.056378,0.298123,0.051659,0.019538,1.101052,0.544916,0.047212,0.190791,0.95724,0.04627,5
0.5,0.0000,0.722000,0.00000e+00,0.056576,0.298270,0.051828,0.019661,1.101376,0.545044,0.047354,0.191377,0.95712,0.04635,5
0.5,0.0000,0.723000,0.00000e+00,0.056774,0.298417,0.051997,0.019785,1.101701,0.545172,0.047496,0.191964,0.95700,0.04644,5
0.5,0.0000,0.724000,0.00000e+00,0.056973,0.298565,0.052167,0.019909,1.102027,0.545300,0.047639,0.192552,0.95689,0.04652,5
0.5,0.0000,0.725000,0.00000e+00,0.057173,0.298712,0.052337,0.020034,1.102353,0.545429,0.047782,0.193141,0.95677,0.04661,5
0.5,0.0000,0.726000,0.00000e+00,0.057373,0.298860,0.052507,0.020160,1.102679,0.545558,0.047925,0.193732,0.95666,0.04670,5
0.5,0.0000,0.727000,0.00000e+00,0.057574,0.299009,0.052678,0.020286,1.103007,0.545687,0.048069,0.194324,0.95654,0.04678,5
0.5,0.0000,0.728000,0.00000e+00,0.057775,0.299157,0.052850,0.020413,1.103335,0.545816,0.048212,0.194917,0.95642,0.04687,5
0.5,0.0000,0.729000,0.00000e+00,0.057977,0.299306,0.053021,0.020541,1.103664,0.545945,0.048356,0.195511,0.95631,0.04696,5
0.5,0.0000,0.730000,0.00000e+00,0.058179,0.299455,0.053193,0.020669,1.103994,0.546075,0.048501,0.196106,0.95619,0.04704,5
0.5,0.0000,0.731000,0.00000e+00,0.058382,0.299604,0.053366,0.020798,1.104324,0.546205,0.048645,0.196703,0.95608,0.04713,5
0.5,0.0000,0.732000,0.00000e+00,0.058585,0.299754,0.053538,0.020928,1.104655,0.546335,0.048790,0.197300,0.95596,0.04722,5
0.5,0.0000,0.733000,0.00000e+00,0.058789,0.299904,0.053712,0.021058,1.104987,0.546465,0.048935,0.197899,0.95584,0.04730,5
0.5,0.0000,0.734000,0.00000e+00,0.058994,0.300054,0.053885,0.021189,1.105320,0.546595,0.049080,0.198499,0.95572,0.04739,5
0.5,0.0000,0.735000,0.00000e+00,0.059199,0.300205,0.054059,0.021320,1.105653,0.546726,0.049226,0.199100,0.95561,0.04748,5
0.5,0.0000,0.736000,0.00000e+00,0.059404,0.300355,0.054234,0.021453,1.105987,0.546856,0.049372,0.199703,0.95549,0.04757,5
0.5,0.0000,0.737000,0.00000e+00,0.059610,0.300506,0.054409,0.021586,1.106322,0.546987,0.049518,0.200307,0.95537,0.04766,5
0.5,0.0000,0.738000,0.00000e+00,0.059817,0.300658,0.054584,0.021719,1.106657,0.547118,0.049664,0.200911,0.95526,0.04774,5
0.5,0.0000,0.739000,0.00000e+00,0.060024,0.300809,0.054759,0.021854,1.106993,0.547249,0.049811,0.201517,0.95514,0.04783,5
0.5,0.0000,0.740000,0.00000e+00,0.060232,0.300961,0.054935,0.021989,1.107330,0.547381,0.049958,0.202125,0.95502,0.04792,5
0.5,0.0000,0.741000,0.00000e+00,0.060440,0.301113,0.055112,0.022124,1.107668,0.547513,0.050105,0.202733,0.95490,0.04801,5
0.5,0.0000,0.742000,0.00000e+00,0.060649,0.301266,0.055289,0.022261,1.108006,0.547644,0.050252,0.203343,0.95478,0.04810,5
0.5,0.0000,0.743000,0.00000e+00,0.060859,0.301419,0.055466,0.022398,1.108345,0.547776,0.050400,0.203954,0.95467,0.04819,5
0.5,0.0000,0.744000,0.00000e+00,0.061069,0.301572,0.055644,0.022536,1.108685,0.547909,0.050548,0.204566,0.95455,0.04828,5
0.5,0.0000,0.745000,0.00000e+00,0.061279,0.301725,0.055822,0.022674,1.109026,0.548041,0.050696,0.205179,0.95443,0.04837,5
0.5,0.0000,0.746000,0.00000e+00,0.061491,0.301878,0.056000,0.022814,1.109367,0.548174,0.050845,0.205794,0.95431,0.04846,5
0.5,0.0000,0.747000,0.00000e+00,0.061702,0.302032,0.056179,0.022954,1.109709,0.548306,0.050993,0.206409,0.95419,0.04855,5
0.5,0.0000,0.748000,0.00000e+00,0.061915,0.302186,0.056358,0.023094,1.110052,0.548439,0.051142,0.207026,0.95407,0.04864,5
0.5,0.0000,0.749000,0.00000e+00,0.062127,0.302341,0.056538,0.023236,1.110395,0.548572,0.051292,0.207644,0.95395,0.04873,5
0.5,0.0000,0.750000,0.00000e+00,0.062341,0.302495,0.056718,0.023378,1.110740,0.548706,0.051441,0.208264,0.95384,0.04882,5
0.5,0.0000,0.751000,0.00000e+00,0.062555,0.302650,0.056898,0.023521,1.111085,0.548839,0.051591,0.208884,0.95372,0.04891,5
0.5,0.0000,0.752000,0.00000e+00,0.062769,0.302805,0.057079,0.023664,1.111430,0.548973,0.051741,0.209506,0.95360,0.04900,5
0.5,0.0000,0.753000,0.00000e+00,0.062985,0.302961,0.057261,0.023809,1.111777,0.549107,0.051891,0.210129,0.95348,0.04909,5
0.5,0.0000,0.754000,0.00000e+00,0.063200,0.303117,0.057442,0.023954,1.112124,0.549241,0.052042,0.210753,0.95336,0.04919,5
0.5,0.0000,0.755000,0.00000e+00,0.063417,0.303273,0.057624,0.024099,1.112472,0.549375,0.052193,0.211379,0.95324,0.04928,5
0.5,0.0000,0.756000,0.00000e+00,0.063633,0.303429,0.057807,0.024246,1.112821,0.549510,0.052344,0.212006,0.95312,0.04937,5
0.5,0.0000,0.757000,0.00000e+00,0.063851,0.303586,0.057990,0.024393,1.113170,0.549644,0.052496,0.212634,0.95300,0.04946,5
0.5,0.0000,0.758000,0.00000e+00,0.064069,0.303743,0.058173,0.024541,1.113520,0.549779,0.052647,0.213263,0.95288,0.04955,5
0.5,0.0000,0.759000,0.00000e+00,0.064288,0.303900,0.058357,0.024690,1.113871,0.549914,0.052799,0.213893,0.95276,0.04965,5
0.5,0.0000,0.760000,0.00000e+00,0.064507,0.304057,0.058541,0.024839,1.114223,0.550049,0.052951,0.214525,0.95264,0.04974,5
0.5,0.0000,0.761000,0.00000e+00,0.064727,0.304215,0.058726,0.024990,1.114576,0.550185,0.053104,0.215158,0.95252,0.04983,5
0.5,0.0000,0.762000,0.00000e+00,0.064947,0.304373,0.058911,0.025141,1.114929,0.550320,0.053257,0.215792,0.95240,0.04992,5
0.5,0.0000,0.763000,0.00000e+00,0.065168,0.304532,0.059096,0.025292,1.115283,0.550456,0.053410,0.216428,0.95228,0.05002,5
0.5,0.0000,0.764000,0.00000e+00,0.065389,0.304690,0.059282,0.025445,1.115637,0.550592,0.053563,0.217064,0.95216,0.05011,5
0.5,0.0000,0.765000,0.00000e+00,0.065612,0.304849,0.059468,0.025598,1.115993,0.550728,0.053717,0.217702,0.95204,0.05020,5
0.5,0.0000,0.766000,0.00000e+00,0.065834,0.305008,0.059655,0.025752,1.116349,0.550864,0.053870,0.218342,0.95191,0.05030,5
0.5,0.0000,0.767000,0.00000e+00,0.066058,0.305168,0.059842,0.025907,1.116706,0.551001,0.054025,0.218982,0.95179,0.05039,5
0.5,0.0000,0.768000,0.00000e+00,0.066282,0.305328,0.060030,0.026063,1.117064,0.551138,0.054179,0.219624,0.95167,0.05049,5
0.5,0.0000,0.769000,0.00000e+00,0.066506,0.305488,0.060218,0.026219,1.117423,0.551274,0.054334,0.220267,0.95155,0.05058,5
0.5,0.0000,0.770000,0.00000e+00,0.066731,0.305648,0.060406,0.026377,1.117782,0.551411,0.054489,0.220911,0.95143,0.05067,5
0.5,0.0000,0.771000,0.00000e+00,0.066957,0.305809,0.060595,0.026535,1.118142,0.551549,0.054644,0.221556,0.95131,0.05077,5
0.5,0.0000,0.772000,0.00000e+00,0.067183,0.305970,0.060784,0.026693,1.118503,0.551686,0.054799,0.222203,0.95119,0.05086,5
0.5,0.0000,0.773000,0.00000e+00,0.067410,0.306131,0.060974,0.026853,1.118864,0.551824,0.054955,0.222851,0.95106,0.05096,5
0.5,0.0000,0.774000,0.00000e+00,0.067638,0.306292,0.061164,0.027013,1.119227,0.551962,0.055111,0.223501,0.95094,0.05105,5
0.5,0.0000,0.775000,0.00000e+00,0.067866,0.306454,0.061355,0.027175,1.119590,0.552100,0.055267,0.224151,0.95082,0.05115,5
0.5,0.0000,0.776000,0.00000e+00,0.068095,0.306616,0.061546,0.027337,1.119954,0.552238,0.055424,0.224803,0.95070,0.05125,5
0.5,0.0000,0.777000,0.00000e+00,0.068324,0.306778,0.061737,0.027499,1.120319,0.552376,0.055581,0.225456,0.95058,0.05134,5
0.5,0.0000,0.778000,0.00000e+00,0.068554,0.306941,0.061929,0.027663,1.120684,0.552515,0.055738,0.226111,0.95045,0.05144,5
0.5,0.0000,0.779000,0.00000e+00,0.068784,0.307104,0.062121,0.027827,1.121050,0.552653,0.055895,0.226766,0.95033,0.05153,5
0.5,0.0000,0.780000,0.00000e+00,0.069016,0.307267,0.062314,0.027993,1.121417,0.552792,0.056053,0.227423,0.95021,0.05163,5
0.5,0.0000,0.781000,0.00000e+00,0.069247,0.307431,0.062507,0.028159,1.121785,0.552931,0.056211,0.228082,0.95008,0.05173,5
0.5,0.0000,0.782000,0.00000e+00,0.069480,0.307594,0.062700,0.028326,1.122154,0.553071,0.056369,0.228741,0.94996,0.05182,5
0.5,0.0000,0.783000,0.00000e+00,0.069713,0.307758,0.062894,0.028493,1.122523,0.553210,0.056528,0.229402,0.94984,0.05192,5
0.5,0.0000,0.784000,0.00000e+00,0.069946,0.307923,0.063089,0.028662,1.122893,0.553350,0.056687,0.230064,0.94972,0.05202,5
0.5,0.0000,0.785000,0.00000e+00,0.070181,0.308087,0.063284,0.028831,1.123264,0.553490,0.056846,0.230728,0.94959,0.05212,5
0.5,0.0000,0.786000,0.00000e+00,0.070416,0.308252,0.063479,0.029002,1.123636,0.553630,0.057005,0.231393,0.94947,0.05221,5
0.5,0.0000,0.787000,0.00000e+00,0.070651,0.308418,0.063675,0.029173,1.124008,0.553770,0.057165,0.232059,0.94935,0.05231,5
0.5,0.0000,0.788000,0.00000e+00,0.070887,0.308583,0.063871,0.029345,1.124382,0.553910,0.057325,0.232726,0.94922,0.05241,5
0.5,0.0000,0.789000,0.00000e+00,0.071124,0.308749,0.064068,0.029517,1.124756,0.554051,0.057485,0.233395,0.94910,0.05251,5
0.5,0.0000,0.790000,0.00000e+00,0.071361,0.308915,0.064265,0.029691,1.125131,0.554192,0.057645,0.234065,0.94897,0.05260,5
0.5,0.0000,0.791000,0.00000e+00,0.071599,0.309081,0.064462,0.029866,1.125506,0.554333,0.057806,0.234736,0.94885,0.05270,5
0.5,0.0000,0.792000,0.00000e+00,0.071838,0.309248,0.064660,0.030041,1.125883,0.554474,0.057967,0.235409,0.94873,0.05280,5
0.5,0.0000,0.793000,0.00000e+00,0.072077,0.309415,0.064858,0.030217,1.126260,0.554615,0.058128,0.236083,0.94860,0.05290,5
0.5,0.0000,0.794000,0.00000e+00,0.072317,0.309582,0.065057,0.030394,1.126638,0.554757,0.058290,0.236758,0.94848,0.05300,5
0.5,0.0000,0.795000,0.00000e+00,0.072558,0.309750,0.065257,0.030572,1.127017,0.554898,0.058452,0.237434,0.94835,0.05310,5
0.5,0.0000,0.796000,0.00000e+00,0.072799,0.309918,0.065456,0.030751,1.127397,0.555040,0.058614,0.238112,0.94823,0.05320,5
0.5,0.0000,0.797000,0.00000e+00,0.073041,0.310086,0.065656,0.030931,1.127777,0.555182,0.058776,0.238791,0.94810,0.05330,5
0.5,0.0000,0.798000,0.00000e+00,0.073283,0.310254,0.065857,0.031111,1.128158,0.555325,0.058939,0.239472,0.94798,0.05340,5
0.5,0.0000,0.799000,0.00000e+00,0.073526,0.310423,0.066058,0.031293,1.128541,0.555467,0.059102,0.240154,0.94785,0.05350,5
0.5,0.0000,0.800000,0.00000e+00,0.073770,0.310592,0.066260,0.031475,1.128923,0.555610,0.059265,0.240837,0.94773,0.05360,5
0.5,0.0000,0.801000,0.00000e+00,0.074014,0.310761,0.066462,0.031659,1.129307,0.555752,0.059429,0.241522,0.94760,0.05370,5
0.5,0.0000,0.802000,0.00000e+00,0.074259,0.310931,0.066664,0.031843,1.129692,0.555895,0.059592,0.242207,0.94748,0.05380,5
0.5,0.0000,0.803000,0.00000e+00,0.074505,0.311101,0.066867,0.032028,1.130077,0.556039,0.059756,0.242895,0.94735,0.05390,5
0.5,0.0000,0.804000,0.00000e+00,0.074752,0.311271,0.067070,0.032214,1.130463,0.556182,0.059921,0.243583,0.94723,0.05400,5
0.5,0.0000,0.805000,0.00000e+00,0.074998,0.311441,0.067274,0.032401,1.130850,0.556325,0.060085,0.244273,0.94710,0.05410,5
0.5,0.0000,0.806000,0.00000e+00,0.075246,0.311612,0.067478,0.032588,1.131238,0.556469,0.060250,0.244964,0.94698,0.05420,5
0.5,0.0000,0.807000,0.00000e+00,0.075494,0.311783,0.067683,0.032777,1.131626,0.556613,0.060416,0.245657,0.94685,0.05430,5
0.5,0.0000,0.808000,0.00000e+00,0.075743,0.311955,0.067888,0.032967,1.132015,0.556757,0.060581,0.246351,0.94673,0.05441,5
0.5,0.0000,0.809000,0.00000e+00,0.075993,0.312126,0.068094,0.033157,1.132406,0.556901,0.060747,0.247046,0.94660,0.05451,5
0.5,0.0000,0.810000,0.00000e+00,0.076243,0.312298,0.068300,0.033349,1.132797,0.557046,0.060913,0.247743,0.94647,0.05461,5
0.5,0.0000,0.811000,0.00000e+00,0.076494,0.312470,0.068506,0.033541,1.133188,0.557190,0.061079,0.248441,0.94635,0.05471,5
0.5,0.0000,0.812000,0.00000e+00,0.076746,0.312643,0.068713,0.033735,1.133581,0.557335,0.061246,0.249140,0.94622,0.05482,5
0.5,0.0000,0.813000,0.00000e+00,0.076998,0.312816,0.068921,0.033929,1.133975,0.557480,0.061413,0.249841,0.94609,0.05492,5
0.5,0.0000,0.814000,0.00000e+00,0.077251,0.312989,0.069128,0.034124,1.134369,0.557625,0.061580,0.250543,0.94597,0.05502,5
0.5,0.0000,0.815000,0.00000e+00,0.077504,0.313162,0.069337,0.034320,1.134764,0.557771,0.061748,0.251246,0.94584,0.05512,5
0.5,0.0000,0.816000,0.00000e+00,0.077759,0.313336,0.069546,0.034517,1.135160,0.557916,0.061915,0.251951,0.94571,0.05523,5
0.5,0.0000,0.817000,0.00000e+00,0.078014,0.313510,0.069755,0.034715,1.135557,0.558062,0.062083,0.252657,0.94559,0.05533,5
0.5,0.0000,0.818000,0.00000e+00,0.078269,0.313684,0.069965,0.034915,1.135954,0.558208,0.062252,0.253365,0.94546,0.05543,5
0.5,0.0000,0.819000,0.00000e+00,0.078525,0.313859,0.070175,0.035115,1.136353,0.558354,0.062420,0.254074,0.94533,0.05554,5
0.5,0.0000,0.820000,0.00000e+00,0.078782,0.314034,0.070385,0.035316,1.136752,0.558500,0.062589,0.254784,0.94521,0.05564,5
0.5,0.0000,0.821000,0.00000e+00,0.079040,0.314209,0.070597,0.035517,1.137152,0.558647,0.062758,0.255496,0.94508,0.05575,5
0.5,0.0000,0.822000,0.00000e+00,0.079298,0.314384,0.070808,0.035720,1.137553,0.558793,0.062928,0.256209,0.94495,0.05585,5
0.5,0.0000,0.823000,0.00000e+00,0.079557,0.314560,0.071020,0.035924,1.137955,0.558940,0.063098,0.256923,0.94482,0.05595,5
0.5,0.0000,0.824000,0.00000e+00,0.079817,0.314736,0.071233,0.036129,1.138357,0.559087,0.063268,0.257639,0.94470,0.05606,5
0.5,0.0000,0.825000,0.00000e+00,0.080077,0.314913,0.071446,0.036335,1.138761,0.559234,0.063438,0.258356,0.94457,0.05616,5
0.5,0.0000,0.826000,0.00000e+00,0.080338,0.315089,0.071659,0.036542,1.139165,0.559382,0.063609,0.259075,0.94444,0.05627,5
0.5,0.0000,0.827000,0.00000e+00,0.080600,0.315266,0.071873,0.036750,1.139570,0.559529,0.063780,0.259795,0.94431,0.05637,5
0.5,0.0000,0.828000,0.00000e+00,0.080862,0.315444,0.072088,0.036959,1.139976,0.559677,0.063951,0.260516,0.94419,0.05648,5
0.5,0.0000,0.829000,0.00000e+00,0.081125,0.315621,0.072303,0.037168,1.140383,0.559825,0.064122,0.261239,0.94406,0.05658,5
0.5,0.0000,0.830000,0.00000e+00,0.081389,0.315799,0.072518,0.037379,1.140790,0.559973,0.064294,0.261963,0.94393,0.05669,5
0.5,0.0000,0.831000,0.00000e+00,0.081654,0.315977,0.072734,0.037591,1.141199,0.560121,0.064466,0.262689,0.94380,0.05680,5
0.5,0.0000,0.832000,0.00000e+00,0.081919,0.316156,0.072950,0.037804,1.141608,0.560270,0.064639,0.263416,0.94367,0.05690,5
0.5,0.0000,0.833000,0.00000e+00,0.082185,0.316334,0.073167,0.038018,1.142018,0.560418,0.064811,0.264145,0.94354,0.05701,5
0.5,0.0000,0.834000,0.00000e+00,0.082451,0.316513,0.073384,0.038233,1.142429,0.560567,0.064984,0.264875,0.94342,0.05711,5
0.5,0.0000,0.835000,0.00000e+00,0.082718,0.316693,0.073602,0.038449,1.142841,0.560716,0.065158,0.265606,0.94329,0.05722,5
0.5,0.0000,0.836000,0.00000e+00,0.082986,0.316872,0.073820,0.038666,1.143254,0.560865,0.065331,0.266339,0.94316,0.05733,5
0.5,0.0000,0.837000,0.00000e+00,0.083255,0.317052,0.074039,0.038884,1.143668,0.561015,0.065505,0.267073,0.94303,0.05743,5
0.5,0.0000,0.838000,0.00000e+00,0.083524,0.317233,0.074258,0.039103,1.144082,0.561164,0.065679,0.267808,0.94290,0.05754,5
0.5,0.0000,0.839000,0.00000e+00,0.083794,0.317413,0.074478,0.039323,1.144497,0.561314,0.065853,0.268545,0.94277,0.05765,5
0.5,0.0000,0.840000,0.00000e+00,0.084065,0.317594,0.074698,0.039544,1.144913,0.561464,0.066028,0.269284,0.94264,0.05776,5
0.5,0.0000,0.841000,0.00000e+00,0.084337,0.317775,0.074919,0.039766,1.145331,0.561614,0.066203,0.270024,0.94251,0.05786,5
0.5,0.0000,0.842000,0.00000e+00,0.084609,0.317957,0.075140,0.039990,1.145748,0.561764,0.066378,0.270765,0.94238,0.05797,5
0.5,0.0000,0.843000,0.00000e+00,0.084882,0.318138,0.075362,0.040214,1.146167,0.561914,0.066554,0.271508,0.94225,0.05808,5
0.5,0.0000,0.844000,0.00000e+00,0.085155,0.318320,0.075584,0.040439,1.146587,0.562065,0.066730,0.272252,0.94212,0.05819,5
0.5,0.0000,0.845000,0.00000e+00,0.085430,0.318503,0.075806,0.040666,1.147007,0.562216,0.066906,0.272997,0.94199,0.05830,5
0.5,0.0000,0.846000,0.00000e+00,0.085705,0.318685,0.076029,0.040893,1.147429,0.562367,0.067082,0.273744,0.94186,0.05841,5
0.5,0.0000,0.847000,0.00000e+00,0.085980,0.318868,0.076253,0.041122,1.147851,0.562518,0.067259,0.274493,0.94173,0.05851,5
0.5,0.0000,0.848000,0.00000e+00,0.086257,0.319052,0.076477,0.041352,1.148274,0.562669,0.067436,0.275243,0.94160,0.05862,5
0.5,0.0000,0.849000,0.00000e+00,0.086534,0.319235,0.076702,0.041583,1.148698,0.562820,0.067614,0.275994,0.94147,0.05873,5
0.5,0.0000,0.850000,0.00000e+00,0.086812,0.319419,0.076927,0.041815,1.149123,0.562972,0.067791,0.276747,0.94134,0.05884,5
0.5,0.0000,0.851000,0.00000e+00,0.087091,0.319603,0.077152,0.042047,1.149548,0.563124,0.067969,0.277501,0.94121,0.05895,5
0.5,0.0000,0.852000,0.00000e+00,0.087370,0.319788,0.077378,0.042282,1.149975,0.563276,0.068147,0.278257,0.94108,0.05906,5
0.5,0.0000,0.853000,0.00000e+00,0.087650,0.319972,0.077605,0.042517,1.150403,0.563428,0.068326,0.279014,0.94095,0.05917,5
0.5,0.0000,0.854000,0.00000e+00,0.087931,0.320157,0.077832,0.042753,1.150831,0.563580,0.068505,0.279773,0.94082,0.05928,5
0.5,0.0000,0.855000,0.00000e+00,0.088213,0.320343,0.078059,0.042990,1.151260,0.563733,0.068684,0.280533,0.94069,0.05939,5
0.5,0.0000,0.856000,0.00000e+00,0.088495,0.320528,0.078288,0.043229,1.151690,0.563886,0.068863,0.281295,0.94056,0.05950,5
0.5,0.0000,0.857000,0.00000e+00,0.088778,0.320714,0.078516,0.043469,1.152121,0.564039,0.069043,0.282058,0.94043,0.05961,5
0.5,0.0000,0.858000,0.00000e+00,0.089062,0.320901,0.078745,0.043709,1.152553,0.564192,0.069223,0.282823,0.94030,0.05972,5
0.5,0.0000,0.859000,0.00000e+00,0.089346,0.321087,0.078975,0.043951,1.152986,0.564345,0.069403,0.283589,0.94017,0.05983,5
0.5,0.0000,0.860000,0.00000e+00,0.089632,0.321274,0.079205,0.044194,1.153419,0.564498,0.069584,0.284356,0.94004,0.05994,5
0.5,0.0000,0.861000,0.00000e+00,0.089918,0.321461,0.079435,0.044439,1.153854,0.564652,0.069765,0.285125,0.93991,0.06005,5
0.5,0.0000,0.862000,0.00000e+00,0.090204,0.321649,0.079666,0.044684,1.154289,0.564806,0.069946,0.285896,0.93977,0.06016,5
0.5,0.0000,0.863000,0.00000e+00,0.090492,0.321836,0.079898,0.044930,1.154726,0.564960,0.070127,0.286668,0.93964,0.06028,5
0.5,0.0000,0.864000,0.00000e+00,0.090780,0.322024,0.080130,0.045178,1.155163,0.565114,0.070309,0.287442,0.93951,0.06039,5
0.5,0.0000,0.865000,0.00000e+00,0.091069,0.322213,0.080363,0.045427,1.155601,0.565268,0.070491,0.288217,0.93938,0.06050,5
0.5,0.0000,0.866000,0.00000e+00,0.091359,0.322401,0.080596,0.045677,1.156040,0.565423,0.070674,0.288993,0.93925,0.06061,5
0.5,0.0000,0.867000,0.00000e+00,0.091649,0.322590,0.080829,0.045928,1.156480,0.565577,0.070856,0.289771,0.93912,0.06072,5
0.5,0.0000,0.868000,0.00000e+00,0.091941,0.322780,0.081063,0.046180,1.156921,0.565732,0.071039,0.290551,0.93898,0.06084,5
0.5,0.0000,0.869000,0.00000e+00,0.092233,0.322969,0.081298,0.046434,1.157363,0.565887,0.071223,0.291332,0.93885,0.06095,5
0.5,0.0000,0.870000,0.00000e+00,0.092525,0.323159,0.081533,0.046688,1.157805,0.566042,0.071406,0.292114,0.93872,0.06106,5
0.5,0.0000,0.871000,0.00000e+00,0.092819,0.323349,0.081769,0.046944,1.158249,0.566197,0.071590,0.292898,0.93859,0.06117,5
0.5,0.0000,0.872000,0.00000e+00,0.093113,0.323540,0.082005,0.047201,1.158693,0.566353,0.071774,0.293684,0.93846,0.06129,5
0.5,0.0000,0.873000,0.00000e+00,0.093408,0.323731,0.082242,0.047459,1.159138,0.566509,0.071959,0.294471,0.93832,0.06140,5
0.5,0.0000,0.874000,0.00000e+00,0.093704,0.323922,0.082479,0.047719,1.159585,0.566665,0.072144,0.295260,0.93819,0.06151,5
0.5,0.0000,0.875000,0.00000e+00,0.094001,0.324113,0.082716,0.047980,1.160032,0.566821,0.072329,0.296050,0.93806,0.06162,5
0.5,0.0000,0.876000,0.00000e+00,0.094298,0.324305,0.082955,0.048241,1.160480,0.566977,0.072514,0.296841,0.93793,0.06174,5
0.5,0.0000,0.877000,0.00000e+00,0.094596,0.324497,0.083193,0.048504,1.160929,0.567133,0.072700,0.297635,0.93779,0.06185,5
0.5,0.0000,0.878000,0.00000e+00,0.094895,0.324689,0.083433,0.048769,1.161379,0.567290,0.072886,0.298429,0.93766,0.06197,5
0.5,0.0000,0.879000,0.00000e+00,0.095195,0.324882,0.083672,0.049034,1.161829,0.567446,0.073072,0.299226,0.93753,0.06208,5
0.5,0.0000,0.880000,0.00000e+00,0.095495,0.325075,0.083913,0.049301,1.162281,0.567603,0.073259,0.300023,0.93740,0.06219,5
0.5,0.0000,0.881000,0.00000e+00,0.095797,0.325268,0.084153,0.049569,1.162734,0.567760,0.073446,0.300823,0.93726,0.06231,5
0.5,0.0000,0.882000,0.00000e+00,0.096099,0.325462,0.084395,0.049838,1.163187,0.567918,0.073633,0.301624,0.93713,0.06242,5
0.5,0.0000,0.883000,0.00000e+00,0.096401,0.325656,0.084637,0.050109,1.163642,0.568075,0.073820,0.302426,0.93700,0.06254,5
0.5,0.0000,0.884000,0.00000e+00,0.096705,0.325850,0.084879,0.050380,1.164097,0.568233,0.074008,0.303230,0.93686,0.06265,5
0.5,0.0000,0.885000,0.00000e+00,0.097009,0.326044,0.085122,0.050653,1.164553,0.568390,0.074196,0.304036,0.93673,0.06277,5
0.5,0.0000,0.886000,0.00000e+00,0.097314,0.326239,0.085365,0.050928,1.165011,0.568548,0.074385,0.304843,0.93660,0.06288,5
0.5,0.0000,0.887000,0.00000e+00,0.097620,0.326434,0.085609,0.051203,1.165469,0.568706,0.074573,0.305652,0.93646,0.06300,5
0.5,0.0000,0.888000,0.00000e+00,0.097927,0.326629,0.085854,0.051480,1.165928,0.568865,0.074762,0.306462,0.93633,0.06311,5
0.5,0.0000,0.889000,0.00000e+00,0.098235,0.326825,0.086099,0.051758,1.166388,0.569023,0.074952,0.307274,0.93620,0.06323,5
0.5,0.0000,0.890000,0.00000e+00,0.098543,0.327021,0.086344,0.052037,1.166849,0.569182,0.075141,0.308087,0.93606,0.06334,5
0.5,0.0000,0.891000,0.00000e+00,0.098852,0.327217,0.086591,0.052318,1.167311,0.569340,0.075331,0.308902,0.93593,0.06346,5
0.5,0.0000,0.892000,0.00000e+00,0.099162,0.327414,0.086837,0.052600,1.167774,0.569499,0.075522,0.309718,0.93579,0.06357,5
0.5,0.0000,0.893000,0.00000e+00,0.099473,0.327611,0.087084,0.052883,1.168237,0.569658,0.075712,0.310537,0.93566,0.06369,5
0.5,0.0000,0.894000,0.00000e+00,0.099784,0.327808,0.087332,0.053167,1.168702,0.569818,0.075903,0.311356,0.93553,0.06381,5
0.5,0.0000,0.895000,0.00000e+00,0.100097,0.328006,0.087580,0.053453,1.169168,0.569977,0.076094,0.312177,0.93539,0.06392,5
0.5,0.0000,0.896000,0.00000e+00,0.100410,0.328203,0.087829,0.053740,1.169634,0.570137,0.076286,0.313000,0.93526,0.06404,5
0.5,0.0000,0.897000,0.00000e+00,0.100724,0.328401,0.088078,0.054029,1.170102,0.570297,0.076478,0.313825,0.93512,0.06416,5
0.5,0.0000,0.898000,0.00000e+00,0.101038,0.328600,0.088328,0.054318,1.170570,0.570456,0.076670,0.314651,0.93499,0.06427,5
0.5,0.0000,0.899000,0.00000e+00,0.101354,0.328799,0.088578,0.054610,1.171040,0.570617,0.076862,0.315478,0.93485,0.06439,5
0.5,0.0000,0.900000,0.00000e+00,0.101670,0.328998,0.088829,0.054902,1.171510,0.570777,0.077055,0.316308,0.93472,0.06451,5
0.5,0.0000,0.901000,0.00000e+00,0.101987,0.329197,0.089081,0.055196,1.171981,0.570937,0.077248,0.317138,0.93458,0.06462,5
0.5,0.0000,0.902000,0.00000e+00,0.102305,0.329397,0.089333,0.055491,1.172453,0.571098,0.077441,0.317971,0.93445,0.06474,5
0.5,0.0000,0.903000,0.00000e+00,0.102624,0.329597,0.089585,0.055787,1.172927,0.571259,0.077635,0.318805,0.93432,0.06486,5
0.5,0.0000,0.904000,0.00000e+00,0.102944,0.329797,0.089838,0.056085,1.173401,0.571420,0.077829,0.319641,0.93418,0.06497,5
0.5,0.0000,0.905000,0.00000e+00,0.103264,0.329997,0.090092,0.056384,1.173876,0.571581,0.078023,0.320478,0.93405,0.06509,5
0.5,0.0000,0.906000,0.00000e+00,0.103586,0.330198,0.090346,0.056685,1.174352,0.571742,0.078218,0.321317,0.93391,0.06521,5
0.5,0.0000,0.907000,0.00000e+00,0.103908,0.330400,0.090601,0.056986,1.174829,0.571904,0.078413,0.322157,0.93378,0.06533,5
0.5,0.0000,0.908000,0.00000e+00,0.104231,0.330601,0.090856,0.057290,1.175307,0.572065,0.078608,0.322999,0.93364,0.06545,5
0.5,0.0000,0.909000,0.00000e+00,0.104554,0.330803,0.091112,0.057594,1.175786,0.572227,0.078803,0.323843,0.93351,0.06556,5
0.5,0.0000,0.910000,0.00000e+00,0.104879,0.331005,0.091368,0.057900,1.176266,0.572389,0.078999,0.324688,0.93337,0.06568,5
0.5,0.0000,0.911000,0.00000e+00,0.105204,0.331207,0.091625,0.058208,1.176746,0.572551,0.079195,0.325536,0.93323,0.06580,5
0.5,0.0000,0.912000,0.00000e+00,0.105531,0.331410,0.091883,0.058516,1.177228,0.572713,0.079392,0.326384,0.93310,0.06592,5
0.5,0.0000,0.913000,0.00000e+00,0.105858,0.331613,0.092141,0.058827,1.177711,0.572876,0.079589,0.327234,0.93296,0.06604,5
0.5,0.0000,0.914000,0.00000e+00,0.106186,0.331817,0.092399,0.059138,1.178195,0.573038,0.079786,0.328086,0.93283,0.06616,5
0.5,0.0000,0.915000,0.00000e+00,0.106514,0.332020,0.092659,0.059451,1.178679,0.573201,0.079983,0.328940,0.93269,0.06627,5
0.5,0.0000,0.916000,0.00000e+00,0.106844,0.332224,0.092918,0.059765,1.179165,0.573364,0.080181,0.329795,0.93256,0.06639,5
0.5,0.0000,0.917000,0.00000e+00,0.107175,0.332428,0.093178,0.060081,1.179652,0.573527,0.080379,0.330652,0.93242,0.06651,5
0.5,0.0000,0.918000,0.00000e+00,0.107506,0.332633,0.093439,0.060399,1.180139,0.573690,0.080577,0.331511,0.93229,0.06663,5
0.5,0.0000,0.919000,0.00000e+00,0.107838,0.332838,0.093701,0.060717,1.180628,0.573854,0.080776,0.332371,0.93215,0.06675,5
0.5,0.0000,0.920000,0.00000e+00,0.108171,0.333043,0.093963,0.061037,1.181117,0.574017,0.080975,0.333233,0.93201,0.06687,5
0.5,0.0000,0.921000,0.00000e+00,0.108505,0.333248,0.094225,0.061359,1.181608,0.574181,0.081174,0.334096,0.93188,0.06699,5
0.5,0.0000,0.922000,0.00000e+00,0.108840,0.333454,0.094488,0.061682,1.182099,0.574345,0.081374,0.334961,0.93174,0.06711,5
0.5,0.0000,0.923000,0.00000e+00,0.109175,0.333660,0.094752,0.062006,1.182592,0.574509,0.081573,0.335828,0.93160,0.06723,5
0.5,0.0000,0.924000,0.00000e+00,0.109512,0.333867,0.095016,0.062332,1.183085,0.574673,0.081774,0.336697,0.93147,0.06735,5
0.5,0.0000,0.925000,0.00000e+00,0.109849,0.334074,0.095281,0.062660,1.183580,0.574838,0.081974,0.337567,0.93133,0.06747,5
0.5,0.0000,0.926000,0.00000e+00,0.110187,0.334281,0.095546,0.062988,1.184075,0.575002,0.082175,0.338439,0.93120,0.06759,5
0.5,0.0000,0.927000,0.00000e+00,0.110526,0.334488,0.095812,0.063319,1.184572,0.575167,0.082376,0.339312,0.93106,0.06771,5
0.5,0.0000,0.928000,0.00000e+00,0.110866,0.334696,0.096078,0.063651,1.185069,0.575332,0.082578,0.340187,0.93092,0.06783,5
0.5,0.0000,0.929000,0.00000e+00,0.111207,0.334903,0.096345,0.063984,1.185567,0.575497,0.082780,0.341064,0.93079,0.06795,5
0.5,0.0000,0.930000,0.00000e+00,0.111548,0.335112,0.096613,0.064319,1.186067,0.575662,0.082982,0.341943,0.93065,0.06807,5
0.5,0.0000,0.931000,0.00000e+00,0.111891,0.335320,0.096881,0.064655,1.186567,0.575827,0.083184,0.342823,0.93051,0.06819,5
0.5,0.0000,0.932000,0.00000e+00,0.112234,0.335529,0.097150,0.064993,1.187069,0.575993,0.083387,0.343705,0.93038,0.06831,5
0.5,0.0000,0.933000,0.00000e+00,0.112578,0.335738,0.097419,0.065332,1.187571,0.576159,0.083590,0.344589,0.93024,0.06843,5
0.5,0.0000,0.934000,0.00000e+00,0.112923,0.335948,0.097689,0.065673,1.188074,0.576324,0.083793,0.345475,0.93010,0.06855,5
0.5,0.0000,0.935000,0.00000e+00,0.113269,0.336158,0.097959,0.066015,1.188579,0.576490,0.083997,0.346362,0.92997,0.06867,5
0.5,0.0000,0.936000,0.00000e+00,0.113616,0.336368,0.098230,0.066359,1.189084,0.576657,0.084201,0.347251,0.92983,0.06879,5
0.5,0.0000,0.937000,0.00000e+00,0.113964,0.336578,0.098502,0.066704,1.189590,0.576823,0.084405,0.348141,0.92969,0.06892,5
0.5,0.0000,0.938000,0.00000e+00,0.114312,0.336789,0.098774,0.067051,1.190098,0.576989,0.084610,0.349033,0.92955,0.06904,5
0.5,0.0000,0.939000,0.00000e+00,0.114662,0.337000,0.099047,0.067400,1.190606,0.577156,0.084815,0.349927,0.92942,0.06916,5
0.5,0.0000,0.940000,0.00000e+00,0.115012,0.337211,0.099320,0.067750,1.191115,0.577323,0.085020,0.350823,0.92928,0.06928,5
0.5,0.0000,0.941000,0.00000e+00,0.115364,0.337423,0.099594,0.068102,1.191626,0.577490,0.085226,0.351721,0.92914,0.06940,5
0.5,0.0000,0.942000,0.00000e+00,0.115716,0.337635,0.099868,0.068455,1.192137,0.577657,0.085432,0.352620,0.92900,0.06952,5
0.5,0.0000,0.943000,0.00000e+00,0.116069,0.337847,0.100143,0.068809,1.192649,0.577824,0.085638,0.353521,0.92887,0.06964,5
0.5,0.0000,0.944000,0.00000e+00,0.116423,0.338060,0.100419,0.069166,1.193163,0.577991,0.085845,0.354423,0.92873,0.06977,5
0.5,0.0000,0.945000,0.00000e+00,0.116778,0.338272,0.100695,0.069524,1.193677,0.578159,0.086052,0.355328,0.92859,0.06989,5
0.5,0.0000,0.946000,0.00000e+00,0.117133,0.338486,0.100972,0.069883,1.194193,0.578327,0.086259,0.356234,0.92845,0.07001,5
0.5,0.0000,0.947000,0.00000e+00,0.117490,0.338699,0.101249,0.070244,1.194709,0.578495,0.086467,0.357142,0.92832,0.07013,5
0.5,0.0000,0.948000,0.00000e+00,0.117848,0.338913,0.101527,0.070607,1.195226,0.578663,0.086674,0.358052,0.92818,0.07025,5
0.5,0.0000,0.949000,0.00000e+00,0.118206,0.339127,0.101806,0.070971,1.195745,0.578831,0.086883,0.358963,0.92804,0.07037,5
0.5,0.0000,0.950000,0.00000e+00,0.118565,0.339341,0.102085,0.071337,1.196264,0.578999,0.087091,0.359876,0.92790,0.07050,5
0.5,0.0000,0.951000,0.00000e+00,0.118926,0.339556,0.102365,0.071704,1.196785,0.579168,0.087300,0.360791,0.92777,0.07062,5
0.5,0.0000,0.952000,0.00000e+00,0.119287,0.339771,0.102645,0.072073,1.197306,0.579336,0.087509,0.361708,0.92763,0.07074,5
0.5,0.0000,0.953000,0.00000e+00,0.119649,0.339986,0.102926,0.072444,1.197829,0.579505,0.087719,0.362626,0.92749,0.07086,5
0.5,0.0000,0.954000,0.00000e+00,0.120012,0.340202,0.103208,0.072817,1.198352,0.579674,0.087928,0.363547,0.92735,0.07099,5
0.5,0.0000,0.955000,0.00000e+00,0.120376,0.340418,0.103490,0.073191,1.198877,0.579843,0.088139,0.364469,0.92721,0.07111,5
0.5,0.0000,0.956000,0.00000e+00,0.120741,0.340634,0.103773,0.073566,1.199403,0.580012,0.088349,0.365392,0.92707,0.07123,5
0.5,0.0000,0.957000,0.00000e+00,0.121107,0.340851,0.104056,0.073944,1.199929,0.580182,0.088560,0.366318,0.92694,0.07135,5
0.5,0.0000,0.958000,0.00000e+00,0.121473,0.341068,0.104340,0.074322,1.200457,0.580351,0.088771,0.367245,0.92680,0.07148,5
0.5,0.0000,0.959000,0.00000e+00,0.121841,0.341285,0.104624,0.074703,1.200986,0.580521,0.088982,0.368175,0.92666,0.07160,5
0.5,0.0000,0.960000,0.00000e+00,0.122209,0.341502,0.104910,0.075085,1.201515,0.580691,0.089194,0.369106,0.92652,0.07172,5
0.5,0.0000,0.961000,0.00000e+00,0.122579,0.341720,0.105195,0.075469,1.202046,0.580861,0.089406,0.370038,0.92638,0.07184,5
0.5,0.0000,0.962000,0.00000e+00,0.122949,0.341938,0.105482,0.075855,1.202578,0.581031,0.089619,0.370973,0.92624,0.07197,5
0.5,0.0000,0.963000,0.00000e+00,0.123321,0.342157,0.105768,0.076242,1.203111,0.581201,0.089831,0.371909,0.92611,0.07209,5
0.5,0.0000,0.964000,0.00000e+00,0.123693,0.342375,0.106056,0.076631,1.203645,0.581372,0.090044,0.372847,0.92597,0.07221,5
0.5,0.0000,0.965000,0.00000e+00,0.124066,0.342594,0.106344,0.077022,1.204180,0.581542,0.090258,0.373787,0.92583,0.07233,5
0.5,0.0000,0.966000,0.00000e+00,0.124440,0.342814,0.106633,0.077415,1.204716,0.581713,0.090472,0.374729,0.92569,0.07246,5
0.5,0.0000,0.967000,0.00000e+00,0.124815,0.343033,0.106922,0.077809,1.205253,0.581884,0.090686,0.375673,0.92555,0.07258,5
0.5,0.0000,0.968000,0.00000e+00,0.125191,0.343253,0.107212,0.078205,1.205791,0.582055,0.090900,0.376618,0.92541,0.07270,5
0.5,0.0000,0.969000,0.00000e+00,0.125568,0.343473,0.107503,0.078602,1.206330,0.582226,0.091115,0.377566,0.92527,0.07283,5
0.5,0.0000,0.970000,0.00000e+00,0.125946,0.343694,0.107794,0.079002,1.206870,0.582398,0.091330,0.378515,0.92513,0.07295,5
0.5,0.0000,0.971000,0.00000e+00,0.126325,0.343915,0.108086,0.079403,1.207411,0.582569,0.091545,0.379466,0.92500,0.07307,5
0.5,0.0000,0.972000,0.00000e+00,0.126705,0.344136,0.108378,0.079806,1.207953,0.582741,0.091761,0.380418,0.92486,0.07320,5
0.5,0.0000,0.973000,0.00000e+00,0.127085,0.344357,0.108671,0.080210,1.208497,0.582913,0.091977,0.381373,0.92472,0.07332,5
0.5,0.0000,0.974000,0.00000e+00,0.127467,0.344579,0.108965,0.080617,1.209041,0.583084,0.092193,0.382329,0.92458,0.07344,5
0.5,0.0000,0.975000,0.00000e+00,0.127850,0.344801,0.109259,0.081025,1.209586,0.583257,0.092410,0.383288,0.92444,0.07357,5
0.5,0.0000,0.976000,0.00000e+00,0.128233,0.345023,0.109554,0.081435,1.210133,0.583429,0.092627,0.384248,0.92430,0.07369,5
0.5,0.0000,0.977000,0.00000e+00,0.128618,0.345246,0.109849,0.081846,1.210680,0.583601,0.092844,0.385210,0.92416,0.07381,5
0.5,0.0000,0.978000,0.00000e+00,0.129004,0.345469,0.110145,0.082260,1.211229,0.583774,0.093062,0.386174,0.92402,0.07393,5
0.5,0.0000,0.979000,0.00000e+00,0.129390,0.345692,0.110442,0.082675,1.211779,0.583946,0.093280,0.387139,0.92388,0.07406,5
0.5,0.0000,0.980000,0.00000e+00,0.129777,0.345916,0.110739,0.083092,1.212329,0.584119,0.093498,0.388107,0.92374,0.07418,5
0.5,0.0000,0.981000,0.00000e+00,0.130166,0.346140,0.111037,0.083511,1.212881,0.584292,0.093717,0.389077,0.92360,0.07430,5
0.5,0.0000,0.982000,0.00000e+00,0.130555,0.346364,0.111336,0.083932,1.213434,0.584465,0.093936,0.390048,0.92346,0.07443,5
0.5,0.0000,0.983000,0.00000e+00,0.130946,0.346588,0.111635,0.084354,1.213988,0.584638,0.094155,0.391021,0.92333,0.07455,5
0.5,0.0000,0.984000,0.00000e+00,0.131337,0.346813,0.111935,0.084779,1.214543,0.584812,0.094375,0.391996,0.92319,0.07467,5
0.5,0.0000,0.985000,0.00000e+00,0.131729,0.347038,0.112235,0.085205,1.215099,0.584985,0.094595,0.392973,0.92305,0.07480,5
0.5,0.0000,0.986000,0.00000e+00,0.132123,0.347264,0.112536,0.085633,1.215656,0.585159,0.094815,0.393952,0.92291,0.07492,5
0.5,0.0000,0.987000,0.00000e+00,0.132517,0.347490,0.112838,0.086063,1.216214,0.585333,0.095035,0.394933,0.92277,0.07504,5
0.5,0.0000,0.988000,0.00000e+00,0.132912,0.347716,0.113140,0.086494,1.216774,0.585507,0.095256,0.395915,0.92263,0.07517,5
0.5,0.0000,0.989000,0.00000e+00,0.133308,0.347942,0.113443,0.086928,1.217334,0.585681,0.095478,0.396900,0.92249,0.07529,6
0.5,0.0000,0.990000,0.00000e+00,0.133705,0.348168,0.113747,0.087363,1.217895,0.585855,0.095699,0.397886,0.92235,0.07541,6
0.5,0.0000,0.991000,0.00000e+00,0.134104,0.348395,0.114051,0.087800,1.218458,0.586029,0.095921,0.398875,0.92221,0.07554,6
0.5,0.0000,0.992000,0.00000e+00,0.134503,0.348623,0.114356,0.088240,1.219021,0.586204,0.096144,0.399865,0.92207,0.07566,6
0.5,0.0000,0.993000,0.00000e+00,0.134903,0.348850,0.114661,0.088681,1.219586,0.586378,0.096366,0.400857,0.92193,0.07578,6
0.5,0.0000,0.994000,0.00000e+00,0.135304,0.349078,0.114967,0.089124,1.220151,0.586553,0.096589,0.401851,0.92179,0.07591,6
0.5,0.0000,0.995000,0.00000e+00,0.135706,0.349306,0.115274,0.089568,1.220718,0.586728,0.096813,0.402847,0.92165,0.07603,6
0.5,0.0000,0.996000,0.00000e+00,0.136109,0.349534,0.115581,0.090015,1.221286,0.586903,0.097036,0.403845,0.92151,0.07615,6
0.5,0.0000,0.997000,0.00000e+00,0.136514,0.349763,0.115889,0.090464,1.221855,0.587078,0.097260,0.404845,0.92137,0.07627,6
0.5,0.0000,0.998000,0.00000e+00,0.136919,0.349992,0.116198,0.090914,1.222425,0.587253,0.097484,0.405847,0.92123,0.07640,6
0.5,0.0000,0.999000,0.00000e+00,0.137325,0.350222,0.116507,0.091367,1.222996,0.587429,0.097709,0.406851,0.92109,0.07652,6
0.5,0.0000,1.000000,0.00000e+00,0.137732,0.350451,0.116817,0.091821,1.223569,0.587604,0.097934,0.407856,0.92095,0.07664,6
0.5,0.0000,1.001000,0.00000e+00,0.138140,0.350681,0.117128,0.092278,1.224142,0.587780,0.098159,0.408864,0.92081,0.07677,6
0.5,0.0000,1.002000,0.00000e+00,0.138549,0.350911,0.117439,0.092736,1.224716,0.587956,0.098385,0.409873,0.92067,0.07689,6
0.5,0.0000,1.003000,0.00000e+00,0.138960,0.351142,0.117751,0.093196,1.225292,0.588132,0.098611,0.410885,0.92053,0.07701,6
0.5,0.0000,1.004000,0.00000e+00,0.139371,0.351373,0.118063,0.093659,1.225869,0.588308,0.098837,0.411898,0.92039,0.07713,6
0.5,0.0000,1.005000,0.00000e+00,0.139783,0.351604,0.118376,0.094123,1.226446,0.588484,0.099064,0.412914,0.92025,0.07726,6
0.5,0.0000,1.006000,0.00000e+00,0.140196,0.351835,0.118690,0.094589,1.227025,0.588661,0.099291,0.413931,0.92011,0.07738,6
0.5,0.0000,1.007000,0.00000e+00,0.140611,0.352067,0.119004,0.095057,1.227605,0.588837,0.099518,0.414951,0.91997,0.07750,6
0.5,0.0000,1.008000,0.00000e+00,0.141026,0.352299,0.119319,0.095528,1.228186,0.589014,0.099746,0.415972,0.91983,0.07762,6
0.5,0.0000,1.009000,0.00000e+00,0.141442,0.352531,0.119635,0.096000,1.228768,0.589191,0.099974,0.416995,0.91969,0.07775,6
0.5,0.0000,1.010000,0.00000e+00,0.141859,0.352764,0.119952,0.096474,1.229352,0.589368,0.100202,0.418020,0.91955,0.07787,6
0.5,0.0000,1.011000,0.00000e+00,0.142278,0.352997,0.120269,0.096950,1.229936,0.589545,0.100431,0.419048,0.91941,0.07799,6
0.5,0.0000,1.012000,0.00000e+00,0.142697,0.353230,0.120586,0.097428,1.230521,0.589722,0.100660,0.420077,0.91927,0.07811,6
0.5,0.0000,1.013000,0.00000e+00,0.143118,0.353464,0.120905,0.097909,1.231108,0.589899,0.100889,0.421108,0.91913,0.07823,6
0.5,0.0000,1.014000,0.00000e+00,0.143539,0.353698,0.121224,0.098391,1.231696,0.590077,0.101119,0.422141,0.91899,0.07836,6
0.5,0.0000,1.015000,0.00000e+00,0.143961,0.353932,0.121543,0.098875,1.232284,0.590254,0.101349,0.423177,0.91884,0.07848,6
0.5,0.0000,1.016000,0.00000e+00,0.144385,0.354166,0.121863,0.099361,1.232874,0.590432,0.101579,0.424214,0.91870,0.07860,6
0.5,0.0000,1.017000,0.00000e+00,0.144809,0.354401,0.122184,0.099850,1.233465,0.590610,0.101810,0.425253,0.91856,0.07872,6
0.5,0.0000,1.018000,0.00000e+00,0.145235,0.354636,0.122506,0.100340,1.234057,0.590788,0.102041,0.426294,0.91842,0.07884,6
0.5,0.0000,1.019000,0.00000e+00,0.145662,0.354871,0.122828,0.100833,1.234651,0.590966,0.102273,0.427338,0.91828,0.07896,6
0.5,0.0000,1.020000,0.00000e+00,0.146089,0.355107,0.123151,0.101328,1.235245,0.591144,0.102504,0.428383,0.91814,0.07909,6
0.5,0.0000,1.021000,0.00000e+00,0.146518,0.355343,0.123475,0.101824,1.235840,0.591322,0.102736,0.429430,0.91800,0.07921,6
0.5,0.0000,1.022000,0.00000e+00,0.146948,0.355579,0.123799,0.102323,1.236437,0.591501,0.102969,0.430480,0.91786,0.07933,6
0.5,0.0000,1.023000,0.00000e+00,0.147379,0.355816,0.124124,0.102824,1.237035,0.591679,0.103202,0.431531,0.91772,0.07945,6
0.5,0.0000,1.024000,0.00000e+00,0.147810,0.356052,0.124449,0.103327,1.237634,0.591858,0.103435,0.432584,0.91758,0.07957,6
0.5,0.0000,1.025000,0.00000e+00,0.148243,0.356290,0.124776,0.103832,1.238234,0.592037,0.103668,0.433640,0.91744,0.07969,6
0.5,0.0000,1.026000,0.00000e+00,0.148677,0.356527,0.125102,0.104339,1.238835,0.592216,0.103902,0.434697,0.91730,0.07981,6
0.5,0.0000,1.027000,0.00000e+00,0.149112,0.356765,0.125430,0.104849,1.239437,0.592395,0.104136,0.435757,0.91716,0.07993,6
0.5,0.0000,1.028000,0.00000e+00,0.149548,0.357003,0.125758,0.105360,1.240040,0.592574,0.104371,0.436818,0.91702,0.08005,6
0.5,0.0000,1.029000,0.00000e+00,0.149985,0.357241,0.126087,0.105874,1.240645,0.592754,0.104605,0.437882,0.91688,0.08017,6
0.5,0.0000,1.030000,0.00000e+00,0.150424,0.357480,0.126417,0.106390,1.241250,0.592933,0.104840,0.438948,0.91674,0.08029,6
0.5,0.0000,1.031000,0.00000e+00,0.150863,0.357718,0.126747,0.106908,1.241857,0.593113,0.105076,0.440015,0.91660,0.08041,6
0.5,0.0000,1.032000,0.00000e+00,0.151303,0.357958,0.127078,0.107428,1.242465,0.593292,0.105312,0.441085,0.91645,0.08053,6
0.5,0.0000,1.033000,0.00000e+00,0.151745,0.358197,0.127409,0.107950,1.243074,0.593472,0.105548,0.442157,0.91631,0.08065,6
0.5,0.0000,1.034000,0.00000e+00,0.152187,0.358437,0.127742,0.108475,1.243684,0.593652,0.105784,0.443231,0.91617,0.08077,6
0.5,0.0000,1.035000,0.00000e+00,0.152631,0.358677,0.128075,0.109001,1.244296,0.593832,0.106021,0.444307,0.91603,0.08089,6
0.5,0.0000,1.036000,0.00000e+00,0.153075,0.358917,0.128408,0.109530,1.244908,0.594012,0.106259,0.445385,0.91589,0.08101,6
0.5,0.0000,1.037000,0.00000e+00,0.153521,0.359158,0.128742,0.110061,1.245522,0.594193,0.106496,0.446465,0.91575,0.08113,6
0.5,0.0000,1.038000,0.00000e+00,0.153968,0.359399,0.129077,0.110594,1.246136,0.594373,0.106734,0.447547,0.91561,0.08125,6
0.5,0.0000,1.039000,0.00000e+00,0.154416,0.359640,0.129413,0.111130,1.246752,0.594554,0.106972,0.448632,0.91547,0.08137,6
0.5,0.0000,1.040000,0.00000e+00,0.154865,0.359882,0.129749,0.111668,1.247369,0.594734,0.107211,0.449718,0.91533,0.08148,6
0.5,0.0000,1.041000,0.00000e+00,0.155315,0.360123,0.130086,0.112208,1.247988,0.594915,0.107450,0.450807,0.91519,0.08160,6
0.5,0.0000,1.042000,0.00000e+00,0.155766,0.360365,0.130424,0.112750,1.248607,0.595096,0.107689,0.451897,0.91505,0.08172,6
0.5,0.0000,1.043000,0.00000e+00,0.156218,0.360608,0.130762,0.113294,1.249227,0.595277,0.107929,0.452990,0.91491,0.08184,6
0.5,0.0000,1.044000,0.00000e+00,0.156671,0.360850,0.131101,0.113841,1.249849,0.595458,0.108169,0.454085,0.91476,0.08196,6
0.5,0.0000,1.045000,0.00000e+00,0.157125,0.361093,0.131441,0.114390,1.250472,0.595639,0.108409,0.455182,0.91462,0.08207,6
0.5,0.0000,1.046000,0.00000e+00,0.157581,0.361337,0.131781,0.114941,1.251096,0.595821,0.108650,0.456281,0.91448,0.08219,6
0.5,0.0000,1.047000,0.00000e+00,0.158037,0.361580,0.132123,0.115495,1.251721,0.596002,0.108891,0.457383,0.91434,0.08231,6
0.5,0.0000,1.048000,0.00000e+00,0.158495,0.361824,0.132464,0.116051,1.252347,0.596184,0.109132,0.458486,0.91420,0.08243,6
0.5,0.0000,1.049000,0.00000e+00,0.158954,0.362068,0.132807,0.116609,1.252974,0.596366,0.109374,0.459591,0.91406,0.08254,6
0.5,0.0000,1.050000,0.00000e+00,0.159414,0.362313,0.133150,0.117169,1.253603,0.596547,0.109616,0.460699,0.91392,0.08266,6
0.5,0.0000,1.051000,0.00000e+00,0.159875,0.362557,0.133494,0.117732,1.254233,0.596729,0.109858,0.461809,0.91378,0.08278,6
0.5,0.0000,1.052000,0.00000e+00,0.160337,0.362802,0.133838,0.118297,1.254864,0.596911,0.110101,0.462921,0.91364,0.08289,6
0.5,0.0000,1.053000,0.00000e+00,0.160800,0.363048,0.134183,0.118864,1.255496,0.597094,0.110344,0.464035,0.91350,0.08301,6
0.5,0.0000,1.054000,0.00000e+00,0.161264,0.363293,0.134529,0.119434,1.256129,0.597276,0.110587,0.465151,0.91335,0.08312,6
0.5,0.0000,1.055000,0.00000e+00,0.161730,0.363539,0.134876,0.120006,1.256763,0.597458,0.110831,0.466270,0.91321,0.08324,6
0.5,0.0000,1.056000,0.00000e+00,0.162196,0.363785,0.135223,0.120581,1.257399,0.597641,0.111075,0.467390,0.91307,0.08335,6
0.5,0.0000,1.057000,0.00000e+00,0.162664,0.364032,0.135571,0.121157,1.258035,0.597823,0.111320,0.468513,0.91293,0.08347,6
0.5,0.0000,1.058000,0.00000e+00,0.163133,0.364278,0.135920,0.121736,1.258673,0.598006,0.111564,0.469638,0.91279,0.08358,6
0.5,0.0000,1.059000,0.00000e+00,0.163602,0.364525,0.136269,0.122318,1.259312,0.598189,0.111810,0.470765,0.91265,0.08370,6
0.5,0.0000,1.060000,0.00000e+00,0.164073,0.364773,0.136619,0.122902,1.259953,0.598372,0.112055,0.471894,0.91251,0.08381,6
0.5,0.0000,1.061000,0.00000e+00,0.164546,0.365020,0.136970,0.123488,1.260594,0.598555,0.112301,0.473026,0.91237,0.08393,6
0.5,0.0000,1.062000,0.00000e+00,0.165019,0.365268,0.137322,0.124077,1.261237,0.598738,0.112547,0.474159,0.91223,0.08404,6
0.5,0.0000,1.063000,0.00000e+00,0.165493,0.365516,0.137674,0.124668,1.261880,0.598921,0.112794,0.475295,0.91209,0.08415,6
0.5,0.0000,1.064000,0.00000e+00,0.165969,0.365765,0.138027,0.125262,1.262525,0.599105,0.113041,0.476433,0.91195,0.08427,6
0.5,0.0000,1.065000,0.00000e+00,0.166445,0.366013,0.138380,0.125858,1.263171,0.599288,0.113288,0.477574,0.91180,0.08438,6
0.5,0.0000,1.066000,0.00000e+00,0.166923,0.366262,0.138735,0.126456,1.263819,0.599472,0.113536,0.478716,0.91166,0.08449,6
0.5,0.0000,1.067000,0.00000e+00,0.167402,0.366511,0.139090,0.127057,1.264467,0.599655,0.113783,0.479861,0.91152,0.08460,6
0.5,0.0000,1.068000,0.00000e+00,0.167882,0.366761,0.139445,0.127660,1.265117,0.599839,0.114032,0.481008,0.91138,0.08471,6
0.5,0.0000,1.069000,0.00000e+00,0.168363,0.367011,0.139802,0.128266,1.265768,0.600023,0.114280,0.482157,0.91124,0.08483,6
0.5,0.0000,1.070000,0.00000e+00,0.168845,0.367261,0.140159,0.128874,1.266420,0.600207,0.114529,0.483308,0.91110,0.08494,6
0.5,0.0000,1.071000,0.00000e+00,0.169329,0.367511,0.140517,0.129485,1.267073,0.600391,0.114779,0.484461,0.91096,0.08505,6
0.5,0.0000,1.072000,0.00000e+00,0.169813,0.367762,0.140875,0.130098,1.267727,0.600575,0.115029,0.485617,0.91082,0.08516,6
0.5,0.0000,1.073000,0.00000e+00,0.170299,0.368013,0.141235,0.130714,1.268383,0.600759,0.115279,0.486775,0.91068,0.08527,6
0.5,0.0000,1.074000,0.00000e+00,0.170786,0.368264,0.141595,0.131332,1.269040,0.600944,0.115529,0.487936,0.91054,0.08538,6
0.5,0.0000,1.075000,0.00000e+00,0.171274,0.368516,0.141955,0.131952,1.269697,0.601128,0.115780,0.489098,0.91040,0.08549,6
0.5,0.0000,1.076000,0.00000e+00,0.171763,0.368767,0.142317,0.132576,1.270357,0.601313,0.116031,0.490263,0.91025,0.08560,6
0.5,0.0000,1.077000,0.00000e+00,0.172254,0.369020,0.142679,0.133201,1.271017,0.601498,0.116282,0.491430,0.91011,0.08571,6
0.5,0.0000,1.078000,0.00000e+00,0.172745,0.369272,0.143042,0.133829,1.271679,0.601682,0.116534,0.492599,0.90997,0.08582,6
0.5,0.0000,1.079000,0.00000e+00,0.173238,0.369524,0.143405,0.134460,1.272341,0.601867,0.116786,0.493771,0.90983,0.08592,6
0.5,0.0000,1.080000,0.00000e+00,0.173731,0.369777,0.143769,0.135094,1.273005,0.602052,0.117039,0.494944,0.90969,0.08603,6
0.5,0.0000,1.081000,0.00000e+00,0.174226,0.370031,0.144134,0.135729,1.273670,0.602237,0.117292,0.496120,0.90955,0.08614,6
0.5,0.0000,1.082000,0.00000e+00,0.174723,0.370284,0.144500,0.136368,1.274337,0.602423,0.117545,0.497299,0.90941,0.08625,6
0.5,0.0000,1.083000,0.00000e+00,0.175220,0.370538,0.144867,0.137009,1.275004,0.602608,0.117799,0.498479,0.90927,0.08635,6
0.5,0.0000,1.084000,0.00000e+00,0.175718,0.370792,0.145234,0.137653,1.275673,0.602793,0.118053,0.499662,0.90913,0.08646,6
0.5,0.0000,1.085000,0.00000e+00,0.176218,0.371046,0.145602,0.138299,1.276343,0.602979,0.118307,0.500848,0.90899,0.08657,6
0.5,0.0000,1.086000,0.00000e+00,0.176719,0.371300,0.145970,0.138948,1.277014,0.603164,0.118562,0.502035,0.90885,0.08667,6
0.5,0.0000,1.087000,0.00000e+00,0.177221,0.371555,0.146339,0.139599,1.277686,0.603350,0.118817,0.503225,0.90871,0.08678,6
0.5,0.0000,1.088000,0.00000e+00,0.177724,0.371810,0.146709,0.140253,1.278360,0.603536,0.119072,0.504417,0.90857,0.08688,6
0.5,0.0000,1.089000,0.00000e+00,0.178228,0.372066,0.147080,0.140910,1.279035,0.603721,0.119328,0.505611,0.90842,0.08699,6
0.5,0.0000,1.090000,0.00000e+00,0.178734,0.372321,0.147452,0.141569,1.279711,0.603907,0.119584,0.506808,0.90828,0.08709,6
0.5,0.0000,1.091000,0.00000e+00,0.179240,0.372577,0.147824,0.142231,1.280388,0.604093,0.119840,0.508007,0.90814,0.08719,6
0.5,0.0000,1.092000,0.00000e+00,0.179748,0.372833,0.148197,0.142895,1.281066,0.604279,0.120097,0.509208,0.90800,0.08730,6
0.5,0.0000,1.093000,0.00000e+00,0.180257,0.373090,0.148570,0.143563,1.281746,0.604466,0.120354,0.510412,0.90786,0.08740,6
0.5,0.0000,1.094000,0.00000e+00,0.180767,0.373347,0.148945,0.144233,1.282427,0.604652,0.120612,0.511618,0.90772,0.08750,6
0.5,0.0000,1.095000,0.00000e+00,0.181279,0.373604,0.149320,0.144905,1.283109,0.604838,0.120869,0.512826,0.90758,0.08760,6
0.5,0.0000,1.096000,0.00000e+00,0.181791,0.373861,0.149696,0.145581,1.283792,0.605025,0.121128,0.514037,0.90744,0.08770,6
0.5,0.0000,1.097000,0.00000e+00,0.182305,0.374118,0.150072,0.146259,1.284476,0.605211,0.121386,0.515250,0.90730,0.08781,6
0.5,0.0000,1.098000,0.00000e+00,0.182820,0.374376,0.150450,0.146939,1.285162,0.605398,0.121645,0.516465,0.90716,0.08791,6
0.5,0.0000,1.099000,0.00000e+00,0.183336,0.374634,0.150828,0.147623,1.285849,0.605585,0.121904,0.517683,0.90702,0.08801,6
0.5,0.0000,1.100000,0.00000e+00,0.183854,0.374892,0.151207,0.148309,1.286537,0.605772,0.122164,0.518903,0.90688,0.08810,6
0.5,0.0000,1.101000,0.00000e+00,0.184372,0.375151,0.151586,0.148998,1.287226,0.605958,0.122424,0.520126,0.90674,0.08820,6
0.5,0.0000,1.102000,0.00000e+00,0.184892,0.375410,0.151966,0.149689,1.287917,0.606145,0.122684,0.521350,0.90660,0.08830,6
0.5,0.0000,1.103000,0.00000e+00,0.185413,0.375669,0.152347,0.150383,1.288609,0.606332,0.122945,0.522578,0.90646,0.08840,6
0.5,0.0000,1.104000,0.00000e+00,0.185935,0.375928,0.152729,0.151081,1.289302,0.606520,0.123206,0.523807,0.90632,0.08850,6
0.5,0.0000,1.105000,0.00000e+00,0.186459,0.376188,0.153112,0.151780,1.289996,0.606707,0.123467,0.525039,0.90618,0.08860,6
0.5,0.0000,1.106000,0.00000e+00,0.186983,0.376448,0.153495,0.152483,1.290691,0.606894,0.123729,0.526273,0.90604,0.08869,6
0.5,0.0000,1.107000,0.00000e+00,0.187509,0.376708,0.153879,0.153188,1.291388,0.607082,0.123991,0.527510,0.90590,0.08879,6
0.5,0.0000,1.108000,0.00000e+00,0.188036,0.376969,0.154264,0.153897,1.292086,0.607269,0.124254,0.528749,0.90576,0.08888,6
0.5,0.0000,1.109000,0.00000e+00,0.188564,0.377229,0.154649,0.154608,1.292785,0.607457,0.124517,0.529991,0.90562,0.08898,6
0.5,0.0000,1.110000,0.00000e+00,0.189094,0.377490,0.155035,0.155322,1.293485,0.607644,0.124780,0.531234,0.90548,0.08907,6
0.5,0.0000,1.111000,0.00000e+00,0.189624,0.377751,0.155422,0.156038,1.294187,0.607832,0.125043,0.532481,0.90534,0.08917,6
0.5,0.0000,1.112000,0.00000e+00,0.190156,0.378013,0.155810,0.156758,1.294890,0.608020,0.125307,0.533729,0.90520,0.08926,6
0.5,0.0000,1.113000,0.00000e+00,0.190689,0.378275,0.156198,0.157480,1.295594,0.608208,0.125571,0.534981,0.90506,0.08935,6
0.5,0.0000,1.114000,0.00000e+00,0.191224,0.378537,0.156587,0.158205,1.296299,0.608396,0.125836,0.536234,0.90492,0.08944,6
0.5,0.0000,1.115000,0.00000e+00,0.191759,0.378799,0.156977,0.158933,1.297006,0.608584,0.126101,0.537490,0.90478,0.08954,6
0.5,0.0000,1.116000,0.00000e+00,0.192296,0.379061,0.157368,0.159664,1.297714,0.608772,0.126366,0.538748,0.90464,0.08963,6
0.5,0.0000,1.117000,0.00000e+00,0.192834,0.379324,0.157760,0.160398,1.298423,0.608960,0.126632,0.540009,0.90450,0.08972,6
0.5,0.0000,1.118000,0.00000e+00,0.193373,0.379587,0.158152,0.161134,1.299133,0.609148,0.126898,0.541272,0.90436,0.08981,6
0.5,0.0000,1.119000,0.00000e+00,0.193913,0.379851,0.158545,0.161874,1.299844,0.609337,0.127165,0.542538,0.90422,0.08990,6
0.5,0.0000,1.120000,0.00000e+00,0.194455,0.380114,0.158938,0.162616,1.300557,0.609525,0.127431,0.543806,0.90408,0.08998,6
0.5,0.0000,1.121000,0.00000e+00,0.194998,0.380378,0.159333,0.163362,1.301271,0.609713,0.127698,0.545077,0.90394,0.09007,6
0.5,0.0000,1.122000,0.00000e+00,0.195542,0.380642,0.159728,0.164110,1.301986,0.609902,0.127966,0.546350,0.90380,0.09016,6
0.5,0.0000,1.123000,0.00000e+00,0.196088,0.380906,0.160124,0.164861,1.302703,0.610091,0.128234,0.547625,0.90366,0.09025,6
0.5,0.0000,1.124000,0.00000e+00,0.196634,0.381171,0.160521,0.165615,1.303421,0.610279,0.128502,0.548903,0.90352,0.09033,6
0.5,0.0000,1.125000,0.00000e+00,0.197182,0.381436,0.160918,0.166372,1.304140,0.610468,0.128771,0.550184,0.90338,0.09042,6
0.5,0.0000,1.126000,0.00000e+00,0.197731,0.381701,0.161316,0.167132,1.304860,0.610657,0.129040,0.551467,0.90324,0.09050,6
0.5,0.0000,1.127000,0.00000e+00,0.198281,0.381966,0.161715,0.167895,1.305581,0.610846,0.129309,0.552752,0.90310,0.09059,6
0.5,0.0000,1.128000,0.00000e+00,0.198833,0.382232,0.162115,0.168661,1.306304,0.611035,0.129579,0.554040,0.90296,0.09067,6
0.5,0.0000,1.129000,0.00000e+00,0.199386,0.382497,0.162516,0.169430,1.307028,0.611224,0.129849,0.555331,0.90282,0.09075,6
0.5,0.0000,1.130000,0.00000e+00,0.199940,0.382763,0.162917,0.170202,1.307753,0.611413,0.130119,0.556623,0.90268,0.09084,6
0.5,0.0000,1.131000,0.00000e+00,0.200495,0.383030,0.163319,0.170977,1.308480,0.611602,0.130390,0.557919,0.90254,0.09092,6
0.5,0.0000,1.132000,0.00000e+00,0.201052,0.383296,0.163722,0.171755,1.309208,0.611792,0.130661,0.559217,0.90240,0.09100,6
0.5,0.0000,1.133000,0.00000e+00,0.201610,0.383563,0.164125,0.172536,1.309937,0.611981,0.130932,0.560517,0.90226,0.09108,6
0.5,0.0000,1.134000,0.00000e+00,0.202169,0.383830,0.164530,0.173320,1.310667,0.612170,0.131204,0.561820,0.90212,0.09116,6
0.5,0.0000,1.135000,0.00000e+00,0.202729,0.384097,0.164935,0.174107,1.311398,0.612360,0.131476,0.563125,0.90198,0.09124,6
0.5,0.0000,1.136000,0.00000e+00,0.203291,0.384365,0.165340,0.174897,1.312131,0.612549,0.131749,0.564433,0.90184,0.09131,6
0.5,0.0000,1.137000,0.00000e+00,0.203854,0.384633,0.165747,0.175690,1.312865,0.612739,0.132022,0.565744,0.90170,0.09139,6
0.5,0.0000,1.138000,0.00000e+00,0.204418,0.384901,0.166154,0.176487,1.313600,0.612928,0.132295,0.567057,0.90156,0.09147,6
0.5,0.0000,1.139000,0.00000e+00,0.204983,0.385169,0.166563,0.177286,1.314337,0.613118,0.132569,0.568372,0.90143,0.09154,6
0.5,0.0000,1.140000,0.00000e+00,0.205550,0.385438,0.166972,0.178088,1.315075,0.613308,0.132842,0.569690,0.90129,0.09162,6
0.5,0.0000,1.141000,0.00000e+00,0.206118,0.385706,0.167381,0.178894,1.315814,0.613498,0.133117,0.571011,0.90115,0.09169,6
0.5,0.0000,1.142000,0.00000e+00,0.206687,0.385975,0.167792,0.179702,1.316554,0.613688,0.133392,0.572334,0.90101,0.09176,6
0.5,0.0000,1.143000,0.00000e+00,0.207257,0.386245,0.168203,0.180514,1.317296,0.613878,0.133667,0.573660,0.90087,0.09184,6
0.5,0.0000,1.144000,0.00000e+00,0.207829,0.386514,0.168615,0.181329,1.318039,0.614068,0.133942,0.574988,0.90073,0.09191,6
0.5,0.0000,1.145000,0.00000e+00,0.208402,0.386784,0.169028,0.182147,1.318783,0.614258,0.134218,0.576319,0.90059,0.09198,6
0.5,0.0000,1.146000,0.00000e+00,0.208976,0.387054,0.169441,0.182968,1.319528,0.614448,0.134494,0.577652,0.90045,0.09205,6
0.5,0.0000,1.147000,0.00000e+00,0.209552,0.387324,0.169856,0.183792,1.320275,0.614638,0.134771,0.578988,0.90031,0.09212,6
0.5,0.0000,1.148000,0.00000e+00,0.210129,0.387594,0.170271,0.184620,1.321023,0.614828,0.135047,0.580327,0.90018,0.09219,6
0.5,0.0000,1.149000,0.00000e+00,0.210707,0.387865,0.170687,0.185450,1.321772,0.615019,0.135325,0.581668,0.90004,0.09225,6
0.5,0.0000,1.150000,0.00000e+00,0.211286,0.388136,0.171103,0.186284,1.322522,0.615209,0.135602,0.583012,0.89990,0.09232,6
0.5,0.0000,1.151000,0.00000e+00,0.211867,0.388407,0.171521,0.187121,1.323274,0.615399,0.135880,0.584358,0.89976,0.09239,6
0.5,0.0000,1.152000,0.00000e+00,0.212449,0.388679,0.171939,0.187961,1.324027,0.615590,0.136159,0.585707,0.89962,0.09245,6
0.5,0.0000,1.153000,0.00000e+00,0.213032,0.388950,0.172358,0.188805,1.324782,0.615780,0.136437,0.587059,0.89948,0.09252,6
0.5,0.0000,1.154000,0.00000e+00,0.213617,0.389222,0.172778,0.189651,1.325537,0.615971,0.136716,0.588413,0.89934,0.09258,6
0.5,0.0000,1.155000,0.00000e+00,0.214203,0.389494,0.173198,0.190501,1.326294,0.616161,0.136996,0.589770,0.89921,0.09264,6
0.5,0.0000,1.156000,0.00000e+00,0.214790,0.389766,0.173620,0.191354,1.327052,0.616352,0.137276,0.591129,0.89907,0.09270,6
0.5,0.0000,1.157000,0.00000e+00,0.215378,0.390039,0.174042,0.192211,1.327811,0.616543,0.137556,0.592491,0.89893,0.09276,6
0.5,0.0000,1.158000,0.00000e+00,0.215968,0.390312,0.174465,0.193070,1.328572,0.616734,0.137836,0.593856,0.89879,0.09282,6
0.5,0.0000,1.159000,0.00000e+00,0.216559,0.390585,0.174888,0.193933,1.329334,0.616924,0.138117,0.595223,0.89865,0.09288,6
0.5,0.0000,1.160000,0.00000e+00,0.217151,0.390858,0.175313,0.194799,1.330097,0.617115,0.138398,0.596593,0.89852,0.09294,6
0.5,0.0000,1.161000,0.00000e+00,0.217745,0.391131,0.175738,0.195669,1.330862,0.617306,0.138680,0.597966,0.89838,0.09300,6
0.5,0.0000,1.162000,0.00000e+00,0.218340,0.391405,0.176164,0.196541,1.331628,0.617497,0.138962,0.599341,0.89824,0.09305,6
0.5,0.0000,1.163000,0.00000e+00,0.218936,0.391679,0.176591,0.197417,1.332395,0.617688,0.139244,0.600719,0.89810,0.09311,6
0.5,0.0000,1.164000,0.00000e+00,0.219533,0.391953,0.177019,0.198297,1.333163,0.617879,0.139527,0.602099,0.89796,0.09316,6
0.5,0.0000,1.165000,0.00000e+00,0.220132,0.392228,0.177447,0.199179,1.333933,0.618070,0.139810,0.603482,0.89783,0.09321,6
0.5,0.0000,1.166000,0.00000e+00,0.220732,0.392502,0.177876,0.200065,1.334704,0.618261,0.140094,0.604868,0.89769,0.09327,6
0.5,0.0000,1.167000,0.00000e+00,0.221334,0.392777,0.178306,0.200955,1.335476,0.618453,0.140377,0.606257,0.89755,0.09332,6
0.5,0.0000,1.168000,0.00000e+00,0.221937,0.393052,0.178737,0.201848,1.336249,0.618644,0.140661,0.607648,0.89741,0.09337,6
0.5,0.0000,1.169000,0.00000e+00,0.222541,0.393327,0.179169,0.202744,1.337024,0.618835,0.140946,0.609042,0.89728,0.09342,6
0.5,0.0000,1.170000,0.00000e+00,0.223146,0.393603,0.179601,0.203643,1.337800,0.619026,0.141231,0.610438,0.89714,0.09346,6
0.5,0.0000,1.171000,0.00000e+00,0.223753,0.393878,0.180034,0.204546,1.338578,0.619218,0.141516,0.611837,0.89700,0.09351,7
0.5,0.0000,1.172000,0.00000e+00,0.224361,0.394154,0.180468,0.205452,1.339356,0.619409,0.141802,0.613239,0.89686,0.09356,7
0.5,0.0000,1.173000,0.00000e+00,0.224970,0.394430,0.180903,0.206362,1.340136,0.619601,0.142088,0.614644,0.89673,0.09360,7
0.5,0.0000,1.174000,0.00000e+00,0.225581,0.394707,0.181338,0.207275,1.340917,0.619792,0.142374,0.616051,0.89659,0.09364,7
0.5,0.0000,1.175000,0.00000e+00,0.226193,0.394983,0.181775,0.208191,1.341700,0.619984,0.142661,0.617462,0.89645,0.09369,7
0.5,0.0000,1.176000,0.00000e+00,0.226806,0.395260,0.182212,0.209111,1.342484,0.620175,0.142948,0.618874,0.89632,0.09373,7
0.5,0.0000,1.177000,0.00000e+00,0.227420,0.395537,0.182650,0.210035,1.343269,0.620367,0.143235,0.620290,0.89618,0.09377,7
0.5,0.0000,1.178000,0.00000e+00,0.228036,0.395814,0.183088,0.210962,1.344055,0.620558,0.143523,0.621708,0.89604,0.09381,7
0.5,0.0000,1.179000,0.00000e+00,0.228654,0.396092,0.183528,0.211892,1.344843,0.620750,0.143811,0.623129,0.89591,0.09385,7
0.5,0.0000,1.180000,0.00000e+00,0.229272,0.396370,0.183968,0.212826,1.345632,0.620942,0.144100,0.624553,0.89577,0.09388,7
0.5,0.0000,1.181000,0.00000e+00,0.229892,0.396647,0.184409,0.213763,1.346422,0.621134,0.144389,0.625979,0.89563,0.09392,7
0.5,0.0000,1.182000,0.00000e+00,0.230513,0.396925,0.184851,0.214704,1.347214,0.621325,0.144678,0.627408,0.89550,0.09395,7
0.5,0.0000,1.183000,0.00000e+00,0.231136,0.397204,0.185294,0.215648,1.348007,0.621517,0.144968,0.628840,0.89536,0.09399,7
0.5,0.0000,1.184000,0.00000e+00,0.231760,0.397482,0.185738,0.216596,1.348801,0.621709,0.145258,0.630275,0.89522,0.09402,7
0.5,0.0000,1.185000,0.00000e+00,0.232385,0.397761,0.186182,0.217547,1.349597,0.621901,0.145548,0.631712,0.89509,0.09405,7
0.5,0.0000,1.186000,0.00000e+00,0.233012,0.398040,0.186627,0.218502,1.350393,0.622093,0.145839,0.633153,0.89495,0.09408,7
0.5,0.0000,1.187000,0.00000e+00,0.233640,0.398319,0.187073,0.219461,1.351191,0.622285,0.146130,0.634596,0.89481,0.09411,7
0.5,0.0000,1.188000,0.00000e+00,0.234269,0.398598,0.187520,0.220423,1.351991,0.622477,0.146421,0.636041,0.89468,0.09413,7
0.5,0.0000,1.189000,0.00000e+00,0.234900,0.398878,0.187967,0.221388,1.352792,0.622669,0.146713,0.637490,0.89454,0.09416,7
0.5,0.0000,1.190000,0.00000e+00,0.235531,0.399158,0.188416,0.222357,1.353594,0.622861,0.147005,0.638941,0.89440,0.09419,7
0.5,0.0000,1.191000,0.00000e+00,0.236165,0.399438,0.188865,0.223330,1.354397,0.623053,0.147298,0.640395,0.89427,0.09421,7
0.5,0.0000,1.192000,0.00000e+00,0.236799,0.399718,0.189315,0.224306,1.355201,0.623245,0.147591,0.641852,0.89413,0.09423,7
0.5,0.0000,1.193000,0.00000e+00,0.237435,0.399998,0.189766,0.225286,1.356007,0.623437,0.147884,0.643312,0.89400,0.09425,7
0.5,0.0000,1.194000,0.00000e+00,0.238073,0.400279,0.190217,0.226270,1.356815,0.623629,0.148178,0.644775,0.89386,0.09427,7
0.5,0.0000,1.195000,0.00000e+00,0.238711,0.400559,0.190670,0.227257,1.357623,0.623821,0.148472,0.646240,0.89373,0.09429,7
0.5,0.0000,1.196000,0.00000e+00,0.239351,0.400840,0.191123,0.228248,1.358433,0.624013,0.148766,0.647708,0.89359,0.09431,7
0.5,0.0000,1.197000,0.00000e+00,0.239993,0.401121,0.191577,0.229243,1.359244,0.624205,0.149061,0.649179,0.89345,0.09432,7
0.5,0.0000,1.198000,0.00000e+00,0.240636,0.401403,0.192032,0.230241,1.360056,0.624398,0.149356,0.650653,0.89332,0.09434,7
0.5,0.0000,1.199000,0.00000e+00,0.241280,0.401684,0.192487,0.231243,1.360870,0.624590,0.149652,0.652129,0.89318,0.09435,7
0.5,0.0000,1.200000,0.00000e+00,0.241925,0.401966,0.192944,0.232248,1.361685,0.624782,0.149948,0.653609,0.89305,0.09436,7
0.5,0.0000,1.201000,0.00000e+00,0.242572,0.402248,0.193401,0.233257,1.362502,0.624974,0.150244,0.655091,0.89291,0.09437,7
0.5,0.0000,1.202000,0.00000e+00,0.243220,0.402530,0.193859,0.234270,1.363319,0.625167,0.150541,0.656576,0.89278,0.09438,7
0.5,0.0000,1.203000,0.00000e+00,0.243870,0.402813,0.194318,0.235287,1.364138,0.625359,0.150838,0.658064,0.89264,0.09439,7
0.5,0.0000,1.204000,0.00000e+00,0.244520,0.403095,0.194778,0.236307,1.364959,0.625551,0.151135,0.659555,0.89251,0.09440,7
0.5,0.0000,1.205000,0.00000e+00,0.245173,0.403378,0.195238,0.237331,1.365780,0.625744,0.151433,0.661049,0.89237,0.09440,7
0.5,0.0000,1.206000,0.00000e+00,0.245826,0.403661,0.195700,0.238359,1.366603,0.625936,0.151731,0.662546,0.89224,0.09440,7
0.5,0.0000,1.207000,0.00000e+00,0.246481,0.403944,0.196162,0.239391,1.367427,0.626128,0.152029,0.664045,0.89210,0.09440,7
0.5,0.0000,1.208000,0.00000e+00,0.247138,0.404227,0.196625,0.240426,1.368253,0.626321,0.152328,0.665547,0.89197,0.09440,7
0.5,0.0000,1.209000,0.00000e+00,0.247795,0.404511,0.197088,0.241465,1.369080,0.626513,0.152627,0.667053,0.89183,0.09440,7
0.5,0.0000,1.210000,0.00000e+00,0.248454,0.404794,0.197553,0.242508,1.369908,0.626706,0.152927,0.668561,0.89170,0.09440,7
0.5,0.0000,1.211000,0.00000e+00,0.249115,0.405078,0.198019,0.243555,1.370737,0.626898,0.153227,0.670072,0.89157,0.09440,7
0.5,0.0000,1.212000,0.00000e+00,0.249777,0.405362,0.198485,0.244605,1.371568,0.627091,0.153527,0.671586,0.89143,0.09439,7
0.5,0.0000,1.213000,0.00000e+00,0.250440,0.405646,0.198952,0.245659,1.372400,0.627283,0.153827,0.673102,0.89130,0.09438,7
0.5,0.0000,1.214000,0.00000e+00,0.251104,0.405931,0.199420,0.246718,1.373234,0.627476,0.154129,0.674622,0.89116,0.09437,7
0.5,0.0000,1.215000,0.00000e+00,0.251770,0.406215,0.199888,0.247780,1.374069,0.627668,0.154430,0.676145,0.89103,0.09436,7
0.5,0.0000,1.216000,0.00000e+00,0.252438,0.406500,0.200358,0.248845,1.374905,0.627861,0.154732,0.677670,0.89089,0.09435,7
0.5,0.0000,1.217000,0.00000e+00,0.253106,0.406785,0.200828,0.249915,1.375742,0.628053,0.155034,0.679199,0.89076,0.09434,7
0.5,0.0000,1.218000,0.00000e+00,0.253776,0.407070,0.201299,0.250989,1.376581,0.628246,0.155336,0.680730,0.89063,0.09432,7
0.5,0.0000,1.219000,0.00000e+00,0.254448,0.407356,0.201771,0.252066,1.377421,0.628438,0.155639,0.682265,0.89049,0.09431,7
0.5,0.0000,1.220000,0.00000e+00,0.255121,0.407641,0.202244,0.253148,1.378262,0.628631,0.155942,0.683802,0.89036,0.09429,7
0.5,0.0000,1.221000,0.00000e+00,0.255795,0.407927,0.202718,0.254233,1.379105,0.628823,0.156246,0.685342,0.89023,0.09427,7
0.5,0.0000,1.222000,0.00000e+00,0.256470,0.408213,0.203192,0.255322,1.379949,0.629016,0.156550,0.686885,0.89009,0.09425,7
0.5,0.0000,1.223000,0.00000e+00,0.257147,0.408499,0.203668,0.256415,1.380794,0.629208,0.156854,0.688431,0.88996,0.09422,7
0.5,0.0000,1.224000,0.00000e+00,0.257826,0.408785,0.204144,0.257512,1.381641,0.629401,0.157159,0.689980,0.88983,0.09420,7
0.5,0.0000,1.225000,0.00000e+00,0.258505,0.409071,0.204621,0.258613,1.382489,0.629593,0.157464,0.691532,0.88969,0.09417,7
0.5,0.0000,1.226000,0.00000e+00,0.259186,0.409358,0.205099,0.259718,1.383338,0.629786,0.157769,0.693087,0.88956,0.09414,7
0.5,0.0000,1.227000,0.00000e+00,0.259869,0.409644,0.205577,0.260827,1.384189,0.629979,0.158075,0.694645,0.88943,0.09411,7
0.5,0.0000,1.228000,0.00000e+00,0.260553,0.409931,0.206057,0.261940,1.385040,0.630171,0.158381,0.696206,0.88929,0.09408,7
0.5,0.0000,1.229000,0.00000e+00,0.261238,0.410218,0.206537,0.263057,1.385894,0.630364,0.158688,0.697770,0.88916,0.09405,7
0.5,0.0000,1.230000,0.00000e+00,0.261925,0.410506,0.207018,0.264177,1.386748,0.630556,0.158995,0.699337,0.88903,0.09401,7
0.5,0.0000,1.231000,0.00000e+00,0.262613,0.410793,0.207500,0.265302,1.387604,0.630749,0.159302,0.700907,0.88890,0.09397,7
0.5,0.0000,1.232000,0.00000e+00,0.263302,0.411081,0.207983,0.266431,1.388461,0.630941,0.159610,0.702480,0.88876,0.09393,7
0.5,0.0000,1.233000,0.00000e+00,0.263993,0.411368,0.208466,0.267564,1.389320,0.631134,0.159918,0.704056,0.88863,0.09389,7
0.5,0.0000,1.234000,0.00000e+00,0.264686,0.411656,0.208951,0.268701,1.390180,0.631327,0.160226,0.705635,0.88850,0.09385,7
0.5,0.0000,1.235000,0.00000e+00,0.265379,0.411944,0.209436,0.269842,1.391041,0.631519,0.160535,0.707217,0.88837,0.09381,7
0.5,0.0000,1.236000,0.00000e+00,0.266074,0.412233,0.209922,0.270987,1.391904,0.631712,0.160844,0.708802,0.88823,0.09376,7
0.5,0.0000,1.237000,0.00000e+00,0.266771,0.412521,0.210409,0.272136,1.392767,0.631904,0.161153,0.710390,0.88810,0.09371,7
0.5,0.0000,1.238000,0.00000e+00,0.267469,0.412809,0.210897,0.273289,1.393633,0.632097,0.161463,0.711981,0.88797,0.09366,7
0.5,0.0000,1.239000,0.00000e+00,0.268168,0.413098,0.211385,0.274447,1.394499,0.632289,0.161773,0.713575,0.88784,0.09361,7
0.5,0.0000,1.240000,0.00000e+00,0.268869,0.413387,0.211875,0.275608,1.395367,0.632482,0.162084,0.715172,0.88771,0.09356,7
0.5,0.0000,1.241000,0.00000e+00,0.269571,0.413676,0.212365,0.276774,1.396236,0.632674,0.162395,0.716772,0.88757,0.09350,7
0.5,0.0000,1.242000,0.00000e+00,0.270274,0.413965,0.212856,0.277943,1.397107,0.632867,0.162706,0.718375,0.88744,0.09344,7
0.5,0.0000,1.243000,0.00000e+00,0.270979,0.414255,0.213348,0.279117,1.397978,0.633059,0.163018,0.719982,0.88731,0.09338,7
0.5,0.0000,1.244000,0.00000e+00,0.271685,0.414544,0.213841,0.280295,1.398852,0.633252,0.163330,0.721591,0.88718,0.09332,7
0.5,0.0000,1.245000,0.00000e+00,0.272393,0.414834,0.214334,0.281477,1.399726,0.633444,0.163642,0.723203,0.88705,0.09326,7
0.5,0.0000,1.246000,0.00000e+00,0.273102,0.415124,0.214829,0.282664,1.400602,0.633637,0.163955,0.724819,0.88692,0.09319,7
0.5,0.0000,1.247000,0.00000e+00,0.273813,0.415414,0.215324,0.283854,1.401479,0.633829,0.164268,0.726437,0.88679,0.09312,7
0.5,0.0000,1.248000,0.00000e+00,0.274525,0.415704,0.215820,0.285049,1.402357,0.634022,0.164582,0.728059,0.88666,0.09305,7
0.5,0.0000,1.249000,0.00000e+00,0.275238,0.415994,0.216317,0.286248,1.403237,0.634214,0.164896,0.729684,0.88653,0.09298,7
0.5,0.0000,1.250000,0.00000e+00,0.275953,0.416284,0.216815,0.287451,1.404118,0.634407,0.165210,0.731312,0.88639,0.09291,7
0.5,0.0000,1.251000,0.00000e+00,0.276669,0.416575,0.217313,0.288658,1.405001,0.634599,0.165525,0.732943,0.88626,0.09283,7
0.5,0.0000,1.252000,0.00000e+00,0.277386,0.416866,0.217813,0.289870,1.405885,0.634791,0.165840,0.734577,0.88613,0.09275,7
0.5,0.0000,1.253000,0.00000e+00,0.278105,0.417156,0.218313,0.291085,1.406770,0.634984,0.166155,0.736214,0.88600,0.09267,7
0.5,0.0000,1.254000,0.00000e+00,0.278826,0.417447,0.218814,0.292305,1.407656,0.635176,0.166471,0.737854,0.88587,0.09259,7
0.5,0.0000,1.255000,0.00000e+00,0.279548,0.417739,0.219316,0.293530,1.408544,0.635369,0.166787,0.739497,0.88574,0.09250,7
0.5,0.0000,1.256000,0.00000e+00,0.280271,0.418030,0.219819,0.294758,1.409433,0.635561,0.167103,0.741144,0.88561,0.09242,7
0.5,0.0000,1.257000,0.00000e+00,0.280996,0.418321,0.220323,0.295991,1.410324,0.635753,0.167420,0.742793,0.88548,0.09233,7
0.5,0.0000,1.258000,0.00000e+00,0.281722,0.418613,0.220827,0.297228,1.411215,0.635945,0.167737,0.744446,0.88535,0.09224,7
0.5,0.0000,1.259000,0.00000e+00,0.282449,0.418905,0.221333,0.298470,1.412108,0.636138,0.168055,0.746102,0.88522,0.09214,7
0.5,0.0000,1.260000,0.00000e+00,0.283178,0.419196,0.221839,0.299716,1.413003,0.636330,0.168373,0.747761,0.88509,0.09205,7
0.5,0.0000,1.261000,0.00000e+00,0.283908,0.419488,0.222346,0.300966,1.413899,0.636522,0.168691,0.749423,0.88496,0.09195,7
0.5,0.0000,1.262000,0.00000e+00,0.284640,0.419781,0.222854,0.302220,1.414796,0.636714,0.169010,0.751089,0.88483,0.09185,7
0.5,0.0000,1.263000,0.00000e+00,0.285373,0.420073,0.223362,0.303479,1.415694,0.636907,0.169329,0.752757,0.88470,0.09174,7
0.5,0.0000,1.264000,0.00000e+00,0.286108,0.420365,0.223872,0.304743,1.416594,0.637099,0.169648,0.754429,0.88458,0.09164,7
0.5,0.0000,1.265000,0.00000e+00,0.286844,0.420658,0.224382,0.306010,1.417495,0.637291,0.169968,0.756104,0.88445,0.09153,7
0.5,0.0000,1.266000,0.00000e+00,0.287582,0.420951,0.224894,0.307282,1.418398,0.637483,0.170288,0.757782,0.88432,0.09142,7
0.5,0.0000,1.267000,0.00000e+00,0.288321,0.421243,0.225406,0.308559,1.419301,0.637675,0.170609,0.759463,0.88419,0.09131,7
0.5,0.0000,1.268000,0.00000e+00,0.289061,0.421536,0.225919,0.309839,1.420207,0.637867,0.170930,0.761147,0.88406,0.09120,7
0.5,0.0000,1.269000,0.00000e+00,0.289803,0.421829,0.226432,0.311125,1.421113,0.638059,0.171251,0.762835,0.88393,0.09108,7
0.5,0.0000,1.270000,0.00000e+00,0.290546,0.422123,0.226947,0.312414,1.422021,0.638251,0.171573,0.764526,0.88380,0.09096,7
0.5,0.0000,1.271000,0.00000e+00,0.291290,0.422416,0.227463,0.313708,1.422930,0.638443,0.171895,0.766220,0.88367,0.09084,7
0.5,0.0000,1.272000,0.00000e+00,0.292037,0.422709,0.227979,0.315007,1.423840,0.638635,0.172217,0.767917,0.88355,0.09071,7
0.5,0.0000,1.273000,0.00000e+00,0.292784,0.423003,0.228496,0.316310,1.424752,0.638827,0.172540,0.769617,0.88342,0.09059,7
0.5,0.0000,1.274000,0.00000e+00,0.293533,0.423297,0.229014,0.317618,1.425665,0.639019,0.172863,0.771321,0.88329,0.09046,7
0.5,0.0000,1.275000,0.00000e+00,0.294283,0.423590,0.229533,0.318930,1.426580,0.639211,0.173186,0.773028,0.88316,0.09032,7
0.5,0.0000,1.276000,0.00000e+00,0.295035,0.423884,0.230053,0.320246,1.427496,0.639402,0.173510,0.774738,0.88303,0.09019,7
0.5,0.0000,1.277000,0.00000e+00,0.295788,0.424178,0.230573,0.321567,1.428413,0.639594,0.173834,0.776451,0.88291,0.09005,7
0.5,0.0000,1.278000,0.00000e+00,0.296543,0.424473,0.231095,0.322893,1.429331,0.639786,0.174159,0.778168,0.88278,0.08991,7
0.5,0.0000,1.279000,0.00000e+00,0.297299,0.424767,0.231617,0.324223,1.430251,0.639978,0.174484,0.779888,0.88265,0.08977,7
0.5,0.0000,1.280000,0.00000e+00,0.298057,0.425061,0.232140,0.325557,1.431172,0.640169,0.174809,0.781611,0.88252,0.08963,7
0.5,0.0000,1.281000,0.00000e+00,0.298816,0.425356,0.232664,0.326897,1.432095,0.640361,0.175135,0.783337,0.88240,0.08948,7
0.5,0.0000,1.282000,0.00000e+00,0.299576,0.425651,0.233189,0.328240,1.433019,0.640553,0.175461,0.785067,0.88227,0.08933,7
0.5,0.0000,1.283000,0.00000e+00,0.300338,0.425945,0.233715,0.329589,1.433944,0.640744,0.175787,0.786800,0.88214,0.08918,7
0.5,0.0000,1.284000,0.00000e+00,0.301101,0.426240,0.234241,0.330942,1.434870,0.640936,0.176114,0.788536,0.88201,0.08902,7
0.5,0.0000,1.285000,0.00000e+00,0.301866,0.426535,0.234769,0.332299,1.435798,0.641127,0.176441,0.790275,0.88189,0.08886,7
0.5,0.0000,1.286000,0.00000e+00,0.302632,0.426830,0.235297,0.333661,1.436727,0.641319,0.176768,0.792018,0.88176,0.08870,7
0.5,0.0000,1.287000,0.00000e+00,0.303400,0.427126,0.235826,0.335028,1.437658,0.641510,0.177096,0.793764,0.88163,0.08854,7
0.5,0.0000,1.288000,0.00000e+00,0.304169,0.427421,0.236356,0.336399,1.438590,0.641701,0.177424,0.795513,0.88151,0.08837,7
0.5,0.0000,1.289000,0.00000e+00,0.304939,0.427716,0.236887,0.337775,1.439523,0.641893,0.177753,0.797266,0.88138,0.08820,7
0.5,0.0000,1.290000,0.00000e+00,0.305711,0.428012,0.237418,0.339156,1.440457,0.642084,0.178082,0.799022,0.88125,0.08803,7
0.5,0.0000,1.291000,0.00000e+00,0.306485,0.428308,0.237951,0.340542,1.441393,0.642275,0.178411,0.800781,0.88113,0.08786,7
0.5,0.0000,1.292000,0.00000e+00,0.307260,0.428604,0.238484,0.341932,1.442331,0.642466,0.178741,0.802543,0.88100,0.08768,7
0.5,0.0000,1.293000,0.00000e+00,0.308036,0.428899,0.239018,0.343326,1.443269,0.642657,0.179071,0.804309,0.88088,0.08750,7
0.5,0.0000,1.294000,0.00000e+00,0.308814,0.429195,0.239553,0.344726,1.444209,0.642849,0.179401,0.806079,0.88075,0.08732,7
0.5,0.0000,1.295000,0.00000e+00,0.309593,0.429491,0.240089,0.346130,1.445150,0.643040,0.179732,0.807851,0.88062,0.08713,7
0.5,0.0000,1.296000,0.00000e+00,0.310374,0.429788,0.240626,0.347539,1.446093,0.643231,0.180063,0.809627,0.88050,0.08694,7
0.5,0.0000,1.297000,0.00000e+00,0.311156,0.430084,0.241164,0.348953,1.447037,0.643422,0.180395,0.811406,0.88037,0.08675,7
0.5,0.0000,1.298000,0.00000e+00,0.311939,0.430380,0.241702,0.350371,1.447982,0.643612,0.180727,0.813189,0.88025,0.08655,7
0.5,0.0000,1.299000,0.00000e+00,0.312724,0.430677,0.242242,0.351794,1.448928,0.643803,0.181059,0.814974,0.88012,0.08635,7
0.5,0.0000,1.300000,0.00000e+00,0.313511,0.430973,0.242782,0.353222,1.449876,0.643994,0.181392,0.816764,0.88000,0.08615,7
0.5,0.0000,1.301000,0.00000e+00,0.314299,0.431270,0.243323,0.354655,1.450826,0.644185,0.181725,0.818556,0.87987,0.08595,7
0.5,0.0000,1.302000,0.00000e+00,0.315088,0.431567,0.243865,0.356092,1.451776,0.644376,0.182058,0.820352,0.87975,0.08574,7
0.5,0.0000,1.303000,0.00000e+00,0.315879,0.431864,0.244407,0.357534,1.452728,0.644566,0.182392,0.822152,0.87962,0.08553,7
0.5,0.0000,1.304000,0.00000e+00,0.316671,0.432161,0.244951,0.358982,1.453681,0.644757,0.182726,0.823954,0.87950,0.08532,7
0.5,0.0000,1.305000,0.00000e+00,0.317465,0.432458,0.245495,0.360433,1.454636,0.644947,0.183060,0.825760,0.87937,0.08510,7
0.5,0.0000,1.306000,0.00000e+00,0.318260,0.432755,0.246041,0.361890,1.455592,0.645138,0.183395,0.827570,0.87925,0.08488,7
0.5,0.0000,1.307000,0.00000e+00,0.319056,0.433052,0.246587,0.363352,1.456549,0.645328,0.183730,0.829383,0.87913,0.08466,7
0.5,0.0000,1.308000,0.00000e+00,0.319854,0.433350,0.247134,0.364818,1.457508,0.645519,0.184066,0.831199,0.87900,0.08443,7
0.5,0.0000,1.309000,0.00000e+00,0.320654,0.433647,0.247682,0.366290,1.458468,0.645709,0.184402,0.833019,0.87888,0.08420,7
0.5,0.0000,1.310000,0.00000e+00,0.321455,0.433944,0.248231,0.367766,1.459429,0.645899,0.184738,0.834842,0.87875,0.08397,7
0.5,0.0000,1.311000,0.00000e+00,0.322257,0.434242,0.248780,0.369247,1.460392,0.646090,0.185075,0.836669,0.87863,0.08373,7
0.5,0.0000,1.312000,0.00000e+00,0.323061,0.434540,0.249331,0.370733,1.461355,0.646280,0.185412,0.838498,0.87851,0.08349,7
0.5,0.0000,1.313000,0.00000e+00,0.323867,0.434837,0.249882,0.372224,1.462321,0.646470,0.185749,0.840332,0.87838,0.08325,7
0.5,0.0000,1.314000,0.00000e+00,0.324673,0.435135,0.250434,0.373720,1.463287,0.646660,0.186087,0.842169,0.87826,0.08300,7
0.5,0.0000,1.315000,0.00000e+00,0.325482,0.435433,0.250987,0.375221,1.464255,0.646850,0.186425,0.844009,0.87814,0.08275,7
0.5,0.0000,1.316000,0.00000e+00,0.326291,0.435731,0.251541,0.376727,1.465225,0.647040,0.186763,0.845853,0.87801,0.08250,7
0.5,0.0000,1.317000,0.00000e+00,0.327103,0.436029,0.252096,0.378237,1.466195,0.647230,0.187102,0.847700,0.87789,0.08224,7
0.5,0.0000,1.318000,0.00000e+00,0.327915,0.436327,0.252652,0.379753,1.467167,0.647420,0.187441,0.849550,0.87777,0.08198,7
0.5,0.0000,1.319000,0.00000e+00,0.328729,0.436626,0.253208,0.381274,1.468140,0.647609,0.187781,0.851404,0.87765,0.08172,7
0.5,0.0000,1.320000,0.00000e+00,0.329545,0.436924,0.253765,0.382799,1.469115,0.647799,0.188121,0.853262,0.87752,0.08145,7
0.5,0.0000,1.321000,0.00000e+00,0.330362,0.437222,0.254324,0.384330,1.470091,0.647989,0.188461,0.855123,0.87740,0.08118,7
0.5,0.0000,1.322000,0.00000e+00,0.331180,0.437521,0.254883,0.385866,1.471068,0.648178,0.188802,0.856988,0.87728,0.08091,7
0.5,0.0000,1.323000,0.00000e+00,0.332000,0.437819,0.255443,0.387407,1.472047,0.648368,0.189143,0.858855,0.87716,0.08063,7
0.5,0.0000,1.324000,0.00000e+00,0.332822,0.438118,0.256003,0.388952,1.473027,0.648557,0.189484,0.860727,0.87704,0.08035,7
0.5,0.0000,1.325000,0.00000e+00,0.333645,0.438417,0.256565,0.390503,1.474008,0.648746,0.189826,0.862602,0.87691,0.08007,7
0.5,0.0000,1.326000,0.00000e+00,0.334469,0.438715,0.257128,0.392059,1.474991,0.648936,0.190168,0.864480,0.87679,0.07978,7
0.5,0.0000,1.327000,0.00000e+00,0.335295,0.439014,0.257691,0.393620,1.475975,0.649125,0.190510,0.866362,0.87667,0.07949,7
0.5,0.0000,1.328000,0.00000e+00,0.336122,0.439313,0.258255,0.395186,1.476960,0.649314,0.190853,0.868248,0.87655,0.07919,7
0.5,0.0000,1.329000,0.00000e+00,0.336951,0.439612,0.258820,0.396758,1.477947,0.649503,0.191197,0.870137,0.87643,0.07889,7
0.5,0.0000,1.330000,0.00000e+00,0.337781,0.439911,0.259386,0.398334,1.478935,0.649692,0.191540,0.872029,0.87631,0.07859,7
0.5,0.0000,1.331000,0.00000e+00,0.338613,0.440210,0.259953,0.399915,1.479924,0.649881,0.191884,0.873925,0.87619,0.07829,7
0.5,0.0000,1.332000,0.00000e+00,0.339446,0.440509,0.260521,0.401502,1.480915,0.650070,0.192228,0.875825,0.87606,0.07797,7
0.5,0.0000,1.333000,0.00000e+00,0.340280,0.440808,0.261089,0.403094,1.481907,0.650259,0.192573,0.877728,0.87594,0.07766,7
0.5,0.0000,1.334000,0.00000e+00,0.341116,0.441108,0.261659,0.404690,1.482900,0.650448,0.192918,0.879634,0.87582,0.07734,7
0.5,0.0000,1.335000,0.00000e+00,0.341954,0.441407,0.262229,0.406293,1.483895,0.650636,0.193263,0.881545,0.87570,0.07702,7
0.5,0.0000,1.336000,0.00000e+00,0.342793,0.441706,0.262800,0.407900,1.484890,0.650825,0.193609,0.883458,0.87558,0.07670,7
0.5,0.0000,1.337000,0.00000e+00,0.343633,0.442006,0.263372,0.409512,1.485888,0.651013,0.193955,0.885376,0.87546,0.07637,7
0.5,0.0000,1.338000,0.00000e+00,0.344475,0.442305,0.263945,0.411130,1.486886,0.651202,0.194302,0.887296,0.87534,0.07603,7
0.5,0.0000,1.339000,0.00000e+00,0.345319,0.442605,0.264519,0.412753,1.487886,0.651390,0.194648,0.889221,0.87522,0.07569,7
0.5,0.0000,1.340000,0.00000e+00,0.346163,0.442904,0.265093,0.414381,1.488888,0.651578,0.194996,0.891149,0.87510,0.07535,7
0.5,0.0000,1.341000,0.00000e+00,0.347010,0.443204,0.265668,0.416014,1.489890,0.651767,0.195343,0.893080,0.87498,0.07501,7
0.5,0.0000,1.342000,0.00000e+00,0.347858,0.443504,0.266245,0.417653,1.490894,0.651955,0.195691,0.895016,0.87486,0.07466,7
0.5,0.0000,1.343000,0.00000e+00,0.348707,0.443804,0.266822,0.419296,1.491899,0.652143,0.196039,0.896954,0.87474,0.07430,7
0.5,0.0000,1.344000,0.00000e+00,0.349557,0.444103,0.267400,0.420946,1.492906,0.652331,0.196388,0.898897,0.87462,0.07395,7
0.5,0.0000,1.345000,0.00000e+00,0.350410,0.444403,0.267979,0.422600,1.493914,0.652519,0.196737,0.900843,0.87450,0.07358,7
0.5,0.0000,1.346000,0.00000e+00,0.351263,0.444703,0.268559,0.424260,1.494923,0.652706,0.197086,0.902792,0.87439,0.07322,7
0.5,0.0000,1.347000,0.00000e+00,0.352118,0.445003,0.269139,0.425925,1.495934,0.652894,0.197436,0.904745,0.87427,0.07285,7
0.5,0.0000,1.348000,0.00000e+00,0.352975,0.445303,0.269721,0.427595,1.496946,0.653082,0.197786,0.906702,0.87415,0.07247,7
0.5,0.0000,1.349000,0.00000e+00,0.353833,0.445603,0.270303,0.429270,1.497959,0.653269,0.198137,0.908662,0.87403,0.07210,7
0.5,0.0000,1.350000,0.00000e+00,0.354693,0.445903,0.270886,0.430951,1.498974,0.653457,0.198487,0.910626,0.87391,0.07171,7
0.5,0.0000,1.351000,0.00000e+00,0.355554,0.446203,0.271470,0.432638,1.499989,0.653644,0.198839,0.912594,0.87379,0.07133,7
0.5,0.0000,1.352000,0.00000e+00,0.356416,0.446503,0.272055,0.434329,1.501007,0.653831,0.199190,0.914565,0.87367,0.07093,7
0.5,0.0000,1.353000,0.00000e+00,0.357280,0.446804,0.272641,0.436027,1.502025,0.654019,0.199542,0.916540,0.87356,0.07054,7
0.5,0.0000,1.354000,0.00000e+00,0.358145,0.447104,0.273227,0.437729,1.503045,0.654206,0.199894,0.918519,0.87344,0.07014,7
0.5,0.0000,1.355000,0.00000e+00,0.359012,0.447404,0.273815,0.439437,1.504066,0.654393,0.200247,0.920501,0.87332,0.06973,7
0.5,0.0000,1.356000,0.00000e+00,0.359881,0.447704,0.274403,0.441150,1.505089,0.654580,0.200600,0.922487,0.87320,0.06932,7
0.5,0.0000,1.357000,0.00000e+00,0.360750,0.448005,0.274993,0.442869,1.506113,0.654767,0.200953,0.924477,0.87309,0.06891,7
0.5,0.0000,1.358000,0.00000e+00,0.361622,0.448305,0.275583,0.444593,1.507138,0.654953,0.201307,0.926470,0.87297,0.06849,7
0.5,0.0000,1.359000,0.00000e+00,0.362494,0.448605,0.276174,0.446323,1.508164,0.655140,0.201661,0.928467,0.87285,0.06807,7
0.5,0.0000,1.360000,0.00000e+00,0.363369,0.448906,0.276765,0.448058,1.509192,0.655327,0.202015,0.930467,0.87273,0.06764,7
0.5,0.0000,1.361000,0.00000e+00,0.364244,0.449206,0.277358,0.449798,1.510221,0.655513,0.202370,0.932472,0.87262,0.06721,7
0.5,0.0000,1.362000,0.00000e+00,0.365121,0.449507,0.277952,0.451544,1.511252,0.655700,0.202725,0.934480,0.87250,0.06677,7
0.5,0.0000,1.363000,0.00000e+00,0.366000,0.449807,0.278546,0.453296,1.512284,0.655886,0.203081,0.936491,0.87238,0.06633,7
0.5,0.0000,1.364000,0.00000e+00,0.366880,0.450108,0.279141,0.455053,1.513317,0.656072,0.203437,0.938507,0.87227,0.06589,7
0.5,0.0000,1.365000,0.00000e+00,0.367762,0.450408,0.279737,0.456815,1.514351,0.656258,0.203793,0.940526,0.87215,0.06544,7
0.5,0.0000,1.366000,0.00000e+00,0.368645,0.450709,0.280334,0.458583,1.515387,0.656445,0.204149,0.942548,0.87204,0.06498,7
0.5,0.0000,1.367000,0.00000e+00,0.369529,0.451010,0.280932,0.460357,1.516424,0.656631,0.204506,0.944575,0.87192,0.06452,7
0.5,0.0000,1.368000,0.00000e+00,0.370415,0.451310,0.281531,0.462136,1.517462,0.656816,0.204864,0.946605,0.87180,0.06406,7
0.5,0.0000,1.369000,0.00000e+00,0.371303,0.451611,0.282131,0.463920,1.518502,0.657002,0.205221,0.948639,0.87169,0.06359,7
0.5,0.0000,1.370000,0.00000e+00,0.372191,0.451912,0.282731,0.465711,1.519543,0.657188,0.205579,0.950677,0.87157,0.06312,7
0.5,0.0000,1.371000,0.00000e+00,0.373082,0.452212,0.283332,0.467507,1.520585,0.657373,0.205938,0.952718,0.87146,0.06264,7
0.5,0.0000,1.372000,0.00000e+00,0.373974,0.452513,0.283934,0.469308,1.521629,0.657559,0.206296,0.954763,0.87134,0.06215,7
0.5,0.0000,1.373000,0.00000e+00,0.374867,0.452814,0.284537,0.471115,1.522674,0.657744,0.206655,0.956812,0.87123,0.06166,7
0.5,0.0000,1.374000,0.00000e+00,0.375762,0.453114,0.285141,0.472928,1.523720,0.657930,0.207015,0.958865,0.87111,0.06117,7
0.5,0.0000,1.375000,0.00000e+00,0.376658,0.453415,0.285746,0.474746,1.524768,0.658115,0.207375,0.960922,0.87100,0.06067,7
0.5,0.0000,1.376000,0.00000e+00,0.377556,0.453716,0.286352,0.476570,1.525817,0.658300,0.207735,0.962982,0.87088,0.06017,7
0.5,0.0000,1.377000,0.00000e+00,0.378455,0.454017,0.286958,0.478400,1.526867,0.658485,0.208095,0.965046,0.87077,0.05966,7
0.5,0.0000,1.378000,0.00000e+00,0.379356,0.454318,0.287565,0.480235,1.527919,0.658670,0.208456,0.967113,0.87065,0.05914,7
0.5,0.0000,1.379000,0.00000e+00,0.380258,0.454618,0.288174,0.482076,1.528972,0.658855,0.208817,0.969185,0.87054,0.05863,7
0.5,0.0000,1.380000,0.00000e+00,0.381161,0.454919,0.288783,0.483922,1.530026,0.659039,0.209179,0.971260,0.87042,0.05810,7
0.5,0.0000,1.381000,0.00000e+00,0.382066,0.455220,0.289393,0.485775,1.531081,0.659224,0.209541,0.973340,0.87031,0.05757,7
0.5,0.0000,1.382000,0.00000e+00,0.382973,0.455521,0.290003,0.487633,1.532138,0.659408,0.209903,0.975422,0.87020,0.05704,7
0.5,0.0000,1.383000,0.00000e+00,0.383881,0.455822,0.290615,0.489497,1.533196,0.659593,0.210266,0.977509,0.87008,0.05650,7
0.5,0.0000,1.384000,0.00000e+00,0.384790,0.456123,0.291228,0.491366,1.534256,0.659777,0.210629,0.979600,0.86997,0.05595,7
0.5,0.0000,1.385000,0.00000e+00,0.385701,0.456423,0.291841,0.493241,1.535317,0.659961,0.210992,0.981694,0.86986,0.05540,7
0.5,0.0000,1.386000,0.00000e+00,0.386614,0.456724,0.292455,0.495122,1.536379,0.660145,0.211356,0.983792,0.86974,0.05485,7
0.5,0.0000,1.387000,0.00000e+00,0.387528,0.457025,0.293070,0.497009,1.537442,0.660329,0.211720,0.985894,0.86963,0.05428,7
0.5,0.0000,1.388000,0.00000e+00,0.388443,0.457326,0.293686,0.498902,1.538507,0.660513,0.212085,0.988000,0.86952,0.05372,7
0.5,0.0000,1.389000,0.00000e+00,0.389360,0.457627,0.294303,0.500800,1.539573,0.660697,0.212449,0.990110,0.86940,0.05314,7
0.5,0.0000,1.390000,0.00000e+00,0.390278,0.457928,0.294921,0.502704,1.540640,0.660881,0.212815,0.992224,0.86929,0.05257,7
0.5,0.0000,1.391000,0.00000e+00,0.391198,0.458229,0.295539,0.504614,1.541709,0.661064,0.213180,0.994341,0.86918,0.05198,7
0.5,0.0000,1.392000,0.00000e+00,0.392119,0.458529,0.296159,0.506530,1.542779,0.661248,0.213546,0.996462,0.86907,0.05140,7
0.5,0.0000,1.393000,0.00000e+00,0.393042,0.458830,0.296779,0.508452,1.543850,0.661431,0.213912,0.998587,0.86895,0.05080,7
0.5,0.0000,1.394000,0.00000e+00,0.393966,0.459131,0.297400,0.510379,1.544922,0.661614,0.214279,1.000716,0.86884,0.05020,7
0.5,0.0000,1.395000,0.00000e+00,0.394892,0.459432,0.298022,0.512313,1.545996,0.661797,0.214646,1.002849,0.86873,0.04960,7
0.5,0.0000,1.396000,0.00000e+00,0.395819,0.459733,0.298645,0.514252,1.547071,0.661980,0.215013,1.004986,0.86862,0.04898,7
0.5,0.0000,1.397000,0.00000e+00,0.396747,0.460034,0.299269,0.516197,1.548148,0.662163,0.215381,1.007126,0.86851,0.04837,7
0.5,0.0000,1.398000,0.00000e+00,0.397677,0.460334,0.299893,0.518148,1.549226,0.662346,0.215749,1.009271,0.86840,0.04774,7
0.5,0.0000,1.399000,0.00000e+00,0.398609,0.460635,0.300519,0.520105,1.550305,0.662529,0.216117,1.011419,0.86828,0.04712,7
0.5,0.0000,1.400000,0.00000e+00,0.399542,0.460936,0.301145,0.522068,1.551385,0.662711,0.216486,1.013572,0.86817,0.04648,7
0.5,0.0000,1.401000,0.00000e+00,0.400476,0.461237,0.301772,0.524037,1.552467,0.662894,0.216855,1.015728,0.86806,0.04584,7
0.5,0.0000,1.402000,0.00000e+00,0.401412,0.461537,0.302400,0.526011,1.553550,0.663076,0.217224,1.017888,0.86795,0.04519,7
0.5,0.0000,1.403000,0.00000e+00,0.402349,0.461838,0.303029,0.527992,1.554634,0.663258,0.217594,1.020052,0.86784,0.04454,7
0.5,0.0000,1.404000,0.00000e+00,0.403288,0.462139,0.303659,0.529979,1.555719,0.663440,0.217964,1.022220,0.86773,0.04388,7
0.5,0.0000,1.405000,0.00000e+00,0.404228,0.462440,0.304289,0.531971,1.556806,0.663622,0.218334,1.024392,0.86762,0.04322,7
0.5,0.0000,1.406000,0.00000e+00,0.405170,0.462740,0.304921,0.533970,1.557895,0.663804,0.218705,1.026567,0.86751,0.04255,7
0.5,0.0000,1.407000,0.00000e+00,0.406113,0.463041,0.305553,0.535975,1.558984,0.663986,0.219076,1.028747,0.86740,0.04187,7
0.5,0.0000,1.408000,0.00000e+00,0.407058,0.463342,0.306186,0.537985,1.560075,0.664167,0.219448,1.030931,0.86729,0.04119,7
0.5,0.0000,1.409000,0.00000e+00,0.408004,0.463642,0.306820,0.540002,1.561167,0.664349,0.219820,1.033118,0.86718,0.04050,7
0.5,0.0000,1.410000,0.00000e+00,0.408952,0.463943,0.307455,0.542025,1.562260,0.664530,0.220192,1.035310,0.86707,0.03981,7
0.5,0.0000,1.411000,0.00000e+00,0.409901,0.464243,0.308091,0.544054,1.563355,0.664711,0.220565,1.037505,0.86696,0.03911,7
0.5,0.0000,1.412000,0.00000e+00,0.410851,0.464544,0.308727,0.546088,1.564451,0.664893,0.220938,1.039705,0.86685,0.03840,7
0.5,0.0000,1.413000,0.00000e+00,0.411803,0.464844,0.309365,0.548129,1.565548,0.665074,0.221311,1.041908,0.86674,0.03769,7
0.5,0.0000,1.414000,0.00000e+00,0.412757,0.465145,0.310003,0.550176,1.566647,0.665255,0.221685,1.044116,0.86663,0.03697,7
0.5,0.0000,1.415000,0.00000e+00,0.413712,0.465445,0.310642,0.552229,1.567746,0.665435,0.222059,1.046327,0.86652,0.03624,7
0.5,0.0000,1.416000,0.00000e+00,0.414668,0.465746,0.311282,0.554289,1.568848,0.665616,0.222433,1.048542,0.86642,0.03551,7
0.5,0.0000,1.417000,0.00000e+00,0.415626,0.466046,0.311923,0.556354,1.569950,0.665797,0.222808,1.050762,0.86631,0.03477,7
0.5,0.0000,1.418000,0.00000e+00,0.416585,0.466346,0.312565,0.558425,1.571054,0.665977,0.223183,1.052985,0.86620,0.03402,7
0.5,0.0000,1.419000,0.00000e+00,0.417546,0.466647,0.313207,0.560503,1.572159,0.666157,0.223558,1.055213,0.86609,0.03327,7
0.5,0.0000,1.420000,0.00000e+00,0.418508,0.466947,0.313851,0.562587,1.573265,0.666337,0.223934,1.057444,0.86598,0.03251,7
0.5,0.0000,1.421000,0.00000e+00,0.419472,0.467247,0.314495,0.564677,1.574373,0.666517,0.224310,1.059679,0.86588,0.03175,7
0.5,0.0000,1.422000,0.00000e+00,0.420437,0.467548,0.315140,0.566773,1.575482,0.666697,0.224686,1.061919,0.86577,0.03098,7
0.5,0.0000,1.423000,0.00000e+00,0.421404,0.467848,0.315786,0.568875,1.576592,0.666877,0.225063,1.064162,0.86566,0.03020,7
0.5,0.0000,1.424000,0.00000e+00,0.422372,0.468148,0.316433,0.570984,1.577703,0.667057,0.225440,1.066410,0.86555,0.02941,7
0.5,0.0000,1.425000,0.00000e+00,0.423341,0.468448,0.317081,0.573098,1.578816,0.667236,0.225818,1.068661,0.86545,0.02862,7
0.5,0.0000,1.426000,0.00000e+00,0.424312,0.468748,0.317729,0.575219,1.579930,0.667416,0.226196,1.070917,0.86534,0.02782,7
0.5,0.0000,1.427000,0.00000e+00,0.425285,0.469048,0.318379,0.577346,1.581045,0.667595,0.226574,1.073176,0.86523,0.02701,7
0.5,0.0000,1.428000,0.00000e+00,0.426259,0.469348,0.319029,0.579480,1.582162,0.667774,0.226952,1.075440,0.86512,0.02620,7
0.5,0.0000,1.429000,0.00000e+00,0.427234,0.469648,0.319680,0.581619,1.583280,0.667953,0.227331,1.077707,0.86502,0.02538,7
0.5,0.0000,1.430000,0.00000e+00,0.428211,0.469948,0.320332,0.583765,1.584399,0.668132,0.227711,1.079979,0.86491,0.02456,7
0.5,0.0000,1.431000,0.00000e+00,0.429189,0.470248,0.320985,0.585918,1.585519,0.668311,0.228090,1.082255,0.86480,0.02372,7
0.5,0.0000,1.432000,0.00000e+00,0.430169,0.470548,0.321639,0.588076,1.586641,0.668490,0.228470,1.084535,0.86470,0.02288,7
0.5,0.0000,1.433000,0.00000e+00,0.431150,0.470847,0.322293,0.590241,1.587764,0.668668,0.228850,1.086819,0.86459,0.02203,7
0.5,0.0000,1.434000,0.00000e+00,0.432132,0.471147,0.322949,0.592412,1.588888,0.668847,0.229231,1.089107,0.86449,0.02118,7
0.5,0.0000,1.435000,0.00000e+00,0.433117,0.471447,0.323605,0.594590,1.590014,0.669025,0.229612,1.091399,0.86438,0.02032,7
0.5,0.0000,1.436000,0.00000e+00,0.434102,0.471746,0.324262,0.596773,1.591141,0.669203,0.229993,1.093695,0.86428,0.01945,7
0.5,0.0000,1.437000,0.00000e+00,0.435089,0.472046,0.324920,0.598964,1.592269,0.669381,0.230375,1.095995,0.86417,0.01857,7
0.5,0.0000,1.438000,0.00000e+00,0.436077,0.472345,0.325579,0.601160,1.593398,0.669559,0.230757,1.098300,0.86406,0.01769,7
0.5,0.0000,1.439000,0.00000e+00,0.437067,0.472645,0.326239,0.603363,1.594529,0.669736,0.231140,1.100608,0.86396,0.01680,7
0.5,0.0000,1.440000,0.00000e+00,0.438059,0.472944,0.326899,0.605572,1.595661,0.669914,0.231522,1.102921,0.86385,0.01590,7
0.5,0.0000,1.441000,0.00000e+00,0.439051,0.473244,0.327561,0.607788,1.596794,0.670091,0.231905,1.105237,0.86375,0.01499,7
0.5,0.0000,1.442000,0.00000e+00,0.440046,0.473543,0.328223,0.610010,1.597929,0.670269,0.232289,1.107558,0.86365,0.01408,7
0.5,0.0000,1.443000,0.00000e+00,0.441041,0.473842,0.328886,0.612239,1.599064,0.670446,0.232673,1.109883,0.86354,0.01316,7
0.5,0.0000,1.444000,0.00000e+00,0.442038,0.474141,0.329550,0.614474,1.600201,0.670623,0.233057,1.112212,0.86344,0.01223,7
0.5,0.0000,1.445000,0.00000e+00,0.443037,0.474440,0.330215,0.616715,1.601340,0.670800,0.233441,1.114546,0.86333,0.01130,7
0.5,0.0000,1.446000,0.00000e+00,0.444037,0.474740,0.330880,0.618963,1.602479,0.670977,0.233826,1.116883,0.86323,0.01035,7
0.5,0.0000,1.447000,0.00000e+00,0.445039,0.475039,0.331547,0.621217,1.603620,0.671153,0.234211,1.119225,0.86312,0.00940,7
0.5,0.0000,1.448000,0.00000e+00,0.446042,0.475337,0.332214,0.623478,1.604762,0.671330,0.234597,1.121570,0.86302,0.00844,7
0.5,0.0000,1.449000,0.00000e+00,0.447046,0.475636,0.332882,0.625745,1.605906,0.671506,0.234983,1.123920,0.86292,0.00748,7
0.5,0.0000,1.450000,0.00000e+00,0.448052,0.475935,0.333551,0.628019,1.607050,0.671682,0.235369,1.126274,0.86281,0.00650,7
0.5,0.0000,1.451000,0.00000e+00,0.449059,0.476234,0.334221,0.630299,1.608196,0.671859,0.235755,1.128633,0.86271,0.00552,7
0.5,0.0000,1.452000,0.00000e+00,0.450068,0.476532,0.334892,0.632586,1.609343,0.672034,0.236142,1.130995,0.86261,0.00453,7
0.5,0.0000,1.453000,0.00000e+00,0.451078,0.476831,0.335563,0.634880,1.610492,0.672210,0.236529,1.133362,0.86250,0.00353,7
0.5,0.0000,1.454000,0.00000e+00,0.452089,0.477130,0.336236,0.637180,1.611642,0.672386,0.236917,1.135732,0.86240,0.00252,7
0.5,0.0000,1.455000,0.00000e+00,0.453102,0.477428,0.336909,0.639486,1.612793,0.672561,0.237305,1.138107,0.86230,0.00151,7
0.5,0.0000,1.456000,0.00000e+00,0.454117,0.477726,0.337583,0.641799,1.613945,0.672737,0.237693,1.140487,0.86220,0.00049,7
0.5,0.0000,1.457000,0.00000e+00,0.455133,0.478025,0.338258,0.644119,1.615098,0.672912,0.238082,1.142870,0.86209,-0.00054,7
0.5,0.0000,1.458000,0.00000e+00,0.456150,0.478323,0.338934,0.646445,1.616253,0.673087,0.238471,1.145258,0.86199,-0.00158,7
0.5,0.0000,1.459000,0.00000e+00,0.457169,0.478621,0.339611,0.648778,1.617409,0.673262,0.238860,1.147649,0.86189,-0.00263,7
0.5,0.0000,1.460000,0.00000e+00,0.458189,0.478919,0.340288,0.651117,1.618566,0.673437,0.239250,1.150045,0.86179,-0.00368,7
0.5,0.0000,1.461000,0.00000e+00,0.459211,0.479217,0.340966,0.653464,1.619725,0.673612,0.239640,1.152446,0.86169,-0.00474,7
0.5,0.0000,1.462000,0.00000e+00,0.460234,0.479515,0.341646,0.655816,1.620885,0.673786,0.240030,1.154850,0.86159,-0.00582,7
0.5,0.0000,1.463000,0.00000e+00,0.461259,0.479813,0.342326,0.658176,1.622046,0.673961,0.240421,1.157259,0.86148,-0.00690,7
0.5,0.0000,1.464000,0.00000e+00,0.462285,0.480111,0.343007,0.660542,1.623208,0.674135,0.240812,1.159672,0.86138,-0.00798,7
0.5,0.0000,1.465000,0.00000e+00,0.463312,0.480409,0.343688,0.662915,1.624372,0.674309,0.241203,1.162089,0.86128,-0.00908,7
0.5,0.0000,1.466000,0.00000e+00,0.464341,0.480706,0.344371,0.665294,1.625536,0.674483,0.241595,1.164510,0.86118,-0.01019,7
0.5,0.0000,1.467000,0.00000e+00,0.465371,0.481004,0.345054,0.667680,1.626703,0.674657,0.241987,1.166936,0.86108,-0.01130,7
0.5,0.0000,1.468000,0.00000e+00,0.466403,0.481301,0.345739,0.670073,1.627870,0.674830,0.242379,1.169366,0.86098,-0.01242,7
0.5,0.0000,1.469000,0.00000e+00,0.467436,0.481599,0.346424,0.672473,1.629038,0.675004,0.242772,1.171800,0.86088,-0.01355,7
0.5,0.0000,1.470000,0.00000e+00,0.468471,0.481896,0.347110,0.674879,1.630208,0.675177,0.243165,1.174239,0.86078,-0.01469,7
0.5,0.0000,1.471000,0.00000e+00,0.469507,0.482193,0.347796,0.677292,1.631379,0.675350,0.243558,1.176682,0.86068,-0.01584,7
0.5,0.0000,1.472000,0.00000e+00,0.470544,0.482490,0.348484,0.679712,1.632552,0.675523,0.243952,1.179129,0.86058,-0.01700,7
0.5,0.0000,1.473000,0.00000e+00,0.471583,0.482787,0.349173,0.682138,1.633725,0.675696,0.244346,1.181580,0.86048,-0.01816,7
0.5,0.0000,1.474000,0.00000e+00,0.472623,0.483084,0.349862,0.684572,1.634900,0.675869,0.244741,1.184036,0.86038,-0.01934,7
0.5,0.0000,1.475000,0.00000e+00,0.473665,0.483381,0.350552,0.687012,1.636076,0.676042,0.245136,1.186496,0.86028,-0.02052,7
0.5,0.0000,1.476000,0.00000e+00,0.474708,0.483678,0.351243,0.689459,1.637253,0.676214,0.245531,1.188960,0.86018,-0.02172,7
0.5,0.0000,1.477000,0.00000e+00,0.475753,0.483974,0.351935,0.691913,1.638432,0.676386,0.245926,1.191429,0.86008,-0.02292,7
0.5,0.0000,1.478000,0.00000e+00,0.476799,0.484271,0.352627,0.694373,1.639612,0.676559,0.246322,1.193902,0.85998,-0.02413,7
0.5,0.0000,1.479000,0.00000e+00,0.477847,0.484568,0.353321,0.696841,1.640793,0.676731,0.246718,1.196379,0.85988,-0.02535,7
0.5,0.0000,1.480000,0.00000e+00,0.478896,0.484864,0.354015,0.699315,1.641975,0.676903,0.247115,1.198861,0.85979,-0.02658,7
0.5,0.0000,1.481000,0.00000e+00,0.479946,0.485160,0.354711,0.701796,1.643159,0.677074,0.247511,1.201347,0.85969,-0.02782,7
0.5,0.0000,1.482000,0.00000e+00,0.480998,0.485456,0.355407,0.704284,1.644343,0.677246,0.247909,1.203837,0.85959,-0.02907,7
0.5,0.0000,1.483000,0.00000e+00,0.482051,0.485753,0.356103,0.706779,1.645529,0.677417,0.248306,1.206332,0.85949,-0.03032,7
0.5,0.0000,1.484000,0.00000e+00,0.483105,0.486049,0.356801,0.709281,1.646717,0.677588,0.248704,1.208831,0.85939,-0.03159,7
0.5,0.0000,1.485000,0.00000e+00,0.484161,0.486345,0.357500,0.711790,1.647905,0.677760,0.249102,1.211334,0.85930,-0.03287,7
0.5,0.0000,1.486000,0.00000e+00,0.485219,0.486640,0.358199,0.714306,1.649095,0.677931,0.249501,1.213842,0.85920,-0.03415,7
0.5,0.0000,1.487000,0.00000e+00,0.486278,0.486936,0.358899,0.716828,1.650286,0.678101,0.249899,1.216354,0.85910,-0.03545,7
0.5,0.0000,1.488000,0.00000e+00,0.487338,0.487232,0.359600,0.719358,1.651478,0.678272,0.250299,1.218870,0.85900,-0.03675,7
0.5,0.0000,1.489000,0.00000e+00,0.488400,0.487527,0.360302,0.721894,1.652671,0.678442,0.250698,1.221391,0.85891,-0.03807,7
0.5,0.0000,1.490000,0.00000e+00,0.489463,0.487823,0.361005,0.724438,1.653866,0.678613,0.251098,1.223916,0.85881,-0.03939,7
0.5,0.0000,1.491000,0.00000e+00,0.490527,0.488118,0.361709,0.726988,1.655062,0.678783,0.251498,1.226446,0.85871,-0.04073,7
0.5,0.0000,1.492000,0.00000e+00,0.491593,0.488413,0.362413,0.729546,1.656259,0.678953,0.251899,1.228980,0.85862,-0.04207,7
0.5,0.0000,1.493000,0.00000e+00,0.492661,0.488708,0.363118,0.732111,1.657458,0.679123,0.252300,1.231518,0.85852,-0.04342,8
0.5,0.0000,1.494000,0.00000e+00,0.493730,0.489003,0.363824,0.734682,1.658658,0.679293,0.252701,1.234061,0.85842,-0.04479,8
0.5,0.0000,1.495000,0.00000e+00,0.494800,0.489298,0.364531,0.737260,1.659858,0.679462,0.253102,1.236608,0.85833,-0.04616,8
0.5,0.0000,1.496000,0.00000e+00,0.495872,0.489593,0.365239,0.739846,1.661060,0.679632,0.253504,1.239160,0.85823,-0.04754,8
0.5,0.0000,1.497000,0.00000e+00,0.496945,0.489888,0.365948,0.742439,1.662264,0.679801,0.253907,1.241716,0.85813,-0.04894,8
0.5,0.0000,1.498000,0.00000e+00,0.498019,0.490182,0.366657,0.745038,1.663468,0.679970,0.254309,1.244276,0.85804,-0.05034,8
0.5,0.0000,1.499000,0.00000e+00,0.499095,0.490477,0.367367,0.747645,1.664674,0.680139,0.254712,1.246841,0.85794,-0.05176,8
0.5,0.0000,1.500000,0.00000e+00,0.500172,0.490771,0.368078,0.750259,1.665881,0.680308,0.255115,1.249411,0.85785,-0.05318,8
0.5,0.0000,1.501000,0.00000e+00,0.501251,0.491065,0.368790,0.752880,1.667089,0.680476,0.255519,1.251984,0.85775,-0.05461,8
0.5,0.0000,1.502000,0.00000e+00,0.502331,0.491359,0.369503,0.755508,1.668298,0.680645,0.255923,1.254563,0.85766,-0.05606,8
0.5,0.0000,1.503000,0.00000e+00,0.503413,0.491653,0.370216,0.758143,1.669509,0.680813,0.256327,1.257145,0.85756,-0.05751,8
0.5,0.0000,1.504000,0.00000e+00,0.504496,0.491947,0.370931,0.760785,1.670721,0.680981,0.256732,1.259732,0.85747,-0.05898,8
0.5,0.0000,1.505000,0.00000e+00,0.505580,0.492241,0.371646,0.763434,1.671934,0.681149,0.257137,1.262324,0.85737,-0.06046,8
0.5,0.0000,1.506000,0.00000e+00,0.506666,0.492535,0.372362,0.766091,1.673148,0.681317,0.257542,1.264920,0.85728,-0.06194,8
0.5,0.0000,1.507000,0.00000e+00,0.507753,0.492828,0.373079,0.768754,1.674363,0.681484,0.257947,1.267520,0.85718,-0.06344,8
0.5,0.0000,1.508000,0.00000e+00,0.508841,0.493121,0.373797,0.771425,1.675580,0.681652,0.258353,1.270125,0.85709,-0.06495,8
0.5,0.0000,1.509000,0.00000e+00,0.509931,0.493415,0.374515,0.774103,1.676798,0.681819,0.258760,1.272735,0.85700,-0.06647,8
0.5,0.0000,1.510000,0.00000e+00,0.511023,0.493708,0.375234,0.776789,1.678017,0.681986,0.259166,1.275349,0.85690,-0.06800,8
0.5,0.0000,1.511000,0.00000e+00,0.512115,0.494001,0.375955,0.779481,1.679237,0.682153,0.259573,1.277967,0.85681,-0.06954,8
0.5,0.0000,1.512000,0.00000e+00,0.513210,0.494294,0.376676,0.782181,1.680459,0.682320,0.259980,1.280590,0.85671,-0.07109,8
0.5,0.0000,1.513000,0.00000e+00,0.514305,0.494587,0.377397,0.784888,1.681682,0.682487,0.260388,1.283218,0.85662,-0.07265,8
0.5,0.0000,1.514000,0.00000e+00,0.515402,0.494879,0.378120,0.787602,1.682906,0.682653,0.260796,1.285850,0.85653,-0.07422,8
0.5,0.0000,1.515000,0.00000e+00,0.516500,0.495172,0.378844,0.790323,1.684131,0.682820,0.261204,1.288486,0.85644,-0.07581,8
0.5,0.0000,1.516000,0.00000e+00,0.517600,0.495464,0.379568,0.793052,1.685357,0.682986,0.261613,1.291127,0.85634,-0.07740,8
0.5,0.0000,1.517000,0.00000e+00,0.518701,0.495757,0.380293,0.795788,1.686585,0.683152,0.262022,1.293773,0.85625,-0.07901,8
0.5,0.0000,1.518000,0.00000e+00,0.519804,0.496049,0.381019,0.798531,1.687814,0.683318,0.262431,1.296423,0.85616,-0.08062,8
0.5,0.0000,1.519000,0.00000e+00,0.520908,0.496341,0.381746,0.801281,1.689044,0.683483,0.262840,1.299078,0.85606,-0.08225,8
0.5,0.0000,1.520000,0.00000e+00,0.522013,0.496633,0.382473,0.804039,1.690275,0.683649,0.263250,1.301737,0.85597,-0.08389,8
0.5,0.0000,1.521000,0.00000e+00,0.523120,0.496924,0.383202,0.806804,1.691507,0.683814,0.263661,1.304401,0.85588,-0.08555,8
0.5,0.0000,1.522000,0.00000e+00,0.524228,0.497216,0.383931,0.809577,1.692741,0.683979,0.264071,1.307069,0.85579,-0.08721,8
0.5,0.0000,1.523000,0.00000e+00,0.525337,0.497508,0.384661,0.812357,1.693975,0.684144,0.264482,1.309742,0.85570,-0.08888,8
0.5,0.0000,1.524000,0.00000e+00,0.526448,0.497799,0.385392,0.815144,1.695211,0.684309,0.264893,1.312419,0.85561,-0.09057,8
0.5,0.0000,1.525000,0.00000e+00,0.527561,0.498090,0.386124,0.817939,1.696449,0.684474,0.265305,1.315101,0.85551,-0.09227,8
0.5,0.0000,1.526000,0.00000e+00,0.528674,0.498381,0.386856,0.820741,1.697687,0.684638,0.265717,1.317788,0.85542,-0.09398,8
0.5,0.0000,1.527000,0.00000e+00,0.529789,0.498672,0.387590,0.823550,1.698927,0.684803,0.266129,1.320479,0.85533,-0.09570,8
0.5,0.0000,1.528000,0.00000e+00,0.530906,0.498963,0.388324,0.826367,1.700167,0.684967,0.266542,1.323175,0.85524,-0.09743,8
0.5,0.0000,1.529000,0.00000e+00,0.532023,0.499254,0.389059,0.829191,1.701409,0.685131,0.266955,1.325875,0.85515,-0.09917,8
0.5,0.0000,1.530000,0.00000e+00,0.533143,0.499545,0.389795,0.832022,1.702653,0.685295,0.267368,1.328580,0.85506,-0.10093,8
0.5,0.0000,1.531000,0.00000e+00,0.534263,0.499835,0.390531,0.834862,1.703897,0.685458,0.267781,1.331289,0.85497,-0.10270,8
0.5,0.0000,1.532000,0.00000e+00,0.535385,0.500125,0.391269,0.837708,1.705142,0.685622,0.268195,1.334003,0.85488,-0.10448,8
0.5,0.0000,1.533000,0.00000e+00,0.536509,0.500415,0.392007,0.840562,1.706389,0.685785,0.268609,1.336722,0.85479,-0.10627,8
0.5,0.0000,1.534000,0.00000e+00,0.537633,0.500705,0.392746,0.843423,1.707637,0.685948,0.269024,1.339446,0.85470,-0.10808,8
0.5,0.0000,1.535000,0.00000e+00,0.538759,0.500995,0.393486,0.846292,1.708886,0.686111,0.269439,1.342174,0.85461,-0.10990,8
0.5,0.0000,1.536000,0.00000e+00,0.539887,0.501285,0.394227,0.849169,1.710137,0.686274,0.269854,1.344906,0.85452,-0.11173,8
0.5,0.0000,1.537000,0.00000e+00,0.541016,0.501575,0.394968,0.852053,1.711388,0.686437,0.270270,1.347643,0.85443,-0.11357,8
0.5,0.0000,1.538000,0.00000e+00,0.542146,0.501864,0.395710,0.854944,1.712641,0.686599,0.270685,1.350385,0.85434,-0.11542,8
0.5,0.0000,1.539000,0.00000e+00,0.543278,0.502153,0.396454,0.857843,1.713895,0.686762,0.271102,1.353132,0.85425,-0.11729,8
0.5,0.0000,1.540000,0.00000e+00,0.544411,0.502443,0.397198,0.860750,1.715150,0.686924,0.271518,1.355883,0.85416,-0.11917,8
0.5,0.0000,1.541000,0.00000e+00,0.545545,0.502732,0.397942,0.863664,1.716406,0.687086,0.271935,1.358639,0.85407,-0.12106,9
0.5,0.0000,1.542000,0.00000e+00,0.546681,0.503020,0.398688,0.866586,1.717663,0.687248,0.272352,1.361399,0.85398,-0.12297,9
0.5,0.0000,1.543000,0.00000e+00,0.547818,0.503309,0.399434,0.869515,1.718922,0.687409,0.272770,1.364165,0.85390,-0.12488,9
0.5,0.0000,1.544000,0.00000e+00,0.548957,0.503598,0.400182,0.872452,1.720182,0.687571,0.273187,1.366934,0.85381,-0.12681,9
0.5,0.0000,1.545000,0.00000e+00,0.550096,0.503886,0.400930,0.875396,1.721443,0.687732,0.273606,1.369709,0.85372,-0.12876,9
0.5,0.0000,1.546000,0.00000e+00,0.551238,0.504175,0.401679,0.878348,1.722705,0.687893,0.274024,1.372488,0.85363,-0.13071,9
0.5,0.0000,1.547000,0.00000e+00,0.552380,0.504463,0.402428,0.881308,1.723968,0.688054,0.274443,1.375272,0.85354,-0.13268,9
0.5,0.0000,1.548000,0.00000e+00,0.553524,0.504751,0.403179,0.884275,1.725233,0.688215,0.274862,1.378061,0.85345,-0.13466,9
0.5,0.0000,1.549000,0.00000e+00,0.554670,0.505038,0.403930,0.887250,1.726498,0.688375,0.275281,1.380854,0.85337,-0.13666,9
0.5,0.0000,1.550000,0.00000e+00,0.555816,0.505326,0.404682,0.890232,1.727765,0.688536,0.275701,1.383652,0.85328,-0.13867,9
0.5,0.0000,1.551000,0.00000e+00,0.556964,0.505614,0.405435,0.893223,1.729033,0.688696,0.276121,1.386455,0.85319,-0.14069,9
0.5,0.0000,1.552000,0.00000e+00,0.558114,0.505901,0.406189,0.896220,1.730302,0.688856,0.276542,1.389262,0.85311,-0.14272,9
0.5,0.0000,1.553000,0.00000e+00,0.559265,0.506188,0.406943,0.899226,1.731573,0.689016,0.276963,1.392074,0.85302,-0.14477,9
0.5,0.0000,1.554000,0.00000e+00,0.560417,0.506475,0.407698,0.902239,1.732844,0.689176,0.277384,1.394891,0.85293,-0.14683,9
0.5,0.0000,1.555000,0.00000e+00,0.561570,0.506762,0.408455,0.905260,1.734117,0.689335,0.277805,1.397713,0.85284,-0.14891,9
0.5,0.0000,1.556000,0.00000e+00,0.562725,0.507049,0.409211,0.908289,1.735391,0.689495,0.278227,1.400539,0.85276,-0.15100,9
0.5,0.0000,1.557000,0.00000e+00,0.563881,0.507335,0.409969,0.911326,1.736666,0.689654,0.278649,1.403370,0.85267,-0.15310,9
0.5,0.0000,1.558000,0.00000e+00,0.565039,0.507622,0.410728,0.914370,1.737942,0.689813,0.279071,1.406206,0.85259,-0.15521,9
0.5,0.0000,1.559000,0.00000e+00,0.566198,0.507908,0.411487,0.917422,1.739219,0.689972,0.279494,1.409046,0.85250,-0.15734,9
0.5,0.0000,1.560000,0.00000e+00,0.567358,0.508194,0.412247,0.920482,1.740498,0.690130,0.279917,1.411892,0.85241,-0.15949,9
0.5,0.0000,1.561000,0.00000e+00,0.568520,0.508480,0.413008,0.923549,1.741777,0.690289,0.280340,1.414742,0.85233,-0.16164,9
0.5,0.0000,1.562000,0.00000e+00,0.569683,0.508766,0.413770,0.926625,1.743058,0.690447,0.280764,1.417597,0.85224,-0.16382,9
0.5,0.0000,1.563000,0.00000e+00,0.570847,0.509052,0.414532,0.929708,1.744340,0.690605,0.281188,1.420456,0.85216,-0.16600,9
0.5,0.0000,1.564000,0.00000e+00,0.572013,0.509337,0.415296,0.932799,1.745623,0.690763,0.281612,1.423321,0.85207,-0.16820,9
0.5,0.0000,1.565000,0.00000e+00,0.573180,0.509622,0.416060,0.935898,1.746908,0.690921,0.282037,1.426190,0.85199,-0.17042,9
0.5,0.0000,1.566000,0.00000e+00,0.574348,0.509908,0.416825,0.939004,1.748193,0.691079,0.282462,1.429064,0.85190,-0.17264,9
0.5,0.0000,1.567000,0.00000e+00,0.575518,0.510193,0.417591,0.942119,1.749480,0.691236,0.282887,1.431943,0.85182,-0.17489,9
0.5,0.0000,1.568000,0.00000e+00,0.576689,0.510477,0.418357,0.945241,1.750768,0.691393,0.283313,1.434826,0.85173,-0.17714,9
0.5,0.0000,1.569000,0.00000e+00,0.577861,0.510762,0.419125,0.948371,1.752057,0.691551,0.283739,1.437715,0.85165,-0.17941,9
0.5,0.0000,1.570000,0.00000e+00,0.579035,0.511046,0.419893,0.951509,1.753347,0.691707,0.284165,1.440608,0.85156,-0.18170,9
0.5,0.0000,1.571000,0.00000e+00,0.580210,0.511331,0.420662,0.954655,1.754638,0.691864,0.284592,1.443506,0.85148,-0.18400,9
0.5,0.0000,1.572000,0.00000e+00,0.581387,0.511615,0.421432,0.957809,1.755930,0.692021,0.285018,1.446409,0.85139,-0.18631,9
0.5,0.0000,1.573000,0.00000e+00,0.582565,0.511899,0.422202,0.960971,1.757224,0.692177,0.285446,1.449317,0.85131,-0.18864,9
0.5,0.0000,1.574000,0.00000e+00,0.583744,0.512183,0.422973,0.964141,1.758519,0.692333,0.285873,1.452229,0.85123,-0.19099,9
0.5,0.0000,1.575000,0.00000e+00,0.584924,0.512466,0.423746,0.967319,1.759814,0.692489,0.286301,1.455147,0.85114,-0.19335,9
0.5,0.0000,1.576000,0.00000e+00,0.586106,0.512750,0.424519,0.970504,1.761111,0.692645,0.286729,1.458069,0.85106,-0.19572,9
0.5,0.0000,1.577000,0.00000e+00,0.587289,0.513033,0.425292,0.973698,1.762409,0.692801,0.287158,1.460996,0.85098,-0.19811,9
0.5,0.0000,1.578000,0.00000e+00,0.588474,0.513316,0.426067,0.976899,1.763709,0.692956,0.287587,1.463928,0.85089,-0.20052,9
0.5,0.0000,1.579000,0.00000e+00,0.589660,0.513599,0.426842,0.980109,1.765009,0.693112,0.288016,1.466864,0.85081,-0.20293,9
0.5,0.0000,1.580000,0.00000e+00,0.590847,0.513882,0.427618,0.983327,1.766311,0.693267,0.288445,1.469806,0.85073,-0.20537,9
0.5,0.0000,1.581000,0.00000e+00,0.592035,0.514164,0.428395,0.986552,1.767613,0.693422,0.288875,1.472753,0.85065,-0.20782,9
0.5,0.0000,1.582000,0.00000e+00,0.593225,0.514447,0.429173,0.989786,1.768917,0.693576,0.289305,1.475704,0.85056,-0.21029,9
0.5,0.0000,1.583000,0.00000e+00,0.594416,0.514729,0.429951,0.993027,1.770222,0.693731,0.289735,1.478660,0.85048,-0.21277,9
0.5,0.0000,1.584000,0.00000e+00,0.595609,0.515011,0.430731,0.996277,1.771528,0.693885,0.290166,1.481621,0.85040,-0.21526,9
0.5,0.0000,1.585000,0.00000e+00,0.596803,0.515293,0.431511,0.999535,1.772836,0.694040,0.290597,1.484587,0.85032,-0.21777,9
0.5,0.0000,1.586000,0.00000e+00,0.597998,0.515575,0.432292,1.002801,1.774144,0.694194,0.291029,1.487558,0.85023,-0.22030,9
0.5,0.0000,1.587000,0.00000e+00,0.599194,0.515856,0.433073,1.006075,1.775454,0.694347,0.291460,1.490534,0.85015,-0.22285,9
0.5,0.0000,1.588000,0.00000e+00,0.600392,0.516138,0.433856,1.009357,1.776764,0.694501,0.291892,1.493515,0.85007,-0.22540,9
0.5,0.0000,1.589000,0.00000e+00,0.601591,0.516419,0.434639,1.012647,1.778076,0.694655,0.292325,1.496500,0.84999,-0.22798,9
0.5,0.0000,1.590000,0.00000e+00,0.602792,0.516700,0.435423,1.015945,1.779389,0.694808,0.292757,1.499491,0.84991,-0.23057,9
0.5,0.0000,1.591000,0.00000e+00,0.603993,0.516981,0.436208,1.019251,1.780703,0.694961,0.293190,1.502487,0.84983,-0.23318,9
0.5,0.0000,1.592000,0.00000e+00,0.605196,0.517261,0.436994,1.022566,1.782018,0.695114,0.293624,1.505487,0.84975,-0.23580,9
0.5,0.0000,1.593000,0.00000e+00,0.606401,0.517542,0.437780,1.025888,1.783334,0.695267,0.294057,1.508492,0.84967,-0.23844,9
0.5,0.0000,1.594000,0.00000e+00,0.607607,0.517822,0.438567,1.029219,1.784652,0.695419,0.294491,1.511503,0.84958,-0.24110,9
0.5,0.0000,1.595000,0.00000e+00,0.608814,0.518102,0.439355,1.032558,1.785970,0.695572,0.294925,1.514518,0.84950,-0.24377,9
0.5,0.0000,1.596000,0.00000e+00,0.610022,0.518382,0.440144,1.035905,1.787290,0.695724,0.295360,1.517538,0.84942,-0.24646,9
0.5,0.0000,1.597000,0.00000e+00,0.611232,0.518662,0.440933,1.039260,1.788611,0.695876,0.295795,1.520563,0.84934,-0.24916,9
0.5,0.0000,1.598000,0.00000e+00,0.612443,0.518942,0.441724,1.042624,1.789933,0.696028,0.296230,1.523593,0.84926,-0.25188,9
0.5,0.0000,1.599000,0.00000e+00,0.613655,0.519221,0.442515,1.045996,1.791256,0.696179,0.296665,1.526628,0.84918,-0.25462,9
0.5,0.0000,1.600000,0.00000e+00,0.614869,0.519500,0.443307,1.049376,1.792580,0.696331,0.297101,1.529668,0.84910,-0.25737,9
0.5,0.0000,1.601000,0.00000e+00,0.616083,0.519779,0.444099,1.052764,1.793906,0.696482,0.297537,1.532713,0.84902,-0.26015,9
0.5,0.0000,1.602000,0.00000e+00,0.617300,0.520058,0.444893,1.056160,1.795232,0.696633,0.297974,1.535763,0.84895,-0.26293,9
0.5,0.0000,1.603000,0.00000e+00,0.618517,0.520337,0.445687,1.059565,1.796559,0.696784,0.298411,1.538818,0.84887,-0.26574,9
0.5,0.0000,1.604000,0.00000e+00,0.619736,0.520615,0.446482,1.062978,1.797888,0.696935,0.298848,1.541878,0.84879,-0.26856,9
0.5,0.0000,1.605000,0.00000e+00,0.620956,0.520893,0.447278,1.066399,1.799218,0.697086,0.299285,1.544943,0.84871,-0.27140,9
0.5,0.0000,1.606000,0.00000e+00,0.622178,0.521171,0.448075,1.069829,1.800549,0.697236,0.299723,1.548013,0.84863,-0.27426,9
0.5,0.0000,1.607000,0.00000e+00,0.623400,0.521449,0.448872,1.073267,1.801881,0.697386,0.300161,1.551088,0.84855,-0.27713,9
0.5,0.0000,1.608000,0.00000e+00,0.624625,0.521727,0.449670,1.076713,1.803214,0.697536,0.300599,1.554168,0.84847,-0.28002,9
0.5,0.0000,1.609000,0.00000e+00,0.625850,0.522004,0.450469,1.080167,1.804548,0.697686,0.301038,1.557254,0.84839,-0.28293,9
0.5,0.0000,1.610000,0.00000e+00,0.627077,0.522282,0.451269,1.083630,1.805884,0.697836,0.301477,1.560344,0.84832,-0.28586,9
0.5,0.0000,1.611000,0.00000e+00,0.628305,0.522559,0.452069,1.087101,1.807220,0.697985,0.301916,1.563439,0.84824,-0.28880,9
0.5,0.0000,1.612000,0.00000e+00,0.629534,0.522836,0.452870,1.090581,1.808558,0.698135,0.302356,1.566539,0.84816,-0.29176,9
0.5,0.0000,1.613000,0.00000e+00,0.630764,0.523112,0.453672,1.094069,1.809896,0.698284,0.302795,1.569644,0.84808,-0.29474,9
0.5,0.0000,1.614000,0.00000e+00,0.631996,0.523389,0.454475,1.097565,1.811236,0.698433,0.303236,1.572754,0.84800,-0.29774,9
0.5,0.0000,1.615000,0.00000e+00,0.633229,0.523665,0.455279,1.101070,1.812577,0.698581,0.303676,1.575869,0.84793,-0.30076,9
0.5,0.0000,1.616000,0.00000e+00,0.634464,0.523941,0.456083,1.104583,1.813919,0.698730,0.304117,1.578990,0.84785,-0.30379,9
0.5,0.0000,1.617000,0.00000e+00,0.635700,0.524217,0.456888,1.108105,1.815262,0.698878,0.304558,1.582115,0.84777,-0.30684,9
0.5,0.0000,1.618000,0.00000e+00,0.636937,0.524493,0.457694,1.111634,1.816606,0.699026,0.305000,1.585246,0.84770,-0.30991,9
0.5,0.0000,1.619000,0.00000e+00,0.638175,0.524769,0.458501,1.115173,1.817951,0.699174,0.305441,1.588381,0.84762,-0.31300,9
0.5,0.0000,1.620000,0.00000e+00,0.639415,0.525044,0.459308,1.118720,1.819298,0.699322,0.305883,1.591522,0.84754,-0.31610,9
0.5,0.0000,1.621000,0.00000e+00,0.640656,0.525319,0.460117,1.122275,1.820645,0.699470,0.306326,1.594667,0.84746,-0.31923,9
0.5,0.0000,1.622000,0.00000e+00,0.641898,0.525594,0.460926,1.125839,1.821994,0.699617,0.306769,1.597818,0.84739,-0.32237,9
0.5,0.0000,1.623000,0.00000e+00,0.643141,0.525869,0.461735,1.129411,1.823344,0.699764,0.307212,1.600974,0.84731,-0.32553,9
0.5,0.0000,1.624000,0.00000e+00,0.644386,0.526143,0.462546,1.132992,1.824694,0.699911,0.307655,1.604135,0.84724,-0.32871,9
0.5,0.0000,1.625000,0.00000e+00,0.645632,0.526418,0.463357,1.136581,1.826046,0.700058,0.308099,1.607301,0.84716,-0.33191,9
0.5,0.0000,1.626000,0.00000e+00,0.646879,0.526692,0.464169,1.140179,1.827399,0.700205,0.308543,1.610472,0.84708,-0.33513,9
0.5,0.0000,1.627000,0.00000e+00,0.648128,0.526966,0.464982,1.143785,1.828753,0.700352,0.308987,1.613649,0.84701,-0.33836,9
0.5,0.0000,1.628000,0.00000e+00,0.649378,0.527240,0.465796,1.147400,1.830109,0.700498,0.309431,1.616830,0.84693,-0.34162,9
0.5,0.0000,1.629000,0.00000e+00,0.650629,0.527513,0.466610,1.151024,1.831465,0.700644,0.309876,1.620017,0.84686,-0.34489,9
0.5,0.0000,1.630000,0.00000e+00,0.651881,0.527787,0.467425,1.154656,1.832822,0.700790,0.310321,1.623208,0.84678,-0.34819,9
0.5,0.0000,1.631000,0.00000e+00,0.653135,0.528060,0.468241,1.158296,1.834181,0.700936,0.310767,1.626405,0.84671,-0.35150,9
0.5,0.0000,1.632000,0.00000e+00,0.654390,0.528333,0.469058,1.161946,1.835540,0.701081,0.311213,1.629607,0.84663,-0.35483,9
0.5,0.0000,1.633000,0.00000e+00,0.655646,0.528606,0.469876,1.165603,1.836901,0.701227,0.311659,1.632814,0.84656,-0.35818,9
0.5,0.0000,1.634000,0.00000e+00,0.656904,0.528878,0.470694,1.169270,1.838263,0.701372,0.312105,1.636027,0.84648,-0.36155,9
0.5,0.0000,1.635000,0.00000e+00,0.658163,0.529150,0.471513,1.172945,1.839625,0.701517,0.312552,1.639244,0.84641,-0.36495,9
0.5,0.0000,1.636000,0.00000e+00,0.659423,0.529423,0.472333,1.176628,1.840989,0.701662,0.312999,1.642467,0.84633,-0.36836,9
0.5,0.0000,1.637000,0.00000e+00,0.660684,0.529695,0.473153,1.180321,1.842354,0.701806,0.313446,1.645694,0.84626,-0.37179,9
0.5,0.0000,1.638000,0.00000e+00,0.661947,0.529966,0.473974,1.184022,1.843720,0.701951,0.313894,1.648927,0.84619,-0.37524,9
0.5,0.0000,1.639000,0.00000e+00,0.663211,0.530238,0.474796,1.187731,1.845087,0.702095,0.314342,1.652166,0.84611,-0.37871,9
0.5,0.0000,1.640000,0.00000e+00,0.664476,0.530509,0.475619,1.191450,1.846455,0.702239,0.314790,1.655409,0.84604,-0.38220,9
0.5,0.0000,1.641000,0.00000e+00,0.665742,0.530780,0.476443,1.195177,1.847825,0.702383,0.315239,1.658657,0.84596,-0.38571,9
0.5,0.0000,1.642000,0.00000e+00,0.667010,0.531051,0.477267,1.198912,1.849195,0.702527,0.315688,1.661911,0.84589,-0.38924,9
0.5,0.0000,1.643000,0.00000e+00,0.668279,0.531322,0.478092,1.202657,1.850567,0.702670,0.316137,1.665170,0.84582,-0.39279,9
0.5,0.0000,1.644000,0.00000e+00,0.669549,0.531592,0.478918,1.206410,1.851939,0.702814,0.316587,1.668434,0.84574,-0.39636,9
0.5,0.0000,1.645000,0.00000e+00,0.670821,0.531863,0.479745,1.210172,1.853313,0.702957,0.317036,1.671703,0.84567,-0.39995,9
0.5,0.0000,1.646000,0.00000e+00,0.672093,0.532133,0.480572,1.213942,1.854687,0.703100,0.317487,1.674978,0.84560,-0.40356,9
0.5,0.0000,1.647000,0.00000e+00,0.673367,0.532403,0.481400,1.217722,1.856063,0.703242,0.317937,1.678258,0.84553,-0.40720,9
0.5,0.0000,1.648000,0.00000e+00,0.674643,0.532672,0.482229,1.221510,1.857440,0.703385,0.318388,1.681543,0.84545,-0.41085,9
0.5,0.0000,1.649000,0.00000e+00,0.675919,0.532942,0.483059,1.225307,1.858818,0.703527,0.318839,1.684833,0.84538,-0.41452,9
0.5,0.0000,1.650000,0.00000e+00,0.677197,0.533211,0.483889,1.229113,1.860197,0.703670,0.319290,1.688128,0.84531,-0.41822,9
0.5,0.0000,1.651000,0.00000e+00,0.678476,0.533480,0.484720,1.232927,1.861577,0.703812,0.319742,1.691429,0.84524,-0.42194,9
0.5,0.0000,1.652000,0.00000e+00,0.679756,0.533749,0.485552,1.236750,1.862958,0.703954,0.320194,1.694735,0.84516,-0.42567,9
0.5,0.0000,1.653000,0.00000e+00,0.681038,0.534018,0.486385,1.240583,1.864340,0.704095,0.320646,1.698046,0.84509,-0.42943,9
0.5,0.0000,1.654000,0.00000e+00,0.682321,0.534286,0.487218,1.244424,1.865723,0.704237,0.321099,1.701363,0.84502,-0.43321,9
0.5,0.0000,1.655000,0.00000e+00,0.683605,0.534554,0.488052,1.248273,1.867107,0.704378,0.321551,1.704685,0.84495,-0.43701,9
0.5,0.0000,1.656000,0.00000e+00,0.684890,0.534822,0.488887,1.252132,1.868493,0.704519,0.322005,1.708012,0.84488,-0.44084,9
0.5,0.0000,1.657000,0.00000e+00,0.686176,0.535090,0.489723,1.256000,1.869879,0.704660,0.322458,1.711344,0.84481,-0.44468,9
0.5,0.0000,1.658000,0.00000e+00,0.687464,0.535357,0.490559,1.259876,1.871267,0.704801,0.322912,1.714682,0.84474,-0.44855,9
0.5,0.0000,1.659000,0.00000e+00,0.688753,0.535625,0.491397,1.263762,1.872655,0.704941,0.323366,1.718024,0.84466,-0.45243,9
0.5,0.0000,1.660000,0.00000e+00,0.690043,0.535892,0.492235,1.267656,1.874045,0.705081,0.323820,1.721373,0.84459,-0.45634,9
0.5,0.0000,1.661000,0.00000e+00,0.691335,0.536159,0.493073,1.271559,1.875435,0.705222,0.324275,1.724726,0.84452,-0.46028,9
0.5,0.0000,1.662000,0.00000e+00,0.692628,0.536425,0.493913,1.275471,1.876827,0.705362,0.324730,1.728085,0.84445,-0.46423,9
0.5,0.0000,1.663000,0.00000e+00,0.693922,0.536692,0.494753,1.279392,1.878220,0.705501,0.325185,1.731449,0.84438,-0.46821,9
0.5,0.0000,1.664000,0.00000e+00,0.695217,0.536958,0.495594,1.283322,1.879614,0.705641,0.325641,1.734818,0.84431,-0.47220,9
0.5,0.0000,1.665000,0.00000e+00,0.696513,0.537224,0.496435,1.287261,1.881009,0.705780,0.326097,1.738193,0.84424,-0.47622,9
0.5,0.0000,1.666000,0.00000e+00,0.697811,0.537490,0.497278,1.291209,1.882404,0.705919,0.326553,1.741573,0.84417,-0.48027,9
0.5,0.0000,1.667000,0.00000e+00,0.699110,0.537756,0.498121,1.295166,1.883801,0.706059,0.327010,1.744958,0.84410,-0.48433,9
0.5,0.0000,1.668000,0.00000e+00,0.700410,0.538021,0.498965,1.299132,1.885199,0.706197,0.327467,1.748349,0.84403,-0.48842,9
0.5,0.0000,1.669000,0.00000e+00,0.701711,0.538286,0.499810,1.303107,1.886599,0.706336,0.327924,1.751745,0.84396,-0.49253,9
0.5,0.0000,1.670000,0.00000e+00,0.703014,0.538551,0.500655,1.307091,1.887999,0.706474,0.328381,1.755147,0.84389,-0.49667,9
0.5,0.0000,1.671000,0.00000e+00,0.704318,0.538816,0.501501,1.311084,1.889400,0.706613,0.328839,1.758553,0.84382,-0.50082,9
0.5,0.0000,1.672000,0.00000e+00,0.705623,0.539080,0.502348,1.315086,1.890802,0.706751,0.329297,1.761965,0.84375,-0.50500,9
0.5,0.0000,1.673000,0.00000e+00,0.706929,0.539345,0.503196,1.319097,1.892205,0.706889,0.329755,1.765383,0.84369,-0.50921,9
0.5,0.0000,1.674000,0.00000e+00,0.708237,0.539609,0.504044,1.323117,1.893610,0.707026,0.330214,1.768806,0.84362,-0.51343,9
0.5,0.0000,1.675000,0.00000e+00,0.709546,0.539873,0.504893,1.327146,1.895015,0.707164,0.330673,1.772234,0.84355,-0.51768,9
0.5,0.0000,1.676000,0.00000e+00,0.710856,0.540136,0.505743,1.331184,1.896421,0.707301,0.331132,1.775667,0.84348,-0.52195,9
0.5,0.0000,1.677000,0.00000e+00,0.712167,0.540400,0.506594,1.335232,1.897829,0.707438,0.331592,1.779106,0.84341,-0.52625,9
0.5,0.0000,1.678000,0.00000e+00,0.713479,0.540663,0.507445,1.339288,1.899237,0.707575,0.332051,1.782551,0.84334,-0.53057,9
0.5,0.0000,1.679000,0.00000e+00,0.714793,0.540926,0.508297,1.343354,1.900647,0.707712,0.332512,1.786001,0.84327,-0.53491,9
0.5,0.0000,1.680000,0.00000e+00,0.716108,0.541188,0.509150,1.347428,1.902058,0.707849,0.332972,1.789456,0.84321,-0.53928,9
0.5,0.0000,1.681000,0.00000e+00,0.717424,0.541451,0.510004,1.351512,1.903469,0.707985,0.333433,1.792916,0.84314,-0.54367,9
0.5,0.0000,1.682000,0.00000e+00,0.718741,0.541713,0.510858,1.355605,1.904882,0.708121,0.333894,1.796382,0.84307,-0.54809,9
0.5,0.0000,1.683000,0.00000e+00,0.720060,0.541975,0.511713,1.359708,1.906295,0.708257,0.334355,1.799854,0.84300,-0.55253,9
0.5,0.0000,1.684000,0.00000e+00,0.721380,0.542237,0.512569,1.363819,1.907710,0.708393,0.334817,1.803330,0.84294,-0.55699,9
0.5,0.0000,1.685000,0.00000e+00,0.722700,0.542499,0.513425,1.367940,1.909126,0.708529,0.335279,1.806813,0.84287,-0.56148,9
0.5,0.0000,1.686000,0.00000e+00,0.724023,0.542760,0.514283,1.372069,1.910543,0.708664,0.335741,1.810300,0.84280,-0.56599,9
0.5,0.0000,1.687000,0.00000e+00,0.725346,0.543021,0.515141,1.376208,1.911961,0.708799,0.336204,1.813794,0.84273,-0.57053,9
0.5,0.0000,1.688000,0.00000e+00,0.726671,0.543282,0.515999,1.380356,1.913379,0.708934,0.336666,1.817292,0.84267,-0.57509,9
0.5,0.0000,1.689000,0.00000e+00,0.727996,0.543543,0.516859,1.384514,1.914799,0.709069,0.337130,1.820796,0.84260,-0.57968,9
0.5,0.0000,1.690000,0.00000e+00,0.729323,0.543804,0.517719,1.388681,1.916220,0.709204,0.337593,1.824306,0.84253,-0.58429,9
0.5,0.0000,1.691000,0.00000e+00,0.730652,0.544064,0.518580,1.392856,1.917642,0.709339,0.338057,1.827820,0.84247,-0.58893,9
0.5,0.0000,1.692000,0.00000e+00,0.731981,0.544324,0.519442,1.397042,1.919065,0.709473,0.338521,1.831341,0.84240,-0.59359,9
0.5,0.0000,1.693000,0.00000e+00,0.733312,0.544584,0.520304,1.401236,1.920489,0.709607,0.338985,1.834867,0.84233,-0.59827,9
0.5,0.0000,1.694000,0.00000e+00,0.734644,0.544843,0.521167,1.405440,1.921914,0.709741,0.339450,1.838398,0.84227,-0.60299,9
0.5,0.0000,1.695000,0.00000e+00,0.735977,0.545103,0.522031,1.409653,1.923340,0.709875,0.339915,1.841935,0.84220,-0.60772,9
0.5,0.0000,1.696000,0.00000e+00,0.737311,0.545362,0.522896,1.413875,1.924767,0.710008,0.340380,1.845477,0.84214,-0.61249,9
0.5,0.0000,1.697000,0.00000e+00,0.738646,0.545621,0.523761,1.418107,1.926195,0.710142,0.340845,1.849025,0.84207,-0.61727,9
0.5,0.0000,1.698000,0.00000e+00,0.739983,0.545880,0.524627,1.422348,1.927625,0.710275,0.341311,1.852578,0.84200,-0.62209,9
0.5,0.0000,1.699000,0.00000e+00,0.741321,0.546138,0.525494,1.426598,1.929055,0.710408,0.341777,1.856137,0.84194,-0.62693,9
0.5,0.0000,1.700000,0.00000e+00,0.742660,0.546396,0.526362,1.430858,1.930486,0.710541,0.342244,1.859701,0.84187,-0.63179,9
0.5,0.0000,1.701000,0.00000e+00,0.744000,0.546654,0.527230,1.435127,1.931918,0.710673,0.342710,1.863271,0.84181,-0.63669,9
0.5,0.0000,1.702000,0.00000e+00,0.745342,0.546912,0.528099,1.439406,1.933351,0.710806,0.343177,1.866847,0.84174,-0.64160,9
0.5,0.0000,1.703000,0.00000e+00,0.746684,0.547170,0.528969,1.443693,1.934785,0.710938,0.343645,1.870427,0.84168,-0.64655,9
0.5,0.0000,1.704000,0.00000e+00,0.748028,0.547427,0.529839,1.447991,1.936221,0.711070,0.344112,1.874014,0.84161,-0.65152,9
0.5,0.0000,1.705000,0.00000e+00,0.749373,0.547684,0.530710,1.452297,1.937657,0.711202,0.344580,1.877606,0.84155,-0.65652,9
0.5,0.0000,1.706000,0.00000e+00,0.750719,0.547941,0.531582,1.456613,1.939094,0.711334,0.345049,1.881203,0.84149,-0.66154,9
0.5,0.0000,1.707000,0.00000e+00,0.752067,0.548197,0.532455,1.460939,1.940533,0.711465,0.345517,1.884806,0.84142,-0.66659,9
0.5,0.0000,1.708000,0.00000e+00,0.753415,0.548454,0.533328,1.465274,1.941972,0.711596,0.345986,1.888415,0.84136,-0.67167,9
0.5,0.0000,1.709000,0.00000e+00,0.754765,0.548710,0.534202,1.469618,1.943412,0.711728,0.346455,1.892029,0.84129,-0.67677,9
0.5,0.0000,1.710000,0.00000e+00,0.756116,0.548966,0.535077,1.473972,1.944853,0.711859,0.346924,1.895649,0.84123,-0.68190,9
0.5,0.0000,1.711000,0.00000e+00,0.757468,0.549222,0.535953,1.478336,1.946296,0.711989,0.347394,1.899274,0.84116,-0.68706,9
0.5,0.0000,1.712000,0.00000e+00,0.758821,0.549477,0.536829,1.482709,1.947739,0.712120,0.347864,1.902905,0.84110,-0.69224,9
0.5,0.0000,1.713000,0.00000e+00,0.760176,0.549732,0.537706,1.487091,1.949183,0.712250,0.348334,1.906541,0.84104,-0.69746,9
0.5,0.0000,1.714000,0.00000e+00,0.761532,0.549987,0.538584,1.491483,1.950629,0.712380,0.348805,1.910183,0.84097,-0.70270,9
0.5,0.0000,1.715000,0.00000e+00,0.762888,0.550242,0.539462,1.495884,1.952075,0.712510,0.349276,1.913831,0.84091,-0.70796,9
0.5,0.0000,1.716000,0.00000e+00,0.764246,0.550497,0.540341,1.500295,1.953523,0.712640,0.349747,1.917484,0.84085,-0.71326,9
0.5,0.0000,1.717000,0.00000e+00,0.765606,0.550751,0.541221,1.504716,1.954971,0.712770,0.350218,1.921143,0.84078,-0.71858,9
0.5,0.0000,1.718000,0.00000e+00,0.766966,0.551005,0.542102,1.509146,1.956420,0.712899,0.350690,1.924807,0.84072,-0.72393,9
0.5,0.0000,1.719000,0.00000e+00,0.768328,0.551259,0.542983,1.513586,1.957871,0.713029,0.351162,1.928477,0.84066,-0.72931,9
0.5,0.0000,1.720000,0.00000e+00,0.769690,0.551513,0.543865,1.518035,1.959322,0.713158,0.351634,1.932153,0.84060,-0.73472,9
0.5,0.0000,1.721000,0.00000e+00,0.771054,0.551766,0.544748,1.522494,1.960774,0.713287,0.352107,1.935834,0.84053,-0.74015,9
0.5,0.0000,1.722000,0.00000e+00,0.772419,0.552019,0.545631,1.526962,1.962228,0.713415,0.352580,1.939521,0.84047,-0.74562,9
0.5,0.0000,1.723000,0.00000e+00,0.773786,0.552272,0.546515,1.531440,1.963682,0.713544,0.353053,1.943213,0.84041,-0.75111,9
0.5,0.0000,1.724000,0.00000e+00,0.775153,0.552525,0.547400,1.535928,1.965138,0.713672,0.353526,1.946912,0.84035,-0.75663,9
0.5,0.0000,1.725000,0.00000e+00,0.776522,0.552777,0.548286,1.540425,1.966594,0.713800,0.354000,1.950615,0.84029,-0.76218,9
0.5,0.0000,1.726000,0.00000e+00,0.777892,0.553029,0.549172,1.544932,1.968051,0.713928,0.354474,1.954325,0.84022,-0.76776,9
0.5,0.0000,1.727000,0.00000e+00,0.779262,0.553281,0.550059,1.549449,1.969510,0.714056,0.354949,1.958040,0.84016,-0.77336,9
0.5,0.0000,1.728000,0.00000e+00,0.780635,0.553533,0.550947,1.553975,1.970969,0.714183,0.355423,1.961761,0.84010,-0.77900,9
0.5,0.0000,1.729000,0.00000e+00,0.782008,0.553784,0.551835,1.558511,1.972429,0.714311,0.355898,1.965487,0.84004,-0.78467,9
0.5,0.0000,1.730000,0.00000e+00,0.783382,0.554036,0.552725,1.563057,1.973891,0.714438,0.356374,1.969219,0.83998,-0.79036,9
0.5,0.0000,1.731000,0.00000e+00,0.784758,0.554287,0.553614,1.567612,1.975353,0.714565,0.356849,1.972957,0.83992,-0.79608,9
0.5,0.0000,1.732000,0.00000e+00,0.786135,0.554538,0.554505,1.572177,1.976816,0.714692,0.357325,1.976700,0.83986,-0.80184,9
0.5,0.0000,1.733000,0.00000e+00,0.787513,0.554788,0.555396,1.576752,1.978281,0.714819,0.357801,1.980450,0.83979,-0.80762,9
0.5,0.0000,1.734000,0.00000e+00,0.788892,0.555038,0.556288,1.581336,1.979746,0.714945,0.358278,1.984204,0.83973,-0.81343,9
0.5,0.0000,1.735000,0.00000e+00,0.790272,0.555288,0.557181,1.585931,1.981212,0.715071,0.358754,1.987965,0.83967,-0.81928,9
0.5,0.0000,1.736000,0.00000e+00,0.791653,0.555538,0.558075,1.590535,1.982680,0.715197,0.359231,1.991731,0.83961,-0.82515,9
0.5,0.0000,1.737000,0.00000e+00,0.793036,0.555788,0.558969,1.595149,1.984148,0.715323,0.359709,1.995503,0.83955,-0.83105,9
0.5,0.0000,1.738000,0.00000e+00,0.794419,0.556037,0.559864,1.599772,1.985617,0.715449,0.360186,1.999281,0.83949,-0.83699,9
0.5,0.0000,1.739000,0.00000e+00,0.795804,0.556286,0.560759,1.604406,1.987087,0.715575,0.360664,2.003064,0.83943,-0.84295,9
0.5,0.0000,1.740000,0.00000e+00,0.797190,0.556535,0.561655,1.609049,1.988559,0.715700,0.361142,2.006853,0.83937,-0.84894,9
0.5,0.0000,1.741000,0.00000e+00,0.798577,0.556784,0.562552,1.613702,1.990031,0.715825,0.361621,2.010648,0.83931,-0.85497,9
0.5,0.0000,1.742000,0.00000e+00,0.799966,0.557032,0.563450,1.618365,1.991504,0.715950,0.362099,2.014449,0.83925,-0.86102,9
0.5,0.0000,1.743000,0.00000e+00,0.801355,0.557281,0.564349,1.623038,1.992978,0.716075,0.362578,2.018255,0.83919,-0.86711,9
0.5,0.0000,1.744000,0.00000e+00,0.802746,0.557529,0.565248,1.627720,1.994453,0.716199,0.363058,2.022067,0.83913,-0.87323,9
0.5,0.0000,1.745000,0.00000e+00,0.804138,0.557776,0.566147,1.632413,1.995929,0.716324,0.363537,2.025885,0.83907,-0.87938,9
0.5,0.0000,1.746000,0.00000e+00,0.805530,0.558024,0.567048,1.637115,1.997406,0.716448,0.364017,2.029708,0.83901,-0.88556,9
0.5,0.0000,1.747000,0.00000e+00,0.806925,0.558271,0.567949,1.641827,1.998884,0.716572,0.364497,2.033538,0.83895,-0.89177,9
0.5,0.0000,1.748000,0.00000e+00,0.808320,0.558518,0.568851,1.646549,2.000364,0.716696,0.364978,2.037373,0.83890,-0.89801,9
0.5,0.0000,1.749000,0.00000e+00,0.809716,0.558765,0.569754,1.651281,2.001844,0.716820,0.365459,2.041214,0.83884,-0.90428,9
0.5,0.0000,1.750000,0.00000e+00,0.811114,0.559011,0.570657,1.656023,2.003325,0.716943,0.365940,2.045061,0.83878,-0.91059,9
0.5,0.0000,1.751000,0.00000e+00,0.812512,0.559257,0.571561,1.660775,2.004807,0.717066,0.366421,2.048913,0.83872,-0.91693,9
0.5,0.0000,1.752000,0.00000e+00,0.813912,0.559503,0.572466,1.665537,2.006289,0.717190,0.366903,2.052771,0.83866,-0.92330,9
0.5,0.0000,1.753000,0.00000e+00,0.815313,0.559749,0.573371,1.670309,2.007773,0.717313,0.367385,2.056635,0.83860,-0.92970,9
0.5,0.0000,1.754000,0.00000e+00,0.816715,0.559995,0.574278,1.675091,2.009258,0.717435,0.367867,2.060505,0.83854,-0.93613,9
0.5,0.0000,1.755000,0.00000e+00,0.818118,0.560240,0.575184,1.679882,2.010744,0.717558,0.368349,2.064381,0.83849,-0.94260,9
0.5,0.0000,1.756000,0.00000e+00,0.819522,0.560485,0.576092,1.684684,2.012231,0.717680,0.368832,2.068262,0.83843,-0.94910,9
0.5,0.0000,1.757000,0.00000e+00,0.820928,0.560730,0.577000,1.689496,2.013719,0.717802,0.369315,2.072150,0.83837,-0.95563,9
0.5,0.0000,1.758000,0.00000e+00,0.822334,0.560974,0.577909,1.694318,2.015208,0.717924,0.369799,2.076043,0.83831,-0.96219,9
0.5,0.0000,1.759000,0.00000e+00,0.823742,0.561219,0.578819,1.699149,2.016697,0.718046,0.370282,2.079942,0.83825,-0.96879,9
0.5,0.0000,1.760000,0.00000e+00,0.825151,0.561463,0.579729,1.703991,2.018188,0.718168,0.370766,2.083846,0.83820,-0.97542,9
0.5,0.0000,1.761000,0.00000e+00,0.826561,0.561707,0.580640,1.708843,2.019680,0.718289,0.371250,2.087757,0.83814,-0.98208,9
0.5,0.0000,1.762000,0.00000e+00,0.827972,0.561950,0.581552,1.713705,2.021172,0.718411,0.371735,2.091673,0.83808,-0.98878,9
0.5,0.0000,1.763000,0.00000e+00,0.829384,0.562194,0.582464,1.718577,2.022666,0.718532,0.372220,2.095596,0.83802,-0.99551,9
0.5,0.0000,1.764000,0.00000e+00,0.830797,0.562437,0.583378,1.723459,2.024160,0.718653,0.372705,2.099524,0.83797,-1.00227,9
0.5,0.0000,1.765000,0.00000e+00,0.832212,0.562680,0.584291,1.728351,2.025656,0.718773,0.373190,2.103458,0.83791,-1.00907,9
0.5,0.0000,1.766000,0.00000e+00,0.833627,0.562922,0.585206,1.733253,2.027152,0.718894,0.373676,2.107398,0.83785,-1.01590,9
0.5,0.0000,1.767000,0.00000e+00,0.835044,0.563165,0.586121,1.738166,2.028650,0.719014,0.374162,2.111344,0.83780,-1.02277,9
0.5,0.0000,1.768000,0.00000e+00,0.836462,0.563407,0.587037,1.743088,2.030148,0.719135,0.374648,2.115295,0.83774,-1.02967,9
0.5,0.0000,1.769000,0.00000e+00,0.837881,0.563649,0.587954,1.748021,2.031648,0.719255,0.375135,2.119253,0.83768,-1.03660,9
0.5,0.0000,1.770000,0.00000e+00,0.839301,0.563891,0.588871,1.752964,2.033148,0.719374,0.375621,2.123216,0.83763,-1.04357,9
0.5,0.0000,1.771000,0.00000e+00,0.840722,0.564132,0.589789,1.757917,2.034649,0.719494,0.376108,2.127186,0.83757,-1.05057,9
0.5,0.0000,1.772000,0.00000e+00,0.842144,0.564373,0.590708,1.762880,2.036151,0.719614,0.376596,2.131161,0.83752,-1.05760,9
0.5,0.0000,1.773000,0.00000e+00,0.843568,0.564614,0.591627,1.767853,2.037655,0.719733,0.377083,2.135142,0.83746,-1.06467,9
0.5,0.0000,1.774000,0.00000e+00,0.844992,0.564855,0.592547,1.772836,2.039159,0.719852,0.377571,2.139129,0.83740,-1.07178,9
0.5,0.0000,1.775000,0.00000e+00,0.846418,0.565095,0.593468,1.777830,2.040664,0.719971,0.378060,2.143122,0.83735,-1.07892,9
0.5,0.0000,1.776000,0.00000e+00,0.847845,0.565336,0.594389,1.782834,2.042170,0.720090,0.378548,2.147121,0.83729,-1.08610,9
0.5,0.0000,1.777000,0.00000e+00,0.849272,0.565576,0.595311,1.787848,2.043677,0.720208,0.379037,2.151126,0.83724,-1.09331,9
0.5,0.0000,1.778000,0.00000e+00,0.850701,0.565815,0.596234,1.792873,2.045185,0.720326,0.379526,2.155137,0.83718,-1.10056,9
0.5,0.0000,1.779000,0.00000e+00,0.852132,0.566055,0.597158,1.797907,2.046694,0.720445,0.380015,2.159153,0.83713,-1.10784,9
0.5,0.0000,1.780000,0.00000e+00,0.853563,0.566294,0.598082,1.802952,2.048203,0.720563,0.380505,2.163176,0.83707,-1.11516,9
0.5,0.0000,1.781000,0.00000e+00,0.854995,0.566533,0.599007,1.808007,2.049714,0.720680,0.380995,2.167205,0.83702,-1.12251,9
0.5,0.0000,1.782000,0.00000e+00,0.856428,0.566772,0.599932,1.813073,2.051226,0.720798,0.381485,2.171239,0.83696,-1.12990,9
0.5,0.0000,1.783000,0.00000e+00,0.857863,0.567010,0.600859,1.818148,2.052739,0.720916,0.381976,2.175280,0.83691,-1.13732,9
0.5,0.0000,1.784000,0.00000e+00,0.859299,0.567249,0.601786,1.823234,2.054252,0.721033,0.382467,2.179326,0.83685,-1.14479,9
0.5,0.0000,1.785000,0.00000e+00,0.860735,0.567487,0.602713,1.828331,2.055767,0.721150,0.382958,2.183379,0.83680,-1.15228,9
0.5,0.0000,1.786000,0.00000e+00,0.862173,0.567724,0.603642,1.833438,2.057282,0.721267,0.383449,2.187437,0.83674,-1.15982,9
0.5,0.0000,1.787000,0.00000e+00,0.863612,0.567962,0.604571,1.838555,2.058799,0.721384,0.383941,2.191501,0.83669,-1.16739,9
0.5,0.0000,1.788000,0.00000e+00,0.865052,0.568199,0.605500,1.843682,2.060316,0.721500,0.384433,2.195572,0.83664,-1.17500,9
0.5,0.0000,1.789000,0.00000e+00,0.866493,0.568436,0.606431,1.848820,2.061835,0.721616,0.384925,2.199648,0.83658,-1.18264,9
0.5,0.0000,1.790000,0.00000e+00,0.867935,0.568673,0.607362,1.853968,2.063354,0.721733,0.385417,2.203731,0.83653,-1.19033,9
0.5,0.0000,1.791000,0.00000e+00,0.869379,0.568910,0.608294,1.859126,2.064874,0.721849,0.385910,2.207819,0.83647,-1.19805,9
0.5,0.0000,1.792000,0.00000e+00,0.870823,0.569146,0.609226,1.864295,2.066395,0.721965,0.386403,2.211914,0.83642,-1.20580,9
0.5,0.0000,1.793000,0.00000e+00,0.872269,0.569382,0.610159,1.869475,2.067917,0.722080,0.386896,2.216014,0.83637,-1.21360,9
0.5,0.0000,1.794000,0.00000e+00,0.873715,0.569618,0.611093,1.874664,2.069440,0.722196,0.387390,2.220120,0.83631,-1.22143,9
0.5,0.0000,1.795000,0.00000e+00,0.875163,0.569853,0.612027,1.879865,2.070964,0.722311,0.387884,2.224233,0.83626,-1.22930,9
0.5,0.0000,1.796000,0.00000e+00,0.876612,0.570089,0.612962,1.885075,2.072489,0.722426,0.388378,2.228351,0.83621,-1.23720,9
0.5,0.0000,1.797000,0.00000e+00,0.878062,0.570324,0.613898,1.890296,2.074015,0.722541,0.388873,2.232476,0.83615,-1.24515,9
0.5,0.0000,1.798000,0.00000e+00,0.879513,0.570559,0.614835,1.895528,2.075542,0.722656,0.389367,2.236607,0.83610,-1.25313,9
0.5,0.0000,1.799000,0.00000e+00,0.880965,0.570793,0.615772,1.900770,2.077070,0.722770,0.389862,2.240743,0.83605,-1.26116,9
0.5,0.0000,1.800000,0.00000e+00,0.882418,0.571028,0.616710,1.906023,2.078598,0.722885,0.390358,2.244886,0.83599,-1.26922,9
0.5,0.0000,1.801000,0.00000e+00,0.883872,0.571262,0.617648,1.911286,2.080128,0.722999,0.390853,2.249035,0.83594,-1.27732,9
0.5,0.0000,1.802000,0.00000e+00,0.885327,0.571496,0.618588,1.916559,2.081658,0.723113,0.391349,2.253190,0.83589,-1.28545,9
0.5,0.0000,1.803000,0.00000e+00,0.886784,0.571729,0.619528,1.921843,2.083190,0.723227,0.391845,2.257351,0.83584,-1.29363,9
0.5,0.0000,1.804000,0.00000e+00,0.888241,0.571963,0.620468,1.927138,2.084722,0.723340,0.392342,2.261518,0.83578,-1.30185,9
0.5,0.0000,1.805000,0.00000e+00,0.889700,0.572196,0.621409,1.932443,2.086255,0.723454,0.392839,2.265691,0.83573,-1.31010,9
0.5,0.0000,1.806000,0.00000e+00,0.891160,0.572429,0.622351,1.937759,2.087790,0.723567,0.393336,2.269870,0.83568,-1.31840,9
0.5,0.0000,1.807000,0.00000e+00,0.892620,0.572661,0.623294,1.943085,2.089325,0.723680,0.393833,2.274055,0.83563,-1.32673,9
0.5,0.0000,1.808000,0.00000e+00,0.894082,0.572894,0.624237,1.948422,2.090861,0.723793,0.394330,2.278247,0.83558,-1.33510,9
0.5,0.0000,1.809000,0.00000e+00,0.895545,0.573126,0.625181,1.953769,2.092398,0.723906,0.394828,2.282444,0.83552,-1.34352,9
0.5,0.0000,1.810000,0.00000e+00,0.897009,0.573358,0.626126,1.959127,2.093936,0.724019,0.395326,2.286648,0.83547,-1.35197,9
0.5,0.0000,1.811000,0.00000e+00,0.898474,0.573589,0.627071,1.964496,2.095475,0.724131,0.395825,2.290857,0.83542,-1.36046,9
0.5,0.0000,1.812000,0.00000e+00,0.899940,0.573821,0.628017,1.969876,2.097014,0.724244,0.396323,2.295073,0.83537,-1.36900,9
0.5,0.0000,1.813000,0.00000e+00,0.901407,0.574052,0.628964,1.975265,2.098555,0.724356,0.396822,2.299295,0.83532,-1.37757,9
0.5,0.0000,1.814000,0.00000e+00,0.902876,0.574283,0.629911,1.980666,2.100097,0.724468,0.397322,2.303523,0.83527,-1.38619,9
0.5,0.0000,1.815000,0.00000e+00,0.904345,0.574514,0.630859,1.986077,2.101639,0.724579,0.397821,2.307758,0.83522,-1.39484,9
0.5,0.0000,1.816000,0.00000e+00,0.905815,0.574744,0.631808,1.991499,2.103183,0.724691,0.398321,2.311998,0.83517,-1.40354,9
0.5,0.0000,1.817000,0.00000e+00,0.907287,0.574974,0.632757,1.996932,2.104727,0.724802,0.398821,2.316245,0.83511,-1.41228,9
0.5,0.0000,1.818000,0.00000e+00,0.908760,0.575204,0.633707,2.002375,2.106272,0.724913,0.399321,2.320497,0.83506,-1.42106,9
0.5,0.0000,1.819000,0.00000e+00,0.910233,0.575434,0.634658,2.007829,2.107819,0.725024,0.399822,2.324756,0.83501,-1.42988,9
0.5,0.0000,1.820000,0.00000e+00,0.911708,0.575663,0.635609,2.013294,2.109366,0.725135,0.400323,2.329021,0.83496,-1.43874,9
0.5,0.0000,1.821000,0.00000e+00,0.913184,0.575892,0.636561,2.018770,2.110914,0.725246,0.400824,2.333292,0.83491,-1.44764,9
0.5,0.0000,1.822000,0.00000e+00,0.914660,0.576121,0.637514,2.024256,2.112463,0.725356,0.401326,2.337570,0.83486,-1.45659,9
0.5,0.0000,1.823000,0.00000e+00,0.916138,0.576350,0.638467,2.029753,2.114013,0.725467,0.401827,2.341853,0.83481,-1.46557,9
0.5,0.0000,1.824000,0.00000e+00,0.917617,0.576579,0.639421,2.035261,2.115564,0.725577,0.402329,2.346143,0.83476,-1.47460,9
0.5,0.0000,1.825000,0.00000e+00,0.919097,0.576807,0.640376,2.040779,2.117115,0.725687,0.402832,2.350439,0.83471,-1.48367,9
0.5,0.0000,1.826000,0.00000e+00,0.920578,0.577035,0.641331,2.046308,2.118668,0.725797,0.403334,2.354741,0.83466,-1.49279,9
0.5,0.0000,1.827000,0.00000e+00,0.922061,0.577262,0.642287,2.051849,2.120221,0.725906,0.403837,2.359050,0.83461,-1.50194,9
0.5,0.0000,1.828000,0.00000e+00,0.923544,0.577490,0.643244,2.057399,2.121776,0.726016,0.404340,2.363364,0.83456,-1.51114,9
0.5,0.0000,1.829000,0.00000e+00,0.925028,0.577717,0.644201,2.062961,2.123331,0.726125,0.404844,2.367685,0.83451,-1.52038,9
0.5,0.0000,1.830000,0.00000e+00,0.926513,0.577944,0.645159,2.068534,2.124888,0.726234,0.405347,2.372012,0.83446,-1.52967,9
0.5,0.0000,1.831000,0.00000e+00,0.928000,0.578171,0.646118,2.074117,2.126445,0.726343,0.405851,2.376345,0.83441,-1.53900,9
0.5,0.0000,1.832000,0.00000e+00,0.929487,0.578397,0.647077,2.079712,2.128003,0.726452,0.406356,2.380685,0.83437,-1.54837,9
0.5,0.0000,1.833000,0.00000e+00,0.930976,0.578624,0.648037,2.085317,2.129562,0.726560,0.406860,2.385030,0.83432,-1.55778,9
0.5,0.0000,1.834000,0.00000e+00,0.932465,0.578850,0.648998,2.090933,2.131122,0.726669,0.407365,2.389382,0.83427,-1.56724,9
0.5,0.0000,1.835000,0.00000e+00,0.933956,0.579075,0.649959,2.096560,2.132683,0.726777,0.407870,2.393741,0.83422,-1.57674,9
0.5,0.0000,1.836000,0.00000e+00,0.935448,0.579301,0.650921,2.102198,2.134244,0.726885,0.408376,2.398105,0.83417,-1.58629,9
0.5,0.0000,1.837000,0.00000e+00,0.936940,0.579526,0.651884,2.107846,2.135807,0.726993,0.408881,2.402476,0.83412,-1.59588,9
0.5,0.0000,1.838000,0.00000e+00,0.938434,0.579751,0.652847,2.113506,2.137370,0.727100,0.409387,2.406853,0.83407,-1.60552,9
0.5,0.0000,1.839000,0.00000e+00,0.939929,0.579976,0.653811,2.119177,2.138935,0.727208,0.409893,2.411236,0.83402,-1.61519,9
0.5,0.0000,1.840000,0.00000e+00,0.941425,0.580200,0.654775,2.124858,2.140500,0.727315,0.410400,2.415626,0.83398,-1.62492,9
0.5,0.0000,1.841000,0.00000e+00,0.942922,0.580425,0.655741,2.130551,2.142066,0.727422,0.410907,2.420022,0.83393,-1.63469,9
0.5,0.0000,1.842000,0.00000e+00,0.944420,0.580649,0.656707,2.136254,2.143634,0.727529,0.411414,2.424424,0.83388,-1.64450,9
0.5,0.0000,1.843000,0.00000e+00,0.945918,0.580872,0.657673,2.141969,2.145202,0.727636,0.411921,2.428832,0.83383,-1.65436,9
0.5,0.0000,1.844000,0.00000e+00,0.947419,0.581096,0.658641,2.147694,2.146771,0.727743,0.412428,2.433247,0.83378,-1.66427,9
0.5,0.0000,1.845000,0.00000e+00,0.948920,0.581319,0.659608,2.153431,2.148340,0.727849,0.412936,2.437668,0.83374,-1.67421,9
0.5,0.0000,1.846000,0.00000e+00,0.950422,0.581542,0.660577,2.159178,2.149911,0.727956,0.413444,2.442096,0.83369,-1.68421,9
0.5,0.0000,1.847000,0.00000e+00,0.951925,0.581765,0.661546,2.164937,2.151483,0.728062,0.413953,2.446529,0.83364,-1.69425,9
0.5,0.0000,1.848000,0.00000e+00,0.953429,0.581988,0.662516,2.170706,2.153055,0.728168,0.414462,2.450969,0.83359,-1.70434,9
0.5,0.0000,1.849000,0.00000e+00,0.954934,0.582210,0.663487,2.176487,2.154629,0.728274,0.414970,2.455416,0.83355,-1.71447,9
0.5,0.0000,1.850000,0.00000e+00,0.956441,0.582432,0.664458,2.182279,2.156203,0.728379,0.415480,2.459868,0.83350,-1.72465,9
0.5,0.0000,1.851000,0.00000e+00,0.957948,0.582654,0.665430,2.188082,2.157778,0.728485,0.415989,2.464327,0.83345,-1.73488,9
0.5,0.0000,1.852000,0.00000e+00,0.959456,0.582875,0.666402,2.193895,2.159354,0.728590,0.416499,2.468793,0.83340,-1.74515,9
0.5,0.0000,1.853000,0.00000e+00,0.960966,0.583097,0.667375,2.199720,2.160931,0.728695,0.417009,2.473265,0.83336,-1.75547,9
0.5,0.0000,1.854000,0.00000e+00,0.962476,0.583318,0.668349,2.205557,2.162509,0.728800,0.417519,2.477743,0.83331,-1.76584,9
0.5,0.0000,1.855000,0.00000e+00,0.963988,0.583539,0.669324,2.211404,2.164088,0.728905,0.418030,2.482227,0.83326,-1.77625,9
0.5,0.0000,1.856000,0.00000e+00,0.965500,0.583759,0.670299,2.217262,2.165668,0.729010,0.418541,2.486718,0.83322,-1.78671,9
0.5,0.0000,1.857000,0.00000e+00,0.967014,0.583980,0.671275,2.223132,2.167248,0.729114,0.419052,2.491215,0.83317,-1.79722,9
0.5,0.0000,1.858000,0.00000e+00,0.968528,0.584200,0.672251,2.229012,2.168830,0.729218,0.419563,2.495719,0.83312,-1.80778,9
0.5,0.0000,1.859000,0.00000e+00,0.970044,0.584419,0.673228,2.234904,2.170412,0.729322,0.420075,2.500229,0.83308,-1.81838,9
0.5,0.0000,1.860000,0.00000e+00,0.971561,0.584639,0.674206,2.240807,2.171995,0.729426,0.420587,2.504745,0.83303,-1.82903,9
0.5,0.0000,1.861000,0.00000e+00,0.973078,0.584858,0.675184,2.246721,2.173580,0.729530,0.421099,2.509268,0.83299,-1.83973,9
0.5,0.0000,1.862000,0.00000e+00,0.974597,0.585078,0.676163,2.252647,2.175165,0.729634,0.421612,2.513797,0.83294,-1.85048,9
0.5,0.0000,1.863000,0.00000e+00,0.976117,0.585296,0.677143,2.258583,2.176751,0.729737,0.422125,2.518333,0.83289,-1.86128,9
0.5,0.0000,1.864000,0.00000e+00,0.977637,0.585515,0.678123,2.264531,2.178337,0.729840,0.422638,2.522875,0.83285,-1.87212,9
0.5,0.0000,1.865000,0.00000e+00,0.979159,0.585733,0.679104,2.270490,2.179925,0.729943,0.423151,2.527423,0.83280,-1.88302,9
0.5,0.0000,1.866000,0.00000e+00,0.980682,0.585952,0.680086,2.276461,2.181514,0.730046,0.423665,2.531978,0.83276,-1.89396,9
0.5,0.0000,1.867000,0.00000e+00,0.982206,0.586169,0.681068,2.282442,2.183103,0.730149,0.424179,2.536539,0.83271,-1.90496,9
0.5,0.0000,1.868000,0.00000e+00,0.983731,0.586387,0.682051,2.288435,2.184693,0.730252,0.424693,2.541107,0.83267,-1.91600,9
0.5,0.0000,1.869000,0.00000e+00,0.985256,0.586604,0.683035,2.294439,2.186285,0.730354,0.425207,2.545681,0.83262,-1.92709,9
0.5,0.0000,1.870000,0.00000e+00,0.986783,0.586822,0.684019,2.300455,2.187877,0.730456,0.425722,2.550262,0.83257,-1.93823,9
0.5,0.0000,1.871000,0.00000e+00,0.988311,0.587038,0.685004,2.306482,2.189470,0.730558,0.426237,2.554849,0.83253,-1.94942,9
0.5,0.0000,1.872000,0.00000e+00,0.989840,0.587255,0.685989,2.312520,2.191064,0.730660,0.426752,2.559443,0.83248,-1.96067,9
0.5,0.0000,1.873000,0.00000e+00,0.991370,0.587472,0.686975,2.318569,2.192658,0.730762,0.427268,2.564043,0.83244,-1.97196,9
0.5,0.0000,1.874000,0.00000e+00,0.992901,0.587688,0.687962,2.324630,2.194254,0.730863,0.427784,2.568649,0.83239,-1.98330,9
0.5,0.0000,1.875000,0.00000e+00,0.994433,0.587904,0.688950,2.330702,2.195850,0.730965,0.428300,2.573262,0.83235,-1.99469,9
0.5,0.0000,1.876000,0.00000e+00,0.995966,0.588119,0.689938,2.336786,2.197448,0.731066,0.428816,2.577882,0.83231,-2.00614,9
0.5,0.0000,1.877000,0.00000e+00,0.997500,0.588335,0.690926,2.342881,2.199046,0.731167,0.429333,2.582508,0.83226,-2.01763,9
0.5,0.0000,1.878000,0.00000e+00,0.999035,0.588550,0.691916,2.348987,2.200645,0.731268,0.429850,2.587140,0.83222,-2.02918,9
0.5,0.0000,1.879000,0.00000e+00,1.000571,0.588765,0.692906,2.355105,2.202245,0.731369,0.430367,2.591779,0.83217,-2.04078,9
0.5,0.0000,1.880000,0.00000e+00,1.002108,0.588980,0.693896,2.361234,2.203846,0.731469,0.430884,2.596425,0.83213,-2.05242,9
0.5,0.0000,1.881000,0.00000e+00,1.003646,0.589194,0.694888,2.367374,2.205448,0.731570,0.431402,2.601077,0.83208,-2.06413,9
0.5,0.0000,1.882000,0.00000e+00,1.005185,0.589408,0.695880,2.373526,2.207051,0.731670,0.431920,2.605735,0.83204,-2.07588,9
0.5,0.0000,1.883000,0.00000e+00,1.006725,0.589622,0.696872,2.379690,2.208654,0.731770,0.432438,2.610400,0.83200,-2.08768,9
0.5,0.0000,1.884000,0.00000e+00,1.008266,0.589836,0.697866,2.385864,2.210259,0.731870,0.432957,2.615072,0.83195,-2.09954,9
0.5,0.0000,1.885000,0.00000e+00,1.009808,0.590049,0.698859,2.392051,2.211864,0.731970,0.433475,2.619750,0.83191,-2.11145,9
0.5,0.0000,1.886000,0.00000e+00,1.011351,0.590263,0.699854,2.398249,2.213470,0.732069,0.433995,2.624435,0.83186,-2.12341,9
0.5,0.0000,1.887000,0.00000e+00,1.012896,0.590476,0.700849,2.404458,2.215077,0.732169,0.434514,2.629126,0.83182,-2.13543,9
0.5,0.0000,1.888000,0.00000e+00,1.014441,0.590688,0.701845,2.410679,2.216685,0.732268,0.435034,2.633824,0.83178,-2.14749,9
0.5,0.0000,1.889000,0.00000e+00,1.015986,0.590901,0.702841,2.416910,2.218293,0.732367,0.435553,2.638527,0.83173,-2.15961,10
0.5,0.0000,1.890000,0.00000e+00,1.017533,0.591113,0.703838,2.423154,2.219903,0.732466,0.436074,2.643238,0.83169,-2.17179,10
0.5,0.0000,1.891000,0.00000e+00,1.019082,0.591325,0.704836,2.429410,2.221513,0.732565,0.436594,2.647956,0.83165,-2.18402,10
0.5,0.0000,1.892000,0.00000e+00,1.020631,0.591537,0.705834,2.435677,2.223125,0.732663,0.437115,2.652680,0.83160,-2.19630,10
0.5,0.0000,1.893000,0.00000e+00,1.022181,0.591748,0.706833,2.441955,2.224737,0.732762,0.437636,2.657410,0.83156,-2.20864,10
0.5,0.0000,1.894000,0.00000e+00,1.023732,0.591960,0.707833,2.448245,2.226350,0.732860,0.438157,2.662148,0.83152,-2.22103,11
0.5,0.0000,1.895000,0.00000e+00,1.025284,0.592171,0.708833,2.454547,2.227964,0.732958,0.438678,2.666891,0.83148,-2.23347,11
0.5,0.0000,1.896000,0.00000e+00,1.026837,0.592381,0.709834,2.460860,2.229579,0.733056,0.439200,2.671642,0.83143,-2.24597,11
0.5,0.0000,1.897000,0.00000e+00,1.028391,0.592592,0.710836,2.467185,2.231194,0.733154,0.439722,2.676399,0.83139,-2.25852,11
0.5,0.0000,1.898000,0.00000e+00,1.029946,0.592802,0.711838,2.473522,2.232811,0.733251,0.440245,2.681162,0.83135,-2.27113,11
0.5,0.0000,1.899000,0.00000e+00,1.031502,0.593012,0.712841,2.479870,2.234428,0.733349,0.440767,2.685933,0.83131,-2.28380,11
0.5,0.0000,1.900000,0.00000e+00,1.033059,0.593222,0.713844,2.486230,2.236047,0.733446,0.441290,2.690710,0.83126,-2.29651,11
0.5,0.0000,1.901000,0.00000e+00,1.034618,0.593432,0.714848,2.492601,2.237666,0.733543,0.441813,2.695493,0.83122,-2.30929,11
0.5,0.0000,1.902000,0.00000e+00,1.036177,0.593641,0.715853,2.498985,2.239286,0.733640,0.442337,2.700283,0.83118,-2.32212,11
0.5,0.0000,1.903000,0.00000e+00,1.037737,0.593850,0.716858,2.505379,2.240907,0.733737,0.442860,2.705080,0.83114,-2.33500,11
0.5,0.0000,1.904000,0.00000e+00,1.039298,0.594059,0.717864,2.511786,2.242528,0.733833,0.443384,2.709883,0.83110,-2.34795,11
0.5,0.0000,1.905000,0.00000e+00,1.040860,0.594268,0.718871,2.518204,2.244151,0.733930,0.443908,2.714693,0.83105,-2.36095,11
0.5,0.0000,1.906000,0.00000e+00,1.042423,0.594476,0.719878,2.524634,2.245775,0.734026,0.444433,2.719510,0.83101,-2.37400,11
0.5,0.0000,1.907000,0.00000e+00,1.043987,0.594684,0.720886,2.531076,2.247399,0.734122,0.444958,2.724334,0.83097,-2.38711,11
0.5,0.0000,1.908000,0.00000e+00,1.045552,0.594892,0.721894,2.537530,2.249024,0.734218,0.445483,2.729164,0.83093,-2.40028,11
0.5,0.0000,1.909000,0.00000e+00,1.047118,0.595100,0.722903,2.543995,2.250650,0.734314,0.446008,2.734000,0.83089,-2.41351,11
0.5,0.0000,1.910000,0.00000e+00,1.048685,0.595307,0.723913,2.550472,2.252277,0.734410,0.446533,2.738844,0.83085,-2.42679,11
0.5,0.0000,1.911000,0.00000e+00,1.050253,0.595514,0.724924,2.556961,2.253905,0.734505,0.447059,2.743694,0.83081,-2.44013,11
0.5,0.0000,1.912000,0.00000e+00,1.051822,0.595721,0.725935,2.563461,2.255533,0.734601,0.447585,2.748551,0.83076,-2.45353,11
0.5,0.0000,1.913000,0.00000e+00,1.053392,0.595928,0.726946,2.569974,2.257163,0.734696,0.448112,2.753414,0.83072,-2.46698,11
0.5,0.0000,1.914000,0.00000e+00,1.054963,0.596134,0.727959,2.576498,2.258793,0.734791,0.448638,2.758285,0.83068,-2.48049,11
0.5,0.0000,1.915000,0.00000e+00,1.056535,0.596340,0.728971,2.583034,2.260424,0.734886,0.449165,2.763161,0.83064,-2.49407,11
0.5,0.0000,1.916000,0.00000e+00,1.058108,0.596546,0.729985,2.589582,2.262056,0.734980,0.449692,2.768045,0.83060,-2.50770,11
0.5,0.0000,1.917000,0.00000e+00,1.059682,0.596752,0.730999,2.596141,2.263689,0.735075,0.450220,2.772936,0.83056,-2.52139,11
0.5,0.0000,1.918000,0.00000e+00,1.061256,0.596957,0.732014,2.602713,2.265323,0.735169,0.450748,2.777833,0.83052,-2.53513,11
0.5,0.0000,1.919000,0.00000e+00,1.062832,0.597163,0.733029,2.609296,2.266958,0.735264,0.451276,2.782736,0.83048,-2.54894,11
0.5,0.0000,1.920000,0.00000e+00,1.064409,0.597368,0.734045,2.615892,2.268593,0.735358,0.451804,2.787647,0.83044,-2.56281,11
0.5,0.0000,1.921000,0.00000e+00,1.065987,0.597572,0.735062,2.622499,2.270229,0.735452,0.452332,2.792564,0.83040,-2.57673,11
0.5,0.0000,1.922000,0.00000e+00,1.067566,0.597777,0.736079,2.629118,2.271866,0.735545,0.452861,2.797488,0.83036,-2.59072,11
0.5,0.0000,1.923000,0.00000e+00,1.069145,0.597981,0.737097,2.635749,2.273504,0.735639,0.453390,2.802419,0.83032,-2.60476,11
0.5,0.0000,1.924000,0.00000e+00,1.070726,0.598185,0.738116,2.642392,2.275143,0.735732,0.453919,2.807357,0.83028,-2.61887,11
0.5,0.0000,1.925000,0.00000e+00,1.072308,0.598389,0.739135,2.649047,2.276783,0.735826,0.454449,2.812301,0.83024,-2.63303,11
0.5,0.0000,1.926000,0.00000e+00,1.073891,0.598593,0.740155,2.655714,2.278424,0.735919,0.454979,2.817252,0.83020,-2.64726,11
0.5,0.0000,1.927000,0.00000e+00,1.075474,0.598796,0.741175,2.662393,2.280065,0.736012,0.455509,2.822210,0.83016,-2.66154,11
0.5,0.0000,1.928000,0.00000e+00,1.077059,0.598999,0.742196,2.669084,2.281707,0.736104,0.456039,2.827175,0.83012,-2.67589,11
0.5,0.0000,1.929000,0.00000e+00,1.078644,0.599202,0.743218,2.675787,2.283350,0.736197,0.456570,2.832147,0.83008,-2.69030,11
0.5,0.0000,1.930000,0.00000e+00,1.080231,0.599404,0.744240,2.682501,2.284994,0.736290,0.457101,2.837125,0.83004,-2.70477,11
0.5,0.0000,1.931000,0.00000e+00,1.081818,0.599607,0.745263,2.689228,2.286639,0.736382,0.457632,2.842110,0.83000,-2.71930,11
0.5,0.0000,1.932000,0.00000e+00,1.083407,0.599809,0.746287,2.695967,2.288285,0.736474,0.458164,2.847102,0.82996,-2.73389,11
0.5,0.0000,1.933000,0.00000e+00,1.084996,0.600011,0.747311,2.702718,2.289931,0.736566,0.458695,2.852101,0.82992,-2.74855,11
0.5,0.0000,1.934000,0.00000e+00,1.086587,0.600212,0.748336,2.709481,2.291578,0.736658,0.459227,2.857106,0.82988,-2.76326,11
0.5,0.0000,1.935000,0.00000e+00,1.088178,0.600414,0.749361,2.716256,2.293227,0.736750,0.459759,2.862119,0.82984,-2.77804,11
0.5,0.0000,1.936000,0.00000e+00,1.089771,0.600615,0.750387,2.723043,2.294876,0.736841,0.460292,2.867138,0.82980,-2.79289,11
0.5,0.0000,1.937000,0.00000e+00,1.091364,0.600816,0.751414,2.729843,2.296525,0.736933,0.460825,2.872164,0.82976,-2.80779,11
0.5,0.0000,1.938000,0.00000e+00,1.092958,0.601016,0.752441,2.736654,2.298176,0.737024,0.461358,2.877197,0.82973,-2.82276,11
0.5,0.0000,1.939000,0.00000e+00,1.094554,0.601217,0.753469,2.743477,2.299828,0.737115,0.461891,2.882237,0.82969,-2.83779,11
0.5,0.0000,1.940000,0.00000e+00,1.096150,0.601417,0.754498,2.750313,2.301480,0.737206,0.462425,2.887283,0.82965,-2.85288,11
0.5,0.0000,1.941000,0.00000e+00,1.097747,0.601617,0.755527,2.757161,2.303133,0.737297,0.462959,2.892337,0.82961,-2.86804,11
0.5,0.0000,1.942000,0.00000e+00,1.099345,0.601817,0.756556,2.764020,2.304787,0.737387,0.463493,2.897397,0.82957,-2.88326,11
0.5,0.0000,1.943000,0.00000e+00,1.100944,0.602016,0.757587,2.770892,2.306442,0.737478,0.464027,2.902465,0.82953,-2.89855,11
0.5,0.0000,1.944000,0.00000e+00,1.102544,0.602215,0.758618,2.777777,2.308098,0.737568,0.464562,2.907539,0.82949,-2.91390,11
0.5,0.0000,1.945000,0.00000e+00,1.104145,0.602414,0.759649,2.784673,2.309755,0.737658,0.465097,2.912620,0.82946,-2.92931,11
0.5,0.0000,1.946000,0.00000e+00,1.105747,0.602613,0.760682,2.791582,2.311412,0.737748,0.465632,2.917708,0.82942,-2.94479,11
0.5,0.0000,1.947000,0.00000e+00,1.107350,0.602812,0.761714,2.798502,2.313070,0.737838,0.466167,2.922802,0.82938,-2.96033,11
0.5,0.0000,1.948000,0.00000e+00,1.108954,0.603010,0.762748,2.805435,2.314729,0.737928,0.466703,2.927904,0.82934,-2.97594,11
0.5,0.0000,1.949000,0.00000e+00,1.110559,0.603208,0.763782,2.812381,2.316389,0.738017,0.467239,2.933013,0.82930,-2.99162,11
0.5,0.0000,1.950000,0.00000e+00,1.112165,0.603406,0.764817,2.819338,2.318050,0.738107,0.467775,2.938128,0.82927,-3.00736,11
0.5,0.0000,1.951000,0.00000e+00,1.113772,0.603603,0.765852,2.826308,2.319712,0.738196,0.468312,2.943251,0.82923,-3.02316,11
0.5,0.0000,1.952000,0.00000e+00,1.115379,0.603801,0.766888,2.833290,2.321374,0.738285,0.468848,2.948380,0.82919,-3.03904,11
0.5,0.0000,1.953000,0.00000e+00,1.116988,0.603998,0.767924,2.840284,2.323037,0.738374,0.469385,2.953517,0.82915,-3.05497,11
0.5,0.0000,1.954000,0.00000e+00,1.118598,0.604195,0.768962,2.847291,2.324701,0.738463,0.469923,2.958660,0.82912,-3.07098,11
0.5,0.0000,1.955000,0.00000e+00,1.120208,0.604391,0.769999,2.854309,2.326366,0.738551,0.470460,2.963810,0.82908,-3.08705,11
0.5,0.0000,1.956000,0.00000e+00,1.121820,0.604588,0.771038,2.861341,2.328032,0.738640,0.470998,2.968967,0.82904,-3.10319,11
0.5,0.0000,1.957000,0.00000e+00,1.123432,0.604784,0.772077,2.868384,2.329699,0.738728,0.471536,2.974131,0.82900,-3.11939,11
0.5,0.0000,1.958000,0.00000e+00,1.125046,0.604980,0.773116,2.875440,2.331366,0.738816,0.472075,2.979303,0.82897,-3.13567,11
0.5,0.0000,1.959000,0.00000e+00,1.126660,0.605175,0.774157,2.882508,2.333034,0.738904,0.472613,2.984481,0.82893,-3.15201,11
0.5,0.0000,1.960000,0.00000e+00,1.128275,0.605371,0.775197,2.889589,2.334704,0.738992,0.473152,2.989666,0.82889,-3.16842,11
0.5,0.0000,1.961000,0.00000e+00,1.129892,0.605566,0.776239,2.896682,2.336373,0.739080,0.473691,2.994858,0.82886,-3.18489,11
0.5,0.0000,1.962000,0.00000e+00,1.131509,0.605761,0.777281,2.903787,2.338044,0.739168,0.474231,3.000057,0.82882,-3.20144,11
0.5,0.0000,1.963000,0.00000e+00,1.133127,0.605956,0.778324,2.910905,2.339716,0.739255,0.474770,3.005263,0.82878,-3.21805,11
0.5,0.0000,1.964000,0.00000e+00,1.134746,0.606150,0.779367,2.918035,2.341388,0.739342,0.475310,3.010476,0.82875,-3.23473,11
0.5,0.0000,1.965000,0.00000e+00,1.136366,0.606344,0.780411,2.925177,2.343061,0.739429,0.475851,3.015696,0.82871,-3.25148,11
0.5,0.0000,1.966000,0.00000e+00,1.137987,0.606539,0.781455,2.932332,2.344736,0.739516,0.476391,3.020923,0.82867,-3.26830,11
0.5,0.0000,1.967000,0.00000e+00,1.139609,0.606732,0.782500,2.939500,2.346410,0.739603,0.476932,3.026157,0.82864,-3.28519,11
0.5,0.0000,1.968000,0.00000e+00,1.141232,0.606926,0.783546,2.946680,2.348086,0.739690,0.477473,3.031398,0.82860,-3.30215,11
0.5,0.0000,1.969000,0.00000e+00,1.142856,0.607119,0.784592,2.953872,2.349763,0.739776,0.478014,3.036646,0.82856,-3.31918,11
0.5,0.0000,1.970000,0.00000e+00,1.144481,0.607312,0.785639,2.961077,2.351440,0.739863,0.478556,3.041901,0.82853,-3.33628,11
0.5,0.0000,1.971000,0.00000e+00,1.146107,0.607505,0.786687,2.968295,2.353118,0.739949,0.479097,3.047164,0.82849,-3.35344,11
0.5,0.0000,1.972000,0.00000e+00,1.147733,0.607698,0.787735,2.975524,2.354797,0.740035,0.479639,3.052433,0.82846,-3.37068,11
0.5,0.0000,1.973000,0.00000e+00,1.149361,0.607890,0.788784,2.982767,2.356477,0.740121,0.480182,3.057709,0.82842,-3.38799,11
0.5,0.0000,1.974000,0.00000e+00,1.150989,0.608082,0.789833,2.990022,2.358158,0.740207,0.480724,3.062993,0.82838,-3.40538,11
0.5,0.0000,1.975000,0.00000e+00,1.152619,0.608274,0.790883,2.997289,2.359839,0.740292,0.481267,3.068283,0.82835,-3.42283,11
0.5,0.0000,1.976000,0.00000e+00,1.154249,0.608466,0.791934,3.004569,2.361522,0.740378,0.481810,3.073580,0.82831,-3.44035,11
0.5,0.0000,1.977000,0.00000e+00,1.155881,0.608657,0.792985,3.011862,2.363205,0.740463,0.482354,3.078885,0.82828,-3.45795,11
0.5,0.0000,1.978000,0.00000e+00,1.157513,0.608849,0.794037,3.019167,2.364889,0.740548,0.482897,3.084197,0.82824,-3.47562,11
0.5,0.0000,1.979000,0.00000e+00,1.159146,0.609040,0.795089,3.026485,2.366574,0.740633,0.483441,3.089516,0.82821,-3.49336,11
0.5,0.0000,1.980000,0.00000e+00,1.160780,0.609230,0.796142,3.033815,2.368259,0.740718,0.483985,3.094841,0.82817,-3.51117,11
0.5,0.0000,1.981000,0.00000e+00,1.162415,0.609421,0.797196,3.041158,2.369946,0.740803,0.484530,3.100174,0.82814,-3.52905,11
0.5,0.0000,1.982000,0.00000e+00,1.164051,0.609611,0.798250,3.048514,2.371633,0.740888,0.485074,3.105514,0.82810,-3.54701,11
0.5,0.0000,1.983000,0.00000e+00,1.165688,0.609801,0.799305,3.055882,2.373321,0.740972,0.485619,3.110862,0.82807,-3.56504,11
0.5,0.0000,1.984000,0.00000e+00,1.167326,0.609991,0.800360,3.063263,2.375010,0.741056,0.486165,3.116216,0.82803,-3.58315,11
0.5,0.0000,1.985000,0.00000e+00,1.168965,0.610181,0.801417,3.070657,2.376700,0.741141,0.486710,3.121577,0.82800,-3.60132,11
0.5,0.0000,1.986000,0.00000e+00,1.170605,0.610370,0.802473,3.078063,2.378390,0.741225,0.487256,3.126946,0.82796,-3.61958,11
0.5,0.0000,1.987000,0.00000e+00,1.172245,0.610559,0.803530,3.085482,2.380082,0.741309,0.487802,3.132322,0.82793,-3.63790,11
0.5,0.0000,1.988000,0.00000e+00,1.173887,0.610748,0.804588,3.092914,2.381774,0.741392,0.488348,3.137705,0.82789,-3.65630,11
0.5,0.0000,1.989000,0.00000e+00,1.175530,0.610937,0.805647,3.100358,2.383467,0.741476,0.488895,3.143095,0.82786,-3.67478,11
0.5,0.0000,1.990000,0.00000e+00,1.177173,0.611125,0.806706,3.107815,2.385161,0.741559,0.489441,3.148492,0.82782,-3.69333,11
0.5,0.0000,1.991000,0.00000e+00,1.178817,0.611314,0.807765,3.115285,2.386856,0.741643,0.489989,3.153896,0.82779,-3.71195,11
0.5,0.0000,1.992000,0.00000e+00,1.180463,0.611502,0.808826,3.122768,2.388551,0.741726,0.490536,3.159308,0.82775,-3.73065,11
0.5,0.0000,1.993000,0.00000e+00,1.182109,0.611689,0.809887,3.130263,2.390247,0.741809,0.491083,3.164726,0.82772,-3.74943,11
0.5,0.0000,1.994000,0.00000e+00,1.183756,0.611877,0.810948,3.137771,2.391944,0.741892,0.491631,3.170152,0.82769,-3.76828,11
0.5,0.0000,1.995000,0.00000e+00,1.185404,0.612064,0.812010,3.145292,2.393642,0.741974,0.492179,3.175585,0.82765,-3.78721,11
0.5,0.0000,1.996000,0.00000e+00,1.187053,0.612251,0.813073,3.152826,2.395341,0.742057,0.492728,3.181026,0.82762,-3.80621,11
0.5,0.0000,1.997000,0.00000e+00,1.188703,0.612438,0.814136,3.160373,2.397041,0.742139,0.493276,3.186473,0.82758,-3.82529,11
0.5,0.0000,1.998000,0.00000e+00,1.190354,0.612625,0.815200,3.167932,2.398741,0.742222,0.493825,3.191928,0.82755,-3.84445,11
0.5,0.0000,1.999000,0.00000e+00,1.192006,0.612811,0.816264,3.175504,2.400442,0.742304,0.494374,3.197390,0.82752,-3.86368,11
0.5,0.0000,2.000000,0.00000e+00,1.193658,0.612997,0.817330,3.183089,2.402144,0.742386,0.494924,3.202859,0.82748,-3.88299,11
0.5,0.0000,2.001000,0.00000e+00,1.195312,0.613183,0.818395,3.190687,2.403847,0.742468,0.495473,3.208335,0.82745,-3.90238,11
0.5,0.0000,2.002000,0.00000e+00,1.196967,0.613369,0.819462,3.198298,2.405550,0.742549,0.496023,3.213819,0.82741,-3.92185,11
0.5,0.0000,2.003000,0.00000e+00,1.198622,0.613554,0.820528,3.205922,2.407255,0.742631,0.496574,3.219309,0.82738,-3.94140,11
0.5,0.0000,2.004000,0.00000e+00,1.200278,0.613739,0.821596,3.213558,2.408960,0.742712,0.497124,3.224807,0.82735,-3.96102,11
0.5,0.0000,2.005000,0.00000e+00,1.201936,0.613925,0.822664,3.221208,2.410666,0.742794,0.497675,3.230313,0.82731,-3.98072,11
0.5,0.0000,2.006000,0.00000e+00,1.203594,0.614109,0.823733,3.228870,2.412373,0.742875,0.498226,3.235825,0.82728,-4.00050,11
0.5,0.0000,2.007000,0.00000e+00,1.205253,0.614294,0.824802,3.236546,2.414081,0.742956,0.498777,3.241345,0.82725,-4.02036,11
0.5,0.0000,2.008000,0.00000e+00,1.206913,0.614478,0.825872,3.244234,2.415789,0.743037,0.499328,3.246872,0.82721,-4.04030,11
0.5,0.0000,2.009000,0.00000e+00,1.208574,0.614662,0.826942,3.251935,2.417498,0.743117,0.499880,3.252406,0.82718,-4.06032,11
0.5,0.0000,2.010000,0.00000e+00,1.210236,0.614846,0.828013,3.259650,2.419208,0.743198,0.500432,3.257948,0.82715,-4.08042,11
0.5,0.0000,2.011000,0.00000e+00,1.211899,0.615030,0.829085,3.267377,2.420919,0.743278,0.500985,3.263497,0.82712,-4.10060,11
0.5,0.0000,2.012000,0.00000e+00,1.213563,0.615213,0.830157,3.275117,2.422631,0.743359,0.501537,3.269053,0.82708,-4.12086,11
0.5,0.0000,2.013000,0.00000e+00,1.215227,0.615396,0.831230,3.282870,2.424344,0.743439,0.502090,3.274617,0.82705,-4.14119,11
0.5,0.0000,2.014000,0.00000e+00,1.216893,0.615579,0.832303,3.290637,2.426057,0.743519,0.502643,3.280187,0.82702,-4.16162,11
0.5,0.0000,2.015000,0.00000e+00,1.218559,0.615762,0.833378,3.298416,2.427771,0.743599,0.503196,3.285766,0.82698,-4.18212,11
0.5,0.0000,2.016000,0.00000e+00,1.220226,0.615945,0.834452,3.306208,2.429486,0.743678,0.503750,3.291351,0.82695,-4.20270,11
0.5,0.0000,2.017000,0.00000e+00,1.221895,0.616127,0.835527,3.314014,2.431202,0.743758,0.504304,3.296944,0.82692,-4.22336,11
0.5,0.0000,2.018000,0.00000e+00,1.223564,0.616309,0.836603,3.321832,2.432918,0.743837,0.504858,3.302544,0.82689,-4.24411,11
0.5,0.0000,2.019000,0.00000e+00,1.225234,0.616491,0.837680,3.329664,2.434636,0.743917,0.505412,3.308151,0.82686,-4.26494,11
0.5,0.0000,2.020000,0.00000e+00,1.226905,0.616672,0.838757,3.337509,2.436354,0.743996,0.505967,3.313766,0.82682,-4.28585,11
0.5,0.0000,2.021000,0.00000e+00,1.228577,0.616854,0.839834,3.345367,2.438073,0.744075,0.506522,3.319388,0.82679,-4.30684,11
0.5,0.0000,2.022000,0.00000e+00,1.230250,0.617035,0.840912,3.353237,2.439793,0.744154,0.507077,3.325018,0.82676,-4.32792,11
0.5,0.0000,2.023000,0.00000e+00,1.231923,0.617216,0.841991,3.361121,2.441513,0.744233,0.507632,3.330654,0.82673,-4.34908,11
0.5,0.0000,2.024000,0.00000e+00,1.233598,0.617397,0.843071,3.369019,2.443234,0.744311,0.508188,3.336299,0.82669,-4.37032,11
0.5,0.0000,2.025000,0.00000e+00,1.235274,0.617577,0.844151,3.376929,2.444957,0.744390,0.508744,3.341950,0.82666,-4.39165,11
0.5,0.0000,2.026000,0.00000e+00,1.236950,0.617757,0.845231,3.384853,2.446680,0.744468,0.509300,3.347609,0.82663,-4.41306,11
0.5,0.0000,2.027000,0.00000e+00,1.238627,0.617937,0.846312,3.392789,2.448403,0.744546,0.509857,3.353275,0.82660,-4.43456,11
0.5,0.0000,2.028000,0.00000e+00,1.240306,0.618117,0.847394,3.400739,2.450128,0.744624,0.510413,3.358949,0.82657,-4.45614,11
0.5,0.0000,2.029000,0.00000e+00,1.241985,0.618297,0.848476,3.408702,2.451853,0.744702,0.510970,3.364630,0.82654,-4.47780,11
0.5,0.0000,2.030000,0.00000e+00,1.243665,0.618476,0.849559,3.416679,2.453580,0.744780,0.511527,3.370319,0.82650,-4.49955,11
0.5,0.0000,2.031000,0.00000e+00,1.245346,0.618655,0.850643,3.424668,2.455307,0.744858,0.512085,3.376015,0.82647,-4.52139,11
0.5,0.0000,2.032000,0.00000e+00,1.247028,0.618834,0.851727,3.432671,2.457034,0.744935,0.512643,3.381718,0.82644,-4.54331,11
0.5,0.0000,2.033000,0.00000e+00,1.248710,0.619013,0.852812,3.440687,2.458763,0.745013,0.513201,3.387429,0.82641,-4.56531,11
0.5,0.0000,2.034000,0.00000e+00,1.250394,0.619191,0.853897,3.448716,2.460492,0.745090,0.513759,3.393147,0.82638,-4.58741,11
0.5,0.0000,2.035000,0.00000e+00,1.252078,0.619370,0.854983,3.456759,2.462223,0.745167,0.514318,3.398872,0.82635,-4.60959,11
0.5,0.0000,2.036000,0.00000e+00,1.253764,0.619548,0.856069,3.464815,2.463954,0.745244,0.514876,3.404606,0.82632,-4.63185,11
0.5,0.0000,2.037000,0.00000e+00,1.255450,0.619725,0.857156,3.472884,2.465685,0.745321,0.515435,3.410346,0.82629,-4.65421,11
0.5,0.0000,2.038000,0.00000e+00,1.257138,0.619903,0.858244,3.480967,2.467418,0.745398,0.515995,3.416094,0.82625,-4.67665,11
0.5,0.0000,2.039000,0.00000e+00,1.258826,0.620080,0.859332,3.489063,2.469151,0.745474,0.516554,3.421849,0.82622,-4.69917,11
0.5,0.0000,2.040000,0.00000e+00,1.260515,0.620257,0.860421,3.497172,2.470885,0.745551,0.517114,3.427612,0.82619,-4.72179,11
0.5,0.0000,2.041000,0.00000e+00,1.262205,0.620434,0.861511,3.505295,2.472620,0.745627,0.517674,3.433383,0.82616,-4.74449,11
0.5,0.0000,2.042000,0.00000e+00,1.263895,0.620611,0.862601,3.513431,2.474356,0.745703,0.518234,3.439161,0.82613,-4.76729,11
0.5,0.0000,2.043000,0.00000e+00,1.265587,0.620788,0.863691,3.521580,2.476093,0.745779,0.518795,3.444946,0.82610,-4.79017,11
0.5,0.0000,2.044000,0.00000e+00,1.267280,0.620964,0.864782,3.529743,2.477830,0.745855,0.519356,3.450739,0.82607,-4.81314,11
0.5,0.0000,2.045000,0.00000e+00,1.268973,0.621140,0.865874,3.537919,2.479568,0.745931,0.519917,3.456539,0.82604,-4.83619,11
0.5,0.0000,2.046000,0.00000e+00,1.270668,0.621316,0.866966,3.546108,2.481307,0.746007,0.520478,3.462347,0.82601,-4.85934,11
0.5,0.0000,2.047000,0.00000e+00,1.272363,0.621491,0.868059,3.554311,2.483047,0.746082,0.521040,3.468162,0.82598,-4.88258,11
0.5,0.0000,2.048000,0.00000e+00,1.274059,0.621667,0.869153,3.562528,2.484788,0.746158,0.521602,3.473985,0.82595,-4.90591,11
0.5,0.0000,2.049000,0.00000e+00,1.275756,0.621842,0.870247,3.570758,2.486529,0.746233,0.522164,3.479815,0.82592,-4.92933,11
0.5,0.0000,2.050000,0.00000e+00,1.277454,0.622017,0.871342,3.579001,2.488271,0.746308,0.522726,3.485653,0.82589,-4.95284,11
0.5,0.0000,2.051000,0.00000e+00,1.279153,0.622191,0.872437,3.587258,2.490014,0.746383,0.523289,3.491499,0.82586,-4.97644,11
0.5,0.0000,2.052000,0.00000e+00,1.280853,0.622366,0.873533,3.595528,2.491758,0.746458,0.523852,3.497351,0.82583,-5.00013,11
0.5,0.0000,2.053000,0.00000e+00,1.282554,0.622540,0.874629,3.603812,2.493502,0.746532,0.524415,3.503212,0.82580,-5.02391,11
0.5,0.0000,2.054000,0.00000e+00,1.284255,0.622714,0.875726,3.612110,2.495248,0.746607,0.524979,3.509080,0.82577,-5.04779,11
0.5,0.0000,2.055000,0.00000e+00,1.285958,0.622888,0.876824,3.620421,2.496994,0.746681,0.525542,3.514956,0.82574,-5.07175,11
0.5,0.0000,2.056000,0.00000e+00,1.287661,0.623062,0.877922,3.628745,2.498741,0.746756,0.526106,3.520839,0.82571,-5.09581,11
0.5,0.0000,2.057000,0.00000e+00,1.289365,0.623235,0.879021,3.637083,2.500488,0.746830,0.526671,3.526730,0.82568,-5.11996,11
0.5,0.0000,2.058000,0.00000e+00,1.291070,0.623408,0.880120,3.645435,2.502237,0.746904,0.527235,3.532628,0.82565,-5.14421,11
0.5,0.0000,2.059000,0.00000e+00,1.292776,0.623581,0.881220,3.653800,2.503986,0.746978,0.527800,3.538534,0.82562,-5.16854,11
0.5,0.0000,2.060000,0.00000e+00,1.294483,0.623754,0.882321,3.662179,2.505736,0.747052,0.528365,3.544447,0.82559,-5.19297,11
0.5,0.0000,2.061000,0.00000e+00,1.296191,0.623927,0.883422,3.670571,2.507487,0.747125,0.528930,3.550368,0.82556,-5.21750,11
0.5,0.0000,2.062000,0.00000e+00,1.297899,0.624099,0.884524,3.678977,2.509239,0.747199,0.529496,3.556297,0.82553,-5.24212,11
0.5,0.0000,2.063000,0.00000e+00,1.299609,0.624271,0.885626,3.687397,2.510991,0.747272,0.530061,3.562233,0.82550,-5.26683,11
0.5,0.0000,2.064000,0.00000e+00,1.301319,0.624443,0.886729,3.695830,2.512744,0.747346,0.530627,3.568177,0.82547,-5.29164,11
0.5,0.0000,2.065000,0.00000e+00,1.303031,0.624615,0.887832,3.704277,2.514498,0.747419,0.531194,3.574129,0.82545,-5.31654,11
0.5,0.0000,2.066000,0.00000e+00,1.304743,0.624786,0.888936,3.712738,2.516253,0.747492,0.531760,3.580088,0.82542,-5.34154,11
0.5,0.0000,2.067000,0.00000e+00,1.306456,0.624957,0.890041,3.721212,2.518009,0.747565,0.532327,3.586055,0.82539,-5.36663,11
0.5,0.0000,2.068000,0.00000e+00,1.308170,0.625128,0.891146,3.729700,2.519765,0.747637,0.532894,3.592029,0.82536,-5.39182,11
0.5,0.0000,2.069000,0.00000e+00,1.309885,0.625299,0.892252,3.738202,2.521522,0.747710,0.533461,3.598011,0.82533,-5.41711,11
0.5,0.0000,2.070000,0.00000e+00,1.311600,0.625470,0.893358,3.746717,2.523280,0.747783,0.534029,3.604001,0.82530,-5.44249,11
0.5,0.0000,2.071000,0.00000e+00,1.313317,0.625640,0.894465,3.755246,2.525039,0.747855,0.534597,3.609998,0.82527,-5.46797,11
0.5,0.0000,2.072000,0.00000e+00,1.315034,0.625810,0.895573,3.763789,2.526798,0.747927,0.535165,3.616003,0.82524,-5.49354,11
0.5,0.0000,2.073000,0.00000e+00,1.316753,0.625980,0.896681,3.772346,2.528559,0.747999,0.535733,3.622016,0.82521,-5.51922,11
0.5,0.0000,2.074000,0.00000e+00,1.318472,0.626150,0.897789,3.780916,2.530320,0.748071,0.536302,3.628037,0.82519,-5.54499,11
0.5,0.0000,2.075000,0.00000e+00,1.320192,0.626319,0.898899,3.789501,2.532082,0.748143,0.536871,3.634065,0.82516,-5.57086,11
0.5,0.0000,2.076000,0.00000e+00,1.321913,0.626489,0.900009,3.798099,2.533844,0.748215,0.537440,3.640101,0.82513,-5.59682,11
0.5,0.0000,2.077000,0.00000e+00,1.323635,0.626658,0.901119,3.806711,2.535608,0.748286,0.538009,3.646144,0.82510,-5.62289,11
0.5,0.0000,2.078000,0.00000e+00,1.325357,0.626827,0.902230,3.815336,2.537372,0.748358,0.538579,3.652195,0.82507,-5.64905,11
0.5,0.0000,2.079000,0.00000e+00,1.327081,0.626995,0.903342,3.823976,2.539137,0.748429,0.539149,3.658254,0.82504,-5.67531,11
0.5,0.0000,2.080000,0.00000e+00,1.328805,0.627164,0.904454,3.832629,2.540903,0.748500,0.539719,3.664321,0.82502,-5.70168,11
0.5,0.0000,2.081000,0.00000e+00,1.330531,0.627332,0.905566,3.841296,2.542669,0.748572,0.540289,3.670395,0.82499,-5.72814,11
0.5,0.0000,2.082000,0.00000e+00,1.332257,0.627500,0.906680,3.849978,2.544437,0.748643,0.540860,3.676477,0.82496,-5.75470,11
0.5,0.0000,2.083000,0.00000e+00,1.333984,0.627668,0.907794,3.858673,2.546205,0.748713,0.541431,3.682567,0.82493,-5.78136,11
0.5,0.0000,2.084000,0.00000e+00,1.335712,0.627835,0.908908,3.867381,2.547974,0.748784,0.542002,3.688665,0.82490,-5.80813,11
0.5,0.0000,2.085000,0.00000e+00,1.337441,0.628003,0.910023,3.876104,2.549744,0.748855,0.542573,3.694770,0.82488,-5.83499,11
0.5,0.0000,2.086000,0.00000e+00,1.339171,0.628170,0.911139,3.884841,2.551514,0.748925,0.543145,3.700883,0.82485,-5.86196,11
0.5,0.0000,2.087000,0.00000e+00,1.340901,0.628337,0.912255,3.893592,2.553285,0.748996,0.543717,3.707004,0.82482,-5.88902,11
0.5,0.0000,2.088000,0.00000e+00,1.342633,0.628504,0.913372,3.902356,2.555058,0.749066,0.544289,3.713132,0.82479,-5.91619,11
0.5,0.0000,2.089000,0.00000e+00,1.344365,0.628670,0.914489,3.911135,2.556830,0.749136,0.544862,3.719269,0.82477,-5.94346,11
0.5,0.0000,2.090000,0.00000e+00,1.346098,0.628836,0.915607,3.919927,2.558604,0.749206,0.545434,3.725413,0.82474,-5.97084,11
0.5,0.0000,2.091000,0.00000e+00,1.347832,0.629003,0.916725,3.928734,2.560378,0.749276,0.546007,3.731565,0.82471,-5.99831,11
0.5,0.0000,2.092000,0.00000e+00,1.349567,0.629168,0.917844,3.937555,2.562154,0.749345,0.546580,3.737724,0.82468,-6.02589,11
0.5,0.0000,2.093000,0.00000e+00,1.351303,0.629334,0.918964,3.946389,2.563930,0.749415,0.547154,3.743892,0.82466,-6.05358,11
0.5,0.0000,2.094000,0.00000e+00,1.353040,0.629500,0.920084,3.955238,2.565706,0.749484,0.547728,3.750067,0.82463,-6.08136,11
0.5,0.0000,2.095000,0.00000e+00,1.354777,0.629665,0.921205,3.964101,2.567484,0.749554,0.548302,3.756250,0.82460,-6.10926,11
0.5,0.0000,2.096000,0.00000e+00,1.356516,0.629830,0.922326,3.972977,2.569262,0.749623,0.548876,3.762441,0.82457,-6.13725,11
0.5,0.0000,2.097000,0.00000e+00,1.358255,0.629995,0.923448,3.981868,2.571041,0.749692,0.549450,3.768640,0.82455,-6.16535,11
0.5,0.0000,2.098000,0.00000e+00,1.359995,0.630159,0.924571,3.990773,2.572821,0.749761,0.550025,3.774847,0.82452,-6.19356,11
0.5,0.0000,2.099000,0.00000e+00,1.361736,0.630324,0.925694,3.999692,2.574602,0.749830,0.550600,3.781061,0.82449,-6.22187,11
0.5,0.0000,2.100000,0.00000e+00,1.363478,0.630488,0.926817,4.008625,2.576383,0.749899,0.551175,3.787283,0.82447,-6.25028,11
0.5,0.0000,2.101000,0.00000e+00,1.365221,0.630652,0.927942,4.017572,2.578166,0.749967,0.551751,3.793514,0.82444,-6.27880,11
0.5,0.0000,2.102000,0.00000e+00,1.366964,0.630816,0.929066,4.026533,2.579949,0.750036,0.552327,3.799752,0.82441,-6.30743,11
0.5,0.0000,2.103000,0.00000e+00,1.368709,0.630979,0.930192,4.035509,2.581732,0.750104,0.552903,3.805997,0.82439,-6.33617,11
0.5,0.0000,2.104000,0.00000e+00,1.370454,0.631143,0.931318,4.044498,2.583517,0.750172,0.553479,3.812251,0.82436,-6.36501,11
0.5,0.0000,2.105000,0.00000e+00,1.372200,0.631306,0.932444,4.053502,2.585302,0.750240,0.554056,3.818513,0.82433,-6.39396,11
0.5,0.0000,2.106000,0.00000e+00,1.373947,0.631469,0.933571,4.062520,2.587088,0.750308,0.554632,3.824782,0.82431,-6.42302,11
0.5,0.0000,2.107000,0.00000e+00,1.375695,0.631632,0.934699,4.071552,2.588875,0.750376,0.555210,3.831060,0.82428,-6.45218,11
0.5,0.0000,2.108000,0.00000e+00,1.377444,0.631794,0.935827,4.080599,2.590663,0.750444,0.555787,3.837345,0.82425,-6.48145,11
0.5,0.0000,2.109000,0.00000e+00,1.379194,0.631957,0.936956,4.089659,2.592451,0.750512,0.556364,3.843638,0.82423,-6.51084,11
0.5,0.0000,2.110000,0.00000e+00,1.380944,0.632119,0.938085,4.098734,2.594240,0.750579,0.556942,3.849939,0.82420,-6.54033,11
0.5,0.0000,2.111000,0.00000e+00,1.382695,0.632281,0.939215,4.107823,2.596030,0.750647,0.557520,3.856248,0.82417,-6.56993,11
0.5,0.0000,2.112000,0.00000e+00,1.384448,0.632443,0.940346,4.116927,2.597821,0.750714,0.558099,3.862565,0.82415,-6.59964,11
0.5,0.0000,2.113000,0.00000e+00,1.386201,0.632604,0.941477,4.126044,2.599613,0.750781,0.558677,3.868890,0.82412,-6.62946,11
0.5,0.0000,2.114000,0.00000e+00,1.387955,0.632765,0.942609,4.135176,2.601405,0.750848,0.559256,3.875223,0.82410,-6.65939,11
0.5,0.0000,2.115000,0.00000e+00,1.389710,0.632926,0.943741,4.144322,2.603198,0.750915,0.559835,3.881563,0.82407,-6.68943,11
0.5,0.0000,2.116000,0.00000e+00,1.391465,0.633087,0.944874,4.153483,2.604992,0.750982,0.560415,3.887912,0.82404,-6.71958,11
0.5,0.0000,2.117000,0.00000e+00,1.393222,0.633248,0.946007,4.162658,2.606786,0.751048,0.560994,3.894269,0.82402,-6.74984,11
0.5,0.0000,2.118000,0.00000e+00,1.394979,0.633409,0.947141,4.171847,2.608582,0.751115,0.561574,3.900633,0.82399,-6.78021,11
0.5,0.0000,2.119000,0.00000e+00,1.396737,0.633569,0.948275,4.181050,2.610378,0.751181,0.562154,3.907006,0.82397,-6.81070,11
0.5,0.0000,2.120000,0.00000e+00,1.398496,0.633729,0.949410,4.190268,2.612175,0.751248,0.562735,3.913386,0.82394,-6.84130,11
0.5,0.0000,2.121000,0.00000e+00,1.400256,0.633889,0.950546,4.199500,2.613973,0.751314,0.563315,3.919775,0.82392,-6.87201,11
0.5,0.0000,2.122000,0.00000e+00,1.402017,0.634048,0.951682,4.208747,2.615771,0.751380,0.563896,3.926171,0.82389,-6.90283,11
0.5,0.0000,2.123000,0.00000e+00,1.403779,0.634208,0.952819,4.218008,2.617570,0.751446,0.564477,3.932576,0.82386,-6.93377,11
0.5,0.0000,2.124000,0.00000e+00,1.405541,0.634367,0.953956,4.227284,2.619370,0.751512,0.565059,3.938988,0.82384,-6.96482,11
0.5,0.0000,2.125000,0.00000e+00,1.407305,0.634526,0.955094,4.236573,2.621171,0.751577,0.565640,3.945409,0.82381,-6.99598,11
0.5,0.0000,2.126000,0.00000e+00,1.409069,0.634685,0.956233,4.245878,2.622973,0.751643,0.566222,3.951837,0.82379,-7.02726,11
0.5,0.0000,2.127000,0.00000e+00,1.410834,0.634844,0.957372,4.255197,2.624775,0.751708,0.566804,3.958274,0.82376,-7.05865,11
0.5,0.0000,2.128000,0.00000e+00,1.412600,0.635002,0.958511,4.264530,2.626578,0.751774,0.567387,3.964718,0.82374,-7.09016,11
0.5,0.0000,2.129000,0.00000e+00,1.414367,0.635161,0.959652,4.273878,2.628382,0.751839,0.567969,3.971171,0.82371,-7.12178,11
0.5,0.0000,2.130000,0.00000e+00,1.416134,0.635319,0.960792,4.283240,2.630187,0.751904,0.568552,3.977632,0.82369,-7.15352,11
0.5,0.0000,2.131000,0.00000e+00,1.417903,0.635476,0.961934,4.292617,2.631992,0.751969,0.569136,3.984100,0.82366,-7.18538,11
0.5,0.0000,2.132000,0.00000e+00,1.419672,0.635634,0.963075,4.302008,2.633798,0.752034,0.569719,3.990577,0.82364,-7.21735,11
0.5,0.0000,2.133000,0.00000e+00,1.421442,0.635792,0.964218,4.311414,2.635605,0.752099,0.570303,3.997062,0.82361,-7.24944,11
0.5,0.0000,2.134000,0.00000e+00,1.423213,0.635949,0.965361,4.320834,2.637413,0.752164,0.570887,4.003555,0.82359,-7.28164,11
0.5,0.0000,2.135000,0.00000e+00,1.424985,0.636106,0.966504,4.330269,2.639222,0.752228,0.571471,4.010055,0.82356,-7.31396,11
0.5,0.0000,2.136000,0.00000e+00,1.426758,0.636263,0.967649,4.339718,2.641031,0.752293,0.572055,4.016564,0.82354,-7.34640,11
0.5,0.0000,2.137000,0.00000e+00,1.428532,0.636419,0.968793,4.349182,2.642841,0.752357,0.572640,4.023081,0.82351,-7.37896,11
0.5,0.0000,2.138000,0.00000e+00,1.430306,0.636576,0.969939,4.358661,2.644652,0.752421,0.573225,4.029607,0.82349,-7.41164,11
0.5,0.0000,2.139000,0.00000e+00,1.432081,0.636732,0.971084,4.368154,2.646463,0.752485,0.573810,4.036140,0.82346,-7.44443,11
0.5,0.0000,2.140000,0.00000e+00,1.433857,0.636888,0.972231,4.377662,2.648276,0.752549,0.574396,4.042681,0.82344,-7.47735,11
0.5,0.0000,2.141000,0.00000e+00,1.435634,0.637044,0.973378,4.387185,2.650089,0.752613,0.574981,4.049231,0.82341,-7.51038,11
0.5,0.0000,2.142000,0.00000e+00,1.437412,0.637199,0.974525,4.396722,2.651903,0.752677,0.575567,4.055788,0.82339,-7.54353,11
0.5,0.0000,2.143000,0.00000e+00,1.439191,0.637355,0.975673,4.406274,2.653717,0.752740,0.576154,4.062354,0.82337,-7.57681,11
0.5,0.0000,2.144000,0.00000e+00,1.440970,0.637510,0.976822,4.415840,2.655533,0.752804,0.576740,4.068928,0.82334,-7.61020,11
0.5,0.0000,2.145000,0.00000e+00,1.442751,0.637665,0.977971,4.425422,2.657349,0.752867,0.577327,4.075510,0.82332,-7.64372,11
0.5,0.0000,2.146000,0.00000e+00,1.444532,0.637820,0.979121,4.435018,2.659166,0.752931,0.577914,4.082100,0.82329,-7.67735,11
0.5,0.0000,2.147000,0.00000e+00,1.446314,0.637975,0.980271,4.444628,2.660984,0.752994,0.578501,4.088698,0.82327,-7.71111,11
0.5,0.0000,2.148000,0.00000e+00,1.448097,0.638129,0.981422,4.454254,2.662802,0.753057,0.579089,4.095305,0.82324,-7.74499,11
0.5,0.0000,2.149000,0.00000e+00,1.449881,0.638283,0.982574,4.463894,2.664621,0.753120,0.579676,4.101919,0.82322,-7.77899,11
0.5,0.0000,2.150000,0.00000e+00,1.451665,0.638437,0.983726,4.473549,2.666441,0.753183,0.580264,4.108542,0.82320,-7.81312,11
0.5,0.0000,2.151000,0.00000e+00,1.453451,0.638591,0.984878,4.483218,2.668262,0.753245,0.580853,4.115173,0.82317,-7.84737,11
0.5,0.0000,2.152000,0.00000e+00,1.455237,0.638745,0.986031,4.492903,2.670084,0.753308,0.581441,4.121812,0.82315,-7.88174,11
0.5,0.0000,2.153000,0.00000e+00,1.457024,0.638898,0.987185,4.502602,2.671906,0.753370,0.582030,4.128459,0.82313,-7.91623,11
0.5,0.0000,2.154000,0.00000e+00,1.458812,0.639052,0.988339,4.512316,2.673729,0.753433,0.582619,4.135115,0.82310,-7.95085,11
0.5,0.0000,2.155000,0.00000e+00,1.460601,0.639205,0.989494,4.522045,2.675553,0.753495,0.583208,4.141778,0.82308,-7.98559,11
0.5,0.0000,2.156000,0.00000e+00,1.462391,0.639358,0.990650,4.531788,2.677378,0.753557,0.583798,4.148450,0.82305,-8.02046,11
0.5,0.0000,2.157000,0.00000e+00,1.464181,0.639510,0.991806,4.541547,2.679203,0.753619,0.584388,4.155130,0.82303,-8.05546,11
0.5,0.0000,2.158000,0.00000e+00,1.465972,0.639663,0.992962,4.551320,2.681029,0.753681,0.584978,4.161819,0.82301,-8.09058,11
0.5,0.0000,2.159000,0.00000e+00,1.467765,0.639815,0.994119,4.561109,2.682856,0.753743,0.585568,4.168515,0.82298,-8.12582,11
0.5,0.0000,2.160000,0.00000e+00,1.469558,0.639967,0.995277,4.570912,2.684684,0.753805,0.586159,4.175220,0.82296,-8.16119,11
0.5,0.0000,2.161000,0.00000e+00,1.471351,0.640119,0.996435,4.580730,2.686512,0.753866,0.586749,4.181933,0.82294,-8.19669,11
0.5,0.0000,2.162000,0.00000e+00,1.473146,0.640271,0.997594,4.590563,2.688341,0.753928,0.587340,4.188654,0.82291,-8.23231,11
0.5,0.0000,2.163000,0.00000e+00,1.474942,0.640422,0.998753,4.600411,2.690171,0.753989,0.587932,4.195384,0.82289,-8.26807,11
0.5,0.0000,2.164000,0.00000e+00,1.476738,0.640573,0.999913,4.610274,2.692002,0.754050,0.588523,4.202122,0.82287,-8.30395,11
0.5,0.0000,2.165000,0.00000e+00,1.478535,0.640725,1.001073,4.620151,2.693833,0.754112,0.589115,4.208868,0.82284,-8.33996,11
0.5,0.0000,2.166000,0.00000e+00,1.480333,0.640875,1.002234,4.630044,2.695666,0.754173,0.589707,4.215622,0.82282,-8.37609,11
0.5,0.0000,2.167000,0.00000e+00,1.482132,0.641026,1.003396,4.639952,2.697499,0.754234,0.590299,4.222385,0.82280,-8.41236,11
0.5,0.0000,2.168000,0.00000e+00,1.483932,0.641177,1.004558,4.649875,2.699332,0.754294,0.590892,4.229156,0.82277,-8.44875,11
0.5,0.0000,2.169000,0.00000e+00,1.485732,0.641327,1.005721,4.659812,2.701167,0.754355,0.591485,4.235935,0.82275,-8.48528,11
0.5,0.0000,2.170000,0.00000e+00,1.487534,0.641477,1.006884,4.669765,2.703002,0.754416,0.592078,4.242722,0.82273,-8.52193,11
0.5,0.0000,2.171000,0.00000e+00,1.489336,0.641627,1.008048,4.679733,2.704838,0.754476,0.592671,4.249518,0.82271,-8.55872,11
0.5,0.0000,2.172000,0.00000e+00,1.491139,0.641777,1.009212,4.689716,2.706675,0.754537,0.593265,4.256322,0.82268,-8.59564,11
0.5,0.0000,2.173000,0.00000e+00,1.492943,0.641926,1.010377,4.699714,2.708513,0.754597,0.593859,4.263135,0.82266,-8.63268,11
0.5,0.0000,2.174000,0.00000e+00,1.494748,0.642076,1.011542,4.709727,2.710351,0.754657,0.594453,4.269956,0.82264,-8.66986,11
0.5,0.0000,2.175000,0.00000e+00,1.496553,0.642225,1.012708,4.719755,2.712190,0.754717,0.595047,4.276785,0.82261,-8.70717,11
0.5,0.0000,2.176000,0.00000e+00,1.498360,0.642374,1.013875,4.729798,2.714030,0.754777,0.595642,4.283622,0.82259,-8.74462,11
0.5,0.0000,2.177000,0.00000e+00,1.500167,0.642523,1.015042,4.739856,2.715871,0.754837,0.596237,4.290468,0.82257,-8.78219,11
0.5,0.0000,2.178000,0.00000e+00,1.501975,0.642671,1.016210,4.749930,2.717712,0.754897,0.596832,4.297322,0.82255,-8.81990,11
0.5,0.0000,2.179000,0.00000e+00,1.503784,0.642820,1.017378,4.760018,2.719554,0.754956,0.597427,4.304185,0.82252,-8.85774,11
0.5,0.0000,2.180000,0.00000e+00,1.505594,0.642968,1.018547,4.770122,2.721397,0.755016,0.598023,4.311056,0.82250,-8.89572,11
0.5,0.0000,2.181000,0.00000e+00,1.507404,0.643116,1.019716,4.780241,2.723241,0.755075,0.598619,4.317935,0.82248,-8.93383,11
0.5,0.0000,2.182000,0.00000e+00,1.509216,0.643264,1.020886,4.790375,2.725085,0.755134,0.599215,4.324823,0.82246,-8.97208,11
0.5,0.0000,2.183000,0.00000e+00,1.511028,0.643411,1.022057,4.800524,2.726930,0.755194,0.599811,4.331719,0.82243,-9.01046,11
0.5,0.0000,2.184000,0.00000e+00,1.512841,0.643559,1.023228,4.810689,2.728776,0.755253,0.600408,4.338623,0.82241,-9.04897,11
0.5,0.0000,2.185000,0.00000e+00,1.514655,0.643706,1.024399,4.820868,2.730623,0.755312,0.601005,4.345536,0.82239,-9.08762,11
0.5,0.0000,2.186000,0.00000e+00,1.516469,0.643853,1.025571,4.831063,2.732470,0.755371,0.601602,4.352457,0.82237,-9.12641,11
0.5,0.0000,2.187000,0.00000e+00,1.518285,0.644000,1.026744,4.841273,2.734318,0.755429,0.602199,4.359387,0.82235,-9.16533,11
0.5,0.0000,2.188000,0.00000e+00,1.520101,0.644147,1.027917,4.851499,2.736167,0.755488,0.602797,4.366325,0.82232,-9.20440,11
0.5,0.0000,2.189000,0.00000e+00,1.521919,0.644293,1.029091,4.861739,2.738017,0.755547,0.603395,4.373271,0.82230,-9.24359,11
0.5,0.0000,2.190000,0.00000e+00,1.523737,0.644440,1.030266,4.871995,2.739868,0.755605,0.603993,4.380226,0.82228,-9.28293,11
0.5,0.0000,2.191000,0.00000e+00,1.525555,0.644586,1.031441,4.882267,2.741719,0.755663,0.604591,4.387190,0.82226,-9.32240,11
0.5,0.0000,2.192000,0.00000e+00,1.527375,0.644732,1.032616,4.892553,2.743571,0.755722,0.605190,4.394162,0.82224,-9.36202,11
0.5,0.0000,2.193000,0.00000e+00,1.529196,0.644877,1.033792,4.902855,2.745424,0.755780,0.605789,4.401142,0.82221,-9.40177,11
0.5,0.0000,2.194000,0.00000e+00,1.531017,0.645023,1.034969,4.913172,2.747277,0.755838,0.606388,4.408131,0.82219,-9.44166,11
0.5,0.0000,2.195000,0.00000e+00,1.532839,0.645168,1.036146,4.923505,2.749131,0.755896,0.606987,4.415128,0.82217,-9.48169,11
0.5,0.0000,2.196000,0.00000e+00,1.534662,0.645314,1.037323,4.933853,2.750986,0.755954,0.607587,4.422134,0.82215,-9.52186,11
0.5,0.0000,2.197000,0.00000e+00,1.536486,0.645459,1.038502,4.944216,2.752842,0.756011,0.608187,4.429148,0.82213,-9.56218,11
0.5,0.0000,2.198000,0.00000e+00,1.538311,0.645603,1.039680,4.954595,2.754699,0.756069,0.608787,4.436170,0.82211,-9.60263,11
0.5,0.0000,2.199000,0.00000e+00,1.540136,0.645748,1.040860,4.964989,2.756556,0.756126,0.609388,4.443202,0.82208,-9.64322,11
0.5,0.0000,2.200000,0.00000e+00,1.541963,0.645892,1.042040,4.975399,2.758414,0.756184,0.609988,4.450241,0.82206,-9.68396,11
0.5,0.0000,2.201000,0.00000e+00,1.543790,0.646037,1.043220,4.985824,2.760273,0.756241,0.610589,4.457289,0.82204,-9.72484,11
0.5,0.0000,2.202000,0.00000e+00,1.545618,0.646181,1.044401,4.996265,2.762132,0.756298,0.611190,4.464346,0.82202,-9.76586,11
0.5,0.0000,2.203000,0.00000e+00,1.547446,0.646325,1.045583,5.006721,2.763993,0.756355,0.611792,4.471411,0.82200,-9.80702,11
0.5,0.0000,2.204000,0.00000e+00,1.549276,0.646468,1.046765,5.017192,2.765854,0.756412,0.612393,4.478485,0.82198,-9.84833,11
0.5,0.0000,2.205000,0.00000e+00,1.551106,0.646612,1.047948,5.027679,2.767716,0.756469,0.612995,4.485567,0.82196,-9.88978,11
0.5,0.0000,2.206000,0.00000e+00,1.552938,0.646755,1.049131,5.038181,2.769578,0.756526,0.613598,4.492658,0.82194,-9.93137,11
0.5,0.0000,2.207000,0.00000e+00,1.554770,0.646898,1.050315,5.048699,2.771441,0.756583,0.614200,4.499758,0.82191,-9.97311,11
0.5,0.0000,2.208000,0.00000e+00,1.556603,0.647041,1.051499,5.059233,2.773306,0.756639,0.614803,4.506866,0.82189,-10.01500,11
0.5,0.0000,2.209000,0.00000e+00,1.558436,0.647184,1.052684,5.069782,2.775170,0.756696,0.615406,4.513982,0.82187,-10.05703,11
0.5,0.0000,2.210000,0.00000e+00,1.560271,0.647327,1.053869,5.080346,2.777036,0.756752,0.616009,4.521107,0.82185,-10.09921,11
0.5,0.0000,2.211000,0.00000e+00,1.562106,0.647469,1.055055,5.090926,2.778902,0.756808,0.616612,4.528241,0.82183,-10.14153,11
0.5,0.0000,2.212000,0.00000e+00,1.563943,0.647611,1.056242,5.101522,2.780769,0.756865,0.617216,4.535383,0.82181,-10.18400,11
0.5,0.0000,2.213000,0.00000e+00,1.565780,0.647753,1.057429,5.112134,2.782637,0.756921,0.617820,4.542534,0.82179,-10.22661,11
0.5,0.0000,2.214000,0.00000e+00,1.567617,0.647895,1.058616,5.122760,2.784506,0.756977,0.618424,4.549693,0.82177,-10.26938,11
0.5,0.0000,2.215000,0.00000e+00,1.569456,0.648037,1.059805,5.133403,2.786375,0.757032,0.619029,4.556861,0.82175,-10.31229,11
0.5,0.0000,2.216000,0.00000e+00,1.571296,0.648178,1.060993,5.144061,2.788245,0.757088,0.619633,4.564038,0.82173,-10.35535,11
0.5,0.0000,2.217000,0.00000e+00,1.573136,0.648319,1.062183,5.154735,2.790116,0.757144,0.620238,4.571223,0.82171,-10.39856,11
0.5,0.0000,2.218000,0.00000e+00,1.574977,0.648461,1.063372,5.165425,2.791988,0.757199,0.620843,4.578417,0.82169,-10.44192,11
0.5,0.0000,2.219000,0.00000e+00,1.576819,0.648601,1.064563,5.176130,2.793860,0.757255,0.621449,4.585619,0.82166,-10.48542,11
0.5,0.0000,2.220000,0.00000e+00,1.578662,0.648742,1.065754,5.186851,2.795733,0.757310,0.622055,4.592831,0.82164,-10.52908,11
0.5,0.0000,2.221000,0.00000e+00,1.580505,0.648883,1.066945,5.197587,2.797607,0.757366,0.622661,4.600050,0.82162,-10.57289,11
0.5,0.0000,2.222000,0.00000e+00,1.582350,0.649023,1.068137,5.208340,2.799482,0.757421,0.623267,4.607279,0.82160,-10.61685,11
0.5,0.0000,2.223000,0.00000e+00,1.584195,0.649163,1.069330,5.219108,2.801357,0.757476,0.623873,4.614516,0.82158,-10.66096,11
0.5,0.0000,2.224000,0.00000e+00,1.586041,0.649303,1.070523,5.229892,2.803233,0.757531,0.624480,4.621762,0.82156,-10.70522,11
0.5,0.0000,2.225000,0.00000e+00,1.587888,0.649443,1.071717,5.240691,2.805110,0.757586,0.625087,4.629016,0.82154,-10.74963,11
0.5,0.0000,2.226000,0.00000e+00,1.589735,0.649583,1.072911,5.251506,2.806988,0.757640,0.625694,4.636279,0.82152,-10.79420,11
0.5,0.0000,2.227000,0.00000e+00,1.591584,0.649722,1.074106,5.262338,2.808866,0.757695,0.626302,4.643551,0.82150,-10.83892,11
0.5,0.0000,2.228000,0.00000e+00,1.593433,0.649862,1.075301,5.273185,2.810745,0.757750,0.626909,4.650832,0.82148,-10.88380,11
0.5,0.0000,2.229000,0.00000e+00,1.595283,0.650001,1.076497,5.284047,2.812625,0.757804,0.627517,4.658121,0.82146,-10.92882,11
0.5,0.0000,2.230000,0.00000e+00,1.597134,0.650140,1.077693,5.294926,2.814506,0.757858,0.628126,4.665419,0.82144,-10.97400,11
0.5,0.0000,2.231000,0.00000e+00,1.598986,0.650278,1.078890,5.305820,2.816387,0.757913,0.628734,4.672725,0.82142,-11.01934,11
0.5,0.0000,2.232000,0.00000e+00,1.600839,0.650417,1.080088,5.316731,2.818269,0.757967,0.629343,4.680041,0.82140,-11.06483,11
0.5,0.0000,2.233000,0.00000e+00,1.602692,0.650555,1.081286,5.327657,2.820152,0.758021,0.629952,4.687365,0.82138,-11.11048,11
0.5,0.0000,2.234000,0.00000e+00,1.604546,0.650694,1.082484,5.338599,2.822036,0.758075,0.630561,4.694697,0.82136,-11.15628,11
0.5,0.0000,2.235000,0.00000e+00,1.606401,0.650832,1.083684,5.349557,2.823920,0.758129,0.631171,4.702039,0.82134,-11.20224,11
0.5,0.0000,2.236000,0.00000e+00,1.608257,0.650970,1.084883,5.360531,2.825805,0.758183,0.631780,4.709389,0.82132,-11.24836,11
0.5,0.0000,2.237000,0.00000e+00,1.610114,0.651107,1.086084,5.371520,2.827691,0.758236,0.632390,4.716748,0.82130,-11.29463,11
0.5,0.0000,2.238000,0.00000e+00,1.611971,0.651245,1.087284,5.382526,2.829578,0.758290,0.633001,4.724116,0.82128,-11.34107,11
0.5,0.0000,2.239000,0.00000e+00,1.613829,0.651382,1.088486,5.393548,2.831465,0.758343,0.633611,4.731493,0.82126,-11.38766,11
0.5,0.0000,2.240000,0.00000e+00,1.615688,0.651519,1.089688,5.404586,2.833353,0.758397,0.634222,4.738878,0.82124,-11.43440,11
0.5,0.0000,2.241000,0.00000e+00,1.617548,0.651656,1.090890,5.415639,2.835242,0.758450,0.634833,4.746272,0.82122,-11.48131,11
0.5,0.0000,2.242000,0.00000e+00,1.619409,0.651793,1.092093,5.426709,2.837132,0.758503,0.635444,4.753675,0.82120,-11.52838,11
0.5,0.0000,2.243000,0.00000e+00,1.621271,0.651930,1.093297,5.437794,2.839022,0.758556,0.636056,4.761087,0.82119,-11.57561,11
0.5,0.0000,2.244000,0.00000e+00,1.623133,0.652066,1.094501,5.448896,2.840913,0.758609,0.636667,4.768507,0.82117,-11.62300,11
0.5,0.0000,2.245000,0.00000e+00,1.624996,0.652202,1.095705,5.460014,2.842805,0.758662,0.637279,4.775937,0.82115,-11.67055,11
0.5,0.0000,2.246000,0.00000e+00,1.626860,0.652338,1.096910,5.471148,2.844698,0.758715,0.637892,4.783375,0.82113,-11.71826,11
0.5,0.0000,2.247000,0.00000e+00,1.628725,0.652474,1.098116,5.482297,2.846591,0.758768,0.638504,4.790822,0.82111,-11.76613,11
0.5,0.0000,2.248000,0.00000e+00,1.630590,0.652610,1.099322,5.493463,2.848486,0.758820,0.639117,4.798278,0.82109,-11.81416,11
0.5,0.0000,2.249000,0.00000e+00,1.632457,0.652746,1.100529,5.504645,2.850380,0.758873,0.639730,4.805742,0.82107,-11.86236,11
0.5,0.0000,2.250000,0.00000e+00,1.634324,0.652881,1.101737,5.515843,2.852276,0.758925,0.640343,4.813216,0.82105,-11.91072,11
0.5,0.0000,2.251000,0.00000e+00,1.636192,0.653016,1.102945,5.527057,2.854172,0.758978,0.640957,4.820698,0.82103,-11.95925,11
0.5,0.0000,2.252000,0.00000e+00,1.638061,0.653151,1.104153,5.538288,2.856069,0.759030,0.641570,4.828189,0.82101,-12.00794,11
0.5,0.0000,2.253000,0.00000e+00,1.639930,0.653286,1.105362,5.549534,2.857967,0.759082,0.642184,4.835689,0.82099,-12.05679,11
0.5,0.0000,2.254000,0.00000e+00,1.641801,0.653421,1.106572,5.560797,2.859866,0.759134,0.642799,4.843198,0.82097,-12.10581,11
0.5,0.0000,2.255000,0.00000e+00,1.643672,0.653555,1.107782,5.572076,2.861765,0.759186,0.643413,4.850716,0.82096,-12.15499,11
0.5,0.0000,2.256000,0.00000e+00,1.645544,0.653690,1.108992,5.583371,2.863665,0.759238,0.644028,4.858243,0.82094,-12.20434,11
0.5,0.0000,2.257000,0.00000e+00,1.647417,0.653824,1.110203,5.594682,2.865566,0.759290,0.644643,4.865778,0.82092,-12.25386,11
0.5,0.0000,2.258000,0.00000e+00,1.649291,0.653958,1.111415,5.606009,2.867468,0.759341,0.645258,4.873323,0.82090,-12.30354,11
0.5,0.0000,2.259000,0.00000e+00,1.651165,0.654092,1.112627,5.617353,2.869370,0.759393,0.645874,4.880876,0.82088,-12.35339,11
0.5,0.0000,2.260000,0.00000e+00,1.653040,0.654225,1.113840,5.628713,2.871273,0.759444,0.646490,4.888439,0.82086,-12.40341,11
0.5,0.0000,2.261000,0.00000e+00,1.654917,0.654359,1.115054,5.640089,2.873177,0.759496,0.647106,4.896010,0.82084,-12.45359,11
0.5,0.0000,2.262000,0.00000e+00,1.656793,0.654492,1.116267,5.651482,2.875082,0.759547,0.647722,4.903590,0.82082,-12.50395,11
0.5,0.0000,2.263000,0.00000e+00,1.658671,0.654625,1.117482,5.662890,2.876987,0.759598,0.648338,4.911179,0.82081,-12.55447,11
0.5,0.0000,2.264000,0.00000e+00,1.660550,0.654758,1.118697,5.674315,2.878893,0.759649,0.648955,4.918777,0.82079,-12.60516,11
0.5,0.0000,2.265000,0.00000e+00,1.662429,0.654891,1.119912,5.685757,2.880800,0.759700,0.649572,4.926384,0.82077,-12.65603,11
0.5,0.0000,2.266000,0.00000e+00,1.664309,0.655023,1.121128,5.697214,2.882708,0.759751,0.650189,4.934000,0.82075,-12.70706,11
0.5,0.0000,2.267000,0.00000e+00,1.666190,0.655156,1.122345,5.708688,2.884616,0.759802,0.650807,4.941625,0.82073,-12.75827,11
0.5,0.0000,2.268000,0.00000e+00,1.668072,0.655288,1.123562,5.720179,2.886525,0.759853,0.651425,4.949259,0.82071,-12.80964,11
0.5,0.0000,2.269000,0.00000e+00,1.669954,0.655420,1.124780,5.731685,2.888435,0.759903,0.652043,4.956902,0.82069,-12.86119,11
0.5,0.0000,2.270000,0.00000e+00,1.671838,0.655552,1.125998,5.743209,2.890345,0.759954,0.652661,4.964554,0.82068,-12.91291,11
0.5,0.0000,2.271000,0.00000e+00,1.673722,0.655684,1.127217,5.754748,2.892257,0.760004,0.653280,4.972214,0.82066,-12.96481,11
0.5,0.0000,2.272000,0.00000e+00,1.675607,0.655815,1.128436,5.766304,2.894169,0.760055,0.653898,4.979884,0.82064,-13.01687,11
0.5,0.0000,2.273000,0.00000e+00,1.677493,0.655947,1.129656,5.777876,2.896082,0.760105,0.654517,4.987563,0.82062,-13.06912,11
0.5,0.0000,2.274000,0.00000e+00,1.679379,0.656078,1.130877,5.789465,2.897995,0.760155,0.655137,4.995251,0.82060,-13.12153,11
0.5,0.0000,2.275000,0.00000e+00,1.681267,0.656209,1.132098,5.801070,2.899909,0.760205,0.655756,5.002948,0.82059,-13.17412,11
0.5,0.0000,2.276000,0.00000e+00,1.683155,0.656340,1.133319,5.812692,2.901824,0.760255,0.656376,5.010654,0.82057,-13.22689,11
0.5,0.0000,2.277000,0.00000e+00,1.685044,0.656471,1.134541,5.824330,2.903740,0.760305,0.656996,5.018369,0.82055,-13.27983,11
0.5,0.0000,2.278000,0.00000e+00,1.686934,0.656601,1.135764,5.835985,2.905657,0.760355,0.657616,5.026093,0.82053,-13.33295,11
0.5,0.0000,2.279000,0.00000e+00,1.688824,0.656732,1.136987,5.847656,2.907574,0.760405,0.658237,5.033826,0.82051,-13.38624,11
0.5,0.0000,2.280000,0.00000e+00,1.690716,0.656862,1.138210,5.859344,2.909492,0.760454,0.658858,5.041568,0.82050,-13.43972,11
0.5,0.0000,2.281000,0.00000e+00,1.692608,0.656992,1.139435,5.871048,2.911411,0.760504,0.659479,5.049319,0.82048,-13.49337,11
0.5,0.0000,2.282000,0.00000e+00,1.694501,0.657122,1.140659,5.882769,2.913330,0.760553,0.660100,5.057079,0.82046,-13.54719,11
0.5,0.0000,2.283000,0.00000e+00,1.696395,0.657252,1.141885,5.894506,2.915250,0.760603,0.660722,5.064848,0.82044,-13.60120,11
0.5,0.0000,2.284000,0.00000e+00,1.698289,0.657381,1.143110,5.906260,2.917171,0.760652,0.661343,5.072627,0.82042,-13.65539,11
0.5,0.0000,2.285000,0.00000e+00,1.700185,0.657511,1.144337,5.918031,2.919093,0.760701,0.661965,5.080414,0.82041,-13.70975,11
0.5,0.0000,2.286000,0.00000e+00,1.702081,0.657640,1.145564,5.929818,2.921016,0.760750,0.662588,5.088211,0.82039,-13.76430,11
0.5,0.0000,2.287000,0.00000e+00,1.703978,0.657769,1.146791,5.941622,2.922939,0.760799,0.663210,5.096016,0.82037,-13.81902,11
0.5,0.0000,2.288000,0.00000e+00,1.705876,0.657898,1.148019,5.953442,2.924863,0.760848,0.663833,5.103831,0.82035,-13.87393,11
0.5,0.0000,2.289000,0.00000e+00,1.707774,0.658026,1.149248,5.965279,2.926787,0.760897,0.664456,5.111655,0.82034,-13.92902,11
0.5,0.0000,2.290000,0.00000e+00,1.709674,0.658155,1.150477,5.977133,2.928713,0.760946,0.665079,5.119488,0.82032,-13.98429,11
0.5,0.0000,2.291000,0.00000e+00,1.711574,0.658283,1.151706,5.989003,2.930639,0.760994,0.665703,5.127330,0.82030,-14.03975,11
0.5,0.0000,2.292000,0.00000e+00,1.713475,0.658412,1.152936,6.000890,2.932566,0.761043,0.666327,5.135181,0.82028,-14.09538,11
0.5,0.0000,2.293000,0.00000e+00,1.715377,0.658540,1.154167,6.012794,2.934494,0.761092,0.666951,5.143042,0.82027,-14.15120,11
0.5,0.0000,2.294000,0.00000e+00,1.717279,0.658667,1.155398,6.024715,2.936422,0.761140,0.667575,5.150911,0.82025,-14.20721,11
0.5,0.0000,2.295000,0.00000e+00,1.719183,0.658795,1.156630,6.036652,2.938351,0.761188,0.668200,5.158790,0.82023,-14.26340,11
0.5,0.0000,2.296000,0.00000e+00,1.721087,0.658923,1.157862,6.048606,2.940281,0.761236,0.668824,5.166678,0.82021,-14.31977,11
0.5,0.0000,2.297000,0.00000e+00,1.722992,0.659050,1.159095,6.060577,2.942212,0.761285,0.669449,5.174575,0.82020,-14.37633,11
0.5,0.0000,2.298000,0.00000e+00,1.724898,0.659177,1.160329,6.072564,2.944143,0.761333,0.670075,5.182481,0.82018,-14.43308,11
0.5,0.0000,2.299000,0.00000e+00,1.726804,0.659304,1.161563,6.084569,2.946075,0.761381,0.670700,5.190396,0.82016,-14.49001,11
0.5,0.0000,2.300000,0.00000e+00,1.728712,0.659431,1.162797,6.096590,2.948008,0.761428,0.671326,5.198321,0.82015,-14.54713,11
0.5,0.0000,2.301000,0.00000e+00,1.730620,0.659558,1.164032,6.108628,2.949942,0.761476,0.671952,5.206255,0.82013,-14.60444,11
0.5,0.0000,2.302000,0.00000e+00,1.732529,0.659685,1.165268,6.120683,2.951876,0.761524,0.672578,5.214198,0.82011,-14.66194,11
0.5,0.0000,2.303000,0.00000e+00,1.734439,0.659811,1.166504,6.132754,2.953811,0.761571,0.673205,5.222150,0.82009,-14.71962,11
0.5,0.0000,2.304000,0.00000e+00,1.736349,0.659937,1.167740,6.144843,2.955747,0.761619,0.673832,5.230112,0.82008,-14.77750,11
0.5,0.0000,2.305000,0.00000e+00,1.738261,0.660063,1.168977,6.156948,2.957684,0.761666,0.674459,5.238082,0.82006,-14.83556,11
0.5,0.0000,2.306000,0.00000e+00,1.740173,0.660189,1.170215,6.169070,2.959621,0.761714,0.675086,5.246062,0.82004,-14.89381,11
0.5,0.0000,2.307000,0.00000e+00,1.742086,0.660315,1.171453,6.181210,2.961559,0.761761,0.675714,5.254052,0.82003,-14.95226,12
0.5,0.0000,2.308000,0.00000e+00,1.744000,0.660440,1.172692,6.193366,2.963498,0.761808,0.676341,5.262050,0.82001,-15.01090,12
0.5,0.0000,2.309000,0.00000e+00,1.745914,0.660566,1.173931,6.205539,2.965438,0.761855,0.676969,5.270058,0.81999,-15.06972,12
0.5,0.0000,2.310000,0.00000e+00,1.747830,0.660691,1.175171,6.217729,2.967378,0.761902,0.677598,5.278075,0.81998,-15.12874,12
0.5,0.0000,2.311000,0.00000e+00,1.749746,0.660816,1.176412,6.229936,2.969319,0.761949,0.678226,5.286101,0.81996,-15.18796,12
0.5,0.0000,2.312000,0.00000e+00,1.751663,0.660941,1.177653,6.242160,2.971261,0.761996,0.678855,5.294137,0.81994,-15.24736,12
0.5,0.0000,2.313000,0.00000e+00,1.753581,0.661066,1.178894,6.254401,2.973203,0.762043,0.679484,5.302182,0.81993,-15.30696,12
0.5,0.0000,2.314000,0.00000e+00,1.755499,0.661191,1.180136,6.266659,2.975146,0.762089,0.680113,5.310236,0.81991,-15.36676,12
0.5,0.0000,2.315000,0.00000e+00,1.757418,0.661315,1.181379,6.278934,2.977090,0.762136,0.680743,5.318299,0.81989,-15.42675,12
0.5,0.0000,2.316000,0.00000e+00,1.759339,0.661439,1.182622,6.291226,2.979035,0.762182,0.681373,5.326372,0.81988,-15.48693,12
0.5,0.0000,2.317000,0.00000e+00,1.761260,0.661563,1.183865,6.303535,2.980981,0.762229,0.682003,5.334454,0.81986,-15.54731,12
0.5,0.0000,2.318000,0.00000e+00,1.763181,0.661687,1.185109,6.315861,2.982927,0.762275,0.682633,5.342545,0.81984,-15.60789,12
0.5,0.0000,2.319000,0.00000e+00,1.765104,0.661811,1.186354,6.328204,2.984874,0.762321,0.683264,5.350646,0.81983,-15.66866,12
0.5,0.0000,2.320000,0.00000e+00,1.767027,0.661935,1.187599,6.340564,2.986821,0.762368,0.683894,5.358756,0.81981,-15.72963,12
0.5,0.0000,2.321000,0.00000e+00,1.768951,0.662058,1.188845,6.352942,2.988770,0.762414,0.684526,5.366875,0.81979,-15.79080,12
0.5,0.0000,2.322000,0.00000e+00,1.770876,0.662182,1.190091,6.365336,2.990719,0.762460,0.685157,5.375004,0.81978,-15.85217,12
0.5,0.0000,2.323000,0.00000e+00,1.772802,0.662305,1.191338,6.377748,2.992669,0.762505,0.685788,5.383142,0.81976,-15.91374,12
0.5,0.0000,2.324000,0.00000e+00,1.774728,0.662428,1.192585,6.390176,2.994620,0.762551,0.686420,5.391290,0.81975,-15.97550,12
0.5,0.0000,2.325000,0.00000e+00,1.776656,0.662551,1.193833,6.402622,2.996571,0.762597,0.687052,5.399446,0.81973,-16.03747,12
0.5,0.0000,2.326000,0.00000e+00,1.778584,0.662673,1.195082,6.415085,2.998523,0.762643,0.687685,5.407613,0.81971,-16.09964,12
0.5,0.0000,2.327000,0.00000e+00,1.780512,0.662796,1.196331,6.427566,3.000476,0.762688,0.688317,5.415788,0.81970,-16.16201,12
0.5,0.0000,2.328000,0.00000e+00,1.782442,0.662918,1.197580,6.440063,3.002430,0.762734,0.688950,5.423973,0.81968,-16.22458,12
0.5,0.0000,2.329000,0.00000e+00,1.784373,0.663040,1.198830,6.452578,3.004384,0.762779,0.689583,5.432168,0.81966,-16.28735,12
0.5,0.0000,2.330000,0.00000e+00,1.786304,0.663162,1.200081,6.465110,3.006339,0.762824,0.690216,5.440372,0.81965,-16.35032,12
0.5,0.0000,2.331000,0.00000e+00,1.788236,0.663284,1.201332,6.477659,3.008295,0.762870,0.690850,5.448585,0.81963,-16.41350,12
0.5,0.0000,2.332000,0.00000e+00,1.790169,0.663406,1.202584,6.490225,3.010252,0.762915,0.691484,5.456807,0.81962,-16.47689,12
0.5,0.0000,2.333000,0.00000e+00,1.792102,0.663528,1.203836,6.502809,3.012209,0.762960,0.692118,5.465039,0.81960,-16.54047,12
0.5,0.0000,2.334000,0.00000e+00,1.794037,0.663649,1.205089,6.515410,3.014167,0.763005,0.692752,5.473281,0.81958,-16.60427,12
0.5,0.0000,2.335000,0.00000e+00,1.795972,0.663770,1.206342,6.528029,3.016126,0.763050,0.693386,5.481532,0.81957,-16.66826,12
0.5,0.0000,2.336000,0.00000e+00,1.797908,0.663891,1.207596,6.540664,3.018085,0.763095,0.694021,5.489792,0.81955,-16.73247,12
0.5,0.0000,2.337000,0.00000e+00,1.799845,0.664012,1.208850,6.553317,3.020046,0.763139,0.694656,5.498062,0.81954,-16.79688,12
0.5,0.0000,2.338000,0.00000e+00,1.801782,0.664133,1.210105,6.565987,3.022007,0.763184,0.695292,5.506342,0.81952,-16.86150,12
0.5,0.0000,2.339000,0.00000e+00,1.803721,0.664254,1.211360,6.578675,3.023968,0.763229,0.695927,5.514630,0.81951,-16.92632,12
0.5,0.0000,2.340000,0.00000e+00,1.805660,0.664374,1.212616,6.591380,3.025931,0.763273,0.696563,5.522929,0.81949,-16.99136,12
0.5,0.0000,2.341000,0.00000e+00,1.807600,0.664495,1.213872,6.604103,3.027894,0.763317,0.697199,5.531237,0.81947,-17.05660,12
0.5,0.0000,2.342000,0.00000e+00,1.809540,0.664615,1.215129,6.616843,3.029858,0.763362,0.697835,5.539554,0.81946,-17.12205,12
0.5,0.0000,2.343000,0.00000e+00,1.811482,0.664735,1.216387,6.629600,3.031823,0.763406,0.698472,5.547881,0.81944,-17.18771,12
0.5,0.0000,2.344000,0.00000e+00,1.813424,0.664855,1.217645,6.642375,3.033788,0.763450,0.699109,5.556217,0.81943,-17.25358,12
0.5,0.0000,2.345000,0.00000e+00,1.815367,0.664974,1.218904,6.655167,3.035754,0.763494,0.699746,5.564563,0.81941,-17.31967,12
0.5,0.0000,2.346000,0.00000e+00,1.817311,0.665094,1.220163,6.667976,3.037721,0.763538,0.700383,5.572918,0.81940,-17.38596,12
0.5,0.0000,2.347000,0.00000e+00,1.819256,0.665213,1.221422,6.680803,3.039689,0.763582,0.701021,5.581283,0.81938,-17.45247,12
0.5,0.0000,2.348000,0.00000e+00,1.821201,0.665333,1.222683,6.693648,3.041657,0.763626,0.701658,5.589658,0.81937,-17.51919,12
0.5,0.0000,2.349000,0.00000e+00,1.823148,0.665452,1.223943,6.706510,3.043626,0.763670,0.702296,5.598041,0.81935,-17.58612,12
0.5,0.0000,2.350000,0.00000e+00,1.825095,0.665571,1.225205,6.719390,3.045596,0.763714,0.702935,5.606435,0.81934,-17.65327,12
0.5,0.0000,2.351000,0.00000e+00,1.827042,0.665689,1.226466,6.732287,3.047567,0.763757,0.703573,5.614838,0.81932,-17.72063,12
0.5,0.0000,2.352000,0.00000e+00,1.828991,0.665808,1.227729,6.745202,3.049538,0.763801,0.704212,5.623251,0.81930,-17.78821,12
0.5,0.0000,2.353000,0.00000e+00,1.830940,0.665927,1.228992,6.758134,3.051510,0.763844,0.704851,5.631673,0.81929,-17.85600,12
0.5,0.0000,2.354000,0.00000e+00,1.832891,0.666045,1.230255,6.771084,3.053483,0.763888,0.705490,5.640105,0.81927,-17.92401,12
0.5,0.0000,2.355000,0.00000e+00,1.834842,0.666163,1.231519,6.784051,3.055457,0.763931,0.706130,5.648546,0.81926,-17.99224,12
0.5,0.0000,2.356000,0.00000e+00,1.836793,0.666281,1.232783,6.797036,3.057431,0.763974,0.706770,5.656997,0.81924,-18.06068,12
0.5,0.0000,2.357000,0.00000e+00,1.838746,0.666399,1.234048,6.810039,3.059406,0.764017,0.707410,5.665458,0.81923,-18.12934,12
0.5,0.0000,2.358000,0.00000e+00,1.840699,0.666517,1.235314,6.823059,3.061382,0.764060,0.708050,5.673928,0.81921,-18.19822,12
0.5,0.0000,2.359000,0.00000e+00,1.842653,0.666634,1.236580,6.836097,3.063358,0.764103,0.708691,5.682408,0.81920,-18.26732,12
0.5,0.0000,2.360000,0.00000e+00,1.844608,0.666752,1.237847,6.849153,3.065335,0.764146,0.709331,5.690898,0.81918,-18.33663,12
0.5,0.0000,2.361000,0.00000e+00,1.846564,0.666869,1.239114,6.862226,3.067313,0.764189,0.709972,5.699397,0.81917,-18.40617,12
0.5,0.0000,2.362000,0.00000e+00,1.848520,0.666986,1.240381,6.875317,3.069292,0.764232,0.710614,5.707905,0.81915,-18.47593,12
0.5,0.0000,2.363000,0.00000e+00,1.850478,0.667103,1.241649,6.888426,3.071272,0.764274,0.711255,5.716424,0.81914,-18.54591,12
0.5,0.0000,2.364000,0.00000e+00,1.852436,0.667220,1.242918,6.901553,3.073252,0.764317,0.711897,5.724952,0.81912,-18.61611,12
0.5,0.0000,2.365000,0.00000e+00,1.854394,0.667336,1.244187,6.914697,3.075233,0.764359,0.712539,5.733490,0.81911,-18.68654,12
0.5,0.0000,2.366000,0.00000e+00,1.856354,0.667453,1.245457,6.927859,3.077214,0.764402,0.713181,5.742037,0.81909,-18.75718,12
0.5,0.0000,2.367000,0.00000e+00,1.858314,0.667569,1.246728,6.941039,3.079197,0.764444,0.713824,5.750594,0.81908,-18.82805,12
0.5,0.0000,2.368000,0.00000e+00,1.860276,0.667685,1.247998,6.954236,3.081180,0.764487,0.714467,5.759161,0.81906,-18.89915,12
0.5,0.0000,2.369000,0.00000e+00,1.862238,0.667801,1.249270,6.967451,3.083164,0.764529,0.715110,5.767737,0.81905,-18.97047,12
0.5,0.0000,2.370000,0.00000e+00,1.864200,0.667917,1.250542,6.980685,3.085148,0.764571,0.715753,5.776324,0.81904,-19.04201,12
0.5,0.0000,2.371000,0.00000e+00,1.866164,0.668033,1.251814,6.993936,3.087134,0.764613,0.716397,5.784919,0.81902,-19.11378,12
0.5,0.0000,2.372000,0.00000e+00,1.868128,0.668149,1.253087,7.007204,3.089120,0.764655,0.717040,5.793525,0.81901,-19.18578,12
0.5,0.0000,2.373000,0.00000e+00,1.870093,0.668264,1.254361,7.020491,3.091107,0.764697,0.717684,5.802140,0.81899,-19.25801,12
0.5,0.0000,2.374000,0.00000e+00,1.872059,0.668379,1.255635,7.033796,3.093094,0.764739,0.718329,5.810765,0.81898,-19.33046,12
0.5,0.0000,2.375000,0.00000e+00,1.874026,0.668495,1.256909,7.047118,3.095083,0.764780,0.718973,5.819400,0.81896,-19.40314,12
0.5,0.0000,2.376000,0.00000e+00,1.875993,0.668610,1.258184,7.060458,3.097072,0.764822,0.719618,5.828045,0.81895,-19.47605,12
0.5,0.0000,2.377000,0.00000e+00,1.877962,0.668724,1.259460,7.073817,3.099061,0.764864,0.720263,5.836699,0.81893,-19.54919,12
0.5,0.0000,2.378000,0.00000e+00,1.879931,0.668839,1.260736,7.087193,3.101052,0.764905,0.720908,5.845363,0.81892,-19.62256,12
0.5,0.0000,2.379000,0.00000e+00,1.881900,0.668954,1.262013,7.100587,3.103043,0.764947,0.721554,5.854037,0.81891,-19.69616,12
0.5,0.0000,2.380000,0.00000e+00,1.883871,0.669068,1.263290,7.113999,3.105035,0.764988,0.722200,5.862720,0.81889,-19.76999,12
0.5,0.0000,2.381000,0.00000e+00,1.885842,0.669182,1.264568,7.127429,3.107028,0.765029,0.722846,5.871414,0.81888,-19.84405,12
0.5,0.0000,2.382000,0.00000e+00,1.887814,0.669297,1.265846,7.140877,3.109021,0.765070,0.723492,5.880117,0.81886,-19.91835,12
0.5,0.0000,2.383000,0.00000e+00,1.889787,0.669411,1.267125,7.154343,3.111016,0.765112,0.724138,5.888830,0.81885,-19.99288,12
0.5,0.0000,2.384000,0.00000e+00,1.891761,0.669524,1.268404,7.167827,3.113010,0.765153,0.724785,5.897553,0.81883,-20.06764,12
0.5,0.0000,2.385000,0.00000e+00,1.893736,0.669638,1.269684,7.181329,3.115006,0.765194,0.725432,5.906285,0.81882,-20.14264,12
0.5,0.0000,2.386000,0.00000e+00,1.895711,0.669752,1.270964,7.194850,3.117002,0.765235,0.726080,5.915028,0.81881,-20.21787,12
0.5,0.0000,2.387000,0.00000e+00,1.897687,0.669865,1.272245,7.208388,3.119000,0.765275,0.726727,5.923780,0.81879,-20.29334,12
0.5,0.0000,2.388000,0.00000e+00,1.899664,0.669978,1.273527,7.221944,3.120997,0.765316,0.727375,5.932542,0.81878,-20.36904,12
0.5,0.0000,2.389000,0.00000e+00,1.901641,0.670091,1.274809,7.235519,3.122996,0.765357,0.728023,5.941314,0.81876,-20.44499,12
0.5,0.0000,2.390000,0.00000e+00,1.903620,0.670204,1.276091,7.249111,3.124995,0.765397,0.728671,5.950095,0.81875,-20.52116,12
0.5,0.0000,2.391000,0.00000e+00,1.905599,0.670317,1.277374,7.262722,3.126996,0.765438,0.729320,5.958887,0.81873,-20.59758,12
0.5,0.0000,2.392000,0.00000e+00,1.907579,0.670430,1.278658,7.276350,3.128996,0.765478,0.729968,5.967689,0.81872,-20.67424,12
0.5,0.0000,2.393000,0.00000e+00,1.909560,0.670542,1.279942,7.289997,3.130998,0.765519,0.730617,5.976500,0.81871,-20.75113,12
0.5,0.0000,2.394000,0.00000e+00,1.911541,0.670655,1.281227,7.303662,3.133000,0.765559,0.731267,5.985321,0.81869,-20.82826,12
0.5,0.0000,2.395000,0.00000e+00,1.913523,0.670767,1.282512,7.317346,3.135003,0.765599,0.731916,5.994152,0.81868,-20.90564,12
0.5,0.0000,2.396000,0.00000e+00,1.915507,0.670879,1.283797,7.331047,3.137007,0.765640,0.732566,6.002993,0.81867,-20.98325,12
0.5,0.0000,2.397000,0.00000e+00,1.917490,0.670991,1.285084,7.344767,3.139011,0.765680,0.733216,6.011844,0.81865,-21.06111,12
0.5,0.0000,2.398000,0.00000e+00,1.919475,0.671103,1.286370,7.358505,3.141017,0.765720,0.733866,6.020705,0.81864,-21.13921,12
0.5,0.0000,2.399000,0.00000e+00,1.921461,0.671214,1.287658,7.372261,3.143023,0.765760,0.734517,6.029576,0.81862,-21.21756,12
0.5,0.0000,2.400000,0.00000e+00,1.923447,0.671326,1.288945,7.386035,3.145029,0.765800,0.735168,6.038456,0.81861,-21.29614,12
0.5,0.0000,2.401000,0.00000e+00,1.925434,0.671437,1.290234,7.399828,3.147037,0.765839,0.735819,6.047347,0.81860,-21.37497,12
0.5,0.0000,2.402000,0.00000e+00,1.927421,0.671548,1.291523,7.413639,3.149045,0.765879,0.736470,6.056247,0.81858,-21.45405,12
0.5,0.0000,2.403000,0.00000e+00,1.929410,0.671659,1.292812,7.427468,3.151054,0.765919,0.737121,6.065158,0.81857,-21.53337,12
0.5,0.0000,2.404000,0.00000e+00,1.931399,0.671770,1.294102,7.441316,3.153063,0.765958,0.737773,6.074078,0.81856,-21.61294,12
0.5,0.0000,2.405000,0.00000e+00,1.933389,0.671881,1.295392,7.455182,3.155074,0.765998,0.738425,6.083008,0.81854,-21.69275,12
0.5,0.0000,2.406000,0.00000e+00,1.935380,0.671992,1.296683,7.469066,3.157085,0.766037,0.739077,6.091949,0.81853,-21.77281,12
0.5,0.0000,2.407000,0.00000e+00,1.937372,0.672102,1.297975,7.482969,3.159097,0.766077,0.739730,6.100899,0.81851,-21.85312,12
0.5,0.0000,2.408000,0.00000e+00,1.939364,0.672213,1.299267,7.496890,3.161109,0.766116,0.740383,6.109859,0.81850,-21.93368,12
0.5,0.0000,2.409000,0.00000e+00,1.941358,0.672323,1.300559,7.510829,3.163123,0.766155,0.741036,6.118830,0.81849,-22.01449,12
0.5,0.0000,2.410000,0.00000e+00,1.943352,0.672433,1.301852,7.524787,3.165137,0.766194,0.741689,6.127810,0.81847,-22.09554,12
0.5,0.0000,2.411000,0.00000e+00,1.945346,0.672543,1.303146,7.538763,3.167151,0.766233,0.742342,6.136800,0.81846,-22.17685,12
0.5,0.0000,2.412000,0.00000e+00,1.947342,0.672653,1.304440,7.552758,3.169167,0.766273,0.742996,6.145801,0.81845,-22.25841,12
0.5,0.0000,2.413000,0.00000e+00,1.949338,0.672762,1.305735,7.566771,3.171183,0.766311,0.743650,6.154811,0.81843,-22.34022,12
0.5,0.0000,2.414000,0.00000e+00,1.951335,0.672872,1.307030,7.580802,3.173200,0.766350,0.744304,6.163831,0.81842,-22.42229,12
0.5,0.0000,2.415000,0.00000e+00,1.953333,0.672981,1.308326,7.594853,3.175218,0.766389,0.744959,6.172862,0.81841,-22.50460,12
0.5,0.0000,2.416000,0.00000e+00,1.955332,0.673090,1.309622,7.608921,3.177236,0.766428,0.745614,6.181902,0.81839,-22.58717,12
0.5,0.0000,2.417000,0.00000e+00,1.957331,0.673199,1.310919,7.623008,3.179255,0.766467,0.746269,6.190953,0.81838,-22.67000,12
0.5,0.0000,2.418000,0.00000e+00,1.959332,0.673308,1.312216,7.637114,3.181275,0.766505,0.746924,6.200013,0.81837,-22.75308,12
0.5,0.0000,2.419000,0.00000e+00,1.961332,0.673417,1.313514,7.651238,3.183296,0.766544,0.747580,6.209084,0.81836,-22.83642,12
0.5,0.0000,2.420000,0.00000e+00,1.963334,0.673526,1.314812,7.665380,3.185317,0.766582,0.748235,6.218164,0.81834,-22.92001,12
0.5,0.0000,2.421000,0.00000e+00,1.965337,0.673634,1.316111,7.679542,3.187340,0.766621,0.748891,6.227255,0.81833,-23.00386,12
0.5,0.0000,2.422000,0.00000e+00,1.967340,0.673743,1.317411,7.693722,3.189362,0.766659,0.749548,6.236356,0.81832,-23.08796,12
0.5,0.0000,2.423000,0.00000e+00,1.969344,0.673851,1.318711,7.707920,3.191386,0.766697,0.750204,6.245467,0.81830,-23.17233,12
0.5,0.0000,2.424000,0.00000e+00,1.971349,0.673959,1.320011,7.722137,3.193410,0.766735,0.750861,6.254588,0.81829,-23.25695,12
0.5,0.0000,2.425000,0.00000e+00,1.973355,0.674067,1.321312,7.736373,3.195435,0.766773,0.751518,6.263719,0.81828,-23.34184,12
0.5,0.0000,2.426000,0.00000e+00,1.975361,0.674175,1.322614,7.750627,3.197461,0.766811,0.752175,6.272860,0.81826,-23.42698,12
0.5,0.0000,2.427000,0.00000e+00,1.977368,0.674283,1.323916,7.764900,3.199488,0.766849,0.752832,6.282012,0.81825,-23.51239,12
0.5,0.0000,2.428000,0.00000e+00,1.979376,0.674390,1.325218,7.779192,3.201515,0.766887,0.753490,6.291173,0.81824,-23.59806,12
0.5,0.0000,2.429000,0.00000e+00,1.981385,0.674498,1.326521,7.793502,3.203543,0.766925,0.754148,6.300345,0.81822,-23.68399,12
0.5,0.0000,2.430000,0.00000e+00,1.983395,0.674605,1.327825,7.807831,3.205572,0.766963,0.754806,6.309527,0.81821,-23.77018,12
0.5,0.0000,2.431000,0.00000e+00,1.985405,0.674712,1.329129,7.822179,3.207601,0.767001,0.755465,6.318719,0.81820,-23.85663,12
0.5,0.0000,2.432000,0.00000e+00,1.987416,0.674819,1.330434,7.836545,3.209631,0.767038,0.756124,6.327921,0.81819,-23.94336,12
0.5,0.0000,2.433000,0.00000e+00,1.989428,0.674926,1.331739,7.850931,3.211662,0.767076,0.756783,6.337133,0.81817,-24.03034,12
0.5,0.0000,2.434000,0.00000e+00,1.991440,0.675033,1.333045,7.865335,3.213694,0.767113,0.757442,6.346356,0.81816,-24.11759,12
0.5,0.0000,2.435000,0.00000e+00,1.993454,0.675139,1.334351,7.879757,3.215726,0.767151,0.758101,6.355588,0.81815,-24.20511,12
0.5,0.0000,2.436000,0.00000e+00,1.995468,0.675246,1.335658,7.894199,3.217759,0.767188,0.758761,6.364831,0.81814,-24.29290,12
0.5,0.0000,2.437000,0.00000e+00,1.997483,0.675352,1.336965,7.908660,3.219793,0.767225,0.759421,6.374084,0.81812,-24.38095,12
0.5,0.0000,2.438000,0.00000e+00,1.999499,0.675458,1.338273,7.923139,3.221828,0.767262,0.760081,6.383348,0.81811,-24.46927,12
0.5,0.0000,2.439000,0.00000e+00,2.001515,0.675564,1.339581,7.937637,3.223863,0.767300,0.760742,6.392621,0.81810,-24.55786,12
0.5,0.0000,2.440000,0.00000e+00,2.003532,0.675670,1.340890,7.952154,3.225899,0.767337,0.761403,6.401905,0.81808,-24.64672,12
0.5,0.0000,2.441000,0.00000e+00,2.005550,0.675776,1.342200,7.966690,3.227936,0.767374,0.762064,6.411199,0.81807,-24.73585,12
0.5,0.0000,2.442000,0.00000e+00,2.007569,0.675882,1.343510,7.981244,3.229974,0.767411,0.762725,6.420503,0.81806,-24.82525,12
0.5,0.0000,2.443000,0.00000e+00,2.009589,0.675987,1.344820,7.995818,3.232012,0.767447,0.763386,6.429817,0.81805,-24.91492,12
0.5,0.0000,2.444000,0.00000e+00,2.011609,0.676093,1.346131,8.010410,3.234051,0.767484,0.764048,6.439142,0.81803,-25.00487,12
0.5,0.0000,2.445000,0.00000e+00,2.013630,0.676198,1.347442,8.025022,3.236091,0.767521,0.764710,6.448477,0.81802,-25.09509,12
0.5,0.0000,2.446000,0.00000e+00,2.015652,0.676303,1.348755,8.039652,3.238131,0.767558,0.765372,6.457822,0.81801,-25.18558,12
0.5,0.0000,2.447000,0.00000e+00,2.017675,0.676408,1.350067,8.054302,3.240172,0.767594,0.766035,6.467178,0.81800,-25.27635,12
0.5,0.0000,2.448000,0.00000e+00,2.019698,0.676513,1.351380,8.068970,3.242214,0.767631,0.766697,6.476543,0.81799,-25.36739,12
0.5,0.0000,2.449000,0.00000e+00,2.021723,0.676617,1.352694,8.083657,3.244257,0.767667,0.767360,6.485920,0.81797,-25.45871,12
0.5,0.0000,2.450000,0.00000e+00,2.023748,0.676722,1.354008,8.098364,3.246300,0.767704,0.768024,6.495306,0.81796,-25.55030,12
0.5,0.0000,2.451000,0.00000e+00,2.025773,0.676826,1.355323,8.113089,3.248344,0.767740,0.768687,6.504703,0.81795,-25.64218,12
0.5,0.0000,2.452000,0.00000e+00,2.027800,0.676931,1.356638,8.127833,3.250389,0.767776,0.769351,6.514110,0.81794,-25.73433,12
0.5,0.0000,2.453000,0.00000e+00,2.029827,0.677035,1.357954,8.142597,3.252435,0.767813,0.770015,6.523527,0.81792,-25.82676,12
0.5,0.0000,2.454000,0.00000e+00,2.031855,0.677139,1.359270,8.157379,3.254481,0.767849,0.770679,6.532955,0.81791,-25.91947,12
0.5,0.0000,2.455000,0.00000e+00,2.033884,0.677243,1.360587,8.172181,3.256528,0.767885,0.771343,6.542393,0.81790,-26.01245,12
0.5,0.0000,2.456000,0.00000e+00,2.035914,0.677347,1.361904,8.187002,3.258576,0.767921,0.772008,6.551841,0.81789,-26.10572,12
0.5,0.0000,2.457000,0.00000e+00,2.037944,0.677450,1.363222,8.201842,3.260625,0.767957,0.772673,6.561300,0.81788,-26.19927,12
0.5,0.0000,2.458000,0.00000e+00,2.039976,0.677554,1.364540,8.216701,3.262674,0.767993,0.773338,6.570769,0.81786,-26.29311,12
0.5,0.0000,2.459000,0.00000e+00,2.042007,0.677657,1.365859,8.231579,3.264724,0.768028,0.774004,6.580248,0.81785,-26.38722,12
0.5,0.0000,2.460000,0.00000e+00,2.044040,0.677760,1.367178,8.246476,3.266775,0.768064,0.774670,6.589738,0.81784,-26.48162,12
0.5,0.0000,2.461000,0.00000e+00,2.046074,0.677863,1.368498,8.261392,3.268826,0.768100,0.775336,6.599238,0.81783,-26.57631,12
0.5,0.0000,2.462000,0.00000e+00,2.048108,0.677966,1.369819,8.276328,3.270878,0.768136,0.776002,6.608749,0.81782,-26.67128,12
0.5,0.0000,2.463000,0.00000e+00,2.050143,0.678069,1.371139,8.291283,3.272931,0.768171,0.776668,6.618270,0.81780,-26.76653,12
0.5,0.0000,2.464000,0.00000e+00,2.052179,0.678172,1.372461,8.306257,3.274985,0.768207,0.777335,6.627801,0.81779,-26.86207,12
0.5,0.0000,2.465000,0.00000e+00,2.054215,0.678275,1.373783,8.321250,3.277039,0.768242,0.778002,6.637343,0.81778,-26.95790,12
0.5,0.0000,2.466000,0.00000e+00,2.056253,0.678377,1.375106,8.336263,3.279095,0.768277,0.778669,6.646895,0.81777,-27.05402,12
0.5,0.0000,2.467000,0.00000e+00,2.058291,0.678479,1.376429,8.351295,3.281150,0.768313,0.779337,6.656458,0.81776,-27.15043,12
0.5,0.0000,2.468000,0.00000e+00,2.060330,0.678582,1.377752,8.366346,3.283207,0.768348,0.780004,6.666031,0.81774,-27.24712,12
0.5,0.0000,2.469000,0.00000e+00,2.062369,0.678684,1.379076,8.381416,3.285264,0.768383,0.780672,6.675614,0.81773,-27.34411,12
0.5,0.0000,2.470000,0.00000e+00,2.064410,0.678786,1.380401,8.396506,3.287322,0.768418,0.781340,6.685208,0.81772,-27.44138,12
0.5,0.0000,2.471000,0.00000e+00,2.066451,0.678887,1.381726,8.411615,3.289381,0.768453,0.782009,6.694813,0.81771,-27.53895,12
0.5,0.0000,2.472000,0.00000e+00,2.068493,0.678989,1.383052,8.426743,3.291441,0.768488,0.782678,6.704428,0.81770,-27.63681,12
0.5,0.0000,2.473000,0.00000e+00,2.070536,0.679091,1.384378,8.441891,3.293501,0.768523,0.783347,6.714053,0.81768,-27.73496,12
0.5,0.0000,2.474000,0.00000e+00,2.072579,0.679192,1.385705,8.457058,3.295562,0.768558,0.784016,6.723689,0.81767,-27.83341,12
0.5,0.0000,2.475000,0.00000e+00,2.074624,0.679293,1.387032,8.472244,3.297624,0.768593,0.784685,6.733335,0.81766,-27.93215,12
0.5,0.0000,2.476000,0.00000e+00,2.076669,0.679394,1.388360,8.487450,3.299686,0.768627,0.785355,6.742992,0.81765,-28.03118,12
0.5,0.0000,2.477000,0.00000e+00,2.078715,0.679495,1.389688,8.502676,3.301749,0.768662,0.786025,6.752660,0.81764,-28.13052,12
0.5,0.0000,2.478000,0.00000e+00,2.080761,0.679596,1.391017,8.517921,3.303813,0.768697,0.786695,6.762337,0.81763,-28.23014,12
0.5,0.0000,2.479000,0.00000e+00,2.082809,0.679697,1.392346,8.533185,3.305878,0.768731,0.787365,6.772026,0.81762,-28.33007,12
0.5,0.0000,2.480000,0.00000e+00,2.084857,0.679798,1.393676,8.548468,3.307943,0.768766,0.788036,6.781725,0.81760,-28.43029,12
0.5,0.0000,2.481000,0.00000e+00,2.086906,0.679898,1.395006,8.563772,3.310009,0.768800,0.788707,6.791434,0.81759,-28.53082,12
0.5,0.0000,2.482000,0.00000e+00,2.088955,0.679999,1.396337,8.579094,3.312076,0.768835,0.789378,6.801154,0.81758,-28.63164,12
0.5,0.0000,2.483000,0.00000e+00,2.091006,0.680099,1.397669,8.594436,3.314144,0.768869,0.790050,6.810885,0.81757,-28.73276,12
0.5,0.0000,2.484000,0.00000e+00,2.093057,0.680199,1.399001,8.609798,3.316212,0.768903,0.790721,6.820626,0.81756,-28.83419,12
0.5,0.0000,2.485000,0.00000e+00,2.095109,0.680299,1.400333,8.625179,3.318281,0.768937,0.791393,6.830378,0.81755,-28.93591,12
0.5,0.0000,2.486000,0.00000e+00,2.097162,0.680399,1.401666,8.640580,3.320351,0.768971,0.792066,6.840140,0.81753,-29.03794,12
0.5,0.0000,2.487000,0.00000e+00,2.099215,0.680499,1.402999,8.656001,3.322422,0.769005,0.792738,6.849913,0.81752,-29.14027,12
0.5,0.0000,2.488000,0.00000e+00,2.101270,0.680598,1.404334,8.671441,3.324493,0.769039,0.793411,6.859696,0.81751,-29.24291,12
0.5,0.0000,2.489000,0.00000e+00,2.103325,0.680698,1.405668,8.686900,3.326565,0.769073,0.794084,6.869491,0.81750,-29.34585,12
0.5,0.0000,2.490000,0.00000e+00,2.105380,0.680797,1.407003,8.702379,3.328638,0.769107,0.794757,6.879295,0.81749,-29.44910,12
0.5,0.0000,2.491000,0.00000e+00,2.107437,0.680896,1.408339,8.717878,3.330711,0.769141,0.795430,6.889111,0.81748,-29.55265,12
0.5,0.0000,2.492000,0.00000e+00,2.109494,0.680995,1.409675,8.733397,3.332785,0.769175,0.796104,6.898936,0.81747,-29.65651,12
0.5,0.0000,2.493000,0.00000e+00,2.111553,0.681094,1.411012,8.748935,3.334860,0.769208,0.796778,6.908773,0.81746,-29.76068,12
0.5,0.0000,2.494000,0.00000e+00,2.113611,0.681193,1.412349,8.764493,3.336936,0.769242,0.797452,6.918620,0.81744,-29.86515,12
0.5,0.0000,2.495000,0.00000e+00,2.115671,0.681292,1.413686,8.780070,3.339012,0.769275,0.798126,6.928478,0.81743,-29.96994,12
0.5,0.0000,2.496000,0.00000e+00,2.117732,0.681391,1.415025,8.795668,3.341089,0.769309,0.798801,6.938347,0.81742,-30.07503,12
0.5,0.0000,2.497000,0.00000e+00,2.119793,0.681489,1.416363,8.811285,3.343167,0.769342,0.799476,6.948226,0.81741,-30.18044,12
0.5,0.0000,2.498000,0.00000e+00,2.121855,0.681587,1.417703,8.826921,3.345246,0.769376,0.800151,6.958115,0.81740,-30.28616,12
0.5,0.0000,2.499000,0.00000e+00,2.123918,0.681686,1.419042,8.842578,3.347325,0.769409,0.800827,6.968016,0.81739,-30.39219,12
0.5,0.0000,2.500000,0.00000e+00,2.125981,0.681784,1.420383,8.858254,3.349405,0.769442,0.801502,6.977927,0.81738,-30.49853,12
0.5,0.0000,2.501000,0.00000e+00,2.128045,0.681882,1.421724,8.873950,3.351486,0.769475,0.802178,6.987849,0.81737,-30.60519,12
0.5,0.0000,2.502000,0.00000e+00,2.130110,0.681980,1.423065,8.889666,3.353567,0.769509,0.802854,6.997782,0.81736,-30.71216,12
0.5,0.0000,2.503000,0.00000e+00,2.132176,0.682077,1.424407,8.905402,3.355650,0.769542,0.803531,7.007725,0.81735,-30.81945,12
0.5,0.0000,2.504000,0.00000e+00,2.134243,0.682175,1.425749,8.921157,3.357733,0.769575,0.804207,7.017679,0.81733,-30.92706,12
0.5,0.0000,2.505000,0.00000e+00,2.136310,0.682272,1.427092,8.936933,3.359816,0.769608,0.804884,7.027644,0.81732,-31.03498,12
0.5,0.0000,2.506000,0.00000e+00,2.138378,0.682370,1.428435,8.952728,3.361901,0.769640,0.805562,7.037619,0.81731,-31.14322,12
0.5,0.0000,2.507000,0.00000e+00,2.140447,0.682467,1.429779,8.968543,3.363986,0.769673,0.806239,7.047605,0.81730,-31.25178,12
0.5,0.0000,2.508000,0.00000e+00,2.142517,0.682564,1.431124,8.984378,3.366072,0.769706,0.806917,7.057602,0.81729,-31.36065,12
0.5,0.0000,2.509000,0.00000e+00,2.144587,0.682661,1.432469,9.000233,3.368158,0.769739,0.807595,7.067610,0.81728,-31.46985,12
0.5,0.0000,2.510000,0.00000e+00,2.146658,0.682758,1.433814,9.016108,3.370246,0.769771,0.808273,7.077628,0.81727,-31.57937,12
0.5,0.0000,2.511000,0.00000e+00,2.148730,0.682855,1.435160,9.032001,3.372333,0.769804,0.808951,7.087656,0.81726,-31.68920,10
0.5,0.0000,2.512000,0.00000e+00,2.150802,0.682951,1.436507,9.047916,3.374422,0.769836,0.809630,7.097697,0.81725,-31.79936,10
0.5,0.0000,2.513000,0.00000e+00,2.152876,0.683048,1.437854,9.063850,3.376512,0.769869,0.810309,7.107747,0.81724,-31.90985,10
0.5,0.0000,2.514000,0.00000e+00,2.154950,0.683144,1.439201,9.079805,3.378602,0.769901,0.810988,7.117809,0.81723,-32.02066,10
0.5,0.0000,2.515000,0.00000e+00,2.157025,0.683240,1.440550,9.095780,3.380693,0.769934,0.811667,7.127881,0.81722,-32.13179,10
0.5,0.0000,2.516000,0.00000e+00,2.159101,0.683336,1.441898,9.111775,3.382785,0.769966,0.812347,7.137965,0.81720,-32.24325,10
0.5,0.0000,2.517000,0.00000e+00,2.161178,0.683432,1.443247,9.127790,3.384877,0.769998,0.813027,7.148059,0.81719,-32.35504,10
0.5,0.0000,2.518000,0.00000e+00,2.163255,0.683528,1.444597,9.143825,3.386971,0.770030,0.813707,7.158163,0.81718,-32.46716,10
0.5,0.0000,2.519000,0.00000e+00,2.165333,0.683624,1.445947,9.159880,3.389064,0.770062,0.814387,7.168279,0.81717,-32.57960,10
0.5,0.0000,2.520000,0.00000e+00,2.167412,0.683720,1.447298,9.175955,3.391159,0.770094,0.815068,7.178406,0.81716,-32.69237,10
0.5,0.0000,2.521000,0.00000e+00,2.169491,0.683815,1.448649,9.192050,3.393255,0.770126,0.815749,7.188543,0.81715,-32.80547,10
0.5,0.0000,2.522000,0.00000e+00,2.171572,0.683911,1.450001,9.208165,3.395351,0.770158,0.816430,7.198691,0.81714,-32.91891,10
0.5,0.0000,2.523000,0.00000e+00,2.173653,0.684006,1.451353,9.224301,3.397448,0.770190,0.817111,7.208851,0.81713,-33.03267,10
0.5,0.0000,2.524000,0.00000e+00,2.175735,0.684101,1.452706,9.240456,3.399545,0.770222,0.817793,7.219021,0.81712,-33.14677,10
0.5,0.0000,2.525000,0.00000e+00,2.177818,0.684196,1.454059,9.256632,3.401644,0.770254,0.818475,7.229201,0.81711,-33.26119,10
0.5,0.0000,2.526000,0.00000e+00,2.179901,0.684291,1.455413,9.272828,3.403743,0.770286,0.819157,7.239393,0.81710,-33.37596,10
0.5,0.0000,2.527000,0.00000e+00,2.181985,0.684386,1.456768,9.289044,3.405843,0.770317,0.819839,7.249596,0.81709,-33.49105,10
0.5,0.0000,2.528000,0.00000e+00,2.184070,0.684481,1.458123,9.305281,3.407943,0.770349,0.820522,7.259809,0.81708,-33.60649,10
0.5,0.0000,2.529000,0.00000e+00,2.186156,0.684575,1.459478,9.321537,3.410044,0.770380,0.821205,7.270034,0.81707,-33.72225,10
0.5,0.0000,2.530000,0.00000e+00,2.188242,0.684670,1.460834,9.337814,3.412146,0.770412,0.821888,7.280269,0.81706,-33.83836,10
0.5,0.0000,2.531000,0.00000e+00,2.190330,0.684764,1.462190,9.354111,3.414249,0.770443,0.822572,7.290516,0.81705,-33.95480,10
0.5,0.0000,2.532000,0.00000e+00,2.192418,0.684858,1.463547,9.370429,3.416353,0.770475,0.823255,7.300773,0.81704,-34.07158,10
0.5,0.0000,2.533000,0.00000e+00,2.194507,0.684952,1.464905,9.386766,3.418457,0.770506,0.823939,7.311041,0.81703,-34.18871,10
0.5,0.0000,2.534000,0.00000e+00,2.196596,0.685046,1.466263,9.403124,3.420562,0.770537,0.824623,7.321320,0.81702,-34.30617,10
0.5,0.0000,2.535000,0.00000e+00,2.198686,0.685140,1.467621,9.419503,3.422667,0.770568,0.825308,7.331610,0.81701,-34.42397,10
0.5,0.0000,2.536000,0.00000e+00,2.200778,0.685234,1.468980,9.435901,3.424774,0.770599,0.825992,7.341912,0.81700,-34.54211,10
0.5,0.0000,2.537000,0.00000e+00,2.202869,0.685327,1.470340,9.452320,3.426881,0.770631,0.826677,7.352224,0.81699,-34.66060,10
0.5,0.0000,2.538000,0.00000e+00,2.204962,0.685421,1.471700,9.468760,3.428989,0.770662,0.827362,7.362547,0.81698,-34.77943,10
0.5,0.0000,2.539000,0.00000e+00,2.207055,0.685514,1.473061,9.485220,3.431098,0.770693,0.828048,7.372881,0.81697,-34.89861,10
0.5,0.0000,2.540000,0.00000e+00,2.209150,0.685607,1.474422,9.501700,3.433207,0.770723,0.828733,7.383226,0.81696,-35.01813,10
0.5,0.0000,2.541000,0.00000e+00,2.211245,0.685701,1.475783,9.518200,3.435317,0.770754,0.829419,7.393582,0.81695,-35.13799,10
0.5,0.0000,2.542000,0.00000e+00,2.213340,0.685794,1.477146,9.534721,3.437428,0.770785,0.830105,7.403949,0.81694,-35.25821,10
0.5,0.0000,2.543000,0.00000e+00,2.215437,0.685887,1.478508,9.551263,3.439539,0.770816,0.830792,7.414327,0.81692,-35.37877,10
0.5,0.0000,2.544000,0.00000e+00,2.217534,0.685979,1.479871,9.567825,3.441652,0.770847,0.831478,7.424716,0.81691,-35.49968,10
0.5,0.0000,2.545000,0.00000e+00,2.219632,0.686072,1.481235,9.584407,3.443765,0.770877,0.832165,7.435116,0.81690,-35.62094,10
0.5,0.0000,2.546000,0.00000e+00,2.221731,0.686165,1.482599,9.601010,3.445878,0.770908,0.832852,7.445528,0.81689,-35.74255,10
0.5,0.0000,2.547000,0.00000e+00,2.223830,0.686257,1.483964,9.617634,3.447993,0.770938,0.833540,7.455950,0.81688,-35.86451,10
0.5,0.0000,2.548000,0.00000e+00,2.225930,0.686349,1.485329,9.634278,3.450108,0.770969,0.834227,7.466383,0.81687,-35.98682,10
0.5,0.0000,2.549000,0.00000e+00,2.228031,0.686442,1.486695,9.650942,3.452224,0.770999,0.834915,7.476828,0.81686,-36.10949,10
0.5,0.0000,2.550000,0.00000e+00,2.230133,0.686534,1.488062,9.667628,3.454341,0.771030,0.835603,7.487283,0.81686,-36.23251,10
0.5,0.0000,2.551000,0.00000e+00,2.232236,0.686626,1.489428,9.684333,3.456458,0.771060,0.836292,7.497750,0.81685,-36.35588,10
0.5,0.0000,2.552000,0.00000e+00,2.234339,0.686717,1.490796,9.701060,3.458576,0.771090,0.836980,7.508227,0.81684,-36.47961,10
0.5,0.0000,2.553000,0.00000e+00,2.236443,0.686809,1.492164,9.717806,3.460695,0.771120,0.837669,7.518716,0.81683,-36.60369,10
0.5,0.0000,2.554000,0.00000e+00,2.238548,0.686901,1.493532,9.734574,3.462815,0.771150,0.838358,7.529216,0.81682,-36.72813,10
0.5,0.0000,2.555000,0.00000e+00,2.240654,0.686992,1.494901,9.751362,3.464935,0.771180,0.839048,7.539727,0.81681,-36.85293,10
0.5,0.0000,2.556000,0.00000e+00,2.242760,0.687084,1.496270,9.768171,3.467056,0.771211,0.839737,7.550249,0.81680,-36.97809,10
0.5,0.0000,2.557000,0.00000e+00,2.244867,0.687175,1.497640,9.785000,3.469178,0.771241,0.840427,7.560783,0.81679,-37.10361,10
0.5,0.0000,2.558000,0.00000e+00,2.246975,0.687266,1.499011,9.801851,3.471300,0.771270,0.841117,7.571327,0.81678,-37.22949,10
0.5,0.0000,2.559000,0.00000e+00,2.249084,0.687357,1.500382,9.818722,3.473424,0.771300,0.841808,7.581883,0.81677,-37.35573,10
0.5,0.0000,2.560000,0.00000e+00,2.251193,0.687448,1.501753,9.835613,3.475548,0.771330,0.842498,7.592449,0.81676,-37.48233,10
0.5,0.0000,2.561000,0.00000e+00,2.253303,0.687539,1.503125,9.852526,3.477672,0.771360,0.843189,7.603027,0.81675,-37.60930,10
0.5,0.0000,2.562000,0.00000e+00,2.255414,0.687630,1.504498,9.869459,3.479798,0.771390,0.843880,7.613616,0.81674,-37.73663,10
0.5,0.0000,2.563000,0.00000e+00,2.257526,0.687720,1.505871,9.886413,3.481924,0.771419,0.844571,7.624217,0.81673,-37.86432,10
0.5,0.0000,2.564000,0.00000e+00,2.259639,0.687811,1.507245,9.903387,3.484051,0.771449,0.845263,7.634828,0.81672,-37.99238,10
0.5,0.0000,2.565000,0.00000e+00,2.261752,0.687901,1.508619,9.920385,3.486179,0.771478,0.845955,7.645452,0.81671,-38.12083,12
0.5,0.0000,2.566000,0.00000e+00,2.263866,0.687991,1.509994,9.937402,3.488307,0.771508,0.846647,7.656086,0.81670,-38.24962,12
0.5,0.0000,2.567000,0.00000e+00,2.265981,0.688082,1.511369,9.954439,3.490437,0.771537,0.847339,7.666731,0.81669,-38.37878,12
0.5,0.0000,2.568000,0.00000e+00,2.268097,0.688172,1.512744,9.971497,3.492566,0.771567,0.848032,7.677387,0.81668,-38.50831,12
0.5,0.0000,2.569000,0.00000e+00,2.270213,0.688262,1.514120,9.988576,3.494697,0.771596,0.848725,7.688055,0.81667,-38.63822,12
0.5,0.0000,2.570000,0.00000e+00,2.272330,0.688351,1.515497,10.005675,3.496828,0.771625,0.849418,7.698734,0.81666,-38.76849,12
0.5,0.0000,2.571000,0.00000e+00,2.274448,0.688441,1.516874,10.022796,3.498960,0.771655,0.850111,7.709424,0.81665,-38.89913,12
0.5,0.0000,2.572000,0.00000e+00,2.276566,0.688531,1.518252,10.039938,3.501093,0.771684,0.850805,7.720125,0.81664,-39.03015,12
0.5,0.0000,2.573000,0.00000e+00,2.278686,0.688620,1.519630,10.057100,3.503227,0.771713,0.851499,7.730838,0.81663,-39.16154,12
0.5,0.0000,2.574000,0.00000e+00,2.280806,0.688709,1.521009,10.074283,3.505361,0.771742,0.852193,7.741561,0.81662,-39.29331,12
0.5,0.0000,2.575000,0.00000e+00,2.282927,0.688799,1.522388,10.091488,3.507496,0.771771,0.852887,7.752296,0.81661,-39.42545,12
0.5,0.0000,2.576000,0.00000e+00,2.285048,0.688888,1.523768,10.108713,3.509632,0.771800,0.853582,7.763043,0.81660,-39.55796,12
0.5,0.0000,2.577000,0.00000e+00,2.287171,0.688977,1.525149,10.125960,3.511768,0.771829,0.854277,7.773801,0.81660,-39.69086,12
0.5,0.0000,2.578000,0.00000e+00,2.289294,0.689066,1.526529,10.143227,3.513905,0.771858,0.854972,7.784570,0.81659,-39.82413,12
0.5,0.0000,2.579000,0.00000e+00,2.291418,0.689154,1.527911,10.160515,3.516043,0.771886,0.855667,7.795350,0.81658,-39.95778,12
0.5,0.0000,2.580000,0.00000e+00,2.293543,0.689243,1.529293,10.177825,3.518182,0.771915,0.856363,7.806141,0.81657,-40.09181,12
0.5,0.0000,2.581000,0.00000e+00,2.295668,0.689332,1.530675,10.195155,3.520321,0.771944,0.857059,7.816944,0.81656,-40.22623,12
0.5,0.0000,2.582000,0.00000e+00,2.297794,0.689420,1.532058,10.212507,3.522461,0.771973,0.857755,7.827759,0.81655,-40.36102,12
0.5,0.0000,2.583000,0.00000e+00,2.299921,0.689508,1.533441,10.229879,3.524602,0.772001,0.858451,7.838584,0.81654,-40.49620,12
0.5,0.0000,2.584000,0.00000e+00,2.302049,0.689597,1.534825,10.247273,3.526744,0.772030,0.859148,7.849421,0.81653,-40.63176,12
0.5,0.0000,2.585000,0.00000e+00,2.304177,0.689685,1.536210,10.264688,3.528886,0.772058,0.859844,7.860270,0.81652,-40.76770,12
0.5,0.0000,2.586000,0.00000e+00,2.306307,0.689773,1.537595,10.282124,3.531029,0.772087,0.860542,7.871129,0.81651,-40.90403,12
0.5,0.0000,2.587000,0.00000e+00,2.308437,0.689861,1.538980,10.299581,3.533173,0.772115,0.861239,7.882001,0.81650,-41.04075,12
0.5,0.0000,2.588000,0.00000e+00,2.310568,0.689949,1.540366,10.317060,3.535317,0.772143,0.861936,7.892883,0.81649,-41.17785,12
0.5,0.0000,2.589000,0.00000e+00,2.312699,0.690036,1.541753,10.334559,3.537462,0.772172,0.862634,7.903777,0.81648,-41.31534,12
0.5,0.0000,2.590000,0.00000e+00,2.314831,0.690124,1.543140,10.352080,3.539608,0.772200,0.863332,7.914682,0.81648,-41.45322,12
0.5,0.0000,2.591000,0.00000e+00,2.316964,0.690211,1.544527,10.369622,3.541755,0.772228,0.864031,7.925599,0.81647,-41.59149,12
0.5,0.0000,2.592000,0.00000e+00,2.319098,0.690299,1.545916,10.387185,3.543902,0.772256,0.864729,7.936527,0.81646,-41.73015,12
0.5,0.0000,2.593000,0.00000e+00,2.321233,0.690386,1.547304,10.404770,3.546051,0.772284,0.865428,7.947467,0.81645,-41.86920,12
0.5,0.0000,2.594000,0.00000e+00,2.323368,0.690473,1.548693,10.422375,3.548200,0.772312,0.866127,7.958418,0.81644,-42.00865,12
0.5,0.0000,2.595000,0.00000e+00,2.325504,0.690560,1.550083,10.440002,3.550349,0.772340,0.866827,7.969380,0.81643,-42.14849,12
0.5,0.0000,2.596000,0.00000e+00,2.327641,0.690647,1.551473,10.457651,3.552500,0.772368,0.867526,7.980354,0.81642,-42.28872,12
0.5,0.0000,2.597000,0.00000e+00,2.329779,0.690734,1.552864,10.475320,3.554651,0.772396,0.868226,7.991339,0.81641,-42.42935,12
0.5,0.0000,2.598000,0.00000e+00,2.331917,0.690820,1.554255,10.493011,3.556802,0.772424,0.868926,8.002336,0.81640,-42.57038,12
0.5,0.0000,2.599000,0.00000e+00,2.334056,0.690907,1.555647,10.510724,3.558955,0.772452,0.869626,8.013344,0.81639,-42.71180,12
0.5,0.0000,2.600000,0.00000e+00,2.336196,0.690994,1.557039,10.528457,3.561108,0.772479,0.870327,8.024364,0.81639,-42.85362,12
0.5,0.0000,2.601000,0.00000e+00,2.338337,0.691080,1.558432,10.546213,3.563262,0.772507,0.871028,8.035395,0.81638,-42.99584,12
0.5,0.0000,2.602000,0.00000e+00,2.340478,0.691166,1.559825,10.563989,3.565417,0.772535,0.871729,8.046438,0.81637,-43.13846,12
0.5,0.0000,2.603000,0.00000e+00,2.342620,0.691252,1.561219,10.581787,3.567573,0.772562,0.872430,8.057492,0.81636,-43.28148,12
0.5,0.0000,2.604000,0.00000e+00,2.344763,0.691338,1.562613,10.599606,3.569729,0.772590,0.873132,8.068558,0.81635,-43.42490,12
0.5,0.0000,2.605000,0.00000e+00,2.346907,0.691424,1.564008,10.617447,3.571886,0.772617,0.873833,8.079635,0.81634,-43.56873,12
0.5,0.0000,2.606000,0.00000e+00,2.349052,0.691510,1.565403,10.635309,3.574043,0.772645,0.874536,8.090724,0.81633,-43.71296,12
0.5,0.0000,2.607000,0.00000e+00,2.351197,0.691596,1.566799,10.653193,3.576202,0.772672,0.875238,8.101825,0.81632,-43.85759,12
0.5,0.0000,2.608000,0.00000e+00,2.353343,0.691682,1.568195,10.671098,3.578361,0.772700,0.875940,8.112936,0.81631,-44.00264,12
0.5,0.0000,2.609000,0.00000e+00,2.355490,0.691767,1.569592,10.689025,3.580521,0.772727,0.876643,8.124060,0.81631,-44.14808,12
0.5,0.0000,2.610000,0.00000e+00,2.357637,0.691853,1.570990,10.706973,3.582682,0.772754,0.877346,8.135195,0.81630,-44.29394,12
0.5,0.0000,2.611000,0.00000e+00,2.359785,0.691938,1.572387,10.724943,3.584843,0.772781,0.878050,8.146342,0.81629,-44.44020,12
0.5,0.0000,2.612000,0.00000e+00,2.361934,0.692023,1.573786,10.742934,3.587005,0.772808,0.878753,8.157500,0.81628,-44.58688,12
0.5,0.0000,2.613000,0.00000e+00,2.364084,0.692108,1.575185,10.760947,3.589168,0.772835,0.879457,8.168669,0.81627,-44.73396,12
0.5,0.0000,2.614000,0.00000e+00,2.366235,0.692193,1.576584,10.778982,3.591331,0.772862,0.880161,8.179851,0.81626,-44.88146,12
0.5,0.0000,2.615000,0.00000e+00,2.368386,0.692278,1.577984,10.797038,3.593496,0.772889,0.880865,8.191044,0.81625,-45.02936,12
0.5,0.0000,2.616000,0.00000e+00,2.370538,0.692363,1.579385,10.815116,3.595661,0.772916,0.881570,8.202248,0.81624,-45.17768,12
0.5,0.0000,2.617000,0.00000e+00,2.372691,0.692447,1.580786,10.833215,3.597826,0.772943,0.882275,8.213465,0.81624,-45.32642,12
0.5,0.0000,2.618000,0.00000e+00,2.374845,0.692532,1.582187,10.851336,3.599993,0.772970,0.882980,8.224692,0.81623,-45.47557,12
0.5,0.0000,2.619000,0.00000e+00,2.376999,0.692616,1.583589,10.869479,3.602160,0.772997,0.883685,8.235932,0.81622,-45.62514,12
0.5,0.0000,2.620000,0.00000e+00,2.379154,0.692701,1.584992,10.887643,3.604328,0.773024,0.884391,8.247183,0.81621,-45.77513,12
0.5,0.0000,2.621000,0.00000e+00,2.381310,0.692785,1.586395,10.905830,3.606497,0.773050,0.885096,8.258446,0.81620,-45.92553,12
0.5,0.0000,2.622000,0.00000e+00,2.383467,0.692869,1.587799,10.924038,3.608666,0.773077,0.885802,8.269720,0.81619,-46.07635,12
0.5,0.0000,2.623000,0.00000e+00,2.385624,0.692953,1.589203,10.942267,3.610836,0.773104,0.886509,8.281006,0.81619,-46.22759,12
0.5,0.0000,2.624000,0.00000e+00,2.387782,0.693037,1.590607,10.960519,3.613007,0.773130,0.887215,8.292304,0.81618,-46.37926,12
0.5,0.0000,2.625000,0.00000e+00,2.389941,0.693121,1.592012,10.978792,3.615179,0.773157,0.887922,8.303614,0.81617,-46.53135,12
0.5,0.0000,2.626000,0.00000e+00,2.392101,0.693205,1.593418,10.997087,3.617351,0.773183,0.888629,8.314935,0.81616,-46.68385,12
0.5,0.0000,2.627000,0.00000e+00,2.394261,0.693288,1.594824,11.015403,3.619524,0.773210,0.889336,8.326268,0.81615,-46.83679,12
0.5,0.0000,2.628000,0.00000e+00,2.396422,0.693372,1.596231,11.033742,3.621698,0.773236,0.890044,8.337612,0.81614,-46.99015,12
0.5,0.0000,2.629000,0.00000e+00,2.398584,0.693455,1.597638,11.052102,3.623873,0.773262,0.890752,8.348969,0.81613,-47.14393,12
0.5,0.0000,2.630000,0.00000e+00,2.400747,0.693539,1.599046,11.070485,3.626048,0.773289,0.891460,8.360337,0.81613,-47.29815,12
0.5,0.0000,2.631000,0.00000e+00,2.402910,0.693622,1.600454,11.088889,3.628224,0.773315,0.892168,8.371717,0.81612,-47.45279,12
0.5,0.0000,2.632000,0.00000e+00,2.405075,0.693705,1.601863,11.107315,3.630401,0.773341,0.892877,8.383108,0.81611,-47.60786,12
0.5,0.0000,2.633000,0.00000e+00,2.407240,0.693788,1.603272,11.125763,3.632578,0.773367,0.893586,8.394511,0.81610,-47.76336,12
0.5,0.0000,2.634000,0.00000e+00,2.409405,0.693871,1.604682,11.144233,3.634756,0.773393,0.894295,8.405926,0.81609,-47.91929,12
0.5,0.0000,2.635000,0.00000e+00,2.411572,0.693954,1.606092,11.162725,3.636935,0.773419,0.895004,8.417353,0.81608,-48.07565,12
0.5,0.0000,2.636000,0.00000e+00,2.413739,0.694036,1.607503,11.181238,3.639115,0.773445,0.895713,8.428792,0.81608,-48.23245,12
0.5,0.0000,2.637000,0.00000e+00,2.415907,0.694119,1.608914,11.199774,3.641295,0.773471,0.896423,8.440242,0.81607,-48.38968,12
0.5,0.0000,2.638000,0.00000e+00,2.418076,0.694201,1.610326,11.218332,3.643477,0.773497,0.897133,8.451704,0.81606,-48.54734,12
0.5,0.0000,2.639000,0.00000e+00,2.420246,0.694284,1.611739,11.236912,3.645658,0.773523,0.897844,8.463178,0.81605,-48.70544,12
0.5,0.0000,2.640000,0.00000e+00,2.422416,0.694366,1.613151,11.255513,3.647841,0.773549,0.898554,8.474664,0.81604,-48.86398,12
0.5,0.0000,2.641000,0.00000e+00,2.424587,0.694448,1.614565,11.274137,3.650024,0.773574,0.899265,8.486162,0.81604,-49.02296,12
0.5,0.0000,2.642000,0.00000e+00,2.426759,0.694530,1.615979,11.292783,3.652208,0.773600,0.899976,8.497671,0.81603,-49.18238,12
0.5,0.0000,2.643000,0.00000e+00,2.428931,0.694612,1.617393,11.311451,3.654393,0.773626,0.900687,8.509193,0.81602,-49.34223,12
0.5,0.0000,2.644000,0.00000e+00,2.431105,0.694694,1.618808,11.330141,3.656579,0.773651,0.901399,8.520726,0.81601,-49.50253,12
0.5,0.0000,2.645000,0.00000e+00,2.433279,0.694776,1.620224,11.348853,3.658765,0.773677,0.902111,8.532271,0.81600,-49.66327,12
0.5,0.0000,2.646000,0.00000e+00,2.435454,0.694858,1.621640,11.367587,3.660952,0.773702,0.902823,8.543828,0.81599,-49.82446,12
0.5,0.0000,2.647000,0.00000e+00,2.437629,0.694939,1.623056,11.386344,3.663140,0.773728,0.903535,8.555396,0.81599,-49.98608,12
0.5,0.0000,2.648000,0.00000e+00,2.439806,0.695021,1.624473,11.405122,3.665328,0.773753,0.904247,8.566977,0.81598,-50.14816,12
0.5,0.0000,2.649000,0.00000e+00,2.441983,0.695102,1.625891,11.423923,3.667518,0.773779,0.904960,8.578569,0.81597,-50.31068,12
0.5,0.0000,2.650000,0.00000e+00,2.444161,0.695183,1.627309,11.442746,3.669708,0.773804,0.905673,8.590174,0.81596,-50.47364,12
0.5,0.0000,2.651000,0.00000e+00,2.446339,0.695265,1.628727,11.461591,3.671898,0.773829,0.906386,8.601790,0.81595,-50.63706,12
0.5,0.0000,2.652000,0.00000e+00,2.448519,0.695346,1.630146,11.480458,3.674090,0.773855,0.907100,8.613418,0.81595,-50.80092,12
0.5,0.0000,2.653000,0.00000e+00,2.450699,0.695427,1.631566,11.499348,3.676282,0.773880,0.907814,8.625058,0.81594,-50.96524,12
0.5,0.0000,2.654000,0.00000e+00,2.452880,0.695508,1.632986,11.518259,3.678475,0.773905,0.908528,8.636710,0.81593,-51.13000,12
0.5,0.0000,2.655000,0.00000e+00,2.455062,0.695588,1.634407,11.537193,3.680668,0.773930,0.909242,8.648374,0.81592,-51.29522,12
0.5,0.0000,2.656000,0.00000e+00,2.457244,0.695669,1.635828,11.556150,3.682863,0.773955,0.909957,8.660050,0.81591,-51.46090,12
0.5,0.0000,2.657000,0.00000e+00,2.459427,0.695750,1.637249,11.575128,3.685058,0.773980,0.910671,8.671738,0.81591,-51.62702,12
0.5,0.0000,2.658000,0.00000e+00,2.461611,0.695830,1.638672,11.594129,3.687254,0.774005,0.911386,8.683438,0.81590,-51.79361,12
0.5,0.0000,2.659000,0.00000e+00,2.463796,0.695910,1.640094,11.613153,3.689450,0.774030,0.912102,8.695150,0.81589,-51.96065,12
0.5,0.0000,2.660000,0.00000e+00,2.465981,0.695991,1.641517,11.632198,3.691647,0.774055,0.912817,8.706873,0.81588,-52.12814,12
0.5,0.0000,2.661000,0.00000e+00,2.468168,0.696071,1.642941,11.651266,3.693845,0.774080,0.913533,8.718609,0.81588,-52.29610,12
0.5,0.0000,2.662000,0.00000e+00,2.470355,0.696151,1.644365,11.670357,3.696044,0.774105,0.914249,8.730357,0.81587,-52.46452,12
0.5,0.0000,2.663000,0.00000e+00,2.472542,0.696231,1.645790,11.689470,3.698244,0.774129,0.914965,8.742117,0.81586,-52.63339,12
0.5,0.0000,2.664000,0.00000e+00,2.474731,0.696311,1.647215,11.708605,3.700444,0.774154,0.915682,8.753888,0.81585,-52.80273,12
0.5,0.0000,2.665000,0.00000e+00,2.476920,0.696391,1.648641,11.727763,3.702645,0.774179,0.916399,8.765672,0.81584,-52.97253,12
0.5,0.0000,2.666000,0.00000e+00,2.479110,0.696470,1.650067,11.746943,3.704847,0.774203,0.917116,8.777468,0.81584,-53.14280,12
0.5,0.0000,2.667000,0.00000e+00,2.481301,0.696550,1.651494,11.766145,3.707049,0.774228,0.917833,8.789276,0.81583,-53.31353,12
0.5,0.0000,2.668000,0.00000e+00,2.483492,0.696629,1.652921,11.785371,3.709252,0.774252,0.918550,8.801096,0.81582,-53.48473,12
0.5,0.0000,2.669000,0.00000e+00,2.485685,0.696709,1.654349,11.804618,3.711456,0.774277,0.919268,8.812928,0.81581,-53.65639,12
0.5,0.0000,2.670000,0.00000e+00,2.487878,0.696788,1.655778,11.823888,3.713661,0.774301,0.919986,8.824772,0.81581,-53.82853,12
0.5,0.0000,2.671000,0.00000e+00,2.490072,0.696867,1.657206,11.843181,3.715866,0.774326,0.920704,8.836628,0.81580,-54.00113,12
0.5,0.0000,2.672000,0.00000e+00,2.492266,0.696946,1.658636,11.862496,3.718072,0.774350,0.921423,8.848496,0.81579,-54.17420,12
0.5,0.0000,2.673000,0.00000e+00,2.494462,0.697025,1.660066,11.881834,3.720279,0.774374,0.922142,8.860376,0.81578,-54.34775,12
0.5,0.0000,2.674000,0.00000e+00,2.496658,0.697104,1.661496,11.901194,3.722487,0.774399,0.922861,8.872269,0.81577,-54.52177,12
0.5,0.0000,2.675000,0.00000e+00,2.498855,0.697183,1.662927,11.920577,3.724695,0.774423,0.923580,8.884173,0.81577,-54.69626,12
0.5,0.0000,2.676000,0.00000e+00,2.501052,0.697262,1.664358,11.939983,3.726904,0.774447,0.924300,8.896090,0.81576,-54.87122,12
0.5,0.0000,2.677000,0.00000e+00,2.503250,0.697340,1.665790,11.959411,3.729114,0.774471,0.925019,8.908018,0.81575,-55.04667,12
0.5,0.0000,2.678000,0.00000e+00,2.505450,0.697419,1.667223,11.978862,3.731324,0.774495,0.925739,8.919959,0.81574,-55.22259,12
0.5,0.0000,2.679000,0.00000e+00,2.507650,0.697497,1.668656,11.998336,3.733535,0.774519,0.926460,8.931912,0.81574,-55.39898,12
0.5,0.0000,2.680000,0.00000e+00,2.509850,0.697576,1.670089,12.017832,3.735747,0.774543,0.927180,8.943877,0.81573,-55.57586,12
0.5,0.0000,2.681000,0.00000e+00,2.512052,0.697654,1.671523,12.037351,3.737960,0.774567,0.927901,8.955854,0.81572,-55.75322,12
0.5,0.0000,2.682000,0.00000e+00,2.514254,0.697732,1.672958,12.056892,3.740173,0.774591,0.928622,8.967844,0.81571,-55.93105,12
0.5,0.0000,2.683000,0.00000e+00,2.516457,0.697810,1.674393,12.076457,3.742388,0.774615,0.929343,8.979845,0.81571,-56.10937,12
0.5,0.0000,2.684000,0.00000e+00,2.518660,0.697888,1.675828,12.096044,3.744603,0.774639,0.930065,8.991859,0.81570,-56.28818,12
0.5,0.0000,2.685000,0.00000e+00,2.520865,0.697966,1.677264,12.115654,3.746818,0.774663,0.930786,9.003885,0.81569,-56.46747,12
0.5,0.0000,2.686000,0.00000e+00,2.523070,0.698044,1.678701,12.135287,3.749035,0.774687,0.931508,9.015923,0.81568,-56.64724,12
0.5,0.0000,2.687000,0.00000e+00,2.525276,0.698121,1.680138,12.154942,3.751252,0.774710,0.932231,9.027974,0.81568,-56.82750,12
0.5,0.0000,2.688000,0.00000e+00,2.527483,0.698199,1.681576,12.174621,3.753470,0.774734,0.932953,9.040036,0.81567,-57.00825,12
0.5,0.0000,2.689000,0.00000e+00,2.529690,0.698276,1.683014,12.194322,3.755688,0.774758,0.933676,9.052111,0.81566,-57.18949,12
0.5,0.0000,2.690000,0.00000e+00,2.531898,0.698354,1.684452,12.214046,3.757907,0.774781,0.934399,9.064198,0.81565,-57.37122,12
0.5,0.0000,2.691000,0.00000e+00,2.534107,0.698431,1.685892,12.233793,3.760127,0.774805,0.935122,9.076297,0.81565,-57.55344,12
0.5,0.0000,2.692000,0.00000e+00,2.536317,0.698508,1.687331,12.253563,3.762348,0.774828,0.935846,9.088409,0.81564,-57.73615,12
0.5,0.0000,2.693000,0.00000e+00,2.538527,0.698585,1.688771,12.273355,3.764570,0.774852,0.936569,9.100532,0.81563,-57.91935,12
0.5,0.0000,2.694000,0.00000e+00,2.540739,0.698662,1.690212,12.293171,3.766792,0.774875,0.937293,9.112669,0.81563,-58.10305,12
0.5,0.0000,2.695000,0.00000e+00,2.542951,0.698739,1.691653,12.313009,3.769015,0.774898,0.938018,9.124817,0.81562,-58.28725,12
0.5,0.0000,2.696000,0.00000e+00,2.545163,0.698816,1.693095,12.332871,3.771239,0.774922,0.938742,9.136977,0.81561,-58.47194,12
0.5,0.0000,2.697000,0.00000e+00,2.547377,0.698893,1.694537,12.352756,3.773463,0.774945,0.939467,9.149150,0.81560,-58.65713,12
0.5,0.0000,2.698000,0.00000e+00,2.549591,0.698969,1.695980,12.372663,3.775688,0.774968,0.940192,9.161335,0.81560,-58.84282,12
0.5,0.0000,2.699000,0.00000e+00,2.551806,0.699046,1.697423,12.392594,3.777914,0.774991,0.940917,9.173533,0.81559,-59.02901,12
0.5,0.0000,2.700000,0.00000e+00,2.554022,0.699122,1.698867,12.412547,3.780141,0.775015,0.941643,9.185743,0.81558,-59.21570,12
0.5,0.0000,2.701000,0.00000e+00,2.556239,0.699199,1.700311,12.432524,3.782368,0.775038,0.942369,9.197965,0.81557,-59.40290,12
0.5,0.0000,2.702000,0.00000e+00,2.558456,0.699275,1.701756,12.452523,3.784597,0.775061,0.943095,9.210199,0.81557,-59.59060,12
0.5,0.0000,2.703000,0.00000e+00,2.560674,0.699351,1.703202,12.472546,3.786825,0.775084,0.943821,9.222446,0.81556,-59.77880,12
0.5,0.0000,2.704000,0.00000e+00,2.562893,0.699427,1.704647,12.492592,3.789055,0.775107,0.944547,9.234705,0.81555,-59.96751,12
0.5,0.0000,2.705000,0.00000e+00,2.565112,0.699503,1.706094,12.512661,3.791285,0.775130,0.945274,9.246977,0.81555,-60.15672,12
0.5,0.0000,2.706000,0.00000e+00,2.567333,0.699579,1.707541,12.532753,3.793516,0.775153,0.946001,9.259260,0.81554,-60.34644,12
0.5,0.0000,2.707000,0.00000e+00,2.569554,0.699655,1.708988,12.552868,3.795748,0.775176,0.946728,9.271557,0.81553,-60.53668,12
0.5,0.0000,2.708000,0.00000e+00,2.571776,0.699730,1.710436,12.573006,3.797981,0.775198,0.947456,9.283865,0.81552,-60.72742,12
0.5,0.0000,2.709000,0.00000e+00,2.573998,0.699806,1.711884,12.593168,3.800214,0.775221,0.948184,9.296186,0.81552,-60.91868,12
0.5,0.0000,2.710000,0.00000e+00,2.576222,0.699881,1.713333,12.613353,3.802448,0.775244,0.948912,9.308520,0.81551,-61.11044,12
0.5,0.0000,2.711000,0.00000e+00,2.578446,0.699957,1.714783,12.633560,3.804683,0.775267,0.949640,9.320865,0.81550,-61.30272,12
0.5,0.0000,2.712000,0.00000e+00,2.580671,0.700032,1.716233,12.653792,3.806918,0.775289,0.950368,9.333224,0.81550,-61.49552,12
0.5,0.0000,2.713000,0.00000e+00,2.582896,0.700107,1.717683,12.674046,3.809155,0.775312,0.951097,9.345594,0.81549,-61.68883,12
0.5,0.0000,2.714000,0.00000e+00,2.585123,0.700183,1.719134,12.694324,3.811391,0.775335,0.951826,9.357977,0.81548,-61.88266,12
0.5,0.0000,2.715000,0.00000e+00,2.587350,0.700258,1.720585,12.714625,3.813629,0.775357,0.952555,9.370373,0.81547,-62.07701,12
0.5,0.0000,2.716000,0.00000e+00,2.589578,0.700333,1.722037,12.734949,3.815868,0.775380,0.953285,9.382781,0.81547,-62.27188,12
0.5,0.0000,2.717000,0.00000e+00,2.591806,0.700407,1.723490,12.755296,3.818107,0.775402,0.954015,9.395201,0.81546,-62.46727,12
0.5,0.0000,2.718000,0.00000e+00,2.594036,0.700482,1.724943,12.775667,3.820347,0.775425,0.954745,9.407634,0.81545,-62.66318,12
0.5,0.0000,2.719000,0.00000e+00,2.596266,0.700557,1.726396,12.796062,3.822587,0.775447,0.955475,9.420080,0.81545,-62.85962,12
0.5,0.0000,2.720000,0.00000e+00,2.598497,0.700631,1.727851,12.816479,3.824829,0.775469,0.956205,9.432537,0.81544,-63.05658,12
0.5,0.0000,2.721000,0.00000e+00,2.600729,0.700706,1.729305,12.836920,3.827071,0.775492,0.956936,9.445008,0.81543,-63.25406,12
0.5,0.0000,2.722000,0.00000e+00,2.602961,0.700780,1.730760,12.857385,3.829314,0.775514,0.957667,9.457491,0.81543,-63.45207,12
0.5,0.0000,2.723000,0.00000e+00,2.605194,0.700855,1.732216,12.877872,3.831557,0.775536,0.958398,9.469986,0.81542,-63.65061,12
0.5,0.0000,2.724000,0.00000e+00,2.607428,0.700929,1.733672,12.898384,3.833801,0.775558,0.959130,9.482494,0.81541,-63.84968,12
0.5,0.0000,2.725000,0.00000e+00,2.609663,0.701003,1.735129,12.918918,3.836047,0.775580,0.959862,9.495014,0.81541,-64.04928,12
0.5,0.0000,2.726000,0.00000e+00,2.611898,0.701077,1.736586,12.939476,3.838292,0.775602,0.960594,9.507547,0.81540,-64.24941,12
0.5,0.0000,2.727000,0.00000e+00,2.614135,0.701151,1.738043,12.960058,3.840539,0.775625,0.961326,9.520093,0.81539,-64.45008,12
0.5,0.0000,2.728000,0.00000e+00,2.616372,0.701225,1.739501,12.980663,3.842786,0.775647,0.962058,9.532651,0.81538,-64.65127,12
0.5,0.0000,2.729000,0.00000e+00,2.618609,0.701299,1.740960,13.001292,3.845034,0.775669,0.962791,9.545221,0.81538,-64.85300,12
0.5,0.0000,2.730000,0.00000e+00,2.620848,0.701372,1.742419,13.021944,3.847283,0.775691,0.963524,9.557805,0.81537,-65.05527,12
0.5,0.0000,2.731000,0.00000e+00,2.623087,0.701446,1.743879,13.042620,3.849532,0.775712,0.964257,9.570400,0.81536,-65.25808,12
0.5,0.0000,2.732000,0.00000e+00,2.625327,0.701519,1.745339,13.063319,3.851782,0.775734,0.964991,9.583009,0.81536,-65.46142,12
0.5,0.0000,2.733000,0.00000e+00,2.627568,0.701593,1.746800,13.084042,3.854033,0.775756,0.965724,9.595630,0.81535,-65.66531,12
0.5,0.0000,2.734000,0.00000e+00,2.629809,0.701666,1.748261,13.104789,3.856285,0.775778,0.966458,9.608263,0.81534,-65.86973,12
0.5,0.0000,2.735000,0.00000e+00,2.632052,0.701739,1.749723,13.125559,3.858537,0.775800,0.967193,9.620909,0.81534,-66.07470,12
0.5,0.0000,2.736000,0.00000e+00,2.634295,0.701813,1.751185,13.146352,3.860791,0.775821,0.967927,9.633568,0.81533,-66.28021,12
0.5,0.0000,2.737000,0.00000e+00,2.636538,0.701886,1.752648,13.167170,3.863044,0.775843,0.968662,9.646240,0.81532,-66.48627,12
0.5,0.0000,2.738000,0.00000e+00,2.638783,0.701959,1.754111,13.188011,3.865299,0.775865,0.969397,9.658924,0.81532,-66.69287,12
0.5,0.0000,2.739000,0.00000e+00,2.641028,0.702032,1.755575,13.208876,3.867554,0.775886,0.970132,9.671620,0.81531,-66.90002,12
0.5,0.0000,2.740000,0.00000e+00,2.643274,0.702104,1.757039,13.229764,3.869810,0.775908,0.970868,9.684330,0.81530,-67.10771,12
0.5,0.0000,2.741000,0.00000e+00,2.645521,0.702177,1.758504,13.250676,3.872067,0.775929,0.971603,9.697052,0.81530,-67.31596,12
0.5,0.0000,2.742000,0.00000e+00,2.647769,0.702250,1.759970,13.271612,3.874325,0.775951,0.972339,9.709786,0.81529,-67.52476,12
0.5,0.0000,2.743000,0.00000e+00,2.650017,0.702322,1.761436,13.292572,3.876583,0.775972,0.973076,9.722534,0.81528,-67.73411,12
0.5,0.0000,2.744000,0.00000e+00,2.652266,0.702395,1.762902,13.313556,3.878842,0.775994,0.973812,9.735294,0.81528,-67.94401,12
0.5,0.0000,2.745000,0.00000e+00,2.654516,0.702467,1.764369,13.334563,3.881102,0.776015,0.974549,9.748067,0.81527,-68.15447,12
0.5,0.0000,2.746000,0.00000e+00,2.656767,0.702539,1.765836,13.355594,3.883362,0.776036,0.975286,9.760852,0.81526,-68.36548,12
0.5,0.0000,2.747000,0.00000e+00,2.659018,0.702611,1.767304,13.376649,3.885624,0.776058,0.976023,9.773650,0.81526,-68.57705,12
0.5,0.0000,2.748000,0.00000e+00,2.661270,0.702684,1.768773,13.397728,3.887886,0.776079,0.976761,9.786461,0.81525,-68.78918,12
0.5,0.0000,2.749000,0.00000e+00,2.663523,0.702756,1.770241,13.418830,3.890148,0.776100,0.977498,9.799285,0.81524,-69.00186,12
0.5,0.0000,2.750000,0.00000e+00,2.665777,0.702827,1.771711,13.439957,3.892412,0.776121,0.978236,9.812121,0.81524,-69.21511,12
0.5,0.0000,2.751000,0.00000e+00,2.668031,0.702899,1.773181,13.461107,3.894676,0.776143,0.978975,9.824971,0.81523,-69.42892,12
0.5,0.0000,2.752000,0.00000e+00,2.670286,0.702971,1.774651,13.482282,3.896941,0.776164,0.979713,9.837833,0.81523,-69.64329,12
0.5,0.0000,2.753000,0.00000e+00,2.672542,0.703043,1.776122,13.503480,3.899207,0.776185,0.980452,9.850707,0.81522,-69.85823,12
0.5,0.0000,2.754000,0.00000e+00,2.674799,0.703114,1.777594,13.524702,3.901473,0.776206,0.981191,9.863595,0.81521,-70.07373,12
0.5,0.0000,2.755000,0.00000e+00,2.677056,0.703186,1.779066,13.545948,3.903740,0.776227,0.981930,9.876495,0.81521,-70.28980,12
0.5,0.0000,2.756000,0.00000e+00,2.679314,0.703257,1.780538,13.567218,3.906008,0.776248,0.982670,9.889408,0.81520,-70.50644,12
0.5,0.0000,2.757000,0.00000e+00,2.681573,0.703329,1.782012,13.588513,3.908277,0.776269,0.983409,9.902334,0.81519,-70.72365,12
0.5,0.0000,2.758000,0.00000e+00,2.683833,0.703400,1.783485,13.609831,3.910546,0.776289,0.984149,9.915273,0.81519,-70.94142,12
0.5,0.0000,2.759000,0.00000e+00,2.686093,0.703471,1.784959,13.631173,3.912816,0.776310,0.984889,9.928224,0.81518,-71.15977,12
0.5,0.0000,2.760000,0.00000e+00,2.688354,0.703542,1.786434,13.652539,3.915087,0.776331,0.985630,9.941188,0.81517,-71.37870,12
0.5,0.0000,2.761000,0.00000e+00,2.690616,0.703613,1.787909,13.673930,3.917358,0.776352,0.986371,9.954165,0.81517,-71.59819,12
0.5,0.0000,2.762000,0.00000e+00,2.692879,0.703684,1.789384,13.695344,3.919631,0.776373,0.987112,9.967156,0.81516,-71.81827,12
0.5,0.0000,2.763000,0.00000e+00,2.695143,0.703755,1.790861,13.716783,3.921904,0.776393,0.987853,9.980158,0.81515,-72.03891,12
0.5,0.0000,2.764000,0.00000e+00,2.697407,0.703825,1.792337,13.738245,3.924177,0.776414,0.988594,9.993174,0.81515,-72.26014,12
0.5,0.0000,2.765000,0.00000e+00,2.699672,0.703896,1.793814,13.759732,3.926452,0.776435,0.989336,10.006203,0.81514,-72.48195,12
0.5,0.0000,2.766000,0.00000e+00,2.701937,0.703967,1.795292,13.781243,3.928727,0.776455,0.990078,10.019244,0.81514,-72.70434,12
0.5,0.0000,2.767000,0.00000e+00,2.704204,0.704037,1.796770,13.802778,3.931003,0.776476,0.990820,10.032299,0.81513,-72.92731,12
0.5,0.0000,2.768000,0.00000e+00,2.706471,0.704107,1.798249,13.824337,3.933280,0.776496,0.991563,10.045366,0.81512,-73.15086,12
0.5,0.0000,2.769000,0.00000e+00,2.708739,0.704178,1.799728,13.845921,3.935557,0.776517,0.992306,10.058446,0.81512,-73.37500,12
0.5,0.0000,2.770000,0.00000e+00,2.711008,0.704248,1.801208,13.867529,3.937835,0.776537,0.993049,10.071539,0.81511,-73.59972,12
0.5,0.0000,2.771000,0.00000e+00,2.713277,0.704318,1.802688,13.889161,3.940114,0.776558,0.993792,10.084645,0.81510,-73.82503,12
0.5,0.0000,2.772000,0.00000e+00,2.715548,0.704388,1.804169,13.910817,3.942394,0.776578,0.994535,10.097764,0.81510,-74.05093,12
0.5,0.0000,2.773000,0.00000e+00,2.717819,0.704458,1.805650,13.932497,3.944674,0.776598,0.995279,10.110896,0.81509,-74.27742,12
0.5,0.0000,2.774000,0.00000e+00,2.720091,0.704528,1.807132,13.954202,3.946955,0.776619,0.996023,10.124041,0.81509,-74.50450,12
0.5,0.0000,2.775000,0.00000e+00,2.722363,0.704598,1.808614,13.975931,3.949237,0.776639,0.996767,10.137199,0.81508,-74.73217,12
0.5,0.0000,2.776000,0.00000e+00,2.724636,0.704667,1.810097,13.997685,3.951520,0.776659,0.997512,10.150369,0.81507,-74.96044,12
0.5,0.0000,2.777000,0.00000e+00,2.726910,0.704737,1.811580,14.019463,3.953803,0.776679,0.998257,10.163553,0.81507,-75.18930,12
0.5,0.0000,2.778000,0.00000e+00,2.729185,0.704807,1.813064,14.041265,3.956087,0.776699,0.999002,10.176750,0.81506,-75.41875,12
0.5,0.0000,2.779000,0.00000e+00,2.731461,0.704876,1.814548,14.063091,3.958372,0.776719,0.999747,10.189960,0.81505,-75.64881,12
0.5,0.0000,2.780000,0.00000e+00,2.733737,0.704945,1.816033,14.084942,3.960658,0.776740,1.000492,10.203182,0.81505,-75.87946,12
0.5,0.0000,2.781000,0.00000e+00,2.736014,0.705015,1.817519,14.106818,3.962944,0.776760,1.001238,10.216418,0.81504,-76.11071,12
0.5,0.0000,2.782000,0.00000e+00,2.738292,0.705084,1.819004,14.128718,3.965231,0.776780,1.001984,10.229667,0.81504,-76.34257,12
0.5,0.0000,2.783000,0.00000e+00,2.740571,0.705153,1.820491,14.150642,3.967519,0.776800,1.002730,10.242929,0.81503,-76.57503,12
0.5,0.0000,2.784000,0.00000e+00,2.742850,0.705222,1.821978,14.172591,3.969807,0.776819,1.003477,10.256204,0.81502,-76.80809,12
0.5,0.0000,2.785000,0.00000e+00,2.745130,0.705291,1.823465,14.194564,3.972097,0.776839,1.004223,10.269492,0.81502,-77.04175,12
0.5,0.0000,2.786000,0.00000e+00,2.747411,0.705360,1.824953,14.216562,3.974387,0.776859,1.004970,10.282793,0.81501,-77.27603,12
0.5,0.0000,2.787000,0.00000e+00,2.749692,0.705429,1.826441,14.238584,3.976677,0.776879,1.005718,10.296107,0.81501,-77.51091,12
0.5,0.0000,2.788000,0.00000e+00,2.751975,0.705497,1.827930,14.260631,3.978969,0.776899,1.006465,10.309434,0.81500,-77.74640,12
0.5,0.0000,2.789000,0.00000e+00,2.754258,0.705566,1.829420,14.282702,3.981261,0.776919,1.007213,10.322774,0.81499,-77.98250,12
0.5,0.0000,2.790000,0.00000e+00,2.756542,0.705634,1.830910,14.304798,3.983554,0.776938,1.007961,10.336127,0.81499,-78.21922,12
0.5,0.0000,2.791000,0.00000e+00,2.758826,0.705703,1.832400,14.326919,3.985847,0.776958,1.008709,10.349493,0.81498,-78.45654,12
0.5,0.0000,2.792000,0.00000e+00,2.761112,0.705771,1.833891,14.349064,3.988142,0.776978,1.009458,10.362873,0.81498,-78.69448,12
0.5,0.0000,2.793000,0.00000e+00,2.763398,0.705840,1.835383,14.371234,3.990437,0.776997,1.010206,10.376266,0.81497,-78.93304,12
0.5,0.0000,2.794000,0.00000e+00,2.765685,0.705908,1.836875,14.393428,3.992733,0.777017,1.010955,10.389671,0.81496,-79.17222,12
0.5,0.0000,2.795000,0.00000e+00,2.767973,0.705976,1.838367,14.415647,3.995030,0.777036,1.011705,10.403090,0.81496,-79.41201,12
0.5,0.0000,2.796000,0.00000e+00,2.770261,0.706044,1.839860,14.437891,3.997327,0.777056,1.012454,10.416522,0.81495,-79.65243,12
0.5,0.0000,2.797000,0.00000e+00,2.772550,0.706112,1.841354,14.460159,3.999625,0.777075,1.013204,10.429967,0.81495,-79.89346,12
0.5,0.0000,2.798000,0.00000e+00,2.774840,0.706180,1.842848,14.482453,4.001924,0.777095,1.013954,10.443426,0.81494,-80.13512,12
0.5,0.0000,2.799000,0.00000e+00,2.777131,0.706248,1.844343,14.504770,4.004223,0.777114,1.014704,10.456897,0.81493,-80.37740,12
0.5,0.0000,2.800000,0.00000e+00,2.779422,0.706315,1.845838,14.527113,4.006524,0.777134,1.015455,10.470382,0.81493,-80.62031,12
0.5,0.0000,2.801000,0.00000e+00,2.781714,0.706383,1.847333,14.549481,4.008825,0.777153,1.016205,10.483880,0.81492,-80.86385,12
0.5,0.0000,2.802000,0.00000e+00,2.784007,0.706451,1.848829,14.571873,4.011127,0.777172,1.016956,10.497391,0.81492,-81.10801,12
0.5,0.0000,2.803000,0.00000e+00,2.786301,0.706518,1.850326,14.594290,4.013429,0.777192,1.017708,10.510915,0.81491,-81.35280,12
0.5,0.0000,2.804000,0.00000e+00,2.788595,0.706586,1.851823,14.616732,4.015732,0.777211,1.018459,10.524453,0.81491,-81.59822,12
0.5,0.0000,2.805000,0.00000e+00,2.790891,0.706653,1.853321,14.639198,4.018036,0.777230,1.019211,10.538003,0.81490,-81.84428,12
0.5,0.0000,2.806000,0.00000e+00,2.793187,0.706720,1.854819,14.661690,4.020341,0.777249,1.019963,10.551567,0.81489,-82.09097,12
0.5,0.0000,2.807000,0.00000e+00,2.795483,0.706787,1.856318,14.684206,4.022646,0.777268,1.020715,10.565144,0.81489,-82.33829,12
0.5,0.0000,2.808000,0.00000e+00,2.797781,0.706854,1.857817,14.706748,4.024953,0.777287,1.021468,10.578735,0.81488,-82.58625,12
0.5,0.0000,2.809000,0.00000e+00,2.800079,0.706921,1.859317,14.729314,4.027260,0.777306,1.022220,10.592339,0.81488,-82.83485,12
0.5,0.0000,2.810000,0.00000e+00,2.802378,0.706988,1.860817,14.751905,4.029567,0.777325,1.022973,10.605956,0.81487,-83.08409,12
0.5,0.0000,2.811000,0.00000e+00,2.804678,0.707055,1.862318,14.774521,4.031876,0.777344,1.023727,10.619586,0.81486,-83.33397,12
0.5,0.0000,2.812000,0.00000e+00,2.806978,0.707122,1.863819,14.797162,4.034185,0.777363,1.024480,10.633229,0.81486,-83.58449,12
0.5,0.0000,2.813000,0.00000e+00,2.809280,0.707189,1.865321,14.819828,4.036495,0.777382,1.025234,10.646886,0.81485,-83.83565,12
0.5,0.0000,2.814000,0.00000e+00,2.811582,0.707255,1.866823,14.842519,4.038805,0.777401,1.025988,10.660556,0.81485,-84.08746,12
0.5,0.0000,2.815000,0.00000e+00,2.813884,0.707322,1.868326,14.865235,4.041117,0.777420,1.026742,10.674240,0.81484,-84.33992,12
0.5,0.0000,2.816000,0.00000e+00,2.816188,0.707388,1.869829,14.887976,4.043429,0.777439,1.027497,10.687937,0.81484,-84.59302,12
0.5,0.0000,2.817000,0.00000e+00,2.818492,0.707455,1.871333,14.910743,4.045742,0.777458,1.028251,10.701647,0.81483,-84.84677,12
0.5,0.0000,2.818000,0.00000e+00,2.820797,0.707521,1.872837,14.933534,4.048055,0.777477,1.029006,10.715370,0.81482,-85.10117,12
0.5,0.0000,2.819000,0.00000e+00,2.823103,0.707587,1.874342,14.956350,4.050370,0.777495,1.029762,10.729107,0.81482,-85.35622,12
0.5,0.0000,2.820000,0.00000e+00,2.825410,0.707653,1.875847,14.979192,4.052685,0.777514,1.030517,10.742857,0.81481,-85.61193,12
0.5,0.0000,2.821000,0.00000e+00,2.827717,0.707719,1.877353,15.002058,4.055001,0.777533,1.031273,10.756621,0.81481,-85.86829,12
0.5,0.0000,2.822000,0.00000e+00,2.830025,0.707785,1.878859,15.024950,4.057317,0.777551,1.032029,10.770397,0.81480,-86.12531,12
0.5,0.0000,2.823000,0.00000e+00,2.832334,0.707851,1.880366,15.047867,4.059635,0.777570,1.032785,10.784188,0.81480,-86.38298,12
0.5,0.0000,2.824000,0.00000e+00,2.834643,0.707917,1.881874,15.070809,4.061953,0.777588,1.033542,10.797991,0.81479,-86.64131,12
0.5,0.0000,2.825000,0.00000e+00,2.836954,0.707983,1.883382,15.093776,4.064271,0.777607,1.034298,10.811808,0.81479,-86.90031,12
0.5,0.0000,2.826000,0.00000e+00,2.839265,0.708048,1.884890,15.116768,4.066591,0.777625,1.035055,10.825639,0.81478,-87.15996,12
0.5,0.0000,2.827000,0.00000e+00,2.841577,0.708114,1.886399,15.139786,4.068911,0.777644,1.035813,10.839483,0.81477,-87.42028,12
0.5,0.0000,2.828000,0.00000e+00,2.843889,0.708179,1.887908,15.162829,4.071232,0.777662,1.036570,10.853340,0.81477,-87.68126,12
0.5,0.0000,2.829000,0.00000e+00,2.846203,0.708245,1.889418,15.185897,4.073554,0.777681,1.037328,10.867211,0.81476,-87.94291,12
0.5,0.0000,2.830000,0.00000e+00,2.848517,0.708310,1.890929,15.208990,4.075876,0.777699,1.038086,10.881095,0.81476,-88.20522,12
0.5,0.0000,2.831000,0.00000e+00,2.850832,0.708376,1.892440,15.232109,4.078199,0.777717,1.038844,10.894993,0.81475,-88.46821,12
0.5,0.0000,2.832000,0.00000e+00,2.853147,0.708441,1.893951,15.255253,4.080523,0.777736,1.039603,10.908904,0.81475,-88.73186,12
0.5,0.0000,2.833000,0.00000e+00,2.855464,0.708506,1.895463,15.278422,4.082848,0.777754,1.040361,10.922828,0.81474,-88.99618,12
0.5,0.0000,2.834000,0.00000e+00,2.857781,0.708571,1.896976,15.301617,4.085173,0.777772,1.041120,10.936767,0.81474,-89.26118,12
0.5,0.0000,2.835000,0.00000e+00,2.860099,0.708636,1.898489,15.324837,4.087500,0.777790,1.041880,10.950718,0.81473,-89.52686,12
0.5,0.0000,2.836000,0.00000e+00,2.862417,0.708701,1.900002,15.348083,4.089827,0.777809,1.042639,10.964683,0.81472,-89.79321,12
0.5,0.0000,2.837000,0.00000e+00,2.864737,0.708766,1.901516,15.371354,4.092154,0.777827,1.043399,10.978662,0.81472,-90.06023,12
0.5,0.0000,2.838000,0.00000e+00,2.867057,0.708830,1.903031,15.394650,4.094483,0.777845,1.044159,10.992654,0.81471,-90.32794,12
0.5,0.0000,2.839000,0.00000e+00,2.869378,0.708895,1.904546,15.417972,4.096812,0.777863,1.044919,11.006660,0.81471,-90.59632,12
0.5,0.0000,2.840000,0.00000e+00,2.871699,0.708960,1.906062,15.441319,4.099142,0.777881,1.045680,11.020679,0.81470,-90.86539,12
0.5,0.0000,2.841000,0.00000e+00,2.874022,0.709024,1.907578,15.464692,4.101472,0.777899,1.046440,11.034711,0.81470,-91.13514,12
0.5,0.0000,2.842000,0.00000e+00,2.876345,0.709089,1.909094,15.488090,4.103803,0.777917,1.047201,11.048758,0.81469,-91.40557,12
0.5,0.0000,2.843000,0.00000e+00,2.878669,0.709153,1.910611,15.511514,4.106136,0.777935,1.047963,11.062817,0.81469,-91.67670,12
0.5,0.0000,2.844000,0.00000e+00,2.880994,0.709217,1.912129,15.534963,4.108468,0.777953,1.048724,11.076891,0.81468,-91.94850,12
0.5,0.0000,2.845000,0.00000e+00,2.883319,0.709281,1.913647,15.558438,4.110802,0.777971,1.049486,11.090978,0.81468,-92.22100,12
0.5,0.0000,2.846000,0.00000e+00,2.885645,0.709346,1.915166,15.581938,4.113136,0.777989,1.050248,11.105078,0.81467,-92.49419,12
0.5,0.0000,2.847000,0.00000e+00,2.887972,0.709410,1.916685,15.605464,4.115471,0.778006,1.051010,11.119193,0.81466,-92.76807,12
0.5,0.0000,2.848000,0.00000e+00,2.890300,0.709474,1.918205,15.629016,4.117807,0.778024,1.051773,11.133320,0.81466,-93.04264,12
0.5,0.0000,2.849000,0.00000e+00,2.892628,0.709537,1.919725,15.652593,4.120144,0.778042,1.052535,11.147462,0.81465,-93.31791,12
0.5,0.0000,2.850000,0.00000e+00,2.894958,0.709601,1.921245,15.676196,4.122481,0.778060,1.053298,11.161617,0.81465,-93.59388,12
0.5,0.0000,2.851000,0.00000e+00,2.897288,0.709665,1.922767,15.699824,4.124819,0.778077,1.054062,11.175785,0.81464,-93.87054,12
0.5,0.0000,2.852000,0.00000e+00,2.899618,0.709729,1.924288,15.723479,4.127158,0.778095,1.054825,11.189968,0.81464,-94.14790,12
0.5,0.0000,2.853000,0.00000e+00,2.901950,0.709792,1.925811,15.747159,4.129497,0.778113,1.055589,11.204164,0.81463,-94.42597,12
0.5,0.0000,2.854000,0.00000e+00,2.904282,0.709856,1.927333,15.770864,4.131837,0.778130,1.056353,11.218373,0.81463,-94.70473,12
0.5,0.0000,2.855000,0.00000e+00,2.906615,0.709919,1.928857,15.794595,4.134178,0.778148,1.057117,11.232597,0.81462,-94.98420,12
0.5,0.0000,2.856000,0.00000e+00,2.908949,0.709983,1.930380,15.818352,4.136520,0.778166,1.057882,11.246834,0.81462,-95.26438,12
0.5,0.0000,2.857000,0.00000e+00,2.911283,0.710046,1.931905,15.842135,4.138862,0.778183,1.058647,11.261084,0.81461,-95.54526,12
0.5,0.0000,2.858000,0.00000e+00,2.913619,0.710109,1.933430,15.865944,4.141205,0.778201,1.059412,11.275349,0.81461,-95.82685,12
0.5,0.0000,2.859000,0.00000e+00,2.915955,0.710172,1.934955,15.889778,4.143549,0.778218,1.060177,11.289627,0.81460,-96.10915,12
0.5,0.0000,2.860000,0.00000e+00,2.918292,0.710235,1.936481,15.913639,4.145894,0.778235,1.060942,11.303918,0.81460,-96.39216,12
0.5,0.0000,2.861000,0.00000e+00,2.920629,0.710298,1.938007,15.937525,4.148239,0.778253,1.061708,11.318224,0.81459,-96.67588,12
0.5,0.0000,2.862000,0.00000e+00,2.922967,0.710361,1.939534,15.961437,4.150586,0.778270,1.062474,11.332543,0.81459,-96.96032,12
0.5,0.0000,2.863000,0.00000e+00,2.925306,0.710424,1.941061,15.985374,4.152932,0.778287,1.063240,11.346876,0.81458,-97.24548,12
0.5,0.0000,2.864000,0.00000e+00,2.927646,0.710487,1.942589,16.009338,4.155280,0.778305,1.064007,11.361223,0.81458,-97.53135,12
0.5,0.0000,2.865000,0.00000e+00,2.929987,0.710550,1.944117,16.033328,4.157628,0.778322,1.064774,11.375583,0.81457,-97.81794,12
0.5,0.0000,2.866000,0.00000e+00,2.932328,0.710612,1.945646,16.057343,4.159978,0.778339,1.065541,11.389958,0.81456,-98.10525,12
0.5,0.0000,2.867000,0.00000e+00,2.934670,0.710675,1.947176,16.081385,4.162327,0.778356,1.066308,11.404346,0.81456,-98.39328,12
0.5,0.0000,2.868000,0.00000e+00,2.937013,0.710737,1.948706,16.105452,4.164678,0.778374,1.067076,11.418747,0.81455,-98.68204,12
0.5,0.0000,2.869000,0.00000e+00,2.939357,0.710800,1.950236,16.129546,4.167029,0.778391,1.067843,11.433163,0.81455,-98.97152,12
0.5,0.0000,2.870000,0.00000e+00,2.941701,0.710862,1.951767,16.153665,4.169381,0.778408,1.068611,11.447592,0.81454,-99.26173,12
0.5,0.0000,2.871000,0.00000e+00,2.944046,0.710924,1.953298,16.177810,4.171734,0.778425,1.069380,11.462036,0.81454,-99.55267,12
0.5,0.0000,2.872000,0.00000e+00,2.946392,0.710987,1.954830,16.201982,4.174088,0.778442,1.070148,11.476493,0.81453,-99.84433,12
0.5,0.0000,2.873000,0.00000e+00,2.948739,0.711049,1.956363,16.226180,4.176442,0.778459,1.070917,11.490964,0.81453,-100.13673,12
0.5,0.0000,2.874000,0.00000e+00,2.951086,0.711111,1.957896,16.250403,4.178797,0.778476,1.071686,11.505448,0.81452,-100.42986,12
0.5,0.0000,2.875000,0.00000e+00,2.953434,0.711173,1.959429,16.274653,4.181153,0.778493,1.072455,11.519947,0.81452,-100.72373,12
0.5,0.0000,2.876000,0.00000e+00,2.955783,0.711235,1.960963,16.298929,4.183509,0.778510,1.073225,11.534459,0.81451,-101.01833,12
0.5,0.0000,2.877000,0.00000e+00,2.958133,0.711297,1.962498,16.323231,4.185867,0.778527,1.073995,11.548986,0.81451,-101.31367,12
0.5,0.0000,2.878000,0.00000e+00,2.960483,0.711358,1.964033,16.347559,4.188225,0.778544,1.074765,11.563526,0.81450,-101.60974,12
0.5,0.0000,2.879000,0.00000e+00,2.962834,0.711420,1.965568,16.371913,4.190583,0.778561,1.075535,11.578080,0.81450,-101.90656,12
0.5,0.0000,2.880000,0.00000e+00,2.965186,0.711482,1.967104,16.396293,4.192943,0.778577,1.076305,11.592648,0.81449,-102.20412,12
0.5,0.0000,2.881000,0.00000e+00,2.967539,0.711543,1.968641,16.420700,4.195303,0.778594,1.077076,11.607230,0.81449,-102.50242,12
0.5,0.0000,2.882000,0.00000e+00,2.969892,0.711605,1.970178,16.445133,4.197664,0.778611,1.077847,11.621826,0.81448,-102.80147,12
0.5,0.0000,2.883000,0.00000e+00,2.972246,0.711666,1.971716,16.469592,4.200026,0.778628,1.078618,11.636435,0.81448,-103.10127,12
0.5,0.0000,2.884000,0.00000e+00,2.974601,0.711727,1.973254,16.494077,4.202388,0.778644,1.079390,11.651059,0.81447,-103.40181,12
0.5,0.0000,2.885000,0.00000e+00,2.976957,0.711789,1.974792,16.518589,4.204751,0.778661,1.080162,11.665697,0.81447,-103.70310,12
0.5,0.0000,2.886000,0.00000e+00,2.979313,0.711850,1.976332,16.543127,4.207115,0.778678,1.080934,11.680348,0.81446,-104.00515,12
0.5,0.0000,2.887000,0.00000e+00,2.981671,0.711911,1.977871,16.567691,4.209480,0.778694,1.081706,11.695014,0.81446,-104.30795,12
0.5,0.0000,2.888000,0.00000e+00,2.984029,0.711972,1.979411,16.592282,4.211845,0.778711,1.082479,11.709693,0.81445,-104.61150,12
0.5,0.0000,2.889000,0.00000e+00,2.986387,0.712033,1.980952,16.616898,4.214211,0.778727,1.083251,11.724387,0.81445,-104.91581,12
0.5,0.0000,2.890000,0.00000e+00,2.988747,0.712094,1.982493,16.641542,4.216578,0.778744,1.084025,11.739094,0.81444,-105.22087,12
0.5,0.0000,2.891000,0.00000e+00,2.991107,0.712155,1.984035,16.666211,4.218946,0.778760,1.084798,11.753816,0.81444,-105.52670,12
0.5,0.0000,2.892000,0.00000e+00,2.993468,0.712215,1.985577,16.690907,4.221314,0.778777,1.085571,11.768551,0.81443,-105.83329,12
0.5,0.0000,2.893000,0.00000e+00,2.995830,0.712276,1.987120,16.715630,4.223683,0.778793,1.086345,11.783301,0.81443,-106.14064,12
0.5,0.0000,2.894000,0.00000e+00,2.998192,0.712337,1.988663,16.740379,4.226053,0.778810,1.087119,11.798064,0.81442,-106.44875,12
0.5,0.0000,2.895000,0.00000e+00,3.000556,0.712397,1.990207,16.765154,4.228424,0.778826,1.087894,11.812842,0.81442,-106.75763,12
0.5,0.0000,2.896000,0.00000e+00,3.002920,0.712458,1.991751,16.789956,4.230795,0.778842,1.088668,11.827633,0.81441,-107.06728,12
0.5,0.0000,2.897000,0.00000e+00,3.005284,0.712518,1.993296,16.814784,4.233167,0.778859,1.089443,11.842439,0.81441,-107.37770,12
0.5,0.0000,2.898000,0.00000e+00,3.007650,0.712579,1.994841,16.839639,4.235540,0.778875,1.090218,11.857258,0.81441,-107.68888,12
0.5,0.0000,2.899000,0.00000e+00,3.010016,0.712639,1.996387,16.864520,4.237913,0.778891,1.090993,11.872092,0.81440,-108.00084,12
0.5,0.0000,2.900000,0.00000e+00,3.012383,0.712699,1.997933,16.889428,4.240288,0.778908,1.091769,11.886940,0.81440,-108.31358,12
0.5,0.0000,2.901000,0.00000e+00,3.014751,0.712759,1.999480,16.914363,4.242663,0.778924,1.092545,11.901802,0.81439,-108.62709,12
0.5,0.0000,2.902000,0.00000e+00,3.017119,0.712819,2.001027,16.939324,4.245039,0.778940,1.093321,11.916678,0.81439,-108.94137,12
0.5,0.0000,2.903000,0.00000e+00,3.019489,0.712879,2.002575,16.964311,4.247415,0.778956,1.094097,11.931568,0.81438,-109.25644,12
0.5,0.0000,2.904000,0.00000e+00,3.021859,0.712939,2.004123,16.989326,4.249792,0.778972,1.094873,11.946472,0.81438,-109.57228,12
0.5,0.0000,2.905000,0.00000e+00,3.024230,0.712999,2.005672,17.014366,4.252170,0.778988,1.095650,11.961391,0.81437,-109.88891,12
0.5,0.0000,2.906000,0.00000e+00,3.026601,0.713059,2.007221,17.039434,4.254549,0.779004,1.096427,11.976323,0.81437,-110.20632,12
0.5,0.0000,2.907000,0.00000e+00,3.028974,0.713118,2.008771,17.064528,4.256929,0.779020,1.097205,11.991270,0.81436,-110.52451,12
0.5,0.0000,2.908000,0.00000e+00,3.031347,0.713178,2.010322,17.089649,4.259309,0.779036,1.097982,12.006231,0.81436,-110.84350,12
0.5,0.0000,2.909000,0.00000e+00,3.033720,0.713238,2.011873,17.114797,4.261690,0.779052,1.098760,12.021206,0.81435,-111.16327,12
0.5,0.0000,2.910000,0.00000e+00,3.036095,0.713297,2.013424,17.139971,4.264072,0.779068,1.099538,12.036195,0.81435,-111.48383,12
0.5,0.0000,2.911000,0.00000e+00,3.038470,0.713357,2.014976,17.165172,4.266454,0.779084,1.100316,12.051198,0.81434,-111.80518,12
0.5,0.0000,2.912000,0.00000e+00,3.040847,0.713416,2.016528,17.190400,4.268837,0.779100,1.101095,12.066216,0.81434,-112.12733,12
0.5,0.0000,2.913000,0.00000e+00,3.043223,0.713475,2.018081,17.215655,4.271221,0.779116,1.101874,12.081247,0.81433,-112.45027,12
0.5,0.0000,2.914000,0.00000e+00,3.045601,0.713535,2.019635,17.240936,4.273606,0.779132,1.102653,12.096293,0.81433,-112.77401,12
0.5,0.0000,2.915000,0.00000e+00,3.047979,0.713594,2.021189,17.266244,4.275991,0.779148,1.103432,12.111353,0.81432,-113.09855,12
0.5,0.0000,2.916000,0.00000e+00,3.050359,0.713653,2.022743,17.291580,4.278377,0.779163,1.104212,12.126428,0.81432,-113.42389,12
0.5,0.0000,2.917000,0.00000e+00,3.052738,0.713712,2.024298,17.316941,4.280764,0.779179,1.104992,12.141516,0.81432,-113.75003,12
0.5,0.0000,2.918000,0.00000e+00,3.055119,0.713771,2.025854,17.342330,4.283152,0.779195,1.105772,12.156619,0.81431,-114.07697,12
0.5,0.0000,2.919000,0.00000e+00,3.057500,0.713830,2.027410,17.367746,4.285540,0.779211,1.106552,12.171736,0.81431,-114.40472,12
0.5,0.0000,2.920000,0.00000e+00,3.059883,0.713888,2.028966,17.393189,4.287930,0.779226,1.107333,12.186868,0.81430,-114.73327,12
0.5,0.0000,2.921000,0.00000e+00,3.062266,0.713947,2.030523,17.418658,4.290319,0.779242,1.108113,12.202013,0.81430,-115.06263,12
0.5,0.0000,2.922000,0.00000e+00,3.064649,0.714006,2.032081,17.444155,4.292710,0.779258,1.108894,12.217173,0.81429,-115.39281,12
0.5,0.0000,2.923000,0.00000e+00,3.067034,0.714064,2.033639,17.469678,4.295101,0.779273,1.109676,12.232347,0.81429,-115.72379,12
0.5,0.0000,2.924000,0.00000e+00,3.069419,0.714123,2.035197,17.495229,4.297494,0.779289,1.110457,12.247536,0.81428,-116.05559,12
0.5,0.0000,2.925000,0.00000e+00,3.071805,0.714181,2.036756,17.520806,4.299886,0.779304,1.111239,12.262739,0.81428,-116.38820,12
0.5,0.0000,2.926000,0.00000e+00,3.074191,0.714240,2.038316,17.546411,4.302280,0.779320,1.112021,12.277956,0.81427,-116.72163,12
0.5,0.0000,2.927000,0.00000e+00,3.076579,0.714298,2.039876,17.572042,4.304674,0.779335,1.112804,12.293187,0.81427,-117.05588,12
0.5,0.0000,2.928000,0.00000e+00,3.078967,0.714357,2.041437,17.597701,4.307069,0.779351,1.113586,12.308433,0.81426,-117.39095,12
0.5,0.0000,2.929000,0.00000e+00,3.081356,0.714415,2.042998,17.623387,4.309465,0.779366,1.114369,12.323693,0.81426,-117.72684,12
0.5,0.0000,2.930000,0.00000e+00,3.083746,0.714473,2.044559,17.649100,4.311862,0.779382,1.115152,12.338968,0.81426,-118.06356,12
0.5,0.0000,2.931000,0.00000e+00,3.086136,0.714531,2.046122,17.674839,4.314259,0.779397,1.115935,12.354256,0.81425,-118.40110,12
0.5,0.0000,2.932000,0.00000e+00,3.088528,0.714589,2.047684,17.700606,4.316657,0.779412,1.116719,12.369560,0.81425,-118.73947,12
0.5,0.0000,2.933000,0.00000e+00,3.090920,0.714647,2.049247,17.726401,4.319056,0.779428,1.117503,12.384877,0.81424,-119.07866,12
0.5,0.0000,2.934000,0.00000e+00,3.093312,0.714705,2.050811,17.752222,4.321456,0.779443,1.118287,12.400209,0.81424,-119.41869,12
0.5,0.0000,2.935000,0.00000e+00,3.095706,0.714763,2.052375,17.778071,4.323856,0.779458,1.119071,12.415556,0.81423,-119.75955,12
0.5,0.0000,2.936000,0.00000e+00,3.098100,0.714820,2.053940,17.803946,4.326257,0.779473,1.119856,12.430917,0.81423,-120.10124,12
0.5,0.0000,2.937000,0.00000e+00,3.100495,0.714878,2.055505,17.829849,4.328659,0.779489,1.120641,12.446292,0.81422,-120.44377,12
0.5,0.0000,2.938000,0.00000e+00,3.102891,0.714936,2.057071,17.855780,4.331061,0.779504,1.121426,12.461682,0.81422,-120.78714,12
0.5,0.0000,2.939000,0.00000e+00,3.105287,0.714993,2.058637,17.881737,4.333464,0.779519,1.122211,12.477086,0.81421,-121.13134,12
0.5,0.0000,2.940000,0.00000e+00,3.107685,0.715051,2.060204,17.907722,4.335868,0.779534,1.122997,12.492504,0.81421,-121.47639,12
0.5,0.0000,2.941000,0.00000e+00,3.110083,0.715108,2.061771,17.933734,4.338273,0.779549,1.123783,12.507937,0.81421,-121.82227,12
0.5,0.0000,2.942000,0.00000e+00,3.112481,0.715165,2.063339,17.959773,4.340679,0.779564,1.124569,12.523385,0.81420,-122.16901,12
0.5,0.0000,2.943000,0.00000e+00,3.114881,0.715223,2.064907,17.985840,4.343085,0.779579,1.125355,12.538847,0.81420,-122.51659,12
0.5,0.0000,2.944000,0.00000e+00,3.117281,0.715280,2.066476,18.011934,4.345492,0.779594,1.126142,12.554323,0.81419,-122.86501,12
0.5,0.0000,2.945000,0.00000e+00,3.119682,0.715337,2.068045,18.038056,4.347900,0.779609,1.126928,12.569814,0.81419,-123.21429,12
0.5,0.0000,2.946000,0.00000e+00,3.122084,0.715394,2.069615,18.064205,4.350308,0.779624,1.127716,12.585319,0.81418,-123.56442,12
0.5,0.0000,2.947000,0.00000e+00,3.124487,0.715451,2.071185,18.090381,4.352717,0.779639,1.128503,12.600839,0.81418,-123.91540,12
0.5,0.0000,2.948000,0.00000e+00,3.126890,0.715508,2.072756,18.116585,4.355127,0.779654,1.129291,12.616374,0.81418,-124.26723,12
0.5,0.0000,2.949000,0.00000e+00,3.129294,0.715565,2.074328,18.142816,4.357538,0.779669,1.130078,12.631923,0.81417,-124.61992,12
0.5,0.0000,2.950000,0.00000e+00,3.131699,0.715622,2.075899,18.169074,4.359949,0.779684,1.130867,12.647486,0.81417,-124.97347,12
0.5,0.0000,2.951000,0.00000e+00,3.134105,0.715678,2.077472,18.195361,4.362362,0.779699,1.131655,12.663065,0.81416,-125.32788,12
0.5,0.0000,2.952000,0.00000e+00,3.136511,0.715735,2.079045,18.221674,4.364774,0.779714,1.132443,12.678657,0.81416,-125.68316,12
0.5,0.0000,2.953000,0.00000e+00,3.138918,0.715792,2.080618,18.248015,4.367188,0.779728,1.133232,12.694264,0.81415,-126.03929,12
0.5,0.0000,2.954000,0.00000e+00,3.141326,0.715848,2.082192,18.274384,4.369603,0.779743,1.134021,12.709886,0.81415,-126.39629,12
0.5,0.0000,2.955000,0.00000e+00,3.143735,0.715905,2.083766,18.300780,4.372018,0.779758,1.134811,12.725523,0.81414,-126.75416,12
0.5,0.0000,2.956000,0.00000e+00,3.146144,0.715961,2.085341,18.327204,4.374434,0.779773,1.135600,12.741174,0.81414,-127.11290,12
0.5,0.0000,2.957000,0.00000e+00,3.148554,0.716018,2.086917,18.353655,4.376850,0.779787,1.136390,12.756839,0.81414,-127.47251,12
0.5,0.0000,2.958000,0.00000e+00,3.150965,0.716074,2.088493,18.380135,4.379268,0.779802,1.137180,12.772520,0.81413,-127.83299,12
0.5,0.0000,2.959000,0.00000e+00,3.153377,0.716130,2.090069,18.406641,4.381686,0.779817,1.137971,12.788214,0.81413,-128.19434,12
0.5,0.0000,2.960000,0.00000e+00,3.155789,0.716186,2.091646,18.433176,4.384105,0.779831,1.138761,12.803924,0.81412,-128.55657,12
0.5,0.0000,2.961000,0.00000e+00,3.158202,0.716242,2.093223,18.459737,4.386524,0.779846,1.139552,12.819648,0.81412,-128.91967,13
0.5,0.0000,2.962000,0.00000e+00,3.160616,0.716298,2.094801,18.486327,4.388945,0.779860,1.140343,12.835386,0.81411,-129.28366,13
0.5,0.0000,2.963000,0.00000e+00,3.163031,0.716354,2.096380,18.512944,4.391366,0.779875,1.141135,12.851140,0.81411,-129.64853,13
0.5,0.0000,2.964000,0.00000e+00,3.165446,0.716410,2.097959,18.539589,4.393788,0.779889,1.141926,12.866908,0.81411,-130.01428,13
0.5,0.0000,2.965000,0.00000e+00,3.167863,0.716466,2.099538,18.566262,4.396210,0.779904,1.142718,12.882691,0.81410,-130.38092,13
0.5,0.0000,2.966000,0.00000e+00,3.170280,0.716522,2.101119,18.592963,4.398633,0.779918,1.143510,12.898488,0.81410,-130.74844,13
0.5,0.0000,2.967000,0.00000e+00,3.172697,0.716578,2.102699,18.619691,4.401058,0.779933,1.144303,12.914301,0.81409,-131.11686,13
0.5,0.0000,2.968000,0.00000e+00,3.175116,0.716633,2.104280,18.646448,4.403482,0.779947,1.145095,12.930127,0.81409,-131.48616,13
0.5,0.0000,2.969000,0.00000e+00,3.177535,0.716689,2.105862,18.673232,4.405908,0.779961,1.145888,12.945969,0.81408,-131.85636,13
0.5,0.0000,2.970000,0.00000e+00,3.179955,0.716744,2.107444,18.700044,4.408334,0.779976,1.146681,12.961825,0.81408,-132.22745,13
0.5,0.0000,2.971000,0.00000e+00,3.182376,0.716800,2.109026,18.726883,4.410761,0.779990,1.147475,12.977696,0.81408,-132.59944,13
0.5,0.0000,2.972000,0.00000e+00,3.184797,0.716855,2.110609,18.753751,4.413189,0.780004,1.148269,12.993582,0.81407,-132.97232,13
0.5,0.0000,2.973000,0.00000e+00,3.187220,0.716911,2.112193,18.780647,4.415618,0.780019,1.149062,13.009483,0.81407,-133.34610,13
0.5,0.0000,2.974000,0.00000e+00,3.189643,0.716966,2.113777,18.807570,4.418047,0.780033,1.149857,13.025398,0.81406,-133.72079,13
0.5,0.0000,2.975000,0.00000e+00,3.192066,0.717021,2.115362,18.834521,4.420477,0.780047,1.150651,13.041328,0.81406,-134.09638,13
0.5,0.0000,2.976000,0.00000e+00,3.194491,0.717076,2.116947,18.861501,4.422908,0.780061,1.151446,13.057273,0.81406,-134.47287,13
0.5,0.0000,2.977000,0.00000e+00,3.196916,0.717131,2.118533,18.888508,4.425339,0.780076,1.152241,13.073233,0.81405,-134.85027,13
0.5,0.0000,2.978000,0.00000e+00,3.199342,0.717186,2.120119,18.915543,4.427772,0.780090,1.153036,13.089208,0.81405,-135.22858,13
0.5,0.0000,2.979000,0.00000e+00,3.201769,0.717241,2.121706,18.942607,4.430205,0.780104,1.153831,13.105197,0.81404,-135.60780,13
0.5,0.0000,2.980000,0.00000e+00,3.204197,0.717296,2.123293,18.969698,4.432638,0.780118,1.154627,13.121201,0.81404,-135.98793,13
0.5,0.0000,2.981000,0.00000e+00,3.206625,0.717351,2.124880,18.996818,4.435073,0.780132,1.155423,13.137220,0.81404,-136.36898,13
0.5,0.0000,2.982000,0.00000e+00,3.209054,0.717406,2.126469,19.023965,4.437508,0.780146,1.156219,13.153254,0.81403,-136.75094,13
0.5,0.0000,2.983000,0.00000e+00,3.211484,0.717461,2.128057,19.051141,4.439944,0.780160,1.157015,13.169302,0.81403,-137.13382,13
0.5,0.0000,2.984000,0.00000e+00,3.213914,0.717515,2.129647,19.078344,4.442381,0.780174,1.157812,13.185366,0.81402,-137.51763,13
0.5,0.0000,2.985000,0.00000e+00,3.216346,0.717570,2.131236,19.105576,4.444819,0.780188,1.158609,13.201444,0.81402,-137.90235,13
0.5,0.0000,2.986000,0.00000e+00,3.218778,0.717624,2.132827,19.132836,4.447257,0.780202,1.159406,13.217538,0.81401,-138.28800,13
0.5,0.0000,2.987000,0.00000e+00,3.221211,0.717679,2.134417,19.160124,4.449696,0.780216,1.160203,13.233646,0.81401,-138.67457,13
0.5,0.0000,2.988000,0.00000e+00,3.223644,0.717733,2.136009,19.187440,4.452135,0.780230,1.161001,13.249769,0.81401,-139.06207,13
0.5,0.0000,2.989000,0.00000e+00,3.226079,0.717788,2.137600,19.214785,4.454576,0.780244,1.161799,13.265907,0.81400,-139.45050,13
0.5,0.0000,2.990000,0.00000e+00,3.228514,0.717842,2.139193,19.242158,4.457017,0.780258,1.162597,13.282060,0.81400,-139.83986,13
0.5,0.0000,2.991000,0.00000e+00,3.230950,0.717896,2.140786,19.269559,4.459459,0.780272,1.163396,13.298228,0.81399,-140.23015,13
0.5,0.0000,2.992000,0.00000e+00,3.233386,0.717950,2.142379,19.296988,4.461902,0.780285,1.164194,13.314410,0.81399,-140.62138,13
0.5,0.0000,2.993000,0.00000e+00,3.235824,0.718004,2.143973,19.324445,4.464345,0.780299,1.164993,13.330608,0.81399,-141.01354,13
0.5,0.0000,2.994000,0.00000e+00,3.238262,0.718058,2.145567,19.351931,4.466790,0.780313,1.165792,13.346821,0.81398,-141.40665,13
0.5,0.0000,2.995000,0.00000e+00,3.240701,0.718112,2.147162,19.379445,4.469234,0.780327,1.166592,13.363048,0.81398,-141.80069,13
0.5,0.0000,2.996000,0.00000e+00,3.243141,0.718166,2.148757,19.406987,4.471680,0.780340,1.167391,13.379291,0.81397,-142.19568,13
0.5,0.0000,2.997000,0.00000e+00,3.245581,0.718220,2.150353,19.434558,4.474127,0.780354,1.168191,13.395549,0.81397,-142.59161,13
0.5,0.0000,2.998000,0.00000e+00,3.248022,0.718274,2.151950,19.462157,4.476574,0.780368,1.168992,13.411821,0.81397,-142.98849,13
0.5,0.0000,2.999000,0.00000e+00,3.250464,0.718328,2.153547,19.489785,4.479022,0.780381,1.169792,13.428109,0.81396,-143.38632,13
0.5,0.0000,3.000000,0.00000e+00,3.252907,0.718381,2.155144,19.517441,4.481470,0.780395,1.170593,13.444411,0.81396,-143.78509,13
0.5,0.0000,3.001000,0.00000e+00,3.255350,0.718435,2.156742,19.545125,4.483920,0.780409,1.171394,13.460729,0.81395,-144.18482,13
0.5,0.0000,3.002000,0.00000e+00,3.257794,0.718488,2.158340,19.572838,4.486370,0.780422,1.172195,13.477062,0.81395,-144.58550,13
0.5,0.0000,3.003000,0.00000e+00,3.260239,0.718542,2.159939,19.600579,4.488821,0.780436,1.172996,13.493409,0.81395,-144.98714,13
0.5,0.0000,3.004000,0.00000e+00,3.262685,0.718595,2.161539,19.628349,4.491273,0.780449,1.173798,13.509772,0.81394,-145.38974,13
0.5,0.0000,3.005000,0.00000e+00,3.265132,0.718649,2.163139,19.656147,4.493725,0.780463,1.174600,13.526150,0.81394,-145.79330,13
0.5,0.0000,3.006000,0.00000e+00,3.267579,0.718702,2.164739,19.683974,4.496178,0.780476,1.175402,13.542543,0.81394,-146.19781,13
0.5,0.0000,3.007000,0.00000e+00,3.270027,0.718755,2.166340,19.711829,4.498632,0.780490,1.176205,13.558951,0.81393,-146.60330,13
0.5,0.0000,3.008000,0.00000e+00,3.272476,0.718808,2.167942,19.739713,4.501087,0.780503,1.177007,13.575374,0.81393,-147.00974,13
0.5,0.0000,3.009000,0.00000e+00,3.274925,0.718862,2.169544,19.767625,4.503542,0.780517,1.177810,13.591812,0.81392,-147.41716,13
0.5,0.0000,3.010000,0.00000e+00,3.277376,0.718915,2.171146,19.795567,4.505998,0.780530,1.178613,13.608265,0.81392,-147.82554,13
0.5,0.0000,3.011000,0.00000e+00,3.279827,0.718968,2.172749,19.823536,4.508455,0.780543,1.179417,13.624733,0.81392,-148.23490,13
0.5,0.0000,3.012000,0.00000e+00,3.282278,0.719021,2.174353,19.851534,4.510913,0.780557,1.180221,13.641217,0.81391,-148.64523,13
0.5,0.0000,3.013000,0.00000e+00,3.284731,0.719074,2.175957,19.879561,4.513371,0.780570,1.181025,13.657715,0.81391,-149.05653,13
0.5,0.0000,3.014000,0.00000e+00,3.287184,0.719126,2.177562,19.907617,4.515830,0.780583,1.181829,13.674229,0.81390,-149.46882,13
0.5,0.0000,3.015000,0.00000e+00,3.289638,0.719179,2.179167,19.935701,4.518290,0.780597,1.182633,13.690758,0.81390,-149.88208,13
0.5,0.0000,3.016000,0.00000e+00,3.292093,0.719232,2.180772,19.963814,4.520751,0.780610,1.183438,13.707302,0.81390,-150.29632,13
0.5,0.0000,3.017000,0.00000e+00,3.294549,0.719284,2.182378,19.991956,4.523212,0.780623,1.184243,13.723861,0.81389,-150.71155,13
0.5,0.0000,3.018000,0.00000e+00,3.297005,0.719337,2.183985,20.020127,4.525674,0.780636,1.185048,13.740436,0.81389,-151.12776,13
0.5,0.0000,3.019000,0.00000e+00,3.299462,0.719390,2.185592,20.048326,4.528137,0.780650,1.185854,13.757025,0.81388,-151.54496,13
0.5,0.0000,3.020000,0.00000e+00,3.301920,0.719442,2.187200,20.076554,4.530601,0.780663,1.186659,13.773630,0.81388,-151.96314,13
0.5,0.0000,3.021000,0.00000e+00,3.304379,0.719494,2.188808,20.104811,4.533065,0.780676,1.187465,13.790250,0.81388,-152.38232,13
0.5,0.0000,3.022000,0.00000e+00,3.306838,0.719547,2.190417,20.133096,4.535530,0.780689,1.188272,13.806885,0.81387,-152.80249,13
0.5,0.0000,3.023000,0.00000e+00,3.309298,0.719599,2.192026,20.161411,4.537996,0.780702,1.189078,13.823536,0.81387,-153.22366,13
0.5,0.0000,3.024000,0.00000e+00,3.311759,0.719651,2.193635,20.189754,4.540463,0.780715,1.189885,13.840202,0.81387,-153.64582,13
0.5,0.0000,3.025000,0.00000e+00,3.314221,0.719704,2.195246,20.218127,4.542930,0.780728,1.190692,13.856883,0.81386,-154.06899,13
0.5,0.0000,3.026000,0.00000e+00,3.316683,0.719756,2.196856,20.246528,4.545398,0.780741,1.191499,13.873579,0.81386,-154.49315,13
0.5,0.0000,3.027000,0.00000e+00,3.319146,0.719808,2.198468,20.274958,4.547867,0.780754,1.192306,13.890290,0.81385,-154.91832,13
0.5,0.0000,3.028000,0.00000e+00,3.321610,0.719860,2.200079,20.303417,4.550336,0.780767,1.193114,13.907017,0.81385,-155.34449,13
0.5,0.0000,3.029000,0.00000e+00,3.324075,0.719912,2.201692,20.331905,4.552807,0.780780,1.193922,13.923759,0.81385,-155.77167,13
0.5,0.0000,3.030000,0.00000e+00,3.326540,0.719963,2.203304,20.360422,4.555278,0.780793,1.194730,13.940517,0.81384,-156.19986,13
0.5,0.0000,3.031000,0.00000e+00,3.329006,0.720015,2.204918,20.388968,4.557750,0.780806,1.195539,13.957289,0.81384,-156.62906,13
0.5,0.0000,3.032000,0.00000e+00,3.331473,0.720067,2.206531,20.417543,4.560222,0.780819,1.196348,13.974077,0.81384,-157.05927,13
0.5,0.0000,3.033000,0.00000e+00,3.333941,0.720119,2.208146,20.446147,4.562695,0.780832,1.197157,13.990881,0.81383,-157.49050,13
0.5,0.0000,3.034000,0.00000e+00,3.336410,0.720170,2.209760,20.474780,4.565170,0.780845,1.197966,14.007699,0.81383,-157.92275,13
0.5,0.0000,3.035000,0.00000e+00,3.338879,0.720222,2.211376,20.503442,4.567644,0.780857,1.198775,14.024533,0.81382,-158.35601,13
0.5,0.0000,3.036000,0.00000e+00,3.341349,0.720274,2.212992,20.532133,4.570120,0.780870,1.199585,14.041383,0.81382,-158.79030,13
0.5,0.0000,3.037000,0.00000e+00,3.343819,0.720325,2.214608,20.560854,4.572596,0.780883,1.200395,14.058247,0.81382,-159.22561,13
0.5,0.0000,3.038000,0.00000e+00,3.346291,0.720376,2.216225,20.589603,4.575073,0.780896,1.201205,14.075127,0.81381,-159.66194,13
0.5,0.0000,3.039000,0.00000e+00,3.348763,0.720428,2.217842,20.618382,4.577551,0.780908,1.202016,14.092023,0.81381,-160.09930,13
0.5,0.0000,3.040000,0.00000e+00,3.351236,0.720479,2.219460,20.647190,4.580030,0.780921,1.202827,14.108934,0.81381,-160.53770,13
0.5,0.0000,3.041000,0.00000e+00,3.353710,0.720530,2.221078,20.676027,4.582509,0.780934,1.203638,14.125860,0.81380,-160.97712,13
0.5,0.0000,3.042000,0.00000e+00,3.356185,0.720582,2.222697,20.704893,4.584989,0.780946,1.204449,14.142802,0.81380,-161.41758,13
0.5,0.0000,3.043000,0.00000e+00,3.358660,0.720633,2.224317,20.733789,4.587470,0.780959,1.205261,14.159759,0.81380,-161.85907,13
0.5,0.0000,3.044000,0.00000e+00,3.361136,0.720684,2.225937,20.762713,4.589951,0.780972,1.206072,14.176731,0.81379,-162.30160,13
0.5,0.0000,3.045000,0.00000e+00,3.363613,0.720735,2.227557,20.791667,4.592434,0.780984,1.206884,14.193719,0.81379,-162.74517,13
0.5,0.0000,3.046000,0.00000e+00,3.366090,0.720786,2.229178,20.820650,4.594917,0.780997,1.207697,14.210723,0.81378,-163.18978,13
0.5,0.0000,3.047000,0.00000e+00,3.368569,0.720837,2.230799,20.849663,4.597400,0.781009,1.208509,14.227742,0.81378,-163.63543,13
0.5,0.0000,3.048000,0.00000e+00,3.371048,0.720887,2.232421,20.878705,4.599885,0.781022,1.209322,14.244776,0.81378,-164.08214,13
0.5,0.0000,3.049000,0.00000e+00,3.373527,0.720938,2.234044,20.907776,4.602370,0.781035,1.210135,14.261826,0.81377,-164.52989,13
0.5,0.0000,3.050000,0.00000e+00,3.376008,0.720989,2.235667,20.936877,4.604856,0.781047,1.210948,14.278891,0.81377,-164.97868,13
0.5,0.0000,3.051000,0.00000e+00,3.378489,0.721040,2.237290,20.966007,4.607343,0.781059,1.211762,14.295972,0.81377,-165.42854,13
0.5,0.0000,3.052000,0.00000e+00,3.380972,0.721090,2.238914,20.995166,4.609830,0.781072,1.212576,14.313069,0.81376,-165.87944,13
0.5,0.0000,3.053000,0.00000e+00,3.383454,0.721141,2.240539,21.024355,4.612319,0.781084,1.213390,14.330180,0.81376,-166.33140,13
0.5,0.0000,3.054000,0.00000e+00,3.385938,0.721191,2.242164,21.053573,4.614808,0.781097,1.214204,14.347308,0.81376,-166.78442,13
0.5,0.0000,3.055000,0.00000e+00,3.388422,0.721242,2.243789,21.082821,4.617297,0.781109,1.215018,14.364451,0.81375,-167.23851,13
0.5,0.0000,3.056000,0.00000e+00,3.390908,0.721292,2.245415,21.112098,4.619788,0.781121,1.215833,14.381609,0.81375,-167.69365,13
0.5,0.0000,3.057000,0.00000e+00,3.393393,0.721343,2.247042,21.141405,4.622279,0.781134,1.216648,14.398783,0.81375,-168.14986,13
0.5,0.0000,3.058000,0.00000e+00,3.395880,0.721393,2.248669,21.170741,4.624771,0.781146,1.217464,14.415973,0.81374,-168.60713,13
0.5,0.0000,3.059000,0.00000e+00,3.398368,0.721443,2.250297,21.200106,4.627264,0.781158,1.218279,14.433178,0.81374,-169.06548,13
0.5,0.0000,3.060000,0.00000e+00,3.400856,0.721493,2.251925,21.229502,4.629757,0.781171,1.219095,14.450399,0.81373,-169.52489,13
0.5,0.0000,3.061000,0.00000e+00,3.403345,0.721543,2.253553,21.258927,4.632252,0.781183,1.219911,14.467635,0.81373,-169.98538,13
0.5,0.0000,3.062000,0.00000e+00,3.405834,0.721593,2.255182,21.288381,4.634747,0.781195,1.220727,14.484887,0.81373,-170.44694,13
0.5,0.0000,3.063000,0.00000e+00,3.408325,0.721643,2.256812,21.317865,4.637242,0.781207,1.221544,14.502155,0.81372,-170.90959,13
0.5,0.0000,3.064000,0.00000e+00,3.410816,0.721693,2.258442,21.347379,4.639739,0.781220,1.222361,14.519438,0.81372,-171.37331,13
0.5,0.0000,3.065000,0.00000e+00,3.413308,0.721743,2.260073,21.376922,4.642236,0.781232,1.223178,14.536737,0.81372,-171.83811,13
0.5,0.0000,3.066000,0.00000e+00,3.415801,0.721793,2.261704,21.406495,4.644734,0.781244,1.223995,14.554052,0.81371,-172.30399,13
0.5,0.0000,3.067000,0.00000e+00,3.418294,0.721843,2.263336,21.436098,4.647233,0.781256,1.224813,14.571382,0.81371,-172.77097,13
0.5,0.0000,3.068000,0.00000e+00,3.420788,0.721893,2.264968,21.465730,4.649732,0.781268,1.225631,14.588728,0.81371,-173.23903,13
0.5,0.0000,3.069000,0.00000e+00,3.423283,0.721942,2.266601,21.495392,4.652233,0.781280,1.226449,14.606089,0.81370,-173.70818,13
0.5,0.0000,3.070000,0.00000e+00,3.425779,0.721992,2.268234,21.525084,4.654734,0.781292,1.227267,14.623466,0.81370,-174.17842,13
0.5,0.0000,3.071000,0.00000e+00,3.428276,0.722041,2.269867,21.554806,4.657235,0.781304,1.228086,14.640859,0.81370,-174.64976,13
0.5,0.0000,3.072000,0.00000e+00,3.430773,0.722091,2.271502,21.584557,4.659738,0.781316,1.228904,14.658268,0.81369,-175.12219,13
0.5,0.0000,3.073000,0.00000e+00,3.433271,0.722140,2.273136,21.614339,4.662241,0.781328,1.229723,14.675692,0.81369,-175.59573,13
0.5,0.0000,3.074000,0.00000e+00,3.435770,0.722190,2.274772,21.644150,4.664745,0.781340,1.230543,14.693132,0.81369,-176.07036,13
0.5,0.0000,3.075000,0.00000e+00,3.438269,0.722239,2.276407,21.673991,4.667250,0.781352,1.231362,14.710588,0.81368,-176.54610,13
0.5,0.0000,3.076000,0.00000e+00,3.440770,0.722288,2.278044,21.703862,4.669755,0.781364,1.232182,14.728059,0.81368,-177.02294,13
0.5,0.0000,3.077000,0.00000e+00,3.443271,0.722338,2.279681,21.733762,4.672261,0.781376,1.233002,14.745547,0.81368,-177.50089,13
0.5,0.0000,3.078000,0.00000e+00,3.445773,0.722387,2.281318,21.763693,4.674768,0.781388,1.233823,14.763050,0.81367,-177.97995,13
0.5,0.0000,3.079000,0.00000e+00,3.448275,0.722436,2.282956,21.793653,4.677276,0.781400,1.234643,14.780568,0.81367,-178.46012,13
0.5,0.0000,3.080000,0.00000e+00,3.450779,0.722485,2.284594,21.823644,4.679785,0.781412,1.235464,14.798103,0.81367,-178.94141,13
0.5,0.0000,3.081000,0.00000e+00,3.453283,0.722534,2.286233,21.853664,4.682294,0.781424,1.236285,14.815653,0.81366,-179.42381,13
0.5,0.0000,3.082000,0.00000e+00,3.455788,0.722583,2.287872,21.883715,4.684804,0.781435,1.237107,14.833219,0.81366,-179.90733,13
0.5,0.0000,3.083000,0.00000e+00,3.458293,0.722632,2.289512,21.913795,4.687315,0.781447,1.237928,14.850801,0.81366,-180.39197,13
0.5,0.0000,3.084000,0.00000e+00,3.460800,0.722681,2.291152,21.943906,4.689826,0.781459,1.238750,14.868399,0.81365,-180.87774,13
0.5,0.0000,3.085000,0.00000e+00,3.463307,0.722730,2.292793,21.974046,4.692338,0.781471,1.239572,14.886013,0.81365,-181.36462,13
0.5,0.0000,3.086000,0.00000e+00,3.465815,0.722778,2.294435,22.004217,4.694851,0.781483,1.240395,14.903642,0.81365,-181.85264,13
0.5,0.0000,3.087000,0.00000e+00,3.468323,0.722827,2.296077,22.034417,4.697365,0.781494,1.241217,14.921288,0.81364,-182.34179,13
0.5,0.0000,3.088000,0.00000e+00,3.470833,0.722876,2.297719,22.064648,4.699879,0.781506,1.242040,14.938949,0.81364,-182.83206,13
0.5,0.0000,3.089000,0.00000e+00,3.473343,0.722924,2.299362,22.094909,4.702395,0.781518,1.242863,14.956626,0.81364,-183.32348,13
0.5,0.0000,3.090000,0.00000e+00,3.475854,0.722973,2.301005,22.125200,4.704911,0.781529,1.243687,14.974319,0.81363,-183.81602,13
0.5,0.0000,3.091000,0.00000e+00,3.478365,0.723021,2.302649,22.155521,4.707427,0.781541,1.244510,14.992028,0.81363,-184.30971,13
0.5,0.0000,3.092000,0.00000e+00,3.480878,0.723070,2.304294,22.185872,4.709945,0.781553,1.245334,15.009752,0.81363,-184.80454,13
0.5,0.0000,3.093000,0.00000e+00,3.483391,0.723118,2.305939,22.216254,4.712463,0.781564,1.246158,15.027493,0.81362,-185.30050,13
0.5,0.0000,3.094000,0.00000e+00,3.485905,0.723166,2.307584,22.246665,4.714982,0.781576,1.246983,15.045249,0.81362,-185.79762,13
0.5,0.0000,3.095000,0.00000e+00,3.488420,0.723215,2.309230,22.277107,4.717502,0.781587,1.247807,15.063022,0.81362,-186.29588,13
0.5,0.0000,3.096000,0.00000e+00,3.490935,0.723263,2.310877,22.307580,4.720022,0.781599,1.248632,15.080810,0.81361,-186.79529,13
0.5,0.0000,3.097000,0.00000e+00,3.493452,0.723311,2.312524,22.338082,4.722543,0.781610,1.249457,15.098615,0.81361,-187.29585,13
0.5,0.0000,3.098000,0.00000e+00,3.495969,0.723359,2.314171,22.368615,4.725065,0.781622,1.250283,15.116435,0.81361,-187.79757,13
0.5,0.0000,3.099000,0.00000e+00,3.498486,0.723407,2.315819,22.399178,4.727588,0.781633,1.251108,15.134271,0.81360,-188.30044,13
0.5,0.0000,3.100000,0.00000e+00,3.501005,0.723455,2.317468,22.429772,4.730111,0.781645,1.251934,15.152124,0.81360,-188.80447,13
0.5,0.0000,3.101000,0.00000e+00,3.503524,0.723503,2.319117,22.460395,4.732636,0.781656,1.252760,15.169992,0.81360,-189.30967,13
0.5,0.0000,3.102000,0.00000e+00,3.506044,0.723551,2.320766,22.491050,4.735161,0.781668,1.253587,15.187876,0.81359,-189.81602,13
0.5,0.0000,3.103000,0.00000e+00,3.508565,0.723599,2.322416,22.521734,4.737686,0.781679,1.254414,15.205776,0.81359,-190.32354,13
0.5,0.0000,3.104000,0.00000e+00,3.511087,0.723647,2.324067,22.552449,4.740213,0.781690,1.255240,15.223692,0.81359,-190.83223,13
0.5,0.0000,3.105000,0.00000e+00,3.513609,0.723694,2.325718,22.583195,4.742740,0.781702,1.256068,15.241625,0.81358,-191.34209,13
0.5,0.0000,3.106000,0.00000e+00,3.516132,0.723742,2.327370,22.613970,4.745268,0.781713,1.256895,15.259573,0.81358,-191.85312,13
0.5,0.0000,3.107000,0.00000e+00,3.518656,0.723790,2.329022,22.644777,4.747797,0.781724,1.257723,15.277537,0.81358,-192.36532,13
0.5,0.0000,3.108000,0.00000e+00,3.521180,0.723837,2.330674,22.675614,4.750326,0.781736,1.258551,15.295518,0.81357,-192.87870,13
0.5,0.0000,3.109000,0.00000e+00,3.523706,0.723885,2.332328,22.706481,4.752856,0.781747,1.259379,15.313514,0.81357,-193.39326,13
0.5,0.0000,3.110000,0.00000e+00,3.526232,0.723932,2.333981,22.737379,4.755387,0.781758,1.260207,15.331527,0.81357,-193.90900,13
0.5,0.0000,3.111000,0.00000e+00,3.528759,0.723980,2.335635,22.768307,4.757919,0.781769,1.261036,15.349556,0.81356,-194.42593,13
0.5,0.0000,3.112000,0.00000e+00,3.531286,0.724027,2.337290,22.799266,4.760451,0.781781,1.261865,15.367600,0.81356,-194.94404,13
0.5,0.0000,3.113000,0.00000e+00,3.533815,0.724074,2.338945,22.830256,4.762985,0.781792,1.262694,15.385661,0.81356,-195.46334,13
0.5,0.0000,3.114000,0.00000e+00,3.536344,0.724121,2.340601,22.861276,4.765519,0.781803,1.263523,15.403738,0.81355,-195.98383,13
0.5,0.0000,3.115000,0.00000e+00,3.538874,0.724169,2.342257,22.892327,4.768053,0.781814,1.264353,15.421831,0.81355,-196.50551,13
0.5,0.0000,3.116000,0.00000e+00,3.541405,0.724216,2.343914,22.923408,4.770589,0.781825,1.265183,15.439940,0.81355,-197.02839,13
0.5,0.0000,3.117000,0.00000e+00,3.543936,0.724263,2.345571,22.954521,4.773125,0.781836,1.266013,15.458066,0.81354,-197.55246,13
0.5,0.0000,3.118000,0.00000e+00,3.546468,0.724310,2.347229,22.985663,4.775662,0.781848,1.266844,15.476207,0.81354,-198.07774,13
0.5,0.0000,3.119000,0.00000e+00,3.549001,0.724357,2.348887,23.016837,4.778200,0.781859,1.267674,15.494365,0.81354,-198.60421,13
0.5,0.0000,3.120000,0.00000e+00,3.551535,0.724404,2.350546,23.048041,4.780738,0.781870,1.268505,15.512539,0.81354,-199.13189,13
0.5,0.0000,3.121000,0.00000e+00,3.554069,0.724451,2.352205,23.079276,4.783277,0.781881,1.269337,15.530729,0.81353,-199.66078,13
0.5,0.0000,3.122000,0.00000e+00,3.556605,0.724498,2.353865,23.110542,4.785817,0.781892,1.270168,15.548935,0.81353,-200.19088,13
0.5,0.0000,3.123000,0.00000e+00,3.559141,0.724545,2.355525,23.141839,4.788358,0.781903,1.271000,15.567158,0.81353,-200.72218,13
0.5,0.0000,3.124000,0.00000e+00,3.561677,0.724591,2.357186,23.173166,4.790899,0.781914,1.271832,15.585396,0.81352,-201.25471,13
0.5,0.0000,3.125000,0.00000e+00,3.564215,0.724638,2.358848,23.204524,4.793442,0.781925,1.272664,15.603651,0.81352,-201.78844,13
0.5,0.0000,3.126000,0.00000e+00,3.566753,0.724685,2.360509,23.235913,4.795985,0.781936,1.273496,15.621922,0.81352,-202.32340,13
0.5,0.0000,3.127000,0.00000e+00,3.569292,0.724731,2.362172,23.267333,4.798528,0.781947,1.274329,15.640210,0.81351,-202.85958,13
0.5,0.0000,3.128000,0.00000e+00,3.571832,0.724778,2.363835,23.298784,4.801073,0.781958,1.275162,15.658513,0.81351,-203.39698,13
0.5,0.0000,3.129000,0.00000e+00,3.574373,0.724824,2.365498,23.330266,4.803618,0.781968,1.275995,15.676833,0.81351,-203.93560,13
0.5,0.0000,3.130000,0.00000e+00,3.576914,0.724871,2.367162,23.361778,4.806164,0.781979,1.276829,15.695169,0.81350,-204.47546,13
0.5,0.0000,3.131000,0.00000e+00,3.579456,0.724917,2.368826,23.393322,4.808711,0.781990,1.277663,15.713522,0.81350,-205.01654,13
0.5,0.0000,3.132000,0.00000e+00,3.581999,0.724963,2.370491,23.424897,4.811258,0.782001,1.278497,15.731891,0.81350,-205.55886,13
0.5,0.0000,3.133000,0.00000e+00,3.584542,0.725010,2.372157,23.456502,4.813806,0.782012,1.279331,15.750276,0.81349,-206.10241,13
0.5,0.0000,3.134000,0.00000e+00,3.587087,0.725056,2.373823,23.488139,4.816355,0.782023,1.280165,15.768677,0.81349,-206.64720,13
0.5,0.0000,3.135000,0.00000e+00,3.589632,0.725102,2.375489,23.519806,4.818905,0.782033,1.281000,15.787095,0.81349,-207.19322,13
0.5,0.0000,3.136000,0.00000e+00,3.592178,0.725148,2.377156,23.551505,4.821456,0.782044,1.281835,15.805529,0.81349,-207.74049,13
0.5,0.0000,3.137000,0.00000e+00,3.594724,0.725194,2.378823,23.583235,4.824007,0.782055,1.282670,15.823979,0.81348,-208.28901,13
0.5,0.0000,3.138000,0.00000e+00,3.597272,0.725240,2.380491,23.614995,4.826559,0.782066,1.283506,15.842446,0.81348,-208.83877,13
0.5,0.0000,3.139000,0.00000e+00,3.599820,0.725286,2.382160,23.646787,4.829112,0.782076,1.284342,15.860929,0.81348,-209.38978,13
0.5,0.0000,3.140000,0.00000e+00,3.602369,0.725332,2.383829,23.678610,4.831665,0.782087,1.285178,15.879428,0.81347,-209.94205,13
0.5,0.0000,3.141000,0.00000e+00,3.604918,0.725378,2.385498,23.710464,4.834219,0.782098,1.286014,15.897944,0.81347,-210.49556,13
0.5,0.0000,3.142000,0.00000e+00,3.607469,0.725424,2.387168,23.742350,4.836774,0.782108,1.286850,15.916476,0.81347,-211.05034,13
0.5,0.0000,3.143000,0.00000e+00,3.610020,0.725470,2.388839,23.774266,4.839330,0.782119,1.287687,15.935025,0.81346,-211.60637,13
0.5,0.0000,3.144000,0.00000e+00,3.612572,0.725516,2.390510,23.806214,4.841886,0.782130,1.288524,15.953590,0.81346,-212.16367,13
0.5,0.0000,3.145000,0.00000e+00,3.615125,0.725561,2.392182,23.838193,4.844444,0.782140,1.289362,15.972171,0.81346,-212.72222,13
0.5,0.0000,3.146000,0.00000e+00,3.617678,0.725607,2.393854,23.870203,4.847002,0.782151,1.290199,15.990769,0.81346,-213.28205,13
0.5,0.0000,3.147000,0.00000e+00,3.620232,0.725653,2.395526,23.902245,4.849560,0.782161,1.291037,16.009383,0.81345,-213.84314,13
0.5,0.0000,3.148000,0.00000e+00,3.622787,0.725698,2.397199,23.934317,4.852120,0.782172,1.291875,16.028014,0.81345,-214.40551,13
0.5,0.0000,3.149000,0.00000e+00,3.625343,0.725744,2.398873,23.966421,4.854680,0.782183,1.292713,16.046661,0.81345,-214.96914,13
0.5,0.0000,3.150000,0.00000e+00,3.627900,0.725789,2.400547,23.998557,4.857241,0.782193,1.293552,16.065325,0.81344,-215.53406,13
0.5,0.0000,3.151000,0.00000e+00,3.630457,0.725834,2.402222,24.030723,4.859803,0.782204,1.294390,16.084005,0.81344,-216.10025,13
0.5,0.0000,3.152000,0.00000e+00,3.633015,0.725880,2.403897,24.062921,4.862365,0.782214,1.295230,16.102702,0.81344,-216.66772,13
0.5,0.0000,3.153000,0.00000e+00,3.635574,0.725925,2.405572,24.095151,4.864929,0.782224,1.296069,16.121415,0.81343,-217.23648,13
0.5,0.0000,3.154000,0.00000e+00,3.638133,0.725970,2.407249,24.127412,4.867493,0.782235,1.296908,16.140145,0.81343,-217.80652,13
0.5,0.0000,3.155000,0.00000e+00,3.640694,0.726015,2.408925,24.159704,4.870057,0.782245,1.297748,16.158891,0.81343,-218.37785,13
0.5,0.0000,3.156000,0.00000e+00,3.643255,0.726061,2.410603,24.192028,4.872623,0.782256,1.298588,16.177654,0.81343,-218.95047,13
0.5,0.0000,3.157000,0.00000e+00,3.645817,0.726106,2.412280,24.224383,4.875189,0.782266,1.299429,16.196433,0.81342,-219.52439,13
0.5,0.0000,3.158000,0.00000e+00,3.648379,0.726151,2.413958,24.256769,4.877756,0.782276,1.300269,16.215229,0.81342,-220.09960,13
0.5,0.0000,3.159000,0.00000e+00,3.650943,0.726196,2.415637,24.289188,4.880324,0.782287,1.301110,16.234041,0.81342,-220.67611,13
0.5,0.0000,3.160000,0.00000e+00,3.653507,0.726241,2.417316,24.321637,4.882892,0.782297,1.301951,16.252870,0.81341,-221.25392,13
0.5,0.0000,3.161000,0.00000e+00,3.656072,0.726286,2.418996,24.354119,4.885462,0.782307,1.302792,16.271716,0.81341,-221.83303,13
0.5,0.0000,3.162000,0.00000e+00,3.658637,0.726330,2.420676,24.386631,4.888032,0.782318,1.303634,16.290578,0.81341,-222.41345,13
0.5,0.0000,3.163000,0.00000e+00,3.661204,0.726375,2.422357,24.419176,4.890603,0.782328,1.304476,16.309457,0.81341,-222.99517,13
0.5,0.0000,3.164000,0.00000e+00,3.663771,0.726420,2.424038,24.451752,4.893174,0.782338,1.305318,16.328352,0.81340,-223.57821,13
0.5,0.0000,3.165000,0.00000e+00,3.666339,0.726465,2.425720,24.484359,4.895746,0.782349,1.306160,16.347264,0.81340,-224.16256,13
0.5,0.0000,3.166000,0.00000e+00,3.668907,0.726509,2.427403,24.516999,4.898319,0.782359,1.307003,16.366193,0.81340,-224.74823,13
0.5,0.0000,3.167000,0.00000e+00,3.671477,0.726554,2.429085,24.549669,4.900893,0.782369,1.307846,16.385138,0.81339,-225.33521,13
0.5,0.0000,3.168000,0.00000e+00,3.674047,0.726599,2.430769,24.582372,4.903468,0.782379,1.308689,16.404100,0.81339,-225.92351,13
0.5,0.0000,3.169000,0.00000e+00,3.676618,0.726643,2.432452,24.615106,4.906043,0.782389,1.309532,16.423079,0.81339,-226.51314,13
0.5,0.0000,3.170000,0.00000e+00,3.679190,0.726688,2.434137,24.647872,4.908619,0.782399,1.310376,16.442074,0.81339,-227.10410,13
0.5,0.0000,3.171000,0.00000e+00,3.681762,0.726732,2.435822,24.680670,4.911196,0.782410,1.311220,16.461086,0.81338,-227.69638,13
0.5,0.0000,3.172000,0.00000e+00,3.684335,0.726776,2.437507,24.713500,4.913773,0.782420,1.312064,16.480114,0.81338,-228.28999,13
0.5,0.0000,3.173000,0.00000e+00,3.686909,0.726821,2.439193,24.746361,4.916352,0.782430,1.312908,16.499160,0.81338,-228.88494,13
0.5,0.0000,3.174000,0.00000e+00,3.689484,0.726865,2.440879,24.779254,4.918931,0.782440,1.313753,16.518222,0.81337,-229.48122,13
0.5,0.0000,3.175000,0.00000e+00,3.692060,0.726909,2.442566,24.812179,4.921510,0.782450,1.314597,16.537301,0.81337,-230.07884,13
0.5,0.0000,3.176000,0.00000e+00,3.694636,0.726953,2.444254,24.845136,4.924091,0.782460,1.315443,16.556396,0.81337,-230.67780,13
0.5,0.0000,3.177000,0.00000e+00,3.697213,0.726997,2.445942,24.878125,4.926672,0.782470,1.316288,16.575508,0.81337,-231.27810,13
0.5,0.0000,3.178000,0.00000e+00,3.699791,0.727042,2.447630,24.911145,4.929254,0.782480,1.317134,16.594637,0.81336,-231.87975,13
0.5,0.0000,3.179000,0.00000e+00,3.702369,0.727086,2.449319,24.944198,4.931837,0.782490,1.317979,16.613783,0.81336,-232.48275,13
0.5,0.0000,3.180000,0.00000e+00,3.704949,0.727130,2.451008,24.977282,4.934421,0.782500,1.318826,16.632946,0.81336,-233.08710,13
0.5,0.0000,3.181000,0.00000e+00,3.707529,0.727174,2.452698,25.010398,4.937005,0.782510,1.319672,16.652125,0.81335,-233.69280,13
0.5,0.0000,3.182000,0.00000e+00,3.710110,0.727217,2.454389,25.043546,4.939590,0.782520,1.320519,16.671321,0.81335,-234.29986,13
0.5,0.0000,3.183000,0.00000e+00,3.712691,0.727261,2.456080,25.076727,4.942176,0.782530,1.321366,16.690534,0.81335,-234.90828,13
0.5,0.0000,3.184000,0.00000e+00,3.715274,0.727305,2.457771,25.109939,4.944763,0.782540,1.322213,16.709764,0.81335,-235.51806,13
0.5,0.0000,3.185000,0.00000e+00,3.717857,0.727349,2.459463,25.143183,4.947350,0.782550,1.323060,16.729010,0.81334,-236.12921,13
0.5,0.0000,3.186000,0.00000e+00,3.720441,0.727393,2.461156,25.176460,4.949938,0.782560,1.323908,16.748274,0.81334,-236.74172,13
0.5,0.0000,3.187000,0.00000e+00,3.723025,0.727436,2.462849,25.209768,4.952527,0.782569,1.324756,16.767554,0.81334,-237.35560,13
0.5,0.0000,3.188000,0.00000e+00,3.725611,0.727480,2.464543,25.243109,4.955116,0.782579,1.325604,16.786851,0.81333,-237.97085,13
0.5,0.0000,3.189000,0.00000e+00,3.728197,0.727523,2.466237,25.276481,4.957707,0.782589,1.326452,16.806165,0.81333,-238.58748,13
0.5,0.0000,3.190000,0.00000e+00,3.730784,0.727567,2.467931,25.309886,4.960298,0.782599,1.327301,16.825496,0.81333,-239.20548,13
0.5,0.0000,3.191000,0.00000e+00,3.733371,0.727610,2.469626,25.343323,4.962890,0.782609,1.328150,16.844843,0.81333,-239.82486,13
0.5,0.0000,3.192000,0.00000e+00,3.735960,0.727654,2.471322,25.376792,4.965482,0.782619,1.328999,16.864208,0.81332,-240.44563,13
0.5,0.0000,3.193000,0.00000e+00,3.738549,0.727697,2.473018,25.410293,4.968076,0.782628,1.329848,16.883589,0.81332,-241.06778,13
0.5,0.0000,3.194000,0.00000e+00,3.741139,0.727741,2.474715,25.443826,4.970670,0.782638,1.330698,16.902988,0.81332,-241.69131,13
0.5,0.0000,3.195000,0.00000e+00,3.743730,0.727784,2.476412,25.477392,4.973265,0.782648,1.331548,16.922403,0.81332,-242.31624,13
0.5,0.0000,3.196000,0.00000e+00,3.746321,0.727827,2.478109,25.510990,4.975860,0.782658,1.332398,16.941836,0.81331,-242.94256,13
0.5,0.0000,3.197000,0.00000e+00,3.748914,0.727870,2.479808,25.544620,4.978457,0.782667,1.333249,16.961285,0.81331,-243.57028,13
0.5,0.0000,3.198000,0.00000e+00,3.751507,0.727913,2.481506,25.578283,4.981054,0.782677,1.334099,16.980751,0.81331,-244.19939,13
0.5,0.0000,3.199000,0.00000e+00,3.754100,0.727957,2.483205,25.611977,4.983652,0.782687,1.334950,17.000234,0.81330,-244.82990,13
0.5,0.0000,3.200000,0.00000e+00,3.756695,0.728000,2.484905,25.645705,4.986250,0.782696,1.335801,17.019734,0.81330,-245.46182,13
0.5,0.0000,3.201000,0.00000e+00,3.759290,0.728043,2.486605,25.679464,4.988850,0.782706,1.336653,17.039251,0.81330,-246.09514,13
0.5,0.0000,3.202000,0.00000e+00,3.761886,0.728086,2.488306,25.713256,4.991450,0.782715,1.337505,17.058785,0.81330,-246.72988,13
0.5,0.0000,3.203000,0.00000e+00,3.764483,0.728128,2.490007,25.747080,4.994051,0.782725,1.338357,17.078337,0.81329,-247.36602,13
0.5,0.0000,3.204000,0.00000e+00,3.767081,0.728171,2.491709,25.780937,4.996652,0.782735,1.339209,17.097905,0.81329,-248.00358,13
0.5,0.0000,3.205000,0.00000e+00,3.769679,0.728214,2.493411,25.814826,4.999255,0.782744,1.340061,17.117490,0.81329,-248.64255,13
0.5,0.0000,3.206000,0.00000e+00,3.772278,0.728257,2.495114,25.848747,5.001858,0.782754,1.340914,17.137092,0.81329,-249.28294,13
0.5,0.0000,3.207000,0.00000e+00,3.774878,0.728300,2.496817,25.882701,5.004462,0.782763,1.341767,17.156711,0.81328,-249.92475,13
0.5,0.0000,3.208000,0.00000e+00,3.777479,0.728342,2.498521,25.916688,5.007066,0.782773,1.342620,17.176348,0.81328,-250.56799,13
0.5,0.0000,3.209000,0.00000e+00,3.780080,0.728385,2.500225,25.950707,5.009672,0.782782,1.343474,17.196001,0.81328,-251.21266,13
0.5,0.0000,3.210000,0.00000e+00,3.782682,0.728428,2.501930,25.984758,5.012278,0.782792,1.344327,17.215671,0.81328,-251.85875,13
0.5,0.0000,3.211000,0.00000e+00,3.785285,0.728470,2.503636,26.018842,5.014885,0.782801,1.345181,17.235359,0.81327,-252.50628,13
0.5,0.0000,3.212000,0.00000e+00,3.787889,0.728513,2.505341,26.052959,5.017493,0.782811,1.346036,17.255063,0.81327,-253.15525,13
0.5,0.0000,3.213000,0.00000e+00,3.790493,0.728555,2.507048,26.087108,5.020101,0.782820,1.346890,17.274785,0.81327,-253.80565,13
0.5,0.0000,3.214000,0.00000e+00,3.793099,0.728598,2.508755,26.121290,5.022710,0.782830,1.347745,17.294524,0.81326,-254.45749,13
0.5,0.0000,3.215000,0.00000e+00,3.795705,0.728640,2.510462,26.155504,5.025320,0.782839,1.348600,17.314280,0.81326,-255.11078,13
0.5,0.0000,3.216000,0.00000e+00,3.798311,0.728682,2.512170,26.189752,5.027931,0.782848,1.349455,17.334053,0.81326,-255.76551,13
0.5,0.0000,3.217000,0.00000e+00,3.800919,0.728725,2.513878,26.224031,5.030542,0.782858,1.350311,17.353843,0.81326,-256.42169,13
0.5,0.0000,3.218000,0.00000e+00,3.803527,0.728767,2.515587,26.258344,5.033155,0.782867,1.351166,17.373651,0.81325,-257.07932,13
0.5,0.0000,3.219000,0.00000e+00,3.806136,0.728809,2.517297,26.292689,5.035767,0.782876,1.352022,17.393475,0.81325,-257.73841,13
0.5,0.0000,3.220000,0.00000e+00,3.808746,0.728851,2.519007,26.327067,5.038381,0.782886,1.352879,17.413317,0.81325,-258.39895,13
0.5,0.0000,3.221000,0.00000e+00,3.811356,0.728893,2.520717,26.361478,5.040996,0.782895,1.353735,17.433176,0.81325,-259.06095,13
0.5,0.0000,3.222000,0.00000e+00,3.813968,0.728935,2.522428,26.395921,5.043611,0.782904,1.354592,17.453052,0.81324,-259.72442,13
0.5,0.0000,3.223000,0.00000e+00,3.816580,0.728977,2.524139,26.430397,5.046227,0.782914,1.355449,17.472946,0.81324,-260.38935,13
0.5,0.0000,3.224000,0.00000e+00,3.819193,0.729019,2.525851,26.464907,5.048844,0.782923,1.356306,17.492856,0.81324,-261.05575,13
0.5,0.0000,3.225000,0.00000e+00,3.821806,0.729061,2.527564,26.499448,5.051461,0.782932,1.357164,17.512784,0.81324,-261.72362,13
0.5,0.0000,3.226000,0.00000e+00,3.824421,0.729103,2.529277,26.534023,5.054079,0.782941,1.358022,17.532729,0.81323,-262.39296,13
0.5,0.0000,3.227000,0.00000e+00,3.827036,0.729145,2.530990,26.568631,5.056698,0.782951,1.358880,17.552691,0.81323,-263.06378,13
0.5,0.0000,3.228000,0.00000e+00,3.829651,0.729187,2.532705,26.603271,5.059318,0.782960,1.359738,17.572671,0.81323,-263.73608,13
0.5,0.0000,3.229000,0.00000e+00,3.832268,0.729228,2.534419,26.637945,5.061939,0.782969,1.360597,17.592668,0.81323,-264.40986,13
0.5,0.0000,3.230000,0.00000e+00,3.834886,0.729270,2.536134,26.672651,5.064560,0.782978,1.361455,17.612682,0.81322,-265.08512,13
0.5,0.0000,3.231000,0.00000e+00,3.837504,0.729312,2.537850,26.707391,5.067182,0.782987,1.362314,17.632713,0.81322,-265.76187,13
0.5,0.0000,3.232000,0.00000e+00,3.840123,0.729353,2.539566,26.742163,5.069805,0.782996,1.363174,17.652762,0.81322,-266.44011,13
0.5,0.0000,3.233000,0.00000e+00,3.842742,0.729395,2.541282,26.776969,5.072428,0.783005,1.364033,17.672828,0.81322,-267.11985,13
0.5,0.0000,3.234000,0.00000e+00,3.845363,0.729436,2.542999,26.811807,5.075052,0.783015,1.364893,17.692911,0.81321,-267.80108,13
0.5,0.0000,3.235000,0.00000e+00,3.847984,0.729478,2.544717,26.846678,5.077677,0.783024,1.365753,17.713012,0.81321,-268.48381,13
0.5,0.0000,3.236000,0.00000e+00,3.850606,0.729519,2.546435,26.881583,5.080303,0.783033,1.366613,17.733130,0.81321,-269.16804,13
0.5,0.0000,3.237000,0.00000e+00,3.853229,0.729561,2.548154,26.916520,5.082930,0.783042,1.367474,17.753266,0.81321,-269.85377,13
0.5,0.0000,3.238000,0.00000e+00,3.855852,0.729602,2.549873,26.951491,5.085557,0.783051,1.368335,17.773418,0.81320,-270.54101,13
0.5,0.0000,3.239000,0.00000e+00,3.858476,0.729643,2.551593,26.986495,5.088185,0.783060,1.369196,17.793588,0.81320,-271.22976,13
0.5,0.0000,3.240000,0.00000e+00,3.861101,0.729685,2.553313,27.021532,5.090814,0.783069,1.370057,17.813776,0.81320,-271.92002,13
0.5,0.0000,3.241000,0.00000e+00,3.863727,0.729726,2.555033,27.056602,5.093443,0.783078,1.370919,17.833981,0.81320,-272.61180,13
0.5,0.0000,3.242000,0.00000e+00,3.866354,0.729767,2.556755,27.091705,5.096074,0.783087,1.371781,17.854203,0.81319,-273.30509,13
0.5,0.0000,3.243000,0.00000e+00,3.868981,0.729808,2.558476,27.126842,5.098705,0.783096,1.372643,17.874443,0.81319,-273.99991,13
0.5,0.0000,3.244000,0.00000e+00,3.871609,0.729849,2.560199,27.162012,5.101337,0.783105,1.373505,17.894700,0.81319,-274.69625,13
0.5,0.0000,3.245000,0.00000e+00,3.874238,0.729890,2.561921,27.197215,5.103969,0.783114,1.374368,17.914975,0.81319,-275.39412,13
0.5,0.0000,3.246000,0.00000e+00,3.876867,0.729931,2.563645,27.232451,5.106603,0.783123,1.375231,17.935267,0.81318,-276.09351,13
0.5,0.0000,3.247000,0.00000e+00,3.879498,0.729972,2.565368,27.267720,5.109237,0.783132,1.376094,17.955576,0.81318,-276.79444,13
0.5,0.0000,3.248000,0.00000e+00,3.882129,0.730013,2.567093,27.303023,5.111872,0.783140,1.376957,17.975903,0.81318,-277.49691,13
0.5,0.0000,3.249000,0.00000e+00,3.884761,0.730054,2.568817,27.338359,5.114507,0.783149,1.377821,17.996247,0.81318,-278.20091,13
0.5,0.0000,3.250000,0.00000e+00,3.887393,0.730095,2.570543,27.373729,5.117143,0.783158,1.378685,18.016609,0.81317,-278.90645,13
0.5,0.0000,3.251000,0.00000e+00,3.890027,0.730136,2.572268,27.409132,5.119781,0.783167,1.379549,18.036989,0.81317,-279.61353,13
0.5,0.0000,3.252000,0.00000e+00,3.892661,0.730176,2.573995,27.444568,5.122418,0.783176,1.380413,18.057386,0.81317,-280.32217,13
0.5,0.0000,3.253000,0.00000e+00,3.895296,0.730217,2.575722,27.480038,5.125057,0.783185,1.381278,18.077800,0.81317,-281.03235,13
0.5,0.0000,3.254000,0.00000e+00,3.897932,0.730258,2.577449,27.515541,5.127696,0.783193,1.382143,18.098232,0.81316,-281.74408,13
0.5,0.0000,3.255000,0.00000e+00,3.900568,0.730298,2.579177,27.551078,5.130337,0.783202,1.383008,18.118682,0.81316,-282.45737,13
0.5,0.0000,3.256000,0.00000e+00,3.903205,0.730339,2.580905,27.586648,5.132977,0.783211,1.383873,18.139149,0.81316,-283.17222,13
0.5,0.0000,3.257000,0.00000e+00,3.905843,0.730380,2.582634,27.622251,5.135619,0.783220,1.384739,18.159633,0.81316,-283.88863,13
0.5,0.0000,3.258000,0.00000e+00,3.908482,0.730420,2.584363,27.657888,5.138262,0.783228,1.385605,18.180135,0.81315,-284.60660,13
0.5,0.0000,3.259000,0.00000e+00,3.911122,0.730460,2.586093,27.693559,5.140905,0.783237,1.386471,18.200655,0.81315,-285.32614,13
0.5,0.0000,3.260000,0.00000e+00,3.913762,0.730501,2.587824,27.729263,5.143549,0.783246,1.387337,18.221192,0.81315,-286.04725,13
0.5,0.0000,3.261000,0.00000e+00,3.916403,0.730541,2.589555,27.765001,5.146193,0.783255,1.388204,18.241747,0.81315,-286.76993,13
0.5,0.0000,3.262000,0.00000e+00,3.919045,0.730582,2.591286,27.800772,5.148839,0.783263,1.389071,18.262320,0.81314,-287.49418,13
0.5,0.0000,3.263000,0.00000e+00,3.921687,0.730622,2.593018,27.836577,5.151485,0.783272,1.389938,18.282910,0.81314,-288.22002,13
0.5,0.0000,3.264000,0.00000e+00,3.924330,0.730662,2.594750,27.872416,5.154132,0.783281,1.390806,18.303518,0.81314,-288.94743,13
0.5,0.0000,3.265000,0.00000e+00,3.926975,0.730702,2.596483,27.908288,5.156780,0.783289,1.391673,18.324143,0.81314,-289.67643,13
0.5,0.0000,3.266000,0.00000e+00,3.929619,0.730742,2.598217,27.944194,5.159428,0.783298,1.392541,18.344786,0.81313,-290.40702,13
0.5,0.0000,3.267000,0.00000e+00,3.932265,0.730782,2.599951,27.980134,5.162077,0.783306,1.393409,18.365447,0.81313,-291.13920,13
0.5,0.0000,3.268000,0.00000e+00,3.934911,0.730823,2.601685,28.016107,5.164727,0.783315,1.394278,18.386126,0.81313,-291.87297,13
0.5,0.0000,3.269000,0.00000e+00,3.937558,0.730863,2.603420,28.052114,5.167378,0.783324,1.395146,18.406822,0.81313,-292.60833,13
0.5,0.0000,3.270000,0.00000e+00,3.940206,0.730903,2.605156,28.088155,5.170029,0.783332,1.396015,18.427536,0.81313,-293.34530,13
0.5,0.0000,3.271000,0.00000e+00,3.942855,0.730942,2.606892,28.124230,5.172682,0.783341,1.396885,18.448267,0.81312,-294.08386,13
0.5,0.0000,3.272000,0.00000e+00,3.945504,0.730982,2.608629,28.160338,5.175335,0.783349,1.397754,18.469016,0.81312,-294.82403,13
0.5,0.0000,3.273000,0.00000e+00,3.948155,0.731022,2.610366,28.196480,5.177988,0.783358,1.398624,18.489783,0.81312,-295.56581,13
0.5,0.0000,3.274000,0.00000e+00,3.950806,0.731062,2.612103,28.232657,5.180643,0.783366,1.399494,18.510568,0.81312,-296.30920,13
0.5,0.0000,3.275000,0.00000e+00,3.953457,0.731102,2.613841,28.268867,5.183298,0.783375,1.400364,18.531370,0.81311,-297.05420,13
0.5,0.0000,3.276000,0.00000e+00,3.956110,0.731142,2.615580,28.305110,5.185954,0.783383,1.401234,18.552191,0.81311,-297.80082,13
0.5,0.0000,3.277000,0.00000e+00,3.958763,0.731181,2.617319,28.341388,5.188611,0.783392,1.402105,18.573029,0.81311,-298.54906,13
0.5,0.0000,3.278000,0.00000e+00,3.961417,0.731221,2.619059,28.377700,5.191268,0.783400,1.402976,18.593884,0.81311,-299.29893,13
0.5,0.0000,3.279000,0.00000e+00,3.964072,0.731260,2.620799,28.414046,5.193927,0.783409,1.403847,18.614758,0.81310,-300.05041,13
0.5,0.0000,3.280000,0.00000e+00,3.966727,0.731300,2.622539,28.450425,5.196586,0.783417,1.404719,18.635649,0.81310,-300.80353,13
0.5,0.0000,3.281000,0.00000e+00,3.969383,0.731340,2.624281,28.486839,5.199245,0.783425,1.405591,18.656558,0.81310,-301.55828,13
0.5,0.0000,3.282000,0.00000e+00,3.972041,0.731379,2.626022,28.523287,5.201906,0.783434,1.406463,18.677485,0.81310,-302.31466,13
0.5,0.0000,3.283000,0.00000e+00,3.974698,0.731418,2.627764,28.559768,5.204567,0.783442,1.407335,18.698430,0.81309,-303.07268,13
0.5,0.0000,3.284000,0.00000e+00,3.977357,0.731458,2.629507,28.596284,5.207229,0.783451,1.408207,18.719393,0.81309,-303.83234,13
0.5,0.0000,3.285000,0.00000e+00,3.980016,0.731497,2.631250,28.632834,5.209892,0.783459,1.409080,18.740373,0.81309,-304.59364,13
0.5,0.0000,3.286000,0.00000e+00,3.982676,0.731537,2.632994,28.669418,5.212556,0.783467,1.409953,18.761371,0.81309,-305.35659,13
0.5,0.0000,3.287000,0.00000e+00,3.985337,0.731576,2.634738,28.706036,5.215220,0.783476,1.410826,18.782388,0.81309,-306.12119,13
0.5,0.0000,3.288000,0.00000e+00,3.987999,0.731615,2.636483,28.742688,5.217885,0.783484,1.411700,18.803422,0.81308,-306.88745,13
0.5,0.0000,3.289000,0.00000e+00,3.990661,0.731654,2.638228,28.779374,5.220551,0.783492,1.412574,18.824474,0.81308,-307.65536,13
0.5,0.0000,3.290000,0.00000e+00,3.993324,0.731693,2.639974,28.816095,5.223218,0.783500,1.413448,18.845544,0.81308,-308.42492,13
0.5,0.0000,3.291000,0.00000e+00,3.995988,0.731733,2.641720,28.852850,5.225885,0.783509,1.414322,18.866631,0.81308,-309.19615,13
0.5,0.0000,3.292000,0.00000e+00,3.998653,0.731772,2.643467,28.889639,5.228553,0.783517,1.415197,18.887737,0.81307,-309.96904,13
0.5,0.0000,3.293000,0.00000e+00,4.001318,0.731811,2.645215,28.926462,5.231222,0.783525,1.416071,18.908861,0.81307,-310.74361,13
0.5,0.0000,3.294000,0.00000e+00,4.003985,0.731850,2.646962,28.963319,5.233892,0.783533,1.416946,18.930002,0.81307,-311.51984,13
0.5,0.0000,3.295000,0.00000e+00,4.006652,0.731889,2.648711,29.000211,5.236562,0.783542,1.417822,18.951162,0.81307,-312.29775,13
0.5,0.0000,3.296000,0.00000e+00,4.009319,0.731927,2.650460,29.037137,5.239233,0.783550,1.418697,18.972339,0.81306,-313.07733,13
0.5,0.0000,3.297000,0.00000e+00,4.011988,0.731966,2.652209,29.074097,5.241905,0.783558,1.419573,18.993535,0.81306,-313.85859,13
0.5,0.0000,3.298000,0.00000e+00,4.014657,0.732005,2.653959,29.111092,5.244578,0.783566,1.420449,19.014748,0.81306,-314.64154,13
0.5,0.0000,3.299000,0.00000e+00,4.017327,0.732044,2.655709,29.148121,5.247251,0.783574,1.421325,19.035980,0.81306,-315.42617,13
0.5,0.0000,3.300000,0.00000e+00,4.019998,0.732083,2.657460,29.185185,5.249925,0.783582,1.422202,19.057229,0.81306,-316.21249,13
0.5,0.0000,3.301000,0.00000e+00,4.022669,0.732121,2.659211,29.222282,5.252600,0.783591,1.423079,19.078497,0.81305,-317.00051,13
0.5,0.0000,3.302000,0.00000e+00,4.025342,0.732160,2.660963,29.259415,5.255276,0.783599,1.423956,19.099782,0.81305,-317.79022,13
0.5,0.0000,3.303000,0.00000e+00,4.028015,0.732199,2.662716,29.296581,5.257952,0.783607,1.424833,19.121086,0.81305,-318.58163,13
0.5,0.0000,3.304000,0.00000e+00,4.030689,0.732237,2.664469,29.333783,5.260630,0.783615,1.425711,19.142407,0.81305,-319.37474,13
0.5,0.0000,3.305000,0.00000e+00,4.033363,0.732276,2.666222,29.371018,5.263308,0.783623,1.426589,19.163747,0.81304,-320.16955,13
0.5,0.0000,3.306000,0.00000e+00,4.036039,0.732314,2.667976,29.408289,5.265986,0.783631,1.427467,19.185105,0.81304,-320.96608,13
0.5,0.0000,3.307000,0.00000e+00,4.038715,0.732353,2.669731,29.445593,5.268666,0.783639,1.428345,19.206481,0.81304,-321.76431,13
0.5,0.0000,3.308000,0.00000e+00,4.041392,0.732391,2.671486,29.482933,5.271346,0.783647,1.429224,19.227875,0.81304,-322.56426,13
0.5,0.0000,3.309000,0.00000e+00,4.044069,0.732430,2.673241,29.520307,5.274027,0.783655,1.430103,19.249287,0.81304,-323.36593,13
0.5,0.0000,3.310000,0.00000e+00,4.046748,0.732468,2.674997,29.557715,5.276709,0.783663,1.430982,19.270717,0.81303,-324.16931,13
0.5,0.0000,3.311000,0.00000e+00,4.049427,0.732506,2.676754,29.595158,5.279391,0.783671,1.431861,19.292165,0.81303,-324.97442,13
0.5,0.0000,3.312000,0.00000e+00,4.052107,0.732544,2.678511,29.632636,5.282075,0.783679,1.432741,19.313631,0.81303,-325.78126,13
0.5,0.0000,3.313000,0.00000e+00,4.054788,0.732583,2.680268,29.670148,5.284759,0.783687,1.433621,19.335116,0.81303,-326.58982,13
0.5,0.0000,3.314000,0.00000e+00,4.057469,0.732621,2.682026,29.707695,5.287443,0.783695,1.434501,19.356618,0.81303,-327.40012,13
0.5,0.0000,3.315000,0.00000e+00,4.060151,0.732659,2.683785,29.745277,5.290129,0.783703,1.435381,19.378139,0.81302,-328.21216,13
0.5,0.0000,3.316000,0.00000e+00,4.062834,0.732697,2.685544,29.782894,5.292815,0.783711,1.436262,19.399678,0.81302,-329.02593,13
0.5,0.0000,3.317000,0.00000e+00,4.065518,0.732735,2.687304,29.820545,5.295502,0.783719,1.437143,19.421235,0.81302,-329.84145,13
0.5,0.0000,3.318000,0.00000e+00,4.068203,0.732773,2.689064,29.858231,5.298190,0.783727,1.438024,19.442811,0.81302,-330.65871,13
0.5,0.0000,3.319000,0.00000e+00,4.070888,0.732811,2.690824,29.895952,5.300879,0.783734,1.438905,19.464404,0.81301,-331.47773,13
0.5,0.0000,3.320000,0.00000e+00,4.073574,0.732849,2.692586,29.933708,5.303568,0.783742,1.439787,19.486016,0.81301,-332.29849,13
0.5,0.0000,3.321000,0.00000e+00,4.076261,0.732887,2.694347,29.971498,5.306258,0.783750,1.440669,19.507646,0.81301,-333.12101,13
0.5,0.0000,3.322000,0.00000e+00,4.078948,0.732925,2.696109,30.009323,5.308949,0.783758,1.441551,19.529294,0.81301,-333.94529,13
0.5,0.0000,3.323000,0.00000e+00,4.081637,0.732963,2.697872,30.047183,5.311641,0.783766,1.442433,19.550961,0.81301,-334.77132,13
0.5,0.0000,3.324000,0.00000e+00,4.084326,0.733001,2.699635,30.085079,5.314333,0.783774,1.443316,19.572646,0.81300,-335.59913,13
0.5,0.0000,3.325000,0.00000e+00,4.087016,0.733038,2.701399,30.123009,5.317026,0.783781,1.444199,19.594349,0.81300,-336.42870,13
0.5,0.0000,3.326000,0.00000e+00,4.089706,0.733076,2.703163,30.160973,5.319720,0.783789,1.445082,19.616070,0.81300,-337.26004,13
0.5,0.0000,3.327000,0.00000e+00,4.092398,0.733114,2.704928,30.198973,5.322415,0.783797,1.445965,19.637810,0.81300,-338.09316,13
0.5,0.0000,3.328000,0.00000e+00,4.095090,0.733151,2.706693,30.237008,5.325110,0.783805,1.446849,19.659568,0.81299,-338.92805,13
0.5,0.0000,3.329000,0.00000e+00,4.097783,0.733189,2.708459,30.275078,5.327806,0.783812,1.447733,19.681344,0.81299,-339.76473,13
0.5,0.0000,3.330000,0.00000e+00,4.100477,0.733227,2.710225,30.313183,5.330503,0.783820,1.448617,19.703138,0.81299,-340.60319,13
0.5,0.0000,3.331000,0.00000e+00,4.103171,0.733264,2.711992,30.351323,5.333201,0.783828,1.449502,19.724951,0.81299,-341.44343,13
0.5,0.0000,3.332000,0.00000e+00,4.105866,0.733302,2.713759,30.389498,5.335899,0.783836,1.450386,19.746783,0.81299,-342.28547,13
0.5,0.0000,3.333000,0.00000e+00,4.108562,0.733339,2.715527,30.427708,5.338598,0.783843,1.451271,19.768632,0.81298,-343.12930,13
0.5,0.0000,3.334000,0.00000e+00,4.111259,0.733376,2.717295,30.465953,5.341298,0.783851,1.452157,19.790500,0.81298,-343.97493,13
0.5,0.0000,3.335000,0.00000e+00,4.113957,0.733414,2.719064,30.504233,5.343999,0.783859,1.453042,19.812386,0.81298,-344.82236,13
0.5,0.0000,3.336000,0.00000e+00,4.116655,0.733451,2.720834,30.542549,5.346700,0.783866,1.453928,19.834291,0.81298,-345.67159,13
0.5,0.0000,3.337000,0.00000e+00,4.119354,0.733488,2.722603,30.580899,5.349403,0.783874,1.454814,19.856214,0.81298,-346.52263,13
0.5,0.0000,3.338000,0.00000e+00,4.122054,0.733526,2.724374,30.619285,5.352106,0.783882,1.455700,19.878156,0.81297,-347.37548,13
0.5,0.0000,3.339000,0.00000e+00,4.124754,0.733563,2.726145,30.657706,5.354809,0.783889,1.456587,19.900116,0.81297,-348.23014,13
0.5,0.0000,3.340000,0.00000e+00,4.127456,0.733600,2.727916,30.696162,5.357514,0.783897,1.457473,19.922094,0.81297,-349.08662,13
0.5,0.0000,3.341000,0.00000e+00,4.130158,0.733637,2.729688,30.734654,5.360219,0.783904,1.458360,19.944091,0.81297,-349.94491,13
0.5,0.0000,3.342000,0.00000e+00,4.132861,0.733674,2.731460,30.773180,5.362925,0.783912,1.459247,19.966106,0.81297,-350.80503,13
0.5,0.0000,3.343000,0.00000e+00,4.135564,0.733711,2.733233,30.811743,5.365632,0.783920,1.460135,19.988140,0.81296,-351.66698,13
0.5,0.0000,3.344000,0.00000e+00,4.138269,0.733748,2.735007,30.850340,5.368339,0.783927,1.461023,20.010192,0.81296,-352.53076,13
0.5,0.0000,3.345000,0.00000e+00,4.140974,0.733785,2.736781,30.888973,5.371048,0.783935,1.461911,20.032262,0.81296,-353.39637,13
0.5,0.0000,3.346000,0.00000e+00,4.143680,0.733822,2.738555,30.927641,5.373757,0.783942,1.462799,20.054352,0.81296,-354.26382,13
0.5,0.0000,3.347000,0.00000e+00,4.146386,0.733859,2.740330,30.966344,5.376467,0.783950,1.463688,20.076459,0.81296,-355.13310,13
0.5,0.0000,3.348000,0.00000e+00,4.149094,0.733896,2.742106,31.005083,5.379177,0.783957,1.464576,20.098585,0.81295,-356.00423,13
0.5,0.0000,3.349000,0.00000e+00,4.151802,0.733933,2.743882,31.043857,5.381888,0.783965,1.465465,20.120730,0.81295,-356.87721,13
0.5,0.0000,3.350000,0.00000e+00,4.154511,0.733970,2.745658,31.082667,5.384601,0.783972,1.466355,20.142893,0.81295,-357.75203,13
0.5,0.0000,3.351000,0.00000e+00,4.157221,0.734006,2.747435,31.121512,5.387313,0.783980,1.467244,20.165075,0.81295,-358.62871,13
0.5,0.0000,3.352000,0.00000e+00,4.159931,0.734043,2.749213,31.160393,5.390027,0.783987,1.468134,20.187275,0.81294,-359.50724,13
0.5,0.0000,3.353000,0.00000e+00,4.162643,0.734080,2.750991,31.199309,5.392741,0.783995,1.469024,20.209494,0.81294,-360.38763,13
0.5,0.0000,3.354000,0.00000e+00,4.165355,0.734116,2.752769,31.238260,5.395456,0.784002,1.469914,20.231732,0.81294,-361.26989,13
0.5,0.0000,3.355000,0.00000e+00,4.168067,0.734153,2.754548,31.277248,5.398172,0.784009,1.470805,20.253988,0.81294,-362.15401,13
0.5,0.0000,3.356000,0.00000e+00,4.170781,0.734190,2.756328,31.316270,5.400889,0.784017,1.471696,20.276262,0.81294,-363.04001,13
0.5,0.0000,3.357000,0.00000e+00,4.173495,0.734226,2.758108,31.355329,5.403606,0.784024,1.472587,20.298556,0.81293,-363.92787,13
0.5,0.0000,3.358000,0.00000e+00,4.176210,0.734263,2.759889,31.394423,5.406325,0.784032,1.473478,20.320868,0.81293,-364.81761,13
0.5,0.0000,3.359000,0.00000e+00,4.178926,0.734299,2.761670,31.433552,5.409043,0.784039,1.474370,20.343198,0.81293,-365.70923,13
0.5,0.0000,3.360000,0.00000e+00,4.181643,0.734336,2.763452,31.472718,5.411763,0.784046,1.475261,20.365547,0.81293,-366.60274,13
0.5,0.0000,3.361000,0.00000e+00,4.184360,0.734372,2.765234,31.511919,5.414484,0.784054,1.476154,20.387915,0.81293,-367.49813,13
0.5,0.0000,3.362000,0.00000e+00,4.187079,0.734408,2.767016,31.551155,5.417205,0.784061,1.477046,20.410301,0.81292,-368.39541,13
0.5,0.0000,3.363000,0.00000e+00,4.189797,0.734445,2.768800,31.590428,5.419927,0.784068,1.477938,20.432707,0.81292,-369.29458,13
0.5,0.0000,3.364000,0.00000e+00,4.192517,0.734481,2.770583,31.629736,5.422649,0.784076,1.478831,20.455130,0.81292,-370.19565,13
0.5,0.0000,3.365000,0.00000e+00,4.195238,0.734517,2.772367,31.669080,5.425373,0.784083,1.479724,20.477573,0.81292,-371.09862,13
0.5,0.0000,3.366000,0.00000e+00,4.197959,0.734553,2.774152,31.708459,5.428097,0.784090,1.480618,20.500034,0.81292,-372.00350,13
0.5,0.0000,3.367000,0.00000e+00,4.200681,0.734589,2.775937,31.747875,5.430822,0.784097,1.481511,20.522514,0.81291,-372.91028,13
0.5,0.0000,3.368000,0.00000e+00,4.203404,0.734626,2.777723,31.787326,5.433548,0.784105,1.482405,20.545013,0.81291,-373.81897,13
0.5,0.0000,3.369000,0.00000e+00,4.206127,0.734662,2.779509,31.826813,5.436274,0.784112,1.483299,20.567530,0.81291,-374.72957,13
0.5,0.0000,3.370000,0.00000e+00,4.208851,0.734698,2.781296,31.866336,5.439002,0.784119,1.484194,20.590066,0.81291,-375.64209,13
0.5,0.0000,3.371000,0.00000e+00,4.211576,0.734734,2.783083,31.905895,5.441730,0.784126,1.485088,20.612621,0.81291,-376.55654,13
0.5,0.0000,3.372000,0.00000e+00,4.214302,0.734770,2.784871,31.945490,5.444459,0.784134,1.485983,20.635195,0.81290,-377.47290,13
0.5,0.0000,3.373000,0.00000e+00,4.217029,0.734806,2.786660,31.985121,5.447188,0.784141,1.486878,20.657787,0.81290,-378.39120,13
0.5,0.0000,3.374000,0.00000e+00,4.219756,0.734842,2.788448,32.024788,5.449918,0.784148,1.487774,20.680398,0.81290,-379.31142,13
0.5,0.0000,3.375000,0.00000e+00,4.222484,0.734877,2.790238,32.064490,5.452649,0.784155,1.488669,20.703028,0.81290,-380.23358,13
0.5,0.0000,3.376000,0.00000e+00,4.225213,0.734913,2.792028,32.104229,5.455381,0.784162,1.489565,20.725677,0.81290,-381.15768,13
0.5,0.0000,3.377000,0.00000e+00,4.227943,0.734949,2.793818,32.144004,5.458114,0.784169,1.490461,20.748345,0.81290,-382.08371,13
0.5,0.0000,3.378000,0.00000e+00,4.230673,0.734985,2.795609,32.183814,5.460847,0.784176,1.491358,20.771031,0.81289,-383.01170,13
0.5,0.0000,3.379000,0.00000e+00,4.233404,0.735021,2.797400,32.223661,5.463581,0.784184,1.492255,20.793737,0.81289,-383.94163,13
0.5,0.0000,3.380000,0.00000e+00,4.236136,0.735056,2.799192,32.263544,5.466316,0.784191,1.493151,20.816461,0.81289,-384.87351,13
0.5,0.0000,3.381000,0.00000e+00,4.238869,0.735092,2.800985,32.303463,5.469052,0.784198,1.494049,20.839204,0.81289,-385.80734,13
0.5,0.0000,3.382000,0.00000e+00,4.241603,0.735127,2.802777,32.343418,5.471788,0.784205,1.494946,20.861966,0.81289,-386.74314,13
0.5,0.0000,3.383000,0.00000e+00,4.244337,0.735163,2.804571,32.383409,5.474525,0.784212,1.495844,20.884747,0.81288,-387.68090,13
0.5,0.0000,3.384000,0.00000e+00,4.247072,0.735199,2.806365,32.423437,5.477263,0.784219,1.496742,20.907546,0.81288,-388.62062,13
0.5,0.0000,3.385000,0.00000e+00,4.249808,0.735234,2.808159,32.463501,5.480002,0.784226,1.497640,20.930365,0.81288,-389.56231,13
0.5,0.0000,3.386000,0.00000e+00,4.252544,0.735270,2.809954,32.503600,5.482741,0.784233,1.498538,20.953203,0.81288,-390.50598,13
0.5,0.0000,3.387000,0.00000e+00,4.255281,0.735305,2.811750,32.543736,5.485482,0.784240,1.499437,20.976059,0.81288,-391.45162,13
0.5,0.0000,3.388000,0.00000e+00,4.258019,0.735340,2.813546,32.583909,5.488223,0.784247,1.500336,20.998935,0.81287,-392.39924,13
0.5,0.0000,3.389000,0.00000e+00,4.260758,0.735376,2.815342,32.624117,5.490964,0.784254,1.501235,21.021829,0.81287,-393.34884,13
0.5,0.0000,3.390000,0.00000e+00,4.263498,0.735411,2.817139,32.664362,5.493707,0.784261,1.502135,21.044742,0.81287,-394.30043,13
0.5,0.0000,3.391000,0.00000e+00,4.266238,0.735446,2.818937,32.704643,5.496450,0.784268,1.503034,21.067675,0.81287,-395.25401,13
0.5,0.0000,3.392000,0.00000e+00,4.268979,0.735482,2.820735,32.744961,5.499194,0.784275,1.503934,21.090626,0.81287,-396.20959,13
0.5,0.0000,3.393000,0.00000e+00,4.271721,0.735517,2.822533,32.785315,5.501939,0.784282,1.504835,21.113596,0.81286,-397.16716,13
0.5,0.0000,3.394000,0.00000e+00,4.274464,0.735552,2.824333,32.825705,5.504684,0.784289,1.505735,21.136585,0.81286,-398.12673,13
0.5,0.0000,3.395000,0.00000e+00,4.277207,0.735587,2.826132,32.866132,5.507430,0.784296,1.506636,21.159594,0.81286,-399.08831,13
0.5,0.0000,3.396000,0.00000e+00,4.279951,0.735622,2.827932,32.906595,5.510177,0.784303,1.507537,21.182621,0.81286,-400.05189,13
0.5,0.0000,3.397000,0.00000e+00,4.282696,0.735657,2.829733,32.947095,5.512925,0.784310,1.508438,21.205667,0.81286,-401.01749,13
0.5,0.0000,3.398000,0.00000e+00,4.285442,0.735692,2.831534,32.987631,5.515674,0.784317,1.509339,21.228733,0.81285,-401.98510,13
0.5,0.0000,3.399000,0.00000e+00,4.288189,0.735727,2.833336,33.028203,5.518423,0.784324,1.510241,21.251817,0.81285,-402.95473,13
0.5,0.0000,3.400000,0.00000e+00,4.290936,0.735762,2.835138,33.068812,5.521173,0.784330,1.511143,21.274921,0.81285,-403.92638,13
0.5,0.0000,3.401000,0.00000e+00,4.293684,0.735797,2.836940,33.109458,5.523924,0.784337,1.512046,21.298043,0.81285,-404.90006,13
0.5,0.0000,3.402000,0.00000e+00,4.296433,0.735832,2.838744,33.150140,5.526676,0.784344,1.512948,21.321185,0.81285,-405.87576,13
0.5,0.0000,3.403000,0.00000e+00,4.299182,0.735867,2.840547,33.190859,5.529428,0.784351,1.513851,21.344346,0.81285,-406.85350,13
0.5,0.0000,3.404000,0.00000e+00,4.301932,0.735902,2.842352,33.231614,5.532181,0.784358,1.514754,21.367526,0.81284,-407.83328,13
0.5,0.0000,3.405000,0.00000e+00,4.304684,0.735937,2.844156,33.272406,5.534935,0.784365,1.515657,21.390725,0.81284,-408.81510,13
0.5,0.0000,3.406000,0.00000e+00,4.307435,0.735971,2.845961,33.313235,5.537690,0.784371,1.516561,21.413943,0.81284,-409.79896,13
0.5,0.0000,3.407000,0.00000e+00,4.310188,0.736006,2.847767,33.354100,5.540445,0.784378,1.517464,21.437181,0.81284,-410.78487,13
0.5,0.0000,3.408000,0.00000e+00,4.312941,0.736041,2.849573,33.395002,5.543201,0.784385,1.518369,21.460437,0.81284,-411.77282,13
0.5,0.0000,3.409000,0.00000e+00,4.315696,0.736076,2.851380,33.435940,5.545958,0.784392,1.519273,21.483713,0.81283,-412.76284,13
0.5,0.0000,3.410000,0.00000e+00,4.318450,0.736110,2.853188,33.476916,5.548716,0.784399,1.520177,21.507008,0.81283,-413.75491,13
0.5,0.0000,3.411000,0.00000e+00,4.321206,0.736145,2.854995,33.517928,5.551474,0.784405,1.521082,21.530322,0.81283,-414.74904,13
0.5,0.0000,3.412000,0.00000e+00,4.323963,0.736179,2.856804,33.558977,5.554233,0.784412,1.521987,21.553655,0.81283,-415.74524,13
0.5,0.0000,3.413000,0.00000e+00,4.326720,0.736214,2.858612,33.600063,5.556993,0.784419,1.522893,21.577007,0.81283,-416.74351,13
0.5,0.0000,3.414000,0.00000e+00,4.329478,0.736248,2.860422,33.641185,5.559754,0.784425,1.523798,21.600379,0.81283,-417.74385,13
0.5,0.0000,3.415000,0.00000e+00,4.332236,0.736283,2.862232,33.682344,5.562516,0.784432,1.524704,21.623770,0.81282,-418.74627,13
0.5,0.0000,3.416000,0.00000e+00,4.334996,0.736317,2.864042,33.723541,5.565278,0.784439,1.525610,21.647180,0.81282,-419.75077,13
0.5,0.0000,3.417000,0.00000e+00,4.337756,0.736352,2.865853,33.764774,5.568041,0.784446,1.526516,21.670609,0.81282,-420.75735,13
0.5,0.0000,3.418000,0.00000e+00,4.340517,0.736386,2.867664,33.806044,5.570805,0.784452,1.527423,21.694058,0.81282,-421.76602,13
0.5,0.0000,3.419000,0.00000e+00,4.343279,0.736420,2.869476,33.847351,5.573569,0.784459,1.528330,21.717526,0.81282,-422.77678,13
0.5,0.0000,3.420000,0.00000e+00,4.346042,0.736454,2.871289,33.888694,5.576335,0.784465,1.529237,21.741013,0.81281,-423.78964,13
0.5,0.0000,3.421000,0.00000e+00,4.348805,0.736489,2.873102,33.930075,5.579101,0.784472,1.530144,21.764520,0.81281,-424.80459,13
0.5,0.0000,3.422000,0.00000e+00,4.351569,0.736523,2.874915,33.971493,5.581867,0.784479,1.531052,21.788045,0.81281,-425.82165,13
0.5,0.0000,3.423000,0.00000e+00,4.354334,0.736557,2.876729,34.012948,5.584635,0.784485,1.531960,21.811591,0.81281,-426.84081,13
0.5,0.0000,3.424000,0.00000e+00,4.357100,0.736591,2.878543,34.054440,5.587403,0.784492,1.532868,21.835155,0.81281,-427.86208,13
0.5,0.0000,3.425000,0.00000e+00,4.359866,0.736625,2.880358,34.095969,5.590172,0.784499,1.533776,21.858739,0.81281,-428.88546,13
0.5,0.0000,3.426000,0.00000e+00,4.362633,0.736659,2.882174,34.137535,5.592942,0.784505,1.534685,21.882342,0.81280,-429.91097,13
0.5,0.0000,3.427000,0.00000e+00,4.365401,0.736693,2.883990,34.179138,5.595713,0.784512,1.535594,21.905965,0.81280,-430.93859,13
0.5,0.0000,3.428000,0.00000e+00,4.368170,0.736727,2.885806,34.220778,5.598484,0.784518,1.536503,21.929606,0.81280,-431.96834,13
0.5,0.0000,3.429000,0.00000e+00,4.370939,0.736761,2.887623,34.262455,5.601256,0.784525,1.537412,21.953268,0.81280,-433.00021,13
0.5,0.0000,3.430000,0.00000e+00,4.373709,0.736795,2.889441,34.304170,5.604029,0.784531,1.538322,21.976948,0.81280,-434.03422,13
0.5,0.0000,3.431000,0.00000e+00,4.376480,0.736829,2.891259,34.345921,5.606803,0.784538,1.539232,22.000648,0.81279,-435.07037,13
0.5,0.0000,3.432000,0.00000e+00,4.379252,0.736863,2.893078,34.387710,5.609577,0.784544,1.540142,22.024368,0.81279,-436.10865,13
0.5,0.0000,3.433000,0.00000e+00,4.382026,0.736897,2.894897,34.429543,5.612354,0.784551,1.541053,22.048111,0.81279,-437.14921,11
0.5,0.0000,3.434000,0.00000e+00,4.384799,0.736931,2.896716,34.471406,5.615130,0.784557,1.541963,22.071869,0.81279,-438.19178,11
0.5,0.0000,3.435000,0.00000e+00,4.387573,0.736964,2.898537,34.513307,5.617906,0.784564,1.542874,22.095647,0.81279,-439.23651,11
0.5,0.0000,3.436000,0.00000e+00,4.390348,0.736998,2.900357,34.555245,5.620684,0.784570,1.543785,22.119444,0.81279,-440.28339,11
0.5,0.0000,3.437000,0.00000e+00,4.393123,0.737032,2.902178,34.597220,5.623462,0.784577,1.544697,22.143261,0.81278,-441.33243,11
0.5,0.0000,3.438000,0.00000e+00,4.395900,0.737066,2.904000,34.639233,5.626241,0.784583,1.545609,22.167097,0.81278,-442.38363,11
0.5,0.0000,3.439000,0.00000e+00,4.398677,0.737099,2.905822,34.681283,5.629021,0.784590,1.546521,22.190953,0.81278,-443.43699,11
0.5,0.0000,3.440000,0.00000e+00,4.401455,0.737133,2.907645,34.723370,5.631801,0.784596,1.547433,22.214828,0.81278,-444.49253,11
0.5,0.0000,3.441000,0.00000e+00,4.404233,0.737166,2.909468,34.765495,5.634583,0.784603,1.548345,22.238723,0.81278,-445.55024,11
0.5,0.0000,3.442000,0.00000e+00,4.407013,0.737200,2.911292,34.807657,5.637365,0.784609,1.549258,22.262637,0.81278,-446.61013,11
0.5,0.0000,3.443000,0.00000e+00,4.409793,0.737233,2.913116,34.849857,5.640148,0.784615,1.550171,22.286571,0.81277,-447.67219,11
0.5,0.0000,3.444000,0.00000e+00,4.412574,0.737267,2.914941,34.892094,5.642931,0.784622,1.551084,22.310524,0.81277,-448.73645,11
0.5,0.0000,3.445000,0.00000e+00,4.415356,0.737300,2.916766,34.934368,5.645715,0.784628,1.551998,22.334497,0.81277,-449.80289,11
0.5,0.0000,3.446000,0.00000e+00,4.418138,0.737334,2.918592,34.976680,5.648501,0.784634,1.552911,22.358490,0.81277,-450.87152,11
0.5,0.0000,3.447000,0.00000e+00,4.420922,0.737367,2.920418,35.019030,5.651286,0.784641,1.553825,22.382502,0.81277,-451.94235,11
0.5,0.0000,3.448000,0.00000e+00,4.423706,0.737400,2.922245,35.061417,5.654073,0.784647,1.554740,22.406533,0.81277,-453.01539,11
0.5,0.0000,3.449000,0.00000e+00,4.426490,0.737434,2.924072,35.103842,5.656860,0.784653,1.555654,22.430585,0.81276,-454.09062,11
0.5,0.0000,3.450000,0.00000e+00,4.429276,0.737467,2.925900,35.146304,5.659649,0.784660,1.556569,22.454656,0.81276,-455.16806,11
0.5,0.0000,3.451000,0.00000e+00,4.432062,0.737500,2.927728,35.188804,5.662437,0.784666,1.557484,22.478746,0.81276,-456.24772,11
0.5,0.0000,3.452000,0.00000e+00,4.434849,0.737533,2.929557,35.231342,5.665227,0.784672,1.558399,22.502856,0.81276,-457.32959,11
0.5,0.0000,3.453000,0.00000e+00,4.437637,0.737566,2.931386,35.273917,5.668018,0.784679,1.559315,22.526986,0.81276,-458.41368,11
0.5,0.0000,3.454000,0.00000e+00,4.440426,0.737600,2.933216,35.316530,5.670809,0.784685,1.560230,22.551136,0.81276,-459.49999,11
0.5,0.0000,3.455000,0.00000e+00,4.443215,0.737633,2.935047,35.359181,5.673601,0.784691,1.561147,22.575305,0.81275,-460.58854,11
0.5,0.0000,3.456000,0.00000e+00,4.446005,0.737666,2.936877,35.401869,5.676393,0.784698,1.562063,22.599493,0.81275,-461.67931,11
0.5,0.0000,3.457000,0.00000e+00,4.448796,0.737699,2.938709,35.444596,5.679187,0.784704,1.562979,22.623702,0.81275,-462.77232,11
0.5,0.0000,3.458000,0.00000e+00,4.451588,0.737732,2.940541,35.487360,5.681981,0.784710,1.563896,22.647930,0.81275,-463.86756,11
0.5,0.0000,3.459000,0.00000e+00,4.454381,0.737765,2.942373,35.530161,5.684776,0.784716,1.564813,22.672178,0.81275,-464.96505,11
0.5,0.0000,3.460000,0.00000e+00,4.457174,0.737798,2.944206,35.573001,5.687572,0.784722,1.565731,22.696446,0.81275,-466.06479,11
0.5,0.0000,3.461000,0.00000e+00,4.459968,0.737831,2.946040,35.615878,5.690369,0.784729,1.566648,22.720733,0.81274,-467.16677,11
0.5,0.0000,3.462000,0.00000e+00,4.462763,0.737863,2.947874,35.658794,5.693166,0.784735,1.567566,22.745040,0.81274,-468.27102,11
0.5,0.0000,3.463000,0.00000e+00,4.465558,0.737896,2.949708,35.701747,5.695964,0.784741,1.568484,22.769367,0.81274,-469.37752,11
0.5,0.0000,3.464000,0.00000e+00,4.468354,0.737929,2.951543,35.744738,5.698763,0.784747,1.569402,22.793714,0.81274,-470.48628,11
0.5,0.0000,3.465000,0.00000e+00,4.471151,0.737962,2.953379,35.787767,5.701562,0.784753,1.570321,22.818080,0.81274,-471.59731,11
0.5,0.0000,3.466000,0.00000e+00,4.473949,0.737995,2.955215,35.830834,5.704363,0.784760,1.571240,22.842466,0.81274,-472.71061,11
0.5,0.0000,3.467000,0.00000e+00,4.476748,0.738027,2.957051,35.873939,5.707164,0.784766,1.572159,22.866872,0.81273,-473.82618,11
0.5,0.0000,3.468000,0.00000e+00,4.479547,0.738060,2.958888,35.917082,5.709966,0.784772,1.573078,22.891298,0.81273,-474.94403,11
0.5,0.0000,3.469000,0.00000e+00,4.482347,0.738093,2.960726,35.960262,5.712768,0.784778,1.573998,22.915744,0.81273,-476.06417,11
0.5,0.0000,3.470000,0.00000e+00,4.485148,0.738125,2.962564,36.003481,5.715572,0.784784,1.574918,22.940209,0.81273,-477.18659,11
0.5,0.0000,3.471000,0.00000e+00,4.487950,0.738158,2.964402,36.046738,5.718376,0.784790,1.575838,22.964694,0.81273,-478.31130,11
0.5,0.0000,3.472000,0.00000e+00,4.490752,0.738190,2.966241,36.090034,5.721181,0.784796,1.576758,22.989199,0.81273,-479.43830,11
0.5,0.0000,3.473000,0.00000e+00,4.493556,0.738223,2.968081,36.133367,5.723986,0.784802,1.577679,23.013725,0.81272,-480.56760,11
0.5,0.0000,3.474000,0.00000e+00,4.496360,0.738255,2.969921,36.176738,5.726793,0.784808,1.578600,23.038269,0.81272,-481.69921,11
0.5,0.0000,3.475000,0.00000e+00,4.499164,0.738288,2.971762,36.220148,5.729600,0.784814,1.579521,23.062834,0.81272,-482.83312,11
0.5,0.0000,3.476000,0.00000e+00,4.501970,0.738320,2.973603,36.263595,5.732408,0.784820,1.580442,23.087419,0.81272,-483.96934,11
0.5,0.0000,3.477000,0.00000e+00,4.504776,0.738353,2.975445,36.307081,5.735217,0.784827,1.581364,23.112023,0.81272,-485.10788,11
0.5,0.0000,3.478000,0.00000e+00,4.507583,0.738385,2.977287,36.350605,5.738026,0.784833,1.582286,23.136648,0.81272,-486.24873,11
0.5,0.0000,3.479000,0.00000e+00,4.510391,0.738417,2.979130,36.394168,5.740837,0.784839,1.583208,23.161292,0.81271,-487.39190,11
0.5,0.0000,3.480000,0.00000e+00,4.513200,0.738449,2.980973,36.437768,5.743648,0.784845,1.584130,23.185957,0.81271,-488.53740,11
0.5,0.0000,3.481000,0.00000e+00,4.516009,0.738482,2.982816,36.481407,5.746459,0.784851,1.585053,23.210641,0.81271,-489.68524,11
0.5,0.0000,3.482000,0.00000e+00,4.518819,0.738514,2.984661,36.525084,5.749272,0.784857,1.585976,23.235346,0.81271,-490.83540,11
0.5,0.0000,3.483000,0.00000e+00,4.521630,0.738546,2.986505,36.568800,5.752085,0.784863,1.586899,23.260070,0.81271,-491.98790,11
0.5,0.0000,3.484000,0.00000e+00,4.524442,0.738578,2.988351,36.612554,5.754899,0.784869,1.587822,23.284814,0.81271,-493.14275,11
0.5,0.0000,3.485000,0.00000e+00,4.527254,0.738610,2.990197,36.656346,5.757714,0.784874,1.588746,23.309578,0.81270,-494.29994,11
0.5,0.0000,3.486000,0.00000e+00,4.530067,0.738643,2.992043,36.700176,5.760530,0.784880,1.589670,23.334363,0.81270,-495.45949,11
0.5,0.0000,3.487000,0.00000e+00,4.532881,0.738675,2.993890,36.744045,5.763346,0.784886,1.590594,23.359167,0.81270,-496.62138,11
0.5,0.0000,3.488000,0.00000e+00,4.535696,0.738707,2.995737,36.787953,5.766163,0.784892,1.591519,23.383991,0.81270,-497.78564,11
0.5,0.0000,3.489000,0.00000e+00,4.538511,0.738739,2.997585,36.831899,5.768981,0.784898,1.592444,23.408836,0.81270,-498.95226,11
0.5,0.0000,3.490000,0.00000e+00,4.541328,0.738771,2.999433,36.875883,5.771800,0.784904,1.593368,23.433700,0.81270,-500.12124,11
0.5,0.0000,3.491000,0.00000e+00,4.544145,0.738803,3.001282,36.919906,5.774619,0.784910,1.594294,23.458585,0.81269,-501.29260,11
0.5,0.0000,3.492000,0.00000e+00,4.546962,0.738834,3.003131,36.963967,5.777440,0.784916,1.595219,23.483489,0.81269,-502.46633,11
0.5,0.0000,3.493000,0.00000e+00,4.549781,0.738866,3.004981,37.008067,5.780261,0.784922,1.596145,23.508414,0.81269,-503.64244,11
0.5,0.0000,3.494000,0.00000e+00,4.552600,0.738898,3.006832,37.052206,5.783082,0.784928,1.597071,23.533359,0.81269,-504.82093,11
0.5,0.0000,3.495000,0.00000e+00,4.555420,0.738930,3.008683,37.096383,5.785905,0.784934,1.597997,23.558324,0.81269,-506.00181,11
0.5,0.0000,3.496000,0.00000e+00,4.558241,0.738962,3.010534,37.140599,5.788728,0.784939,1.598924,23.583309,0.81269,-507.18508,11
0.5,0.0000,3.497000,0.00000e+00,4.561063,0.738993,3.012386,37.184853,5.791552,0.784945,1.599850,23.608314,0.81269,-508.37074,11
0.5,0.0000,3.498000,0.00000e+00,4.563885,0.739025,3.014238,37.229146,5.794377,0.784951,1.600777,23.633339,0.81268,-509.55881,11
0.5,0.0000,3.499000,0.00000e+00,4.566709,0.739057,3.016091,37.273478,5.797202,0.784957,1.601705,23.658385,0.81268,-510.74928,11
0.5,0.0000,3.500000,0.00000e+00,4.569532,0.739089,3.017945,37.317848,5.800029,0.784963,1.602632,23.683450,0.81268,-511.94215,11
0.5,0.0000,3.501000,0.00000e+00,4.572357,0.739120,3.019799,37.362258,5.802856,0.784969,1.603560,23.708536,0.81268,-513.13744,11
0.5,0.0000,3.502000,0.00000e+00,4.575183,0.739152,3.021653,37.406705,5.805684,0.784974,1.604488,23.733642,0.81268,-514.33515,11
0.5,0.0000,3.503000,0.00000e+00,4.578009,0.739183,3.023508,37.451192,5.808512,0.784980,1.605416,23.758768,0.81268,-515.53527,11
0.5,0.0000,3.504000,0.00000e+00,4.580836,0.739215,3.025364,37.495718,5.811341,0.784986,1.606345,23.783914,0.81267,-516.73782,11
0.5,0.0000,3.505000,0.00000e+00,4.583664,0.739246,3.027220,37.540282,5.814172,0.784992,1.607274,23.809081,0.81267,-517.94280,11
0.5,0.0000,3.506000,0.00000e+00,4.586492,0.739278,3.029076,37.584885,5.817002,0.784997,1.608203,23.834268,0.81267,-519.15021,11
0.5,0.0000,3.507000,0.00000e+00,4.589322,0.739309,3.030934,37.629527,5.819834,0.785003,1.609132,23.859475,0.81267,-520.36006,11
0.5,0.0000,3.508000,0.00000e+00,4.592152,0.739341,3.032791,37.674208,5.822667,0.785009,1.610062,23.884702,0.81267,-521.57234,11
0.5,0.0000,3.509000,0.00000e+00,4.594982,0.739372,3.034649,37.718927,5.825500,0.785015,1.610991,23.909950,0.81267,-522.78708,11
0.5,0.0000,3.510000,0.00000e+00,4.597814,0.739403,3.036508,37.763686,5.828334,0.785020,1.611921,23.935218,0.81266,-524.00426,11
0.5,0.0000,3.511000,0.00000e+00,4.600646,0.739435,3.038367,37.808484,5.831168,0.785026,1.612852,23.960506,0.81266,-525.22390,11
0.5,0.0000,3.512000,0.00000e+00,4.603480,0.739466,3.040227,37.853320,5.834004,0.785032,1.613782,23.985814,0.81266,-526.44599,11
0.5,0.0000,3.513000,0.00000e+00,4.606314,0.739497,3.042087,37.898196,5.836840,0.785037,1.614713,24.011143,0.81266,-527.67055,11
0.5,0.0000,3.514000,0.00000e+00,4.609148,0.739528,3.043947,37.943111,5.839677,0.785043,1.615644,24.036492,0.81266,-528.89757,11
0.5,0.0000,3.515000,0.00000e+00,4.611984,0.739560,3.045809,37.988064,5.842515,0.785049,1.616576,24.061862,0.81266,-530.12706,11
0.5,0.0000,3.516000,0.00000e+00,4.614820,0.739591,3.047670,38.033057,5.845353,0.785054,1.617507,24.087251,0.81266,-531.35903,11
0.5,0.0000,3.517000,0.00000e+00,4.617657,0.739622,3.049533,38.078089,5.848193,0.785060,1.618439,24.112662,0.81265,-532.59348,11
0.5,0.0000,3.518000,0.00000e+00,4.620495,0.739653,3.051395,38.123160,5.851033,0.785066,1.619371,24.138092,0.81265,-533.83041,11
0.5,0.0000,3.519000,0.00000e+00,4.623333,0.739684,3.053259,38.168270,5.853873,0.785071,1.620304,24.163543,0.81265,-535.06982,11
0.5,0.0000,3.520000,0.00000e+00,4.626173,0.739715,3.055122,38.213419,5.856715,0.785077,1.621236,24.189014,0.81265,-536.31173,11
0.5,0.0000,3.521000,0.00000e+00,4.629013,0.739746,3.056987,38.258607,5.859557,0.785083,1.622169,24.214506,0.81265,-537.55614,11
0.5,0.0000,3.522000,0.00000e+00,4.631853,0.739777,3.058851,38.303834,5.862401,0.785088,1.623102,24.240018,0.81265,-538.80304,11
0.5,0.0000,3.523000,0.00000e+00,4.634695,0.739808,3.060717,38.349101,5.865244,0.785094,1.624036,24.265550,0.81265,-540.05245,11
0.5,0.0000,3.524000,0.00000e+00,4.637537,0.739839,3.062582,38.394407,5.868089,0.785099,1.624969,24.291103,0.81264,-541.30437,11
0.5,0.0000,3.525000,0.00000e+00,4.640381,0.739870,3.064449,38.439752,5.870934,0.785105,1.625903,24.316677,0.81264,-542.55881,11
0.5,0.0000,3.526000,0.00000e+00,4.643224,0.739901,3.066316,38.485137,5.873781,0.785110,1.626837,24.342270,0.81264,-543.81575,11
0.5,0.0000,3.527000,0.00000e+00,4.646069,0.739932,3.068183,38.530561,5.876628,0.785116,1.627772,24.367885,0.81264,-545.07523,11
0.5,0.0000,3.528000,0.00000e+00,4.648915,0.739962,3.070051,38.576024,5.879475,0.785122,1.628706,24.393520,0.81264,-546.33722,11
0.5,0.0000,3.529000,0.00000e+00,4.651761,0.739993,3.071919,38.621526,5.882324,0.785127,1.629641,24.419175,0.81264,-547.60175,11
0.5,0.0000,3.530000,0.00000e+00,4.654608,0.740024,3.073788,38.667068,5.885173,0.785133,1.630577,24.444851,0.81263,-548.86881,11
0.5,0.0000,3.531000,0.00000e+00,4.657456,0.740055,3.075657,38.712650,5.888023,0.785138,1.631512,24.470547,0.81263,-550.13841,11
0.5,0.0000,3.532000,0.00000e+00,4.660304,0.740085,3.077527,38.758270,5.890874,0.785144,1.632448,24.496264,0.81263,-551.41056,11
0.5,0.0000,3.533000,0.00000e+00,4.663153,0.740116,3.079398,38.803930,5.893725,0.785149,1.633384,24.522001,0.81263,-552.68525,11
0.5,0.0000,3.534000,0.00000e+00,4.666003,0.740147,3.081269,38.849630,5.896578,0.785155,1.634320,24.547759,0.81263,-553.96249,11
0.5,0.0000,3.535000,0.00000e+00,4.668854,0.740177,3.083140,38.895369,5.899431,0.785160,1.635256,24.573537,0.81263,-555.24229,11
0.5,0.0000,3.536000,0.00000e+00,4.671706,0.740208,3.085012,38.941148,5.902284,0.785166,1.636193,24.599336,0.81263,-556.52465,11
0.5,0.0000,3.537000,0.00000e+00,4.674558,0.740238,3.086885,38.986966,5.905139,0.785171,1.637130,24.625156,0.81262,-557.80958,11
0.5,0.0000,3.538000,0.00000e+00,4.677411,0.740269,3.088758,39.032823,5.907994,0.785177,1.638067,24.650996,0.81262,-559.09707,11
0.5,0.0000,3.539000,0.00000e+00,4.680265,0.740299,3.090631,39.078721,5.910850,0.785182,1.639005,24.676857,0.81262,-560.38714,11
0.5,0.0000,3.540000,0.00000e+00,4.683120,0.740330,3.092505,39.124657,5.913707,0.785187,1.639943,24.702738,0.81262,-561.67979,11
0.5,0.0000,3.541000,0.00000e+00,4.685975,0.740360,3.094380,39.170634,5.916565,0.785193,1.640881,24.728640,0.81262,-562.97502,11
0.5,0.0000,3.542000,0.00000e+00,4.688832,0.740391,3.096255,39.216650,5.919423,0.785198,1.641819,24.754563,0.81262,-564.27283,11
0.5,0.0000,3.543000,0.00000e+00,4.691689,0.740421,3.098130,39.262706,5.922283,0.785204,1.642757,24.780506,0.81262,-565.57324,11
0.5,0.0000,3.544000,0.00000e+00,4.694546,0.740451,3.100007,39.308801,5.925142,0.785209,1.643696,24.806470,0.81261,-566.87625,11
0.5,0.0000,3.545000,0.00000e+00,4.697405,0.740481,3.101883,39.354936,5.928003,0.785215,1.644635,24.832455,0.81261,-568.18185,11
0.5,0.0000,3.546000,0.00000e+00,4.700264,0.740512,3.103760,39.401111,5.930865,0.785220,1.645574,24.858460,0.81261,-569.49006,11
0.5,0.0000,3.547000,0.00000e+00,4.703124,0.740542,3.105638,39.447326,5.933727,0.785225,1.646514,24.884486,0.81261,-570.80087,11
0.5,0.0000,3.548000,0.00000e+00,4.705985,0.740572,3.107516,39.493580,5.936590,0.785231,1.647454,24.910533,0.81261,-572.11430,11
0.5,0.0000,3.549000,0.00000e+00,4.708847,0.740602,3.109395,39.539874,5.939454,0.785236,1.648394,24.936600,0.81261,-573.43035,11
0.5,0.0000,3.550000,0.00000e+00,4.711709,0.740633,3.111274,39.586208,5.942318,0.785241,1.649334,24.962688,0.81261,-574.74902,11
0.5,0.0000,3.551000,0.00000e+00,4.714572,0.740663,3.113154,39.632582,5.945183,0.785247,1.650275,24.988797,0.81260,-576.07032,11
0.5,0.0000,3.552000,0.00000e+00,4.717436,0.740693,3.115034,39.678996,5.948049,0.785252,1.651215,25.014927,0.81260,-577.39425,11
0.5,0.0000,3.553000,0.00000e+00,4.720301,0.740723,3.116914,39.725450,5.950916,0.785257,1.652156,25.041077,0.81260,-578.72081,11
0.5,0.0000,3.554000,0.00000e+00,4.723166,0.740753,3.118796,39.771943,5.953784,0.785263,1.653098,25.067248,0.81260,-580.05002,11
0.5,0.0000,3.555000,0.00000e+00,4.726032,0.740783,3.120677,39.818477,5.956652,0.785268,1.654039,25.093440,0.81260,-581.38186,11
0.5,0.0000,3.556000,0.00000e+00,4.728899,0.740813,3.122560,39.865050,5.959521,0.785273,1.654981,25.119653,0.81260,-582.71636,11
0.5,0.0000,3.557000,0.00000e+00,4.731767,0.740843,3.124442,39.911664,5.962391,0.785279,1.655923,25.145886,0.81260,-584.05351,11
0.5,0.0000,3.558000,0.00000e+00,4.734636,0.740873,3.126326,39.958317,5.965262,0.785284,1.656866,25.172141,0.81259,-585.39332,11
0.5,0.0000,3.559000,0.00000e+00,4.737505,0.740903,3.128209,40.005010,5.968133,0.785289,1.657808,25.198416,0.81259,-586.73579,11
0.5,0.0000,3.560000,0.00000e+00,4.740375,0.740932,3.130094,40.051744,5.971005,0.785294,1.658751,25.224712,0.81259,-588.08093,11
0.5,0.0000,3.561000,0.00000e+00,4.743246,0.740962,3.131979,40.098517,5.973878,0.785300,1.659694,25.251029,0.81259,-589.42874,11
0.5,0.0000,3.562000,0.00000e+00,4.746117,0.740992,3.133864,40.145331,5.976752,0.785305,1.660638,25.277366,0.81259,-590.77923,11
0.5,0.0000,3.563000,0.00000e+00,4.748990,0.741022,3.135750,40.192185,5.979627,0.785310,1.661581,25.303725,0.81259,-592.13240,11
0.5,0.0000,3.564000,0.00000e+00,4.751863,0.741052,3.137636,40.239079,5.982502,0.785315,1.662525,25.330104,0.81259,-593.48825,11
0.5,0.0000,3.565000,0.00000e+00,4.754737,0.741081,3.139523,40.286013,5.985378,0.785321,1.663469,25.356505,0.81258,-594.84679,11
0.5,0.0000,3.566000,0.00000e+00,4.757611,0.741111,3.141410,40.332987,5.988255,0.785326,1.664414,25.382926,0.81258,-596.20802,11
0.5,0.0000,3.567000,0.00000e+00,4.760487,0.741141,3.143298,40.380002,5.991132,0.785331,1.665358,25.409368,0.81258,-597.57196,11
0.5,0.0000,3.568000,0.00000e+00,4.763363,0.741170,3.145187,40.427056,5.994011,0.785336,1.666303,25.435831,0.81258,-598.93860,11
0.5,0.0000,3.569000,0.00000e+00,4.766240,0.741200,3.147076,40.474151,5.996890,0.785341,1.667248,25.462315,0.81258,-600.30794,11
0.5,0.0000,3.570000,0.00000e+00,4.769118,0.741229,3.148965,40.521286,5.999769,0.785346,1.668194,25.488820,0.81258,-601.68000,11
0.5,0.0000,3.571000,0.00000e+00,4.771996,0.741259,3.150855,40.568462,6.002650,0.785352,1.669139,25.515346,0.81258,-603.05477,11
0.5,0.0000,3.572000,0.00000e+00,4.774876,0.741289,3.152746,40.615678,6.005531,0.785357,1.670085,25.541893,0.81258,-604.43227,11
0.5,0.0000,3.573000,0.00000e+00,4.777756,0.741318,3.154637,40.662934,6.008414,0.785362,1.671031,25.568461,0.81257,-605.81249,11
0.5,0.0000,3.574000,0.00000e+00,4.780637,0.741347,3.156528,40.710231,6.011296,0.785367,1.671978,25.595050,0.81257,-607.19545,11
0.5,0.0000,3.575000,0.00000e+00,4.783518,0.741377,3.158420,40.757567,6.014180,0.785372,1.672925,25.621660,0.81257,-608.58113,11
0.5,0.0000,3.576000,0.00000e+00,4.786400,0.741406,3.160313,40.804945,6.017065,0.785377,1.673872,25.648291,0.81257,-609.96956,11
0.5,0.0000,3.577000,0.00000e+00,4.789284,0.741436,3.162206,40.852363,6.019950,0.785382,1.674819,25.674943,0.81257,-611.36074,11
0.5,0.0000,3.578000,0.00000e+00,4.792168,0.741465,3.164099,40.899821,6.022836,0.785388,1.675766,25.701616,0.81257,-612.75466,11
0.5,0.0000,3.579000,0.00000e+00,4.795052,0.741494,3.165993,40.947319,6.025722,0.785393,1.676714,25.728310,0.81257,-614.15133,11
0.5,0.0000,3.580000,0.00000e+00,4.797938,0.741524,3.167888,40.994859,6.028610,0.785398,1.677662,25.755025,0.81256,-615.55077,11
0.5,0.0000,3.581000,0.00000e+00,4.800824,0.741553,3.169783,41.042438,6.031498,0.785403,1.678610,25.781762,0.81256,-616.95297,11
0.5,0.0000,3.582000,0.00000e+00,4.803711,0.741582,3.171679,41.090059,6.034387,0.785408,1.679559,25.808519,0.81256,-618.35793,11
0.5,0.0000,3.583000,0.00000e+00,4.806599,0.741611,3.173575,41.137720,6.037277,0.785413,1.680507,25.835297,0.81256,-619.76567,11
0.5,0.0000,3.584000,0.00000e+00,4.809487,0.741641,3.175471,41.185421,6.040168,0.785418,1.681456,25.862097,0.81256,-621.17618,11
0.5,0.0000,3.585000,0.00000e+00,4.812376,0.741670,3.177369,41.233163,6.043059,0.785423,1.682406,25.888918,0.81256,-622.58948,11
0.5,0.0000,3.586000,0.00000e+00,4.815266,0.741699,3.179266,41.280946,6.045951,0.785428,1.683355,25.915759,0.81256,-624.00556,11
0.5,0.0000,3.587000,0.00000e+00,4.818157,0.741728,3.181164,41.328769,6.048844,0.785433,1.684305,25.942622,0.81255,-625.42444,11
0.5,0.0000,3.588000,0.00000e+00,4.821049,0.741757,3.183063,41.376633,6.051737,0.785438,1.685255,25.969506,0.81255,-626.84610,11
0.5,0.0000,3.589000,0.00000e+00,4.823941,0.741786,3.184962,41.424538,6.054632,0.785443,1.686205,25.996412,0.81255,-628.27057,11
0.5,0.0000,3.590000,0.00000e+00,4.826834,0.741815,3.186862,41.472483,6.057527,0.785448,1.687156,26.023338,0.81255,-629.69785,11
0.5,0.0000,3.591000,0.00000e+00,4.829728,0.741844,3.188762,41.520470,6.060423,0.785453,1.688107,26.050286,0.81255,-631.12793,11
0.5,0.0000,3.592000,0.00000e+00,4.832623,0.741873,3.190663,41.568497,6.063320,0.785458,1.689058,26.077254,0.81255,-632.56083,11
0.5,0.0000,3.593000,0.00000e+00,4.835518,0.741902,3.192564,41.616564,6.066217,0.785463,1.690009,26.104245,0.81255,-633.99655,11
0.5,0.0000,3.594000,0.00000e+00,4.838415,0.741931,3.194466,41.664673,6.069115,0.785468,1.690960,26.131256,0.81255,-635.43509,11
0.5,0.0000,3.595000,0.00000e+00,4.841312,0.741960,3.196369,41.712822,6.072014,0.785473,1.691912,26.158288,0.81254,-636.87646,11
0.5,0.0000,3.596000,0.00000e+00,4.844209,0.741989,3.198271,41.761013,6.074914,0.785478,1.692864,26.185342,0.81254,-638.32067,11
0.5,0.0000,3.597000,0.00000e+00,4.847108,0.742017,3.200175,41.809244,6.077815,0.785483,1.693817,26.212417,0.81254,-639.76771,11
0.5,0.0000,3.598000,0.00000e+00,4.850007,0.742046,3.202079,41.857516,6.080716,0.785488,1.694769,26.239513,0.81254,-641.21760,11
0.5,0.0000,3.599000,0.00000e+00,4.852907,0.742075,3.203983,41.905829,6.083618,0.785493,1.695722,26.266631,0.81254,-642.67033,11
0.5,0.0000,3.600000,0.00000e+00,4.855808,0.742104,3.205888,41.954183,6.086521,0.785498,1.696675,26.293770,0.81254,-644.12591,11
0.5,0.0000,3.601000,0.00000e+00,4.858710,0.742132,3.207793,42.002578,6.089424,0.785503,1.697628,26.320930,0.81254,-645.58436,11
0.5,0.0000,3.602000,0.00000e+00,4.861612,0.742161,3.209699,42.051014,6.092329,0.785508,1.698582,26.348111,0.81253,-647.04566,11
0.5,0.0000,3.603000,0.00000e+00,4.864515,0.742190,3.211605,42.099491,6.095234,0.785512,1.699536,26.375314,0.81253,-648.50983,11
0.5,0.0000,3.604000,0.00000e+00,4.867419,0.742218,3.213512,42.148009,6.098140,0.785517,1.700490,26.402538,0.81253,-649.97687,11
0.5,0.0000,3.605000,0.00000e+00,4.870324,0.742247,3.215420,42.196568,6.101046,0.785522,1.701444,26.429784,0.81253,-651.44679,11
0.5,0.0000,3.606000,0.00000e+00,4.873229,0.742275,3.217328,42.245169,6.103954,0.785527,1.702399,26.457051,0.81253,-652.91959,11
0.5,0.0000,3.607000,0.00000e+00,4.876136,0.742304,3.219236,42.293810,6.106862,0.785532,1.703354,26.484339,0.81253,-654.39528,11
0.5,0.0000,3.608000,0.00000e+00,4.879043,0.742333,3.221145,42.342492,6.109771,0.785537,1.704309,26.511649,0.81253,-655.87386,11
0.5,0.0000,3.609000,0.00000e+00,4.881950,0.742361,3.223055,42.391216,6.112681,0.785542,1.705264,26.538980,0.81253,-657.35533,11
0.5,0.0000,3.610000,0.00000e+00,4.884859,0.742390,3.224965,42.439981,6.115591,0.785547,1.706220,26.566332,0.81252,-658.83970,11
0.5,0.0000,3.611000,0.00000e+00,4.887768,0.742418,3.226875,42.488787,6.118502,0.785551,1.707176,26.593706,0.81252,-660.32698,11
0.5,0.0000,3.612000,0.00000e+00,4.890678,0.742446,3.228786,42.537634,6.121414,0.785556,1.708132,26.621101,0.81252,-661.81717,11
0.5,0.0000,3.613000,0.00000e+00,4.893589,0.742475,3.230698,42.586523,6.124327,0.785561,1.709089,26.648518,0.81252,-663.31027,11
0.5,0.0000,3.614000,0.00000e+00,4.896501,0.742503,3.232610,42.635453,6.127241,0.785566,1.710045,26.675956,0.81252,-664.80629,11
0.5,0.0000,3.615000,0.00000e+00,4.899413,0.742531,3.234523,42.684424,6.130155,0.785571,1.711002,26.703416,0.81252,-666.30524,11
0.5,0.0000,3.616000,0.00000e+00,4.902326,0.742560,3.236436,42.733436,6.133070,0.785575,1.711959,26.730897,0.81252,-667.80712,11
0.5,0.0000,3.617000,0.00000e+00,4.905240,0.742588,3.238349,42.782490,6.135986,0.785580,1.712917,26.758399,0.81252,-669.31193,11
0.5,0.0000,3.618000,0.00000e+00,4.908155,0.742616,3.240264,42.831585,6.138903,0.785585,1.713875,26.785923,0.81251,-670.81968,11
0.5,0.0000,3.619000,0.00000e+00,4.911071,0.742644,3.242178,42.880722,6.141820,0.785590,1.714833,26.813469,0.81251,-672.33038,11
0.5,0.0000,3.620000,0.00000e+00,4.913987,0.742673,3.244093,42.929900,6.144738,0.785594,1.715791,26.841036,0.81251,-673.84402,11
0.5,0.0000,3.621000,0.00000e+00,4.916904,0.742701,3.246009,42.979119,6.147657,0.785599,1.716749,26.868625,0.81251,-675.36062,11
0.5,0.0000,3.622000,0.00000e+00,4.919822,0.742729,3.247925,43.028380,6.150577,0.785604,1.717708,26.896235,0.81251,-676.88017,11
0.5,0.0000,3.623000,0.00000e+00,4.922740,0.742757,3.249842,43.077682,6.153497,0.785609,1.718667,26.923867,0.81251,-678.40269,11
0.5,0.0000,3.624000,0.00000e+00,4.925660,0.742785,3.251759,43.127026,6.156419,0.785613,1.719626,26.951520,0.81251,-679.92818,11
0.5,0.0000,3.625000,0.00000e+00,4.928580,0.742813,3.253677,43.176412,6.159341,0.785618,1.720586,26.979195,0.81251,-681.45665,11
0.5,0.0000,3.626000,0.00000e+00,4.931501,0.742841,3.255595,43.225839,6.162263,0.785623,1.721545,27.006892,0.81250,-682.98809,11
0.5,0.0000,3.627000,0.00000e+00,4.934422,0.742869,3.257514,43.275307,6.165187,0.785628,1.722505,27.034610,0.81250,-684.52251,11
0.5,0.0000,3.628000,0.00000e+00,4.937345,0.742897,3.259433,43.324817,6.168111,0.785632,1.723466,27.062349,0.81250,-686.05993,11
0.5,0.0000,3.629000,0.00000e+00,4.940268,0.742925,3.261353,43.374369,6.171036,0.785637,1.724426,27.090111,0.81250,-687.60033,11
0.5,0.0000,3.630000,0.00000e+00,4.943192,0.742953,3.263273,43.423962,6.173962,0.785642,1.725387,27.117894,0.81250,-689.14374,11
0.5,0.0000,3.631000,0.00000e+00,4.946116,0.742981,3.265194,43.473597,6.176889,0.785646,1.726348,27.145698,0.81250,-690.69015,11
0.5,0.0000,3.632000,0.00000e+00,4.949042,0.743009,3.267115,43.523274,6.179816,0.785651,1.727309,27.173525,0.81250,-692.23956,11
0.5,0.0000,3.633000,0.00000e+00,4.951968,0.743037,3.269037,43.572993,6.182744,0.785656,1.728271,27.201373,0.81250,-693.79199,11
0.5,0.0000,3.634000,0.00000e+00,4.954895,0.743065,3.270960,43.622753,6.185673,0.785660,1.729233,27.229242,0.81249,-695.34744,11
0.5,0.0000,3.635000,0.00000e+00,4.957823,0.743092,3.272883,43.672555,6.188603,0.785665,1.730195,27.257134,0.81249,-696.90591,11
0.5,0.0000,3.636000,0.00000e+00,4.960752,0.743120,3.274806,43.722399,6.191533,0.785670,1.731157,27.285047,0.81249,-698.46741,11
0.5,0.0000,3.637000,0.00000e+00,4.963681,0.743148,3.276730,43.772284,6.194464,0.785674,1.732120,27.312982,0.81249,-700.03195,11
0.5,0.0000,3.638000,0.00000e+00,4.966611,0.743176,3.278654,43.822212,6.197396,0.785679,1.733082,27.340938,0.81249,-701.59952,11
0.5,0.0000,3.639000,0.00000e+00,4.969542,0.743203,3.280579,43.872181,6.200329,0.785683,1.734045,27.368916,0.81249,-703.17013,11
0.5,0.0000,3.640000,0.00000e+00,4.972474,0.743231,3.282505,43.922192,6.203263,0.785688,1.735009,27.396916,0.81249,-704.74380,11
0.5,0.0000,3.641000,0.00000e+00,4.975406,0.743259,3.284431,43.972245,6.206197,0.785693,1.735972,27.424938,0.81249,-706.32051,11
0.5,0.0000,3.642000,0.00000e+00,4.978339,0.743286,3.286357,44.022340,6.209132,0.785697,1.736936,27.452982,0.81248,-707.90029,11
0.5,0.0000,3.643000,0.00000e+00,4.981273,0.743314,3.288284,44.072477,6.212068,0.785702,1.737900,27.481047,0.81248,-709.48313,11
0.5,0.0000,3.644000,0.00000e+00,4.984208,0.743341,3.290212,44.122656,6.215004,0.785706,1.738865,27.509134,0.81248,-711.06904,11
0.5,0.0000,3.645000,0.00000e+00,4.987144,0.743369,3.292140,44.172877,6.217942,0.785711,1.739829,27.537243,0.81248,-712.65802,11
0.5,0.0000,3.646000,0.00000e+00,4.990080,0.743396,3.294068,44.223139,6.220880,0.785716,1.740794,27.565374,0.81248,-714.25008,11
0.5,0.0000,3.647000,0.00000e+00,4.993017,0.743424,3.295997,44.273444,6.223819,0.785720,1.741759,27.593527,0.81248,-715.84522,11
0.5,0.0000,3.648000,0.00000e+00,4.995955,0.743451,3.297927,44.323791,6.226758,0.785725,1.742725,27.621701,0.81248,-717.44345,11
0.5,0.0000,3.649000,0.00000e+00,4.998893,0.743479,3.299857,44.374180,6.229699,0.785729,1.743690,27.649897,0.81248,-719.04478,11
0.5,0.0000,3.650000,0.00000e+00,5.001833,0.743506,3.301787,44.424612,6.232640,0.785734,1.744656,27.678116,0.81248,-720.64921,11
0.5,0.0000,3.651000,0.00000e+00,5.004773,0.743534,3.303719,44.475085,6.235582,0.785738,1.745622,27.706356,0.81247,-722.25674,11
0.5,0.0000,3.652000,0.00000e+00,5.007714,0.743561,3.305650,44.525600,6.238525,0.785743,1.746589,27.734618,0.81247,-723.86738,11
0.5,0.0000,3.653000,0.00000e+00,5.010656,0.743588,3.307582,44.576158,6.241468,0.785747,1.747555,27.762902,0.81247,-725.48113,11
0.5,0.0000,3.654000,0.00000e+00,5.013598,0.743616,3.309515,44.626758,6.244412,0.785752,1.748522,27.791207,0.81247,-727.09800,11
0.5,0.0000,3.655000,0.00000e+00,5.016541,0.743643,3.311448,44.677400,6.247358,0.785756,1.749490,27.819535,0.81247,-728.71800,11
0.5,0.0000,3.656000,0.00000e+00,5.019485,0.743670,3.313382,44.728084,6.250303,0.785761,1.750457,27.847885,0.81247,-730.34113,11
0.5,0.0000,3.657000,0.00000e+00,5.022430,0.743697,3.315316,44.778811,6.253250,0.785765,1.751425,27.876256,0.81247,-731.96739,11
0.5,0.0000,3.658000,0.00000e+00,5.025376,0.743725,3.317251,44.829580,6.256197,0.785770,1.752393,27.904650,0.81247,-733.59680,11
0.5,0.0000,3.659000,0.00000e+00,5.028322,0.743752,3.319186,44.880391,6.259145,0.785774,1.753361,27.933065,0.81246,-735.22934,11
0.5,0.0000,3.660000,0.00000e+00,5.031269,0.743779,3.321122,44.931244,6.262094,0.785779,1.754329,27.961503,0.81246,-736.86504,11
0.5,0.0000,3.661000,0.00000e+00,5.034217,0.743806,3.323058,44.982140,6.265044,0.785783,1.755298,27.989962,0.81246,-738.50390,11
0.5,0.0000,3.662000,0.00000e+00,5.037165,0.743833,3.324995,45.033078,6.267994,0.785787,1.756267,28.018444,0.81246,-740.14591,11
0.5,0.0000,3.663000,0.00000e+00,5.040115,0.743860,3.326932,45.084059,6.270945,0.785792,1.757236,28.046948,0.81246,-741.79110,11
0.5,0.0000,3.664000,0.00000e+00,5.043065,0.743887,3.328870,45.135082,6.273897,0.785796,1.758206,28.075473,0.81246,-743.43945,11
0.5,0.0000,3.665000,0.00000e+00,5.046016,0.743914,3.330808,45.186148,6.276850,0.785801,1.759175,28.104021,0.81246,-745.09098,11
0.5,0.0000,3.666000,0.00000e+00,5.048968,0.743941,3.332747,45.237256,6.279804,0.785805,1.760145,28.132590,0.81246,-746.74569,11
0.5,0.0000,3.667000,0.00000e+00,5.051920,0.743968,3.334686,45.288407,6.282758,0.785810,1.761116,28.161182,0.81245,-748.40359,11
0.5,0.0000,3.668000,0.00000e+00,5.054873,0.743995,3.336626,45.339600,6.285713,0.785814,1.762086,28.189796,0.81245,-750.06468,11
0.5,0.0000,3.669000,0.00000e+00,5.057827,0.744022,3.338567,45.390835,6.288669,0.785818,1.763057,28.218432,0.81245,-751.72896,11
0.5,0.0000,3.670000,0.00000e+00,5.060782,0.744049,3.340508,45.442114,6.291625,0.785823,1.764028,28.247090,0.81245,-753.39645,11
0.5,0.0000,3.671000,0.00000e+00,5.063738,0.744076,3.342449,45.493434,6.294582,0.785827,1.764999,28.275770,0.81245,-755.06715,11
0.5,0.0000,3.672000,0.00000e+00,5.066694,0.744103,3.344391,45.544798,6.297541,0.785832,1.765971,28.304472,0.81245,-756.74106,11
0.5,0.0000,3.673000,0.00000e+00,5.069651,0.744130,3.346333,45.596204,6.300499,0.785836,1.766943,28.333197,0.81245,-758.41819,11
0.5,0.0000,3.674000,0.00000e+00,5.072609,0.744156,3.348276,45.647653,6.303459,0.785840,1.767915,28.361943,0.81245,-760.09855,11
0.5,0.0000,3.675000,0.00000e+00,5.075568,0.744183,3.350220,45.699144,6.306419,0.785845,1.768887,28.390712,0.81245,-761.78213,11
0.5,0.0000,3.676000,0.00000e+00,5.078527,0.744210,3.352164,45.750678,6.309381,0.785849,1.769860,28.419503,0.81244,-763.46895,11
0.5,0.0000,3.677000,0.00000e+00,5.081487,0.744237,3.354108,45.802255,6.312343,0.785853,1.770832,28.448316,0.81244,-765.15900,11
0.5,0.0000,3.678000,0.00000e+00,5.084448,0.744263,3.356053,45.853875,6.315305,0.785858,1.771805,28.477151,0.81244,-766.85230,11
0.5,0.0000,3.679000,0.00000e+00,5.087410,0.744290,3.357999,45.905537,6.318269,0.785862,1.772779,28.506009,0.81244,-768.54885,11
0.5,0.0000,3.680000,0.00000e+00,5.090373,0.744317,3.359945,45.957242,6.321233,0.785866,1.773752,28.534888,0.81244,-770.24866,11
0.5,0.0000,3.681000,0.00000e+00,5.093336,0.744343,3.361891,46.008991,6.324198,0.785871,1.774726,28.563790,0.81244,-771.95173,11
0.5,0.0000,3.682000,0.00000e+00,5.096300,0.744370,3.363838,46.060781,6.327164,0.785875,1.775700,28.592714,0.81244,-773.65806,11
0.5,0.0000,3.683000,0.00000e+00,5.099265,0.744397,3.365786,46.112615,6.330130,0.785879,1.776675,28.621661,0.81244,-775.36766,11
0.5,0.0000,3.684000,0.00000e+00,5.102231,0.744423,3.367734,46.164492,6.333098,0.785883,1.777649,28.650630,0.81244,-777.08054,11
0.5,0.0000,3.685000,0.00000e+00,5.105197,0.744450,3.369683,46.216412,6.336066,0.785888,1.778624,28.679621,0.81243,-778.79671,11
0.5,0.0000,3.686000,0.00000e+00,5.108164,0.744476,3.371632,46.268374,6.339035,0.785892,1.779599,28.708634,0.81243,-780.51616,11
0.5,0.0000,3.687000,0.00000e+00,5.111132,0.744503,3.373582,46.320380,6.342004,0.785896,1.780575,28.737669,0.81243,-782.23890,11
0.5,0.0000,3.688000,0.00000e+00,5.114101,0.744529,3.375532,46.372428,6.344975,0.785900,1.781550,28.766727,0.81243,-783.96495,11
0.5,0.0000,3.689000,0.00000e+00,5.117070,0.744555,3.377482,46.424520,6.347946,0.785905,1.782526,28.795807,0.81243,-785.69429,11
0.5,0.0000,3.690000,0.00000e+00,5.120040,0.744582,3.379434,46.476654,6.350918,0.785909,1.783502,28.824910,0.81243,-787.42695,11
0.5,0.0000,3.691000,0.00000e+00,5.123011,0.744608,3.381385,46.528832,6.353890,0.785913,1.784479,28.854035,0.81243,-789.16291,11
0.5,0.0000,3.692000,0.00000e+00,5.125983,0.744635,3.383338,46.581053,6.356864,0.785917,1.785455,28.883182,0.81243,-790.90220,11
0.5,0.0000,3.693000,0.00000e+00,5.128956,0.744661,3.385290,46.633317,6.359838,0.785922,1.786432,28.912352,0.81243,-792.64482,11
0.5,0.0000,3.694000,0.00000e+00,5.131929,0.744687,3.387244,46.685624,6.362813,0.785926,1.787410,28.941544,0.81242,-794.39076,11
0.5,0.0000,3.695000,0.00000e+00,5.134902,0.744713,3.389197,46.737964,6.365788,0.785930,1.788387,28.970752,0.81242,-796.13977,13
0.5,0.0000,3.696000,0.00000e+00,5.137877,0.744740,3.391151,46.790357,6.368764,0.785934,1.789365,28.999989,0.81242,-797.89239,13
0.5,0.0000,3.697000,0.00000e+00,5.140853,0.744766,3.393106,46.842794,6.371741,0.785938,1.790343,29.029248,0.81242,-799.64836,13
0.5,0.0000,3.698000,0.00000e+00,5.143829,0.744792,3.395062,46.895274,6.374719,0.785943,1.791321,29.058530,0.81242,-801.40768,13
0.5,0.0000,3.699000,0.00000e+00,5.146806,0.744818,3.397017,46.947797,6.377698,0.785947,1.792299,29.087834,0.81242,-803.17036,13
0.5,0.0000,3.700000,0.00000e+00,5.149784,0.744844,3.398974,47.000363,6.380678,0.785951,1.793278,29.117160,0.81242,-804.93640,13
0.5,0.0000,3.701000,0.00000e+00,5.152763,0.744871,3.400931,47.052973,6.383658,0.785955,1.794257,29.146509,0.81242,-806.70581,13
0.5,0.0000,3.702000,0.00000e+00,5.155742,0.744897,3.402888,47.105625,6.386640,0.785959,1.795236,29.175881,0.81242,-808.47859,13
0.5,0.0000,3.703000,0.00000e+00,5.158723,0.744923,3.404846,47.158322,6.389621,0.785963,1.796216,29.205275,0.81241,-810.25476,13
0.5,0.0000,3.704000,0.00000e+00,5.161704,0.744949,3.406804,47.211061,6.392604,0.785968,1.797195,29.234691,0.81241,-812.03431,13
0.5,0.0000,3.705000,0.00000e+00,5.164685,0.744975,3.408763,47.263844,6.395588,0.785972,1.798175,29.264130,0.81241,-813.81725,13
0.5,0.0000,3.706000,0.00000e+00,5.167668,0.745001,3.410723,47.316671,6.398572,0.785976,1.799156,29.293592,0.81241,-815.60358,13
0.5,0.0000,3.707000,0.00000e+00,5.170651,0.745027,3.412683,47.369541,6.401557,0.785980,1.800136,29.323076,0.81241,-817.39332,13
0.5,0.0000,3.708000,0.00000e+00,5.173636,0.745053,3.414643,47.422454,6.404543,0.785984,1.801117,29.352582,0.81241,-819.18647,13
0.5,0.0000,3.709000,0.00000e+00,5.176620,0.745079,3.416604,47.475411,6.407529,0.785988,1.802098,29.382111,0.81241,-820.98302,13
0.5,0.0000,3.710000,0.00000e+00,5.179606,0.745105,3.418565,47.528411,6.410516,0.785992,1.803079,29.411663,0.81241,-822.78300,13
0.5,0.0000,3.711000,0.00000e+00,5.182593,0.745131,3.420527,47.581455,6.413505,0.785996,1.804061,29.441237,0.81241,-824.58640,13
0.5,0.0000,3.712000,0.00000e+00,5.185580,0.745157,3.422490,47.634543,6.416493,0.786000,1.805043,29.470834,0.81240,-826.39323,13
0.5,0.0000,3.713000,0.00000e+00,5.188568,0.745182,3.424453,47.687674,6.419483,0.786005,1.806025,29.500454,0.81240,-828.20349,13
0.5,0.0000,3.714000,0.00000e+00,5.191557,0.745208,3.426417,47.740848,6.422473,0.786009,1.807007,29.530096,0.81240,-830.01720,13
0.5,0.0000,3.715000,0.00000e+00,5.194546,0.745234,3.428381,47.794066,6.425465,0.786013,1.807990,29.559761,0.81240,-831.83435,13
0.5,0.0000,3.716000,0.00000e+00,5.197536,0.745260,3.430345,47.847328,6.428456,0.786017,1.808972,29.589448,0.81240,-833.65495,13
0.5,0.0000,3.717000,0.00000e+00,5.200528,0.745286,3.432310,47.900634,6.431449,0.786021,1.809955,29.619158,0.81240,-835.47901,13
0.5,0.0000,3.718000,0.00000e+00,5.203519,0.745311,3.434276,47.953983,6.434443,0.786025,1.810939,29.648891,0.81240,-837.30654,13
0.5,0.0000,3.719000,0.00000e+00,5.206512,0.745337,3.436242,48.007376,6.437437,0.786029,1.811922,29.678646,0.81240,-839.13753,13
0.5,0.0000,3.720000,0.00000e+00,5.209505,0.745363,3.438209,48.060813,6.440432,0.786033,1.812906,29.708424,0.81240,-840.97199,13
0.5,0.0000,3.721000,0.00000e+00,5.212500,0.745388,3.440176,48.114294,6.443428,0.786037,1.813890,29.738225,0.81240,-842.80994,13
0.5,0.0000,3.722000,0.00000e+00,5.215495,0.745414,3.442144,48.167818,6.446424,0.786041,1.814875,29.768049,0.81239,-844.65137,13
0.5,0.0000,3.723000,0.00000e+00,5.218490,0.745440,3.444112,48.221386,6.449422,0.786045,1.815859,29.797895,0.81239,-846.49629,13
0.5,0.0000,3.724000,0.00000e+00,5.221487,0.745465,3.446080,48.274998,6.452420,0.786049,1.816844,29.827764,0.81239,-848.34471,13
0.5,0.0000,3.725000,0.00000e+00,5.224484,0.745491,3.448050,48.328654,6.455418,0.786053,1.817829,29.857655,0.81239,-850.19662,13
0.5,0.0000,3.726000,0.00000e+00,5.227482,0.745516,3.450019,48.382354,6.458418,0.786057,1.818815,29.887570,0.81239,-852.05205,13
0.5,0.0000,3.727000,0.00000e+00,5.230481,0.745542,3.451990,48.436097,6.461419,0.786061,1.819800,29.917507,0.81239,-853.91099,13
0.5,0.0000,3.728000,0.00000e+00,5.233480,0.745567,3.453960,48.489885,6.464420,0.786065,1.820786,29.947467,0.81239,-855.77345,13
0.5,0.0000,3.729000,0.00000e+00,5.236481,0.745593,3.455932,48.543717,6.467422,0.786069,1.821772,29.977450,0.81239,-857.63944,13
0.5,0.0000,3.730000,0.00000e+00,5.239482,0.745618,3.457903,48.597592,6.470424,0.786073,1.822759,30.007456,0.81239,-859.50895,13
0.5,0.0000,3.731000,0.00000e+00,5.242484,0.745644,3.459876,48.651512,6.473428,0.786077,1.823746,30.037484,0.81238,-861.38201,13
0.5,0.0000,3.732000,0.00000e+00,5.245487,0.745669,3.461849,48.705475,6.476432,0.786081,1.824733,30.067535,0.81238,-863.25860,13
0.5,0.0000,3.733000,0.00000e+00,5.248490,0.745694,3.463822,48.759483,6.479437,0.786085,1.825720,30.097609,0.81238,-865.13874,13
0.5,0.0000,3.734000,0.00000e+00,5.251494,0.745720,3.465796,48.813535,6.482443,0.786089,1.826707,30.127706,0.81238,-867.02244,13
0.5,0.0000,3.735000,0.00000e+00,5.254499,0.745745,3.467770,48.867630,6.485449,0.786093,1.827695,30.157826,0.81238,-868.90969,13
0.5,0.0000,3.736000,0.00000e+00,5.257505,0.745770,3.469745,48.921770,6.488457,0.786097,1.828683,30.187969,0.81238,-870.80051,13
